transaction_id,user_id,split,is_fraud,action_label,amount_php,user_avg_amount_php,spike_ratio,balance_drain_ratio,cum_outflow_1h,cum_outflow_24h,payees_24h,new_payee,payee_age_days,senders_to_payee_24h,transfer_purpose,payee_type,hour,dow,usual_hour_gap,dormant_days,channel,memo,memo_present,memo_signal,typology_novel,device_id_new,device_age_days,accounts_per_device,rooted,hooking,emulator,debugger,tampered,unofficial_store,dev_options,mock_location,accessibility_active,screen_sharing,attestation_verdict,os_patch_age_days,login_method,seconds_since_login,failed_logins_1h,credential_change_hours_ago,payee_pasted,form_seconds,gps_accuracy_m,tz_mismatch,ip_gps_mismatch,is_vpn,distance_from_home_km,distance_from_prev_km,elapsed_minutes,velocity_kmh,is_gate0_trivial
TX-C1-000801,usr-C1-0054,C1,False,ALLOW,430.0,500.0,0.86,0.06,430.0,1138.01,1,False,348,1,Savings,own_account,9,6,7,13,mobile_android,,False,none,False,False,184,1,False,False,False,False,False,True,False,False,False,False,MEETS_DEVICE,118,pin,575,0,1114,False,27,19.4,False,False,False,2.17,2.17,137.2,0.95,False
TX-C1-000802,usr-C1-0021,C1,True,REQUIRE_2FA,13757.24,2017.19,6.82,0.68,14968.55,46851.21,5,True,2,1,Funds Transfer,third_party_individual,18,2,1,4,mobile_android,bpi expressonline transfer,True,neutral,False,True,4,1,False,False,False,False,False,False,True,False,True,False,MEETS_STRONG,311,pin,33,0,1391,True,10,10.7,False,True,True,1.61,1.61,178.5,0.54,False
TX-C1-000803,usr-C1-0049,C1,False,ALLOW,1873.95,1931.91,0.97,0.08,1873.95,3115.62,1,False,569,1,Remittance,third_party_individual,11,5,3,1,mobile_android,GARDENER LANDSCAPING MAINTENANCE HNORARIUM,True,legit,False,False,824,1,False,False,False,False,False,False,False,False,False,False,MEETS_STRONG,169,pin,67,0,1592,False,20,9.9,False,False,False,0.42,0.42,148.5,0.17,False
TX-C1-000804,usr-C1-0041,C1,False,ALLOW,5447.03,3583.57,1.52,0.45,5447.03,16322.18,2,True,1,1,Savings,own_account,17,1,3,8,mobile_ios,,False,none,False,False,855,1,False,False,False,False,False,False,False,False,False,False,MEETS_STRONG,12,biometric,424,0,1640,False,44,8.3,False,False,False,205.86,205.86,307.1,40.22,False
TX-C1-000805,usr-C1-0016,C1,False,ALLOW,6772.65,4545.4,1.49,0.06,6772.65,20786.81,1,True,3,1,Savings,own_account,12,6,2,7,mobile_ios,,False,none,False,False,453,1,False,False,False,False,False,False,False,False,False,False,MEETS_DEVICE,122,biometric,64,0,832,False,23,9.8,False,True,True,2.46,2.46,139.8,1.06,False
TX-C1-000806,usr-C1-0015,C1,False,ALLOW,2366.8,2005.76,1.18,0.14,2366.8,6090.55,1,True,2,1,Remittance,business,2,1,17,14,mobile_ios,,False,none,False,False,700,1,False,False,False,False,False,False,False,False,False,False,MEETS_STRONG,142,pin,179,0,1853,False,38,18.1,False,False,False,1.95,1.95,47.1,2.48,False
TX-C1-000807,usr-C1-0014,C1,False,ALLOW,254.89,1108.22,0.23,0.06,254.89,737.24,1,False,252,1,Remittance,third_party_individual,10,3,6,6,mobile_ios,,False,none,False,False,331,1,False,False,False,False,False,False,False,False,False,False,MEETS_STRONG,159,biometric,295,0,988,False,15,8.5,False,False,False,0.32,0.32,85.9,0.22,False
TX-C1-000808,usr-C1-0045,C1,False,ALLOW,1254.89,1003.91,1.25,0.43,1254.89,3749.71,1,False,383,1,Bills Payment,registered_biller,8,6,8,5,mobile_ios,,False,none,False,False,662,1,False,False,False,False,False,False,False,False,True,False,MEETS_STRONG,78,pin,178,0,1050,True,19,18.3,False,False,False,1.54,1.54,280.0,0.33,False
TX-C1-000809,usr-C1-0081,C1,False,ALLOW,7712.59,4563.66,1.69,0.48,7712.59,13706.47,1,False,235,1,Savings,own_account,0,1,18,10,mobile_ios,,False,none,False,False,850,1,False,False,False,False,False,False,False,False,False,False,MEETS_STRONG,81,biometric,209,0,1537,True,44,20.1,False,False,False,2.89,2.89,287.0,0.6,False
TX-C1-000810,usr-C1-0088,C1,False,ALLOW,3631.91,2313.32,1.57,0.06,3631.91,8550.03,1,False,80,1,Bills Payment,registered_biller,10,4,9,14,mobile_android,,False,none,False,False,761,1,False,False,False,False,False,False,False,False,False,False,MEETS_STRONG,88,biometric,589,0,878,False,18,13.5,False,False,False,0.46,0.46,54.7,0.5,False
TX-C1-000811,usr-C1-0047,C1,False,ALLOW,2350.8,3013.85,0.78,0.43,2350.8,5025.78,1,False,230,1,Remittance,business,12,0,8,10,mobile_android,,False,none,False,False,347,1,False,False,False,False,False,False,False,False,False,False,MEETS_STRONG,72,biometric,597,0,701,False,18,14.4,False,False,False,2.55,2.55,234.3,0.65,False
TX-C1-000812,usr-C1-0027,C1,False,ALLOW,2100.45,2763.75,0.76,0.31,2100.45,5011.26,2,False,526,1,Remittance,third_party_individual,20,0,7,6,mobile_android,deposit - Ref #14643,True,neutral,False,False,740,1,False,False,False,False,False,False,True,False,False,False,MEETS_STRONG,46,pin,310,0,843,False,31,6.4,False,False,False,0.74,0.74,190.4,0.23,False
TX-C1-000813,usr-C1-0082,C1,True,BLOCK,15568.52,2095.36,7.43,0.82,15851.75,45677.82,5,True,0,16,Remittance,business,18,0,4,7,mobile_ios,Puregold weekly essentials and pantry supply,True,legit,False,False,522,5,False,False,False,False,False,False,False,False,False,False,MEETS_STRONG,293,password,9,0,6,False,7,8.1,False,False,False,2395.04,2395.04,16.9,8503.1,True
TX-C1-000814,usr-C1-0002,C1,False,ALLOW,3100.75,2263.32,1.37,0.31,3100.75,6394.32,1,False,41,1,Remittance,third_party_individual,13,3,5,7,mobile_android,,False,none,False,False,242,1,False,False,False,False,False,False,False,False,False,False,MEETS_STRONG,151,pin,199,0,699,False,23,8.1,False,False,False,2.43,2.43,271.6,0.54,False
TX-C1-000815,usr-C1-0084,C1,False,ALLOW,4183.15,4450.16,0.94,0.43,4183.15,11562.85,1,False,416,1,Funds Transfer,third_party_individual,5,3,6,9,mobile_ios,,False,none,False,False,555,1,False,False,False,False,False,False,False,False,False,False,MEETS_STRONG,53,biometric,76,0,1619,False,43,10.0,False,False,False,2.56,2.56,174.9,0.88,False
TX-C1-000816,usr-C1-0037,C1,False,ALLOW,1829.2,1325.51,1.38,0.47,1829.2,6288.23,1,False,417,1,Remittance,business,6,4,9,9,mobile_ios,,False,none,False,False,255,1,False,False,False,False,False,False,False,False,False,False,MEETS_STRONG,161,pin,77,0,1155,False,13,11.7,False,False,False,2.41,2.41,160.7,0.9,False
TX-C1-000817,usr-C1-0014,C1,False,ALLOW,110.82,1108.22,0.1,0.16,110.82,274.98,2,False,189,1,Funds Transfer,third_party_individual,19,0,3,7,mobile_ios,,False,none,False,False,331,1,False,False,False,False,False,False,False,False,False,False,MEETS_STRONG,139,pin,313,0,1974,False,37,11.6,False,False,False,1.13,1.13,237.5,0.29,False
TX-C1-000818,usr-C1-0052,C1,False,ALLOW,165.45,2757.42,0.06,0.08,165.45,348.38,1,False,496,1,Remittance,third_party_individual,4,0,17,8,mobile_android,,False,none,False,False,211,1,False,False,False,False,False,False,False,False,False,False,MEETS_STRONG,103,biometric,441,0,137,True,33,14.7,False,False,False,2.43,2.43,134.3,1.09,False
TX-C1-000819,usr-C1-0072,C1,False,ALLOW,1491.15,3467.78,0.43,0.37,1491.15,3255.05,1,False,485,1,Remittance,third_party_individual,8,6,2,10,mobile_android,Mercury Drug Maintenance Pills For Lola,True,legit,False,False,188,1,False,False,False,False,False,False,False,False,False,False,MEETS_DEVICE,103,biometric,436,0,185,False,34,8.8,False,False,False,0.3,0.3,82.5,0.22,False
TX-C1-000820,usr-C1-0039,C1,True,REQUIRE_2FA,12911.38,6329.11,2.04,0.43,18524.14,41381.34,5,True,0,1,Funds Transfer,own_account,11,6,2,13,mobile_ios,Foreign exchange crypto conversion fee for withdrawal,True,scam,False,False,152,1,False,False,False,False,True,False,True,False,False,False,FAILED,229,password,38,0,4,True,10,24.3,False,False,False,1.58,1.58,150.0,0.63,False
TX-C1-000821,usr-C1-0059,C1,False,ALLOW,868.0,598.62,1.45,0.34,868.0,1888.76,2,False,411,1,Remittance,business,5,1,7,6,mobile_android,,False,none,False,False,697,1,False,False,False,False,False,False,False,False,False,False,MEETS_STRONG,50,pin,98,0,1233,False,19,8.3,False,False,False,0.67,0.67,167.2,0.24,False
TX-C1-000822,usr-C1-0084,C1,False,ALLOW,4717.17,4450.16,1.06,0.34,4717.17,6354.77,2,True,2,1,Funds Transfer,own_account,21,4,10,12,mobile_ios,landmark supermarket groceries,True,legit,False,False,555,1,False,False,False,False,False,False,False,False,False,False,MEETS_STRONG,41,biometric,291,0,622,False,18,10.4,False,False,False,2.44,2.44,92.4,1.58,False
TX-C1-000823,usr-C1-0007,C1,False,ALLOW,608.96,1014.93,0.6,0.39,608.96,1353.37,2,False,435,1,Bills Payment,registered_biller,5,5,10,8,mobile_ios,Youth fellowship camp registraton allowance,True,legit,False,False,789,1,False,False,False,False,False,False,False,False,False,False,MEETS_STRONG,162,biometric,229,0,1763,False,32,24.8,False,False,False,1.96,1.96,253.2,0.46,False
TX-C1-000824,usr-C1-0008,C1,False,ALLOW,6471.96,10609.77,0.61,0.49,6471.96,18853.91,1,False,71,1,Savings,own_account,22,6,8,7,mobile_ios,Coffee and pastry meeting at UCC Cafe,True,legit,False,False,826,1,False,False,True,False,False,False,False,False,False,False,FAILED,25,biometric,330,0,347,True,18,13.2,False,False,False,0.64,0.64,151.9,0.25,False
TX-C1-000825,usr-C1-0089,C1,False,ALLOW,783.63,955.65,0.82,0.11,783.63,2666.08,1,False,317,1,Bills Payment,registered_biller,22,3,6,2,mobile_android,Plumbing repair service and replacement parts,True,legit,False,False,323,1,False,False,False,False,False,False,False,False,False,False,MEETS_DEVICE,28,biometric,267,0,1276,True,44,11.2,False,False,False,2.38,2.38,134.3,1.06,False
TX-C1-000826,usr-C1-0006,C1,False,ALLOW,705.81,871.37,0.81,0.02,705.81,1973.11,1,False,374,1,Funds Transfer,registered_biller,12,0,2,3,mobile_ios,,False,none,False,False,632,1,False,False,False,False,False,False,False,False,False,False,MISSING,60,biometric,90,0,720,False,25,10.0,False,False,False,2.48,2.48,261.6,0.57,False
TX-C1-000827,usr-C1-0087,C1,False,ALLOW,1020.08,693.93,1.47,0.22,1020.08,2254.19,1,False,19,1,Remittance,third_party_individual,23,5,11,2,mobile_ios,Shared expenses,True,neutral,False,False,413,1,False,False,False,False,False,False,False,False,False,False,MEETS_STRONG,13,biometric,597,0,1921,True,45,5.6,False,False,False,2.09,2.09,122.8,1.02,False
TX-C1-000828,usr-C1-0046,C1,False,ALLOW,1171.58,1673.68,0.7,0.21,1171.58,2255.52,1,True,2,1,Remittance,business,0,2,15,2,mobile_ios,,False,none,False,False,279,1,False,False,False,False,False,False,False,False,False,False,MISSING,60,biometric,90,0,720,False,25,10.0,False,False,False,1.32,1.32,97.4,0.81,False
TX-C1-000829,usr-C1-0025,C1,False,ALLOW,4377.56,3558.99,1.23,0.3,4377.56,13819.92,1,False,192,1,Remittance,business,19,1,6,13,mobile_ios,Invoice 2062-089,True,neutral,False,False,810,1,False,False,False,False,False,False,False,False,False,False,MEETS_STRONG,159,biometric,516,0,1897,False,33,9.4,False,False,False,1.98,1.98,91.1,1.3,False
TX-C1-000830,usr-C1-0055,C1,False,ALLOW,504.83,2019.33,0.25,0.47,504.83,1089.84,1,False,400,1,Funds Transfer,own_account,4,5,9,12,mobile_ios,,False,none,False,False,845,1,False,False,False,False,False,False,False,False,False,False,MEETS_STRONG,37,biometric,483,0,248,False,29,5.9,False,False,False,2.06,2.06,86.6,1.43,False
TX-C1-000831,usr-C1-0039,C1,False,ALLOW,8797.46,6329.11,1.39,0.43,8797.46,25275.42,1,True,1,1,Savings,own_account,16,0,7,7,mobile_android,,False,none,False,False,152,1,False,False,False,False,False,False,False,False,False,False,MISSING,60,biometric,90,0,720,False,25,10.0,False,False,False,213.4,213.4,305.0,41.98,False
TX-C1-000832,usr-C1-0002,C1,False,ALLOW,2715.98,2263.32,1.2,0.49,2715.98,3520.29,1,True,1,1,Remittance,third_party_individual,10,0,8,8,mobile_android,Savings transfer,True,neutral,False,False,242,1,False,False,False,False,False,False,False,False,False,False,MEETS_STRONG,37,biometric,100,0,299,False,38,16.4,False,False,False,2.63,2.63,36.4,4.34,False
TX-C1-000833,usr-C1-0019,C1,False,ALLOW,679.77,2192.82,0.31,0.35,679.77,1952.73,1,False,421,1,Bills Payment,registered_biller,1,3,14,13,mobile_ios,salamt,True,neutral,False,False,125,1,False,False,False,False,False,False,False,False,False,False,MEETS_STRONG,76,pin,473,0,856,False,34,14.9,False,False,False,1.73,1.73,116.0,0.89,False
TX-C1-000834,usr-C1-0008,C1,False,ALLOW,17718.32,10609.77,1.67,0.29,17718.32,51981.01,1,True,2,1,Remittance,third_party_individual,16,3,2,2,mobile_ios,,False,none,False,False,826,1,False,False,False,False,False,False,False,False,False,False,MEETS_STRONG,115,biometric,252,0,1471,False,35,21.3,False,False,False,1.23,1.23,170.1,0.43,False
TX-C1-000835,usr-C1-0002,C1,False,ALLOW,3508.15,2263.32,1.55,0.11,3508.15,6189.85,2,True,1,1,Remittance,business,20,6,2,14,mobile_ios,,False,none,False,False,242,1,False,False,False,False,False,False,False,False,False,False,MEETS_STRONG,163,biometric,175,0,1038,False,22,7.8,False,False,False,1.77,1.77,149.0,0.71,False
TX-C1-000836,usr-C1-0033,C1,True,REQUIRE_2FA,4651.19,2257.86,2.06,0.76,6975.52,23856.83,7,False,589,1,Funds Transfer,registered_biller,4,4,14,146,mobile_ios,,False,none,False,True,5,3,False,False,False,False,False,False,False,False,False,False,MEETS_STRONG,498,password,6,0,8,True,4,21.5,False,False,False,0.35,0.35,178.3,0.12,False
TX-C1-000837,usr-C1-0055,C1,True,REQUIRE_2FA,10318.78,2019.33,5.11,0.61,13651.23,20643.52,2,True,0,5,Bills Payment,third_party_individual,17,1,4,3,mobile_ios,personal ttransfer,True,neutral,False,True,1,1,False,True,False,False,False,False,False,False,False,False,FAILED,482,password,44,3,16,True,5,14.1,False,False,False,1.61,1.61,45.4,2.13,False
TX-C1-000838,usr-C1-0005,C1,False,ALLOW,9517.69,13405.2,0.71,0.27,9517.69,24171.15,1,False,515,1,Remittance,third_party_individual,0,6,11,11,mobile_ios,,False,none,False,False,56,1,False,False,False,False,False,False,False,False,False,False,MEETS_STRONG,72,pin,211,0,1177,False,20,17.9,False,False,False,2.89,2.89,103.5,1.68,False
TX-C1-000839,usr-C1-0054,C1,False,ALLOW,640.0,500.0,1.28,0.24,640.0,2166.78,1,False,478,1,Funds Transfer,business,6,5,10,6,mobile_android,DENTIST TOOTH EXTRACTION AND CLEANING PROCEDURE,True,legit,False,False,184,1,False,False,False,False,False,False,False,False,False,False,MEETS_DEVICE,171,biometric,82,0,278,False,41,9.3,False,False,False,0.56,0.56,71.1,0.47,False
TX-C1-000840,usr-C1-0080,C1,True,REQUIRE_2FA,4278.82,950.85,4.5,0.76,5463.96,14494.93,3,True,0,4,Bills Payment,third_party_individual,8,1,9,6,mobile_ios,Padala pambayad sa kuryente sa probinsya,True,legit,False,False,421,1,False,False,False,False,False,True,False,False,False,False,MEETS_STRONG,187,biometric,37,3,823,True,10,23.0,False,False,False,0.76,0.76,197.7,0.23,False
TX-C1-000841,usr-C1-0017,C1,False,ALLOW,5114.6,3455.81,1.48,0.11,5114.6,6665.4,2,True,0,1,Savings,own_account,4,5,11,5,mobile_android,,False,none,False,False,350,1,False,False,False,False,False,False,False,False,False,False,MEETS_STRONG,43,biometric,372,0,1189,False,32,6.0,False,False,False,2.37,2.37,183.2,0.78,False
TX-C1-000842,usr-C1-0033,C1,False,ALLOW,13976.15,2257.86,6.19,0.05,13976.15,45555.39,1,False,45,1,Savings,own_account,2,5,16,9,mobile_android,Ophthalmology prescription glasses lenses payment - Ref #48501,True,legit,False,False,802,1,False,False,False,False,False,False,False,False,False,False,MEETS_DEVICE,53,biometric,265,0,854,False,44,18.1,False,False,False,2.91,2.91,58.8,2.97,False
TX-C1-000843,usr-C1-0042,C1,False,ALLOW,797.89,604.46,1.32,0.45,797.89,1855.99,1,True,0,1,Funds Transfer,business,5,4,4,11,mobile_android,,False,none,False,False,476,1,False,False,False,False,False,False,False,False,False,False,MEETS_STRONG,62,pin,444,0,1472,False,18,20.4,False,False,False,2.41,2.41,110.1,1.31,False
TX-C1-000844,usr-C1-0033,C1,True,REQUIRE_2FA,14066.47,2257.86,6.23,0.51,18494.22,57789.46,5,False,425,4,Bills Payment,third_party_individual,12,1,6,11,mobile_android,,False,none,False,True,4,3,True,False,False,False,False,False,True,False,False,False,MEETS_BASIC,366,password,60,0,1633,True,6,17.1,False,True,False,2.51,2.51,233.1,0.65,False
TX-C1-000845,usr-C1-0075,C1,True,REQUIRE_2FA,7478.71,4733.36,1.58,0.75,8730.04,16463.62,6,True,0,1,Savings,own_account,19,6,2,1,mobile_ios,,False,none,False,False,739,2,False,False,False,True,False,False,False,False,False,False,MEETS_STRONG,260,password,20,0,1197,True,8,15.0,True,True,True,1.69,1.69,34.2,2.96,False
TX-C1-000846,usr-C1-0090,C1,False,ALLOW,1144.68,1612.23,0.71,0.36,1144.68,2303.49,1,True,3,1,Remittance,business,17,4,8,2,mobile_android,,False,none,False,False,660,1,False,False,False,False,False,True,False,False,False,False,MEETS_DEVICE,55,pin,258,0,1733,True,21,15.9,False,False,False,1.78,1.78,222.0,0.48,False
TX-C1-000847,usr-C1-0077,C1,True,REQUIRE_2FA,6177.72,2574.05,2.4,0.57,8229.31,25972.8,5,True,2,1,Bills Payment,third_party_individual,14,5,6,163,mobile_android,,False,none,False,True,2,1,True,False,False,False,False,False,True,True,False,False,MEETS_BASIC,353,biometric,12,0,121,True,9,58.9,False,False,False,1.13,1.13,182.7,0.37,False
TX-C1-000848,usr-C1-0071,C1,False,ALLOW,4444.57,6259.96,0.71,0.42,4444.57,13366.39,1,False,263,1,Bills Payment,registered_biller,7,2,14,13,mobile_ios,,False,none,False,False,379,1,False,False,False,False,False,False,False,False,False,False,MEETS_STRONG,29,biometric,30,0,471,True,30,9.1,False,False,False,0.93,0.93,104.3,0.53,False
TX-C1-000849,usr-C1-0022,C1,False,ALLOW,1104.42,1972.17,0.56,0.17,1104.42,2934.23,1,True,3,1,Funds Transfer,business,20,4,5,6,mobile_android,,False,none,False,False,798,1,False,False,False,False,False,False,False,False,False,False,MEETS_STRONG,86,biometric,267,0,896,False,25,17.3,False,False,False,0.16,0.16,244.8,0.04,False
TX-C1-000850,usr-C1-0077,C1,False,ALLOW,1698.87,2574.05,0.66,0.33,1698.87,3453.93,1,True,2,1,Remittance,business,23,4,3,14,mobile_ios,,False,none,False,False,800,1,False,False,False,False,False,False,False,False,False,False,MEETS_STRONG,123,biometric,422,0,1948,False,17,23.6,False,False,False,1.49,1.49,121.4,0.74,False
TX-C1-000851,usr-C1-0086,C1,False,ALLOW,7663.58,4379.19,1.75,0.07,7663.58,12499.44,1,False,44,1,Funds Transfer,own_account,18,0,1,5,mobile_ios,,False,none,False,False,435,1,False,False,False,False,False,False,False,False,False,False,MEETS_STRONG,130,biometric,167,0,485,False,27,23.8,False,False,False,1.69,1.69,110.8,0.92,False
TX-C1-000852,usr-C1-0025,C1,True,REQUIRE_2FA,8577.17,3558.99,2.41,0.5,12466.26,31742.0,6,True,3,1,Bills Payment,third_party_individual,5,5,8,9,mobile_ios,,False,none,False,True,4,1,False,False,False,False,False,False,False,False,False,False,MEETS_DEVICE,413,password,42,0,606,False,9,13.2,False,False,False,2.21,2.21,107.9,1.23,False
TX-C1-000853,usr-C1-0002,C1,False,ALLOW,3100.75,2263.32,1.37,0.35,3100.75,5805.76,2,False,469,1,Bills Payment,registered_biller,19,3,1,2,mobile_android,Miscellaneous payment,True,neutral,False,False,242,1,True,False,False,False,False,False,True,False,False,False,MEETS_BASIC,14,biometric,341,0,1473,True,34,13.5,False,False,False,0.8,0.8,181.5,0.26,False
TX-C1-000854,usr-C1-0071,C1,False,ALLOW,9953.34,6259.96,1.59,0.4,9953.34,31344.27,1,True,2,1,Funds Transfer,business,10,5,11,5,mobile_android,,False,none,False,False,379,1,False,False,False,False,False,False,False,False,False,False,MEETS_STRONG,16,biometric,114,0,1733,True,14,13.2,False,False,False,1.88,1.88,167.4,0.67,False
TX-C1-000855,usr-C1-0071,C1,True,REQUIRE_2FA,16275.9,6259.96,2.6,0.91,20210.64,68149.92,4,True,1,22,Bills Payment,third_party_individual,2,1,19,7,mobile_android,Reimbursement,True,neutral,False,False,379,1,False,False,False,False,False,False,False,False,False,False,MISSING,60,biometric,90,0,720,False,25,10.0,False,False,False,1.91,1.91,176.4,0.65,False
TX-C1-000856,usr-C1-0065,C1,False,ALLOW,3625.07,2323.76,1.56,0.39,3625.07,10711.38,2,False,180,1,Bills Payment,registered_biller,17,3,2,6,mobile_ios,O'Reilly mastering cryptocurrency bok tutorial,True,legit,False,True,5,1,False,False,False,False,False,False,False,False,False,False,MEETS_STRONG,173,pin,482,0,1085,False,20,12.1,False,False,False,1170.58,1170.58,339.0,207.18,False
TX-C1-000857,usr-C1-0042,C1,False,ALLOW,187.38,604.46,0.31,0.18,187.38,442.0,1,False,167,1,Funds Transfer,third_party_individual,4,2,5,1,mobile_android,,False,none,False,False,476,1,False,False,False,False,False,False,False,False,False,False,MEETS_DEVICE,32,biometric,405,0,1389,False,39,6.8,False,False,False,2.36,2.36,204.1,0.69,False
TX-C1-000858,usr-C1-0006,C1,False,ALLOW,5141.08,871.37,5.9,0.17,5141.08,9726.92,2,False,156,1,Bills Payment,registered_biller,20,3,6,0,mobile_ios,,False,none,False,False,632,1,False,False,False,False,False,False,False,False,False,False,MEETS_DEVICE,20,pin,260,0,1714,False,25,16.2,False,False,False,1.6,1.6,101.8,0.94,False
TX-C1-000859,usr-C1-0066,C1,False,ALLOW,231.26,1051.19,0.22,0.03,231.26,665.56,1,True,2,1,Bills Payment,registered_biller,8,2,3,10,mobile_ios,,False,none,False,False,647,1,False,False,False,False,False,False,False,False,False,False,MEETS_DEVICE,149,pin,457,0,1115,False,32,7.1,False,False,False,765.65,765.65,292.5,157.06,False
TX-C1-000860,usr-C1-0065,C1,False,ALLOW,975.98,2323.76,0.42,0.25,975.98,1202.4,1,False,422,1,Savings,own_account,17,4,2,1,mobile_android,,False,none,False,False,724,1,False,False,False,False,False,False,True,False,False,False,MEETS_STRONG,104,biometric,267,0,328,True,34,9.4,False,False,False,0.49,0.49,143.9,0.2,False
TX-C1-000861,usr-C1-0021,C1,False,ALLOW,3429.22,2017.19,1.7,0.3,3429.22,11433.46,1,False,331,1,Savings,own_account,8,2,11,0,mobile_android,,False,none,False,False,367,1,False,False,False,False,False,False,False,False,False,False,MEETS_DEVICE,31,biometric,288,0,1017,True,38,11.7,False,False,False,2.0,2.0,67.8,1.77,False
TX-C1-000862,usr-C1-0045,C1,False,ALLOW,933.64,1003.91,0.93,0.32,933.64,2407.92,1,False,307,1,Remittance,business,2,5,14,10,mobile_android,,False,none,False,False,662,1,False,False,False,False,False,False,False,False,False,False,MEETS_STRONG,93,pin,198,0,739,False,42,18.4,False,False,False,211.92,211.92,321.1,39.6,False
TX-C1-000863,usr-C1-0034,C1,False,ALLOW,20968.33,13023.81,1.61,0.01,20968.33,33377.83,1,True,1,1,Remittance,third_party_individual,10,2,5,5,mobile_ios,Financial allowance support for mama and papa,True,legit,False,False,707,1,False,False,False,False,False,False,False,False,False,False,MEETS_STRONG,79,biometric,400,0,1682,True,42,11.8,False,False,False,1.79,1.79,32.6,3.29,False
TX-C1-000864,usr-C1-0061,C1,False,ALLOW,7095.17,9719.41,0.73,0.11,7095.17,9046.51,1,False,231,1,Savings,own_account,16,0,6,11,mobile_android,,False,none,False,False,761,1,False,False,False,False,False,False,False,False,False,False,MEETS_DEVICE,41,pin,329,0,1661,False,40,17.8,False,False,False,1.22,1.22,293.1,0.25,False
TX-C1-000865,usr-C1-0078,C1,False,ALLOW,1997.67,1396.97,1.43,0.11,1997.67,4643.91,1,False,427,1,Savings,own_account,16,2,5,11,mobile_android,,False,none,False,False,858,1,False,False,False,False,False,False,True,False,False,False,MEETS_DEVICE,133,biometric,45,0,799,True,14,23.3,False,True,True,1.37,1.37,44.0,1.87,False
TX-C1-000866,usr-C1-0086,C1,False,ALLOW,5780.53,4379.19,1.32,0.26,5780.53,8337.95,1,False,26,1,Bills Payment,registered_biller,7,3,10,2,mobile_android,,False,none,False,False,435,1,False,False,False,False,False,False,False,False,False,False,MEETS_DEVICE,154,biometric,587,0,1961,True,43,9.9,False,False,False,1.64,1.64,39.1,2.52,False
TX-C1-000867,usr-C1-0055,C1,False,ALLOW,9026.41,2019.33,4.47,0.1,9026.41,25690.66,1,False,53,1,Bills Payment,registered_biller,13,5,0,2,mobile_android,,False,none,False,False,845,1,False,False,False,False,False,False,False,False,False,False,MEETS_DEVICE,35,biometric,375,0,188,False,20,6.3,False,False,False,2.21,2.21,151.8,0.87,False
TX-C1-000868,usr-C1-0075,C1,False,ALLOW,5632.7,4733.36,1.19,0.2,5632.7,15945.74,2,True,3,1,Remittance,third_party_individual,13,4,8,6,mobile_ios,Law office consultation retainer balance,True,legit,False,False,739,1,False,False,False,False,False,False,False,False,False,False,MEETS_STRONG,23,pin,494,0,269,False,24,16.6,False,False,False,2.75,2.75,59.2,2.79,False
TX-C1-000869,usr-C1-0006,C1,False,ALLOW,1010.79,871.37,1.16,0.49,1010.79,3388.39,1,False,349,1,Savings,own_account,19,4,5,11,mobile_android,,False,none,False,False,632,1,False,False,False,False,False,False,False,False,False,False,MEETS_STRONG,75,biometric,144,0,707,False,27,16.0,False,False,False,1.75,1.75,266.8,0.39,False
TX-C1-000870,usr-C1-0083,C1,False,ALLOW,6166.88,6229.17,0.99,0.4,6166.88,12520.72,1,False,73,1,Savings,own_account,20,6,7,13,mobile_android,,False,none,False,False,157,1,False,False,False,False,False,False,False,False,False,False,MEETS_STRONG,96,pin,279,0,1205,False,14,5.3,False,False,False,2.3,2.3,190.9,0.72,False
TX-C1-000871,usr-C1-0025,C1,False,ALLOW,5089.36,3558.99,1.43,0.06,5089.36,16394.21,1,False,527,1,Funds Transfer,own_account,6,1,7,3,mobile_android,Sunday Family Brunch At Mary Grace,True,legit,False,False,810,1,False,False,False,False,False,False,False,False,False,False,MEETS_DEVICE,11,biometric,200,0,456,False,36,6.1,False,True,True,1.94,1.94,93.8,1.24,False
TX-C1-000872,usr-C1-0071,C1,False,ALLOW,2378.78,6259.96,0.38,0.01,2378.78,5455.32,1,True,2,1,Remittance,business,23,2,2,0,mobile_ios,,False,none,False,False,379,1,False,False,False,False,False,False,False,False,False,False,MEETS_STRONG,173,biometric,191,0,1743,False,26,12.3,False,True,True,0.32,0.32,118.0,0.16,False
TX-C1-000873,usr-C1-0031,C1,False,ALLOW,137.03,1370.26,0.1,0.36,137.03,418.55,2,False,400,1,Savings,own_account,3,0,11,6,mobile_ios,,False,none,False,False,191,1,False,False,False,False,False,False,True,False,False,False,MEETS_STRONG,59,biometric,161,0,1560,False,43,18.9,False,False,False,0.82,0.82,49.8,0.99,False
TX-C1-000874,usr-C1-0067,C1,True,BLOCK,21571.36,1867.65,11.55,0.69,29274.52,62132.29,7,True,1,7,Bills Payment,third_party_individual,3,0,10,71,mobile_ios,,False,none,False,False,388,1,False,False,False,False,False,False,False,False,False,False,MEETS_STRONG,227,biometric,5,0,757,True,8,18.1,False,True,True,1.39,1.39,69.7,1.2,False
TX-C1-000875,usr-C1-0016,C1,False,ALLOW,6545.38,4545.4,1.44,0.47,6545.38,13926.14,2,False,411,1,Funds Transfer,registered_biller,20,0,6,1,mobile_android,,False,none,False,False,453,1,False,False,False,False,False,False,False,False,False,False,MEETS_STRONG,118,biometric,42,0,162,True,16,18.3,False,False,False,2.6,2.6,97.9,1.59,False
TX-C1-000876,usr-C1-0052,C1,False,ALLOW,3557.07,2757.42,1.29,0.44,3557.07,8792.36,2,False,91,1,Funds Transfer,business,8,1,13,4,mobile_android,,False,none,False,False,211,1,False,False,False,False,False,False,False,False,False,False,MEETS_DEVICE,42,biometric,93,0,1419,False,30,7.5,False,False,False,2.6,2.6,89.6,1.74,False
TX-C1-000877,usr-C1-0067,C1,False,ALLOW,3175.01,1867.65,1.7,0.41,3175.01,4524.17,1,False,258,1,Remittance,business,12,2,1,2,mobile_android,,False,none,False,False,388,1,False,False,False,False,False,False,False,False,True,False,MEETS_STRONG,83,biometric,128,0,1515,False,42,24.6,False,False,False,2.14,2.14,207.2,0.62,False
TX-C1-000878,usr-C1-0031,C1,False,ALLOW,1877.26,1370.26,1.37,0.02,1877.26,4395.87,1,False,510,1,Savings,own_account,18,6,4,10,mobile_ios,,False,none,False,False,191,1,False,False,False,False,False,False,False,False,False,False,MEETS_STRONG,137,biometric,273,0,647,False,35,24.7,False,False,False,1.59,1.59,138.1,0.69,False
TX-C1-000879,usr-C1-0005,C1,False,ALLOW,10724.16,13405.2,0.8,0.39,10724.16,16722.66,2,False,93,1,Savings,own_account,10,0,1,4,mobile_android,,False,none,False,False,56,1,False,False,False,False,False,False,False,False,False,False,MEETS_STRONG,93,pin,392,0,166,False,42,23.4,False,False,False,2.18,2.18,223.0,0.59,False
TX-C1-000880,usr-C1-0065,C1,False,ALLOW,14662.93,2323.76,6.31,0.37,14662.93,38044.29,1,True,0,1,Savings,own_account,20,0,5,1,mobile_ios,,False,none,False,False,724,1,False,False,False,False,False,False,False,False,False,False,MEETS_STRONG,177,biometric,433,0,1128,False,17,20.2,False,False,False,1.84,1.84,281.9,0.39,False
TX-C1-000881,usr-C1-0018,C1,False,ALLOW,559.97,1806.37,0.31,0.41,559.97,878.28,1,True,2,1,Savings,own_account,15,3,4,2,mobile_ios,townhouse security maintenance monthly dues - Ref #35236,True,legit,False,False,186,1,False,False,False,False,False,False,False,False,False,False,MISSING,60,biometric,90,0,720,False,25,10.0,False,False,False,1.48,1.48,113.0,0.79,False
TX-C1-000882,usr-C1-0012,C1,False,ALLOW,4586.71,3207.49,1.43,0.25,4586.71,12977.19,1,False,518,1,Bills Payment,registered_biller,22,3,12,13,mobile_ios,SM Supermarket grocery haul,True,legit,False,False,181,1,False,False,False,False,False,False,False,False,False,False,MEETS_STRONG,168,pin,324,0,393,False,33,24.9,False,False,False,2.4,2.4,79.5,1.81,False
TX-C1-000883,usr-C1-0088,C1,False,ALLOW,2128.25,2313.32,0.92,0.4,2128.25,6010.4,1,False,201,1,Savings,own_account,6,3,13,9,mobile_ios,Financial allowance support for mama and papa,True,legit,False,False,761,1,False,False,False,False,False,False,True,False,False,False,MEETS_DEVICE,177,biometric,81,0,318,True,33,8.8,False,False,False,1.59,1.59,89.1,1.07,False
TX-C1-000884,usr-C1-0014,C1,False,ALLOW,321.38,1108.22,0.29,0.37,321.38,519.71,2,False,586,1,Savings,own_account,7,4,9,12,mobile_ios,,False,none,False,False,331,1,False,False,False,False,False,False,False,False,False,False,MEETS_STRONG,122,pin,240,0,1082,False,19,9.5,False,False,False,2.0,2.0,172.9,0.69,False
TX-C1-000885,usr-C1-0084,C1,False,ALLOW,267.01,4450.16,0.06,0.5,267.01,686.46,1,False,252,1,Funds Transfer,business,17,2,6,4,mobile_android,,False,none,False,False,555,1,False,False,False,False,False,False,False,False,False,False,MEETS_STRONG,53,biometric,405,0,741,False,40,22.1,False,False,False,2.29,2.29,81.3,1.69,False
TX-C1-000886,usr-C1-0084,C1,False,ALLOW,4272.15,4450.16,0.96,0.43,4272.15,14139.13,1,True,0,1,Funds Transfer,registered_biller,18,5,7,11,mobile_android,,False,none,False,False,555,1,False,False,False,False,False,False,False,False,False,False,MEETS_DEVICE,27,biometric,466,0,1677,False,32,22.7,False,False,False,1.58,1.58,142.2,0.67,False
TX-C1-000887,usr-C1-0053,C1,False,ALLOW,12751.8,7920.37,1.61,0.04,12751.8,41409.99,1,False,253,1,Funds Transfer,third_party_individual,18,6,2,1,mobile_ios,,False,none,False,False,623,1,False,False,False,False,False,False,False,False,False,False,MEETS_STRONG,169,biometric,507,0,117,False,25,14.7,False,False,False,1.34,1.34,246.1,0.33,False
TX-C1-000888,usr-C1-0007,C1,False,ALLOW,558.21,1014.93,0.55,0.46,558.21,1334.08,1,True,0,1,Savings,own_account,5,6,10,4,mobile_ios,,False,none,False,False,789,1,False,False,False,False,False,False,False,False,False,False,MEETS_DEVICE,165,biometric,373,0,1567,False,36,21.1,False,False,False,1.73,1.73,21.9,4.74,False
TX-C1-000889,usr-C1-0021,C1,False,ALLOW,2743.38,2017.19,1.36,0.03,2743.38,5472.61,1,False,38,1,Bills Payment,registered_biller,10,5,9,11,mobile_ios,Corporate legal secretarial compliance fees,True,legit,False,False,367,1,False,False,False,False,False,False,False,False,False,False,MISSING,60,biometric,90,0,720,False,25,10.0,False,False,False,1.84,1.84,243.6,0.45,False
TX-C1-000890,usr-C1-0056,C1,False,ALLOW,3597.77,2810.76,1.28,0.5,3597.77,10474.8,1,False,472,1,Remittance,business,5,0,11,5,mobile_ios,,False,none,False,True,5,1,False,False,False,False,False,False,False,False,True,False,MEETS_DEVICE,110,pin,540,0,1736,False,27,5.7,False,False,False,2.52,2.52,261.3,0.58,False
TX-C1-000891,usr-C1-0005,C1,False,ALLOW,15415.98,13405.2,1.15,0.04,15415.98,40839.71,1,True,2,1,Remittance,business,11,2,0,8,mobile_ios,Monthly Rent Payment For Studio Unit 12B,True,legit,False,False,56,1,False,False,False,False,False,False,False,False,False,False,MISSING,60,biometric,90,0,720,False,25,10.0,False,False,False,2.24,2.24,21.4,6.28,False
TX-C1-000892,usr-C1-0028,C1,True,BLOCK,35118.74,3233.77,10.86,0.53,41462.62,51560.07,6,True,1,1,Bills Payment,registered_biller,10,3,4,1,mobile_android,POCEKT MONEY FOR PROVINCIAL VACATION TRIP,True,legit,False,False,346,1,False,False,False,False,False,False,False,False,False,False,MEETS_STRONG,348,biometric,6,0,1,True,4,20.5,False,False,False,0.82,0.82,244.1,0.2,False
TX-C1-000893,usr-C1-0030,C1,False,ALLOW,781.05,2440.77,0.32,0.13,781.05,1986.26,1,True,2,1,Remittance,business,3,3,7,8,mobile_ios,,False,none,False,False,61,1,False,False,False,False,False,False,False,False,False,False,MEETS_STRONG,27,biometric,277,0,1869,False,20,10.4,False,False,False,1.4,1.4,281.1,0.3,False
TX-C1-000894,usr-C1-0021,C1,False,ALLOW,1714.61,2017.19,0.85,0.36,1714.61,5918.84,1,False,321,1,Remittance,third_party_individual,0,4,19,10,mobile_ios,,False,none,False,False,367,1,False,False,False,False,False,False,False,False,False,False,MEETS_STRONG,174,biometric,279,0,1079,False,42,13.4,False,False,False,1.86,1.86,144.0,0.78,False
TX-C1-000895,usr-C1-0032,C1,False,ALLOW,974.58,3143.82,0.31,0.06,974.58,1392.79,1,True,1,1,Savings,own_account,9,3,9,6,mobile_ios,,False,none,False,False,611,1,False,False,False,False,False,False,False,False,False,False,MEETS_STRONG,63,biometric,489,0,991,False,43,21.9,False,False,False,0.65,0.65,229.3,0.17,False
TX-C1-000896,usr-C1-0074,C1,False,ALLOW,3987.65,3467.52,1.15,0.42,3987.65,8784.65,1,False,440,1,Savings,own_account,1,5,10,4,mobile_ios,Certified Public Accountant Audit Engagement Deposit,True,legit,False,False,662,1,False,False,False,False,False,False,False,False,False,False,MEETS_STRONG,14,pin,117,0,837,False,30,10.1,False,False,False,1.37,1.37,212.2,0.39,False
TX-C1-000897,usr-C1-0028,C1,False,ALLOW,5529.75,3233.77,1.71,0.14,5529.75,16127.66,1,False,359,1,Savings,own_account,12,6,2,12,mobile_ios,Bottled mineral water office supply,True,legit,False,False,346,1,False,False,False,False,False,False,False,False,False,False,MEETS_STRONG,130,biometric,570,0,1380,False,21,14.5,False,False,False,1.81,1.81,156.9,0.69,False
TX-C1-000898,usr-C1-0083,C1,False,ALLOW,9219.17,6229.17,1.48,0.02,9219.17,19751.35,1,False,46,1,Bills Payment,registered_biller,14,3,1,10,mobile_ios,,False,none,False,False,157,1,False,False,False,False,False,False,True,False,False,False,MEETS_DEVICE,67,biometric,537,0,1883,False,45,10.1,False,False,False,2.75,2.75,175.8,0.94,False
TX-C1-000899,usr-C1-0015,C1,True,BLOCK,17189.36,2005.76,8.57,0.52,24533.77,68183.41,3,True,1,7,Funds Transfer,own_account,13,4,6,0,mobile_ios,,False,none,False,True,3,3,True,True,False,True,True,False,True,False,False,True,FAILED,401,biometric,60,0,670,True,4,16.0,True,False,False,0.72,0.72,189.1,0.23,False
TX-C1-000900,usr-C1-0083,C1,False,ALLOW,6540.63,6229.17,1.05,0.16,6540.63,21404.59,1,True,0,1,Bills Payment,registered_biller,17,3,4,9,mobile_android,Sports training uniform and gear allowance,True,legit,False,False,157,1,False,False,False,False,False,False,False,False,False,False,MEETS_DEVICE,108,biometric,473,0,1423,False,21,9.3,False,False,False,1.63,1.63,207.6,0.47,False
TX-C1-000901,usr-C1-0068,C1,False,ALLOW,4971.77,6905.24,0.72,0.24,4971.77,11447.42,1,False,347,1,Funds Transfer,registered_biller,0,6,13,11,mobile_android,,False,none,False,False,116,1,False,False,False,False,False,False,False,False,False,False,MEETS_STRONG,168,pin,179,0,669,False,31,18.5,False,False,False,1.14,1.14,127.5,0.54,False
TX-C1-000902,usr-C1-0060,C1,False,ALLOW,2855.59,3172.88,0.9,0.44,2855.59,8246.21,2,False,289,1,Funds Transfer,registered_biller,16,3,0,7,mobile_android,,False,none,False,False,93,1,False,False,False,False,False,False,False,False,False,False,MEETS_STRONG,107,biometric,217,0,1809,False,18,19.9,False,False,False,1.89,1.89,55.1,2.06,False
TX-C1-000903,usr-C1-0034,C1,True,BLOCK,180379.77,13023.81,13.85,0.83,189604.8,257642.78,6,False,301,11,Bills Payment,registered_biller,13,2,2,14,mobile_android,sunday family brunch at mary grace,True,legit,False,False,707,2,False,False,False,False,False,False,True,False,False,False,MEETS_STRONG,292,pin,8,0,1566,True,10,10.5,False,True,True,6262.02,6262.02,17.2,21844.26,True
TX-C1-000904,usr-C1-0090,C1,False,ALLOW,2482.83,1612.23,1.54,0.23,2482.83,5567.08,1,False,60,1,Funds Transfer,third_party_individual,3,5,6,14,mobile_ios,Pang matrikula at school projects,True,legit,False,False,660,1,False,False,False,False,False,False,False,False,False,False,MEETS_STRONG,144,biometric,372,0,652,False,39,23.5,False,False,False,2.02,2.02,39.2,3.09,False
TX-C1-000905,usr-C1-0011,C1,False,ALLOW,1854.19,1817.83,1.02,0.43,1854.19,6463.66,1,False,68,1,Funds Transfer,own_account,23,1,7,14,mobile_android,,False,none,False,False,759,1,False,False,False,False,False,False,False,False,False,False,MEETS_STRONG,80,biometric,526,0,1343,False,15,21.9,False,False,False,1.67,1.67,122.2,0.82,False
TX-C1-000906,usr-C1-0045,C1,False,ALLOW,3975.48,1003.91,3.96,0.1,3975.48,8434.52,1,True,2,1,Savings,own_account,3,6,13,11,mobile_ios,,False,none,False,False,662,1,False,False,False,False,False,False,False,False,False,False,MEETS_STRONG,29,pin,541,0,1474,False,33,12.1,False,False,False,0.49,0.49,225.3,0.13,False
TX-C1-000907,usr-C1-0042,C1,False,ALLOW,308.27,604.46,0.51,0.37,308.27,434.73,1,False,155,1,Remittance,third_party_individual,23,3,14,7,mobile_android,,False,none,False,False,476,1,False,False,False,False,False,False,False,False,False,False,MEETS_STRONG,123,biometric,330,0,392,False,38,19.5,False,False,False,2.28,2.28,273.4,0.5,False
TX-C1-000908,usr-C1-0049,C1,False,ALLOW,367.06,1931.91,0.19,0.33,367.06,477.7,1,False,240,1,Savings,own_account,11,4,3,7,mobile_android,Payment For Services Rendered,True,neutral,False,False,824,1,False,False,False,False,False,False,True,False,False,False,MEETS_STRONG,120,biometric,112,0,1508,False,41,12.0,False,False,False,0.95,0.95,16.7,3.41,False
TX-C1-000909,usr-C1-0047,C1,False,ALLOW,693.19,3013.85,0.23,0.32,693.19,2300.18,1,True,3,1,Savings,own_account,4,5,16,1,mobile_android,,False,none,False,False,347,1,False,False,False,False,False,False,False,False,False,False,MEETS_DEVICE,169,biometric,577,0,554,True,41,23.2,False,False,False,1.88,1.88,208.2,0.54,False
TX-C1-000910,usr-C1-0088,C1,False,ALLOW,1503.66,2313.32,0.65,0.3,1503.66,2729.88,1,False,415,1,Funds Transfer,third_party_individual,5,5,14,12,mobile_android,WATER REFILLING STATION 10 GALLONS DELIVERY,True,legit,False,False,761,1,False,False,False,False,False,False,True,False,False,False,MEETS_DEVICE,176,biometric,78,0,1605,False,27,14.2,False,False,False,0.9,0.9,115.2,0.47,False
TX-C1-000911,usr-C1-0056,C1,False,ALLOW,899.44,2810.76,0.32,0.29,899.44,2891.44,2,False,421,1,Bills Payment,registered_biller,12,6,4,0,mobile_android,,False,none,False,False,502,1,False,False,False,False,False,False,False,False,False,False,MEETS_STRONG,15,biometric,304,0,137,False,41,21.4,False,False,False,2.39,2.39,156.9,0.91,False
TX-C1-000912,usr-C1-0069,C1,False,ALLOW,4512.21,3889.84,1.16,0.15,4512.21,6631.62,1,True,0,1,Savings,own_account,12,2,7,8,mobile_ios,,False,none,False,False,160,1,False,False,False,False,False,False,False,False,False,False,MEETS_DEVICE,176,pin,454,0,102,False,43,22.8,False,False,False,1.52,1.52,84.8,1.08,False
TX-C1-000913,usr-C1-0001,C1,False,ALLOW,1052.84,1210.16,0.87,0.31,1052.84,1386.76,2,False,582,1,Bills Payment,registered_biller,1,2,20,7,mobile_android,,False,none,False,True,0,1,False,False,False,False,False,False,False,False,False,False,MEETS_STRONG,169,pin,365,0,1975,False,31,14.6,False,False,False,2.15,2.15,95.6,1.35,False
TX-C1-000914,usr-C1-0004,C1,False,ALLOW,709.45,754.73,0.94,0.26,709.45,2130.71,1,False,244,1,Bills Payment,registered_biller,0,2,17,11,mobile_android,Robinsons Supermarket fresh fruits and meat - Ref #34854,True,legit,False,False,163,1,False,False,False,False,False,False,True,False,False,False,MEETS_STRONG,98,biometric,400,0,350,True,19,22.5,False,False,False,2.75,2.75,228.4,0.72,False
TX-C1-000915,usr-C1-0081,C1,True,BLOCK,47507.7,4563.66,10.41,0.54,55375.46,140382.2,3,True,1,1,Bills Payment,registered_biller,12,4,6,14,mobile_ios,,False,none,False,True,0,2,False,False,False,False,False,False,False,False,True,False,MEETS_STRONG,284,pin,18,0,277,True,8,15.7,False,False,False,1.81,1.81,96.8,1.12,False
TX-C1-000916,usr-C1-0039,C1,False,ALLOW,5063.29,6329.11,0.8,0.34,5063.29,8346.35,1,False,337,1,Remittance,business,13,4,4,12,mobile_android,,False,none,False,False,152,1,False,False,False,False,False,False,False,False,False,False,MEETS_STRONG,68,biometric,77,0,363,True,29,8.1,False,False,False,1.66,1.66,162.7,0.61,False
TX-C1-000917,usr-C1-0031,C1,False,ALLOW,1438.77,1370.26,1.05,0.01,1438.77,2206.94,1,False,172,1,Savings,own_account,0,2,14,0,mobile_android,,False,none,False,False,191,1,False,False,False,False,False,False,False,False,False,False,MEETS_STRONG,139,pin,458,0,973,True,44,5.6,False,False,False,2.57,2.57,31.5,4.9,False
TX-C1-000918,usr-C1-0068,C1,False,ALLOW,2140.62,6905.24,0.31,0.1,2140.62,6775.54,1,True,1,1,Remittance,business,15,0,2,10,mobile_ios,,False,none,False,False,116,1,False,False,False,False,False,False,False,False,False,False,MEETS_STRONG,54,pin,99,0,1900,False,36,5.2,False,False,False,1.76,1.76,240.9,0.44,False
TX-C1-000919,usr-C1-0068,C1,False,ALLOW,11324.59,6905.24,1.64,0.25,11324.59,14812.39,1,True,1,1,Remittance,business,10,4,3,14,mobile_android,,False,none,False,False,116,1,False,False,False,False,False,False,False,False,True,False,MEETS_STRONG,145,biometric,300,0,1244,False,34,22.7,False,False,False,2.76,2.76,172.0,0.96,False
TX-C1-000920,usr-C1-0035,C1,False,ALLOW,8420.97,8592.83,0.98,0.1,8420.97,18171.59,1,False,483,1,Bills Payment,registered_biller,12,0,9,2,mobile_android,,False,none,False,False,250,1,False,False,False,False,False,False,False,False,False,False,MEETS_STRONG,173,biometric,573,0,1121,False,12,21.8,False,False,False,1.85,1.85,198.1,0.56,False
TX-C1-000921,usr-C1-0031,C1,False,ALLOW,369.97,1370.26,0.27,0.37,369.97,1188.1,1,True,0,1,Remittance,business,15,4,1,10,mobile_android,,False,none,False,False,191,1,False,False,False,False,False,False,False,False,False,False,MEETS_STRONG,74,biometric,231,0,1810,True,22,14.0,False,False,False,2.15,2.15,190.7,0.68,False
TX-C1-000922,usr-C1-0018,C1,False,ALLOW,7369.99,1806.37,4.08,0.02,7369.99,24276.66,1,False,425,1,Remittance,third_party_individual,3,2,16,7,mobile_ios,,False,none,False,False,186,1,False,False,False,False,False,False,False,False,False,False,MEETS_DEVICE,95,pin,462,0,923,False,23,16.5,False,False,False,1.62,1.62,219.8,0.44,False
TX-C1-000923,usr-C1-0035,C1,False,ALLOW,45799.78,8592.83,5.33,0.06,45799.78,159146.46,1,False,182,1,Savings,own_account,22,1,1,8,mobile_ios,,False,none,False,False,250,1,False,False,False,False,False,False,False,False,False,False,MEETS_STRONG,117,biometric,452,0,1929,False,17,6.2,False,False,False,1.16,1.16,173.1,0.4,False
TX-C1-000924,usr-C1-0040,C1,False,ALLOW,3583.71,3011.52,1.19,0.05,3583.71,6817.78,1,True,1,1,Savings,own_account,7,5,10,5,mobile_android,,False,none,False,True,0,1,False,False,False,False,False,False,True,False,False,False,MEETS_STRONG,11,biometric,138,0,980,False,32,11.2,False,False,False,2.23,2.23,30.6,4.37,False
TX-C1-000925,usr-C1-0067,C1,True,REQUIRE_2FA,12662.67,1867.65,6.78,0.78,15770.82,29738.5,7,True,0,1,Bills Payment,third_party_individual,22,1,9,10,mobile_ios,Fastfood Breakfast Drive-Thru Share,True,legit,False,False,388,1,False,True,False,False,False,False,False,False,False,True,FAILED,386,password,60,4,22,False,3,17.8,False,False,False,1.49,1.49,293.9,0.3,False
TX-C1-000926,usr-C1-0086,C1,False,ALLOW,1313.76,4379.19,0.3,0.22,1313.76,3648.8,1,False,212,1,Remittance,business,15,5,2,13,mobile_ios,Notairal fee for deed of absolute sale,True,legit,False,False,435,1,False,False,False,False,False,False,False,False,False,False,MEETS_STRONG,153,biometric,354,0,1254,False,23,6.2,False,False,False,1.85,1.85,61.6,1.8,False
TX-C1-000927,usr-C1-0013,C1,False,ALLOW,16540.81,9729.89,1.7,0.37,16540.81,20627.75,1,False,152,1,Savings,own_account,14,5,6,4,mobile_ios,Attorney Legal Document Notarization Service Fee - Ref #60071,True,legit,False,False,591,1,False,False,False,False,False,False,False,False,False,False,MEETS_STRONG,23,biometric,513,0,1030,True,37,19.4,False,False,False,1.24,1.24,239.9,0.31,False
TX-C1-000928,usr-C1-0081,C1,False,ALLOW,5476.39,4563.66,1.2,0.05,5476.39,6977.14,1,False,313,1,Bills Payment,registered_biller,19,4,1,2,mobile_android,,False,none,False,False,850,1,False,False,False,False,False,False,False,False,False,False,MEETS_DEVICE,161,biometric,31,0,801,False,42,16.3,False,False,False,1.61,1.61,165.7,0.58,False
TX-C1-000929,usr-C1-0034,C1,True,REQUIRE_2FA,18754.29,13023.81,1.44,0.92,24855.59,86645.86,3,True,2,18,Funds Transfer,business,20,1,5,91,mobile_ios,WITHDRAWAL INSURANCE FEE FOR CRYPTO FUTUERS TRADE PAYOUT,True,scam,False,False,707,2,False,False,False,False,False,False,True,False,False,False,MEETS_STRONG,216,password,30,0,22,True,8,10.1,False,False,False,1.22,1.22,147.4,0.5,False
TX-C1-000930,usr-C1-0083,C1,False,ALLOW,7288.13,6229.17,1.17,0.47,7288.13,15196.55,1,False,198,1,Remittance,third_party_individual,4,3,9,5,mobile_ios,,False,none,False,False,157,1,False,False,False,False,False,False,False,False,False,False,MEETS_STRONG,136,pin,366,0,433,False,24,17.4,False,False,False,1.99,1.99,176.2,0.68,False
TX-C1-000931,usr-C1-0067,C1,False,ALLOW,989.85,1867.65,0.53,0.06,989.85,2733.36,1,False,534,1,Remittance,business,22,4,9,2,mobile_android,,False,none,False,False,388,1,False,False,False,False,False,False,False,False,False,False,MEETS_DEVICE,136,biometric,399,0,1416,False,26,8.9,False,False,False,2.13,2.13,283.1,0.45,False
TX-C1-000932,usr-C1-0086,C1,False,ALLOW,2496.14,4379.19,0.57,0.25,2496.14,8143.68,2,False,448,1,Funds Transfer,business,12,2,5,10,mobile_android,,False,none,False,False,435,1,False,False,False,False,False,False,False,False,False,False,MEETS_STRONG,128,biometric,35,0,818,True,20,23.8,False,False,False,2.65,2.65,200.2,0.79,False
TX-C1-000933,usr-C1-0013,C1,False,ALLOW,486.49,9729.89,0.05,0.45,486.49,1576.41,2,False,228,1,Bills Payment,registered_biller,23,4,3,7,mobile_android,,False,none,False,False,591,1,False,False,False,False,False,False,False,False,False,False,MEETS_STRONG,51,pin,296,0,1655,False,43,7.7,False,False,False,0.34,0.34,70.0,0.29,False
TX-C1-000934,usr-C1-0084,C1,False,ALLOW,5295.69,4450.16,1.19,0.14,5295.69,15891.82,1,False,399,1,Remittance,business,21,4,10,12,mobile_ios,gcash cash in transaction,True,neutral,False,False,555,1,False,False,False,False,False,False,False,False,False,False,MEETS_STRONG,68,pin,453,0,1181,False,40,6.2,False,False,False,2.3,2.3,40.3,3.42,False
TX-C1-000935,usr-C1-0003,C1,False,ALLOW,634.03,598.14,1.06,0.14,634.03,1969.26,1,False,94,1,Savings,own_account,12,5,1,7,mobile_ios,,False,none,False,False,822,1,False,False,False,False,False,False,False,True,False,False,MEETS_STRONG,128,biometric,459,0,1828,False,37,49.0,False,False,False,2.07,2.07,198.2,0.63,False
TX-C1-000936,usr-C1-0039,C1,True,BLOCK,29430.36,6329.11,4.65,0.7,37077.13,96879.13,7,True,1,13,Savings,own_account,22,1,13,154,mobile_android,BILLS PAYYMENT - Ref #76521,True,neutral,False,False,152,5,False,False,False,False,False,True,False,False,False,False,MEETS_STRONG,450,password,45,0,1285,True,9,7.2,False,True,True,6259.9,6259.9,12.2,30786.39,True
TX-C1-000937,usr-C1-0008,C1,False,ALLOW,2758.54,10609.77,0.26,0.33,2758.54,6952.83,2,False,456,1,Bills Payment,registered_biller,3,4,11,9,mobile_ios,,False,none,False,True,5,1,False,False,False,False,False,False,False,False,False,False,MEETS_STRONG,135,pin,559,0,736,False,40,22.0,False,False,False,2.34,2.34,236.6,0.59,False
TX-C1-000938,usr-C1-0080,C1,False,ALLOW,931.83,950.85,0.98,0.2,931.83,2589.64,2,False,274,1,Bills Payment,registered_biller,22,1,5,0,mobile_android,Manila Water monthly bill settlement,True,legit,False,False,421,1,False,False,False,False,False,False,False,False,False,False,MEETS_STRONG,48,pin,119,0,234,False,36,13.9,False,False,False,2.29,2.29,167.7,0.82,False
TX-C1-000939,usr-C1-0083,C1,False,ALLOW,8970.0,6229.17,1.44,0.41,8970.0,23982.54,1,False,348,1,Funds Transfer,own_account,21,5,8,2,mobile_android,pang matrikula at scohol projects,True,legit,False,False,157,1,False,False,False,False,False,False,False,False,False,False,MEETS_STRONG,71,biometric,53,0,153,False,40,16.9,False,False,False,1.4,1.4,89.6,0.94,False
TX-C1-000940,usr-C1-0020,C1,True,REQUIRE_2FA,2299.29,812.47,2.83,0.86,3018.94,4127.14,7,True,0,20,Savings,own_account,21,0,4,13,mobile_android,,False,none,False,True,3,2,False,False,False,False,False,False,False,False,False,False,MEETS_STRONG,355,biometric,38,0,414,True,3,10.1,False,True,True,0.8,0.8,292.9,0.16,False
TX-C1-000941,usr-C1-0062,C1,False,ALLOW,1287.81,715.45,1.8,0.03,1287.81,1719.3,1,True,3,1,Funds Transfer,business,11,4,6,8,mobile_ios,AWS certified solutions architect study guide,True,legit,False,False,479,1,False,False,False,False,False,False,False,False,False,False,MEETS_STRONG,102,biometric,68,0,269,True,37,9.6,False,False,False,1.67,1.67,56.3,1.78,False
TX-C1-000942,usr-C1-0087,C1,False,ALLOW,652.29,693.93,0.94,0.13,652.29,1771.0,1,False,218,1,Remittance,business,17,6,5,2,mobile_android,,False,none,False,False,413,1,False,False,False,False,False,False,False,False,False,False,MEETS_STRONG,102,biometric,284,0,421,False,25,14.4,False,False,False,1172.83,1172.83,269.1,261.5,False
TX-C1-000943,usr-C1-0022,C1,False,ALLOW,611.37,1972.17,0.31,0.49,611.37,1043.51,1,False,163,1,Funds Transfer,registered_biller,18,2,3,12,mobile_ios,designing data intensive applications technical extbook,True,legit,False,False,798,1,False,False,False,False,False,False,True,False,False,False,MEETS_STRONG,143,biometric,342,0,1701,False,30,5.8,False,False,False,0.2,0.2,68.3,0.18,False
TX-C1-000944,usr-C1-0055,C1,False,ALLOW,666.38,2019.33,0.33,0.32,666.38,2131.45,2,False,404,1,Funds Transfer,third_party_individual,11,2,2,8,mobile_android,Ophthalmology prescription glasses lenses payment,True,legit,False,False,845,1,False,False,False,False,False,False,False,False,False,False,MEETS_DEVICE,125,pin,55,0,1688,True,31,20.3,False,False,False,2.51,2.51,141.5,1.06,False
TX-C1-000945,usr-C1-0028,C1,False,ALLOW,679.09,3233.77,0.21,0.49,679.09,2357.45,1,False,552,1,Funds Transfer,own_account,7,4,7,2,mobile_android,,False,none,False,False,346,1,False,False,False,False,False,False,False,False,False,False,MEETS_DEVICE,109,biometric,325,0,780,True,32,23.5,False,False,False,2.57,2.57,289.9,0.53,False
TX-C1-000946,usr-C1-0036,C1,False,ALLOW,4984.77,3323.18,1.5,0.34,4984.77,15153.49,1,False,410,1,Funds Transfer,registered_biller,16,0,3,7,mobile_android,,False,none,False,False,724,1,False,False,False,False,False,False,False,False,False,False,MEETS_STRONG,142,pin,185,0,1362,True,36,7.9,False,False,False,2.28,2.28,102.2,1.34,False
TX-C1-000947,usr-C1-0065,C1,False,ALLOW,2137.86,2323.76,0.92,0.4,2137.86,6254.22,1,False,27,1,Remittance,business,19,2,4,10,mobile_ios,,False,none,False,False,724,1,False,False,False,False,False,False,False,False,False,False,MEETS_DEVICE,150,pin,561,0,885,False,45,6.4,False,False,False,2.83,2.83,184.8,0.92,False
TX-C1-000948,usr-C1-0027,C1,False,ALLOW,248.74,2763.75,0.09,0.39,248.74,535.34,1,False,586,1,Remittance,business,8,1,5,12,mobile_ios,,False,none,False,False,740,1,False,False,False,False,False,False,False,False,False,False,MEETS_DEVICE,160,biometric,546,0,212,False,26,15.2,False,False,False,1.64,1.64,295.3,0.33,False
TX-C1-000949,usr-C1-0063,C1,False,ALLOW,6819.46,4871.04,1.4,0.26,6819.46,20528.87,1,False,584,1,Funds Transfer,third_party_individual,16,6,1,11,mobile_ios,,False,none,False,False,426,1,False,False,False,False,False,False,False,False,False,False,MEETS_STRONG,64,biometric,166,0,247,False,19,14.0,False,False,False,1.22,1.22,262.6,0.28,False
TX-C1-000950,usr-C1-0041,C1,False,ALLOW,3619.41,3583.57,1.01,0.44,3619.41,8780.85,1,True,3,1,Bills Payment,registered_biller,0,6,14,4,mobile_android,,False,none,False,False,855,1,False,False,False,False,False,False,False,False,False,False,MEETS_DEVICE,164,pin,215,0,1651,False,26,12.9,False,False,False,1.54,1.54,20.1,4.6,False
TX-C1-000951,usr-C1-0058,C1,False,ALLOW,652.5,1812.51,0.36,0.43,652.5,1762.5,1,False,334,1,Funds Transfer,third_party_individual,8,3,10,9,mobile_ios,,False,none,False,False,503,1,False,False,False,False,False,False,False,False,False,False,MEETS_STRONG,121,pin,239,0,1512,False,34,9.6,False,True,True,1.78,1.78,129.6,0.82,False
TX-C1-000952,usr-C1-0017,C1,True,REQUIRE_2FA,4596.23,3455.81,1.33,0.84,5221.56,17535.21,5,True,2,1,Remittance,third_party_individual,6,1,9,0,mobile_ios,,False,none,False,False,350,1,True,False,False,False,False,False,True,False,False,False,MEETS_BASIC,392,pin,20,1,13,True,8,14.6,False,True,True,0.61,0.61,264.0,0.14,False
TX-C1-000953,usr-C1-0002,C1,False,ALLOW,11158.17,2263.32,4.93,0.06,11158.17,17024.13,1,False,109,1,Remittance,business,16,1,2,10,mobile_android,,False,none,False,False,242,1,False,False,False,False,False,False,False,False,False,False,MEETS_DEVICE,109,pin,324,0,1416,True,18,15.0,False,False,False,2.77,2.77,75.9,2.19,False
TX-C1-000954,usr-C1-0049,C1,False,ALLOW,444.34,1931.91,0.23,0.27,444.34,1485.0,1,False,129,1,Savings,own_account,11,0,3,7,mobile_ios,,False,none,False,False,824,1,False,False,False,False,False,False,False,False,False,False,MEETS_STRONG,173,pin,320,0,501,False,39,11.9,False,False,False,1.23,1.23,252.0,0.29,False
TX-C1-000955,usr-C1-0022,C1,False,ALLOW,12049.96,1972.17,6.11,0.14,12049.96,41338.85,1,False,45,1,Bills Payment,registered_biller,12,6,3,10,mobile_ios,,False,none,False,False,798,1,False,False,False,False,False,False,False,False,False,False,MEETS_STRONG,65,biometric,333,0,844,False,34,5.3,False,False,False,2.51,2.51,190.9,0.79,False
TX-C1-000956,usr-C1-0055,C1,False,ALLOW,1332.76,2019.33,0.66,0.24,1332.76,4584.6,1,False,153,1,Savings,own_account,22,1,9,9,mobile_ios,,False,none,False,False,845,1,False,False,False,False,False,False,False,False,False,False,MEETS_STRONG,48,biometric,458,0,112,False,19,14.8,False,False,False,2.58,2.58,63.4,2.44,False
TX-C1-000957,usr-C1-0026,C1,False,ALLOW,1042.57,5487.2,0.19,0.13,1042.57,1474.82,1,False,574,1,Funds Transfer,own_account,9,0,9,7,mobile_ios,,False,none,False,False,815,1,False,False,False,False,False,False,False,False,False,False,MEETS_STRONG,166,pin,445,0,1366,False,18,5.5,False,False,False,2.27,2.27,61.6,2.21,False
TX-C1-000958,usr-C1-0084,C1,True,REQUIRE_2FA,10769.39,4450.16,2.42,0.39,11097.35,34775.73,5,True,2,1,Savings,own_account,12,2,1,13,mobile_ios,,False,none,False,False,555,1,False,True,False,False,False,False,False,True,False,False,FAILED,362,pin,5,0,449,True,4,20.7,False,False,False,2.06,2.06,82.9,1.49,False
TX-C1-000959,usr-C1-0020,C1,False,ALLOW,511.86,812.47,0.63,0.02,511.86,832.8,2,False,569,1,Savings,own_account,10,6,7,9,mobile_android,,False,none,False,False,163,1,False,False,False,False,False,False,False,False,False,False,MEETS_STRONG,59,biometric,473,0,1101,True,12,19.7,False,False,False,1.82,1.82,271.9,0.4,False
TX-C1-000960,usr-C1-0014,C1,False,ALLOW,1296.62,1108.22,1.17,0.24,1296.62,2754.35,1,False,81,1,Funds Transfer,third_party_individual,10,0,6,13,mobile_ios,,False,none,False,False,331,1,False,False,False,False,False,False,False,False,False,False,MEETS_DEVICE,89,biometric,552,0,1031,False,42,9.1,False,False,False,1.65,1.65,278.8,0.36,False
TX-C1-000961,usr-C1-0048,C1,False,ALLOW,2010.72,2545.22,0.79,0.16,2010.72,6643.02,1,False,199,1,Savings,own_account,7,1,10,11,mobile_ios,,False,none,False,False,108,1,False,False,False,False,False,False,False,False,False,False,MEETS_DEVICE,37,biometric,94,0,1503,True,24,5.4,False,False,False,1.57,1.57,57.8,1.63,False
TX-C1-000962,usr-C1-0065,C1,False,ALLOW,3415.93,2323.76,1.47,0.28,3415.93,9134.75,1,True,2,1,Funds Transfer,third_party_individual,15,6,0,0,mobile_android,pizza party chip-in for project celeebration,True,legit,False,False,724,1,False,False,False,False,False,False,True,False,False,False,MEETS_DEVICE,29,biometric,382,0,1860,False,19,21.1,False,False,False,2.3,2.3,46.0,3.0,False
TX-C1-000963,usr-C1-0030,C1,False,ALLOW,1464.46,2440.77,0.6,0.15,1464.46,5004.93,2,False,442,1,Remittance,business,6,0,4,10,mobile_android,,False,none,False,False,61,1,False,False,False,False,False,False,False,False,False,False,MEETS_STRONG,41,biometric,590,0,1467,False,44,19.7,False,True,True,1.77,1.77,17.8,5.97,False
TX-C1-000964,usr-C1-0007,C1,True,REQUIRE_2FA,3481.21,1014.93,3.43,0.34,4671.41,6011.26,7,True,2,1,Bills Payment,registered_biller,17,4,2,6,mobile_android,,False,none,False,False,789,3,False,False,False,False,False,False,False,False,False,False,MEETS_STRONG,481,biometric,17,0,725,True,6,5.1,False,False,False,1.43,1.43,46.9,1.83,False
TX-C1-000965,usr-C1-0037,C1,False,ALLOW,662.75,1325.51,0.5,0.1,662.75,1522.83,1,False,583,1,Funds Transfer,registered_biller,7,5,8,7,mobile_android,,False,none,False,True,1,1,False,False,False,False,False,False,False,False,False,False,MEETS_STRONG,32,biometric,437,0,1096,True,15,18.0,False,False,False,1.99,1.99,150.0,0.8,False
TX-C1-000966,usr-C1-0052,C1,False,ALLOW,13208.04,2757.42,4.79,0.16,13208.04,46048.85,1,False,271,1,Funds Transfer,third_party_individual,10,5,11,0,mobile_android,,False,none,False,False,211,1,False,False,False,False,False,False,False,False,False,False,MEETS_STRONG,24,pin,188,0,1723,True,40,17.9,False,False,False,1.05,1.05,86.2,0.73,False
TX-C1-000967,usr-C1-0054,C1,False,ALLOW,665.0,500.0,1.33,0.13,665.0,2276.25,1,False,322,1,Savings,own_account,3,6,13,10,mobile_android,staff housing dormitory room share,True,legit,False,False,184,1,False,False,False,False,False,False,False,False,False,False,MEETS_STRONG,31,biometric,109,0,1838,True,12,10.1,False,False,False,2.78,2.78,60.2,2.77,False
TX-C1-000968,usr-C1-0043,C1,False,ALLOW,2152.64,5125.33,0.42,0.23,2152.64,5784.24,1,False,506,1,Bills Payment,registered_biller,4,6,11,7,mobile_ios,,False,none,False,False,619,1,True,False,False,False,False,False,True,False,False,False,MEETS_BASIC,22,biometric,398,0,1682,False,16,19.0,False,False,False,1.65,1.65,268.0,0.37,False
TX-C1-000969,usr-C1-0032,C1,False,ALLOW,2766.56,3143.82,0.88,0.42,2766.56,5683.95,1,False,534,1,Remittance,business,7,2,11,7,mobile_ios,,False,none,False,False,611,1,False,False,False,False,False,False,True,False,False,False,MEETS_STRONG,122,biometric,349,0,1208,False,22,8.8,False,False,False,2.97,2.97,52.2,3.41,False
TX-C1-000970,usr-C1-0001,C1,True,BLOCK,10092.73,1210.16,8.34,0.72,10876.96,37721.48,6,True,2,1,Funds Transfer,business,3,5,18,89,mobile_ios,Korean grocery noodles and kimchi stock - Ref #40844,True,legit,False,False,158,1,False,False,False,False,False,False,True,False,False,False,MEETS_STRONG,184,biometric,51,0,346,True,9,20.5,True,False,False,2.08,2.08,262.0,0.48,False
TX-C1-000971,usr-C1-0005,C1,False,ALLOW,11662.52,13405.2,0.87,0.19,11662.52,21798.91,1,True,3,1,Remittance,business,11,2,0,5,mobile_ios,,False,none,False,False,56,1,False,False,False,False,False,False,False,False,False,False,MEETS_DEVICE,90,biometric,245,0,1171,False,30,7.3,False,False,False,3.01,3.01,138.0,1.31,False
TX-C1-000972,usr-C1-0015,C1,False,ALLOW,3510.08,2005.76,1.75,0.34,3510.08,4751.7,1,False,466,1,Savings,own_account,12,0,7,12,mobile_android,,False,none,False,False,700,1,False,False,False,False,False,False,False,False,False,False,MEETS_STRONG,127,biometric,400,0,638,False,13,12.7,False,False,False,1.83,1.83,21.1,5.2,False
TX-C1-000973,usr-C1-0068,C1,False,ALLOW,10150.7,6905.24,1.47,0.16,10150.7,28626.89,2,False,401,1,Funds Transfer,third_party_individual,16,3,3,12,mobile_ios,,False,none,False,False,116,1,False,False,False,False,False,False,False,False,False,False,MEETS_STRONG,71,biometric,87,0,1873,True,25,22.6,False,False,False,1.21,1.21,284.0,0.26,False
TX-C1-000974,usr-C1-0021,C1,False,ALLOW,806.88,2017.19,0.4,0.5,806.88,2291.42,1,False,46,1,Funds Transfer,business,5,2,14,6,mobile_ios,,False,none,False,False,367,1,False,False,False,False,False,False,False,False,False,False,MEETS_STRONG,104,biometric,83,0,683,True,37,14.7,False,False,False,0.54,0.54,118.0,0.27,False
TX-C1-000975,usr-C1-0089,C1,True,REQUIRE_2FA,4797.36,955.65,5.02,0.39,6884.87,14327.21,3,True,3,1,Bills Payment,third_party_individual,14,4,2,12,mobile_android,Thank you,True,neutral,False,False,323,1,False,False,False,False,False,False,False,False,False,False,MISSING,60,biometric,90,0,720,False,25,10.0,False,False,False,0.87,0.87,206.0,0.25,False
TX-C1-000976,usr-C1-0072,C1,False,ALLOW,3363.75,3467.78,0.97,0.19,3363.75,8585.68,1,False,138,1,Bills Payment,registered_biller,21,3,11,6,mobile_ios,,False,none,False,False,188,1,False,False,False,False,False,False,False,False,False,False,MEETS_STRONG,41,pin,275,0,762,False,30,17.2,False,False,False,1.66,1.66,94.5,1.05,False
TX-C1-000977,usr-C1-0058,C1,False,ALLOW,1051.26,1812.51,0.58,0.18,1051.26,1625.55,1,True,2,1,Remittance,business,20,1,2,8,mobile_ios,,False,none,False,False,503,1,False,False,False,False,False,False,True,False,False,False,MEETS_STRONG,68,biometric,453,0,1171,False,19,18.5,False,False,False,198.65,198.65,299.4,39.81,False
TX-C1-000978,usr-C1-0061,C1,True,REQUIRE_2FA,17300.55,9719.41,1.78,0.74,19164.62,58377.85,7,True,2,1,Savings,own_account,22,6,12,10,mobile_ios,,False,none,False,False,761,3,True,False,False,False,False,False,True,False,False,False,MEETS_BASIC,467,pin,18,0,1,False,5,19.9,False,False,False,1.42,1.42,101.4,0.84,False
TX-C1-000979,usr-C1-0052,C1,False,ALLOW,4053.41,2757.42,1.47,0.15,4053.41,9399.76,1,False,418,1,Remittance,business,7,6,14,4,mobile_ios,,False,none,False,False,211,1,False,False,False,False,False,False,False,False,False,False,MEETS_STRONG,146,biometric,54,0,1717,False,22,21.5,False,False,False,1.77,1.77,97.3,1.09,False
TX-C1-000980,usr-C1-0068,C1,False,ALLOW,5386.09,6905.24,0.78,0.03,5386.09,17951.78,1,False,207,1,Funds Transfer,own_account,4,6,9,4,mobile_android,,False,none,False,False,116,1,False,False,False,False,False,False,False,False,False,False,MEETS_STRONG,132,biometric,232,0,1747,True,27,21.6,False,False,False,1.72,1.72,59.1,1.75,False
TX-C1-000981,usr-C1-0035,C1,True,REQUIRE_2FA,12631.46,8592.83,1.47,0.55,15247.24,47273.38,7,False,387,17,Bills Payment,third_party_individual,0,1,21,108,mobile_android,,False,none,False,False,250,2,False,False,False,False,False,False,False,False,False,False,MEETS_STRONG,292,biometric,22,0,1483,True,7,11.1,True,True,True,2.55,2.55,229.8,0.67,False
TX-C1-000982,usr-C1-0066,C1,False,ALLOW,262.8,1051.19,0.25,0.16,262.8,442.39,1,False,283,1,Bills Payment,registered_biller,10,5,1,11,mobile_ios,,False,none,False,False,647,1,False,False,False,False,True,False,False,False,False,False,FAILED,126,biometric,104,0,601,False,28,20.5,False,False,False,2.07,2.07,262.8,0.47,False
TX-C1-000983,usr-C1-0048,C1,False,ALLOW,2519.77,2545.22,0.99,0.48,2519.77,6905.97,1,False,337,1,Remittance,business,22,2,5,1,mobile_android,,False,none,False,False,108,1,False,False,False,False,False,False,False,False,False,False,MEETS_STRONG,69,biometric,353,0,1195,False,31,9.6,False,False,False,1.61,1.61,252.7,0.38,False
TX-C1-000984,usr-C1-0003,C1,False,ALLOW,293.09,598.14,0.49,0.02,293.09,745.69,1,False,230,1,Funds Transfer,own_account,1,3,10,8,mobile_ios,,False,none,False,False,822,1,False,False,False,False,False,False,False,False,False,False,MEETS_STRONG,46,biometric,368,0,1495,False,35,19.1,False,False,False,1.12,1.12,57.1,1.18,False
TX-C1-000985,usr-C1-0078,C1,False,ALLOW,1005.82,1396.97,0.72,0.18,1005.82,3344.81,1,False,249,1,Bills Payment,registered_biller,19,4,2,12,mobile_ios,,False,none,False,False,858,1,True,False,False,False,False,False,True,False,False,False,MEETS_BASIC,13,pin,378,0,1087,True,44,9.8,False,False,False,1.56,1.56,35.3,2.65,False
TX-C1-000986,usr-C1-0056,C1,False,ALLOW,3232.37,2810.76,1.15,0.3,3232.37,9580.14,1,False,33,1,Savings,own_account,9,2,7,13,mobile_ios,,False,none,False,False,502,1,False,False,False,False,False,False,False,False,False,False,MEETS_STRONG,23,pin,595,0,1883,True,20,5.7,False,False,False,2.76,2.76,28.0,5.91,False
TX-C1-000987,usr-C1-0075,C1,False,ALLOW,7573.38,4733.36,1.6,0.49,7573.38,12713.9,1,False,280,1,Remittance,business,15,1,6,9,mobile_android,,False,none,False,False,739,1,False,False,False,False,False,False,False,False,False,False,MISSING,60,biometric,90,0,720,False,25,10.0,False,False,False,1.91,1.91,237.0,0.48,False
TX-C1-000988,usr-C1-0062,C1,False,ALLOW,164.55,715.45,0.23,0.25,164.55,541.46,1,False,15,1,Funds Transfer,third_party_individual,5,0,12,12,mobile_android,,False,none,False,False,479,1,False,False,False,False,False,False,False,False,False,False,MEETS_STRONG,116,pin,460,0,662,False,13,14.8,False,False,False,0.73,0.73,134.8,0.32,False
TX-C1-000989,usr-C1-0090,C1,False,ALLOW,1612.23,1612.23,1.0,0.06,1612.23,4473.6,2,False,26,1,Funds Transfer,third_party_individual,23,3,14,1,mobile_android,Meralco electricity bill pyament for September - Ref #60535,True,legit,False,True,3,1,False,False,False,False,False,False,False,False,False,False,MEETS_STRONG,16,biometric,181,0,1239,False,27,6.9,False,False,False,1.98,1.98,100.7,1.18,False
TX-C1-000990,usr-C1-0083,C1,False,ALLOW,10215.84,6229.17,1.64,0.27,10215.84,33066.17,1,False,571,1,Funds Transfer,third_party_individual,1,3,12,2,mobile_android,,False,none,False,False,157,1,False,False,False,False,False,False,True,False,False,False,MEETS_STRONG,119,pin,368,0,1204,False,41,20.1,False,False,False,2.44,2.44,223.5,0.66,False
TX-C1-000991,usr-C1-0060,C1,False,ALLOW,1935.46,3172.88,0.61,0.3,1935.46,5562.91,1,False,100,1,Funds Transfer,registered_biller,23,6,7,7,mobile_ios,,False,none,False,False,93,1,False,False,False,False,False,False,False,False,False,False,MEETS_DEVICE,128,biometric,32,0,148,True,41,12.0,False,False,False,1.54,1.54,236.1,0.39,False
TX-C1-000992,usr-C1-0038,C1,False,ALLOW,210.49,1002.32,0.21,0.22,210.49,508.69,1,True,1,1,Bills Payment,registered_biller,1,1,20,13,mobile_ios,,False,none,False,False,246,1,False,False,False,False,False,False,False,False,False,False,MEETS_DEVICE,173,pin,43,0,1196,False,44,19.3,False,True,True,2.36,2.36,119.7,1.18,False
TX-C1-000993,usr-C1-0039,C1,False,ALLOW,2911.39,6329.11,0.46,0.2,2911.39,5626.8,2,False,510,1,Bills Payment,registered_biller,2,0,7,2,mobile_ios,,False,none,False,False,152,1,False,False,False,False,False,False,False,False,False,False,MEETS_DEVICE,95,biometric,458,0,1091,True,40,7.3,False,False,False,212.43,212.43,304.1,41.91,False
TX-C1-000994,usr-C1-0056,C1,False,ALLOW,5031.26,2810.76,1.79,0.42,5031.26,7204.54,1,False,333,1,Savings,own_account,17,4,1,5,mobile_android,Pampanga meat tocino an longganisa order,True,legit,False,False,502,1,False,False,False,False,False,False,False,False,False,False,MEETS_DEVICE,156,biometric,120,0,894,False,36,5.7,False,False,False,2.21,2.21,202.1,0.66,False
TX-C1-000995,usr-C1-0008,C1,False,ALLOW,15278.07,10609.77,1.44,0.41,15278.07,30672.83,2,True,3,1,Bills Payment,registered_biller,4,1,10,0,mobile_ios,Pocket money for provincial vacation trip - Ref #76456,True,legit,False,False,826,1,False,False,False,False,False,False,False,False,False,False,MEETS_DEVICE,139,biometric,123,0,905,True,13,13.7,False,False,False,2.13,2.13,220.1,0.58,False
TX-C1-000996,usr-C1-0069,C1,False,ALLOW,6612.73,3889.84,1.7,0.32,6612.73,11212.35,2,False,596,1,Bills Payment,registered_biller,13,1,6,5,mobile_ios,,False,none,False,False,160,1,False,False,False,False,False,False,False,False,False,False,MEETS_STRONG,109,biometric,126,0,1739,False,30,9.8,False,False,False,1.27,1.27,186.8,0.41,False
TX-C1-000997,usr-C1-0051,C1,False,ALLOW,2653.4,1995.04,1.33,0.27,2653.4,3331.65,1,False,358,1,Funds Transfer,business,21,1,3,8,mobile_android,Cignal TV prepaid reload package - Ref #53551,True,legit,False,False,207,1,False,False,False,False,False,False,False,False,False,False,MEETS_STRONG,153,biometric,432,0,924,True,12,10.1,False,False,False,1.6,1.6,86.9,1.1,False
TX-C1-000998,usr-C1-0079,C1,True,REQUIRE_2FA,31188.36,5386.59,5.79,0.37,40431.32,54704.43,4,True,0,25,Bills Payment,third_party_individual,17,2,1,10,mobile_ios,,False,none,False,False,724,1,False,False,False,False,False,False,False,False,False,False,MISSING,60,biometric,90,0,720,False,25,10.0,False,False,False,0.94,0.94,193.3,0.29,False
TX-C1-000999,usr-C1-0057,C1,False,ALLOW,1948.39,3092.69,0.63,0.27,1948.39,2533.19,1,False,485,1,Remittance,third_party_individual,7,4,12,10,mobile_android,,False,none,False,False,108,1,False,False,False,False,False,False,False,False,False,False,MEETS_STRONG,148,pin,151,0,892,False,24,22.6,False,False,False,0.85,0.85,214.5,0.24,False
TX-C1-001000,usr-C1-0053,C1,False,ALLOW,4039.39,7920.37,0.51,0.06,4039.39,11960.46,1,True,0,1,Remittance,business,7,4,9,10,mobile_android,,False,none,False,False,623,1,False,False,False,False,False,True,False,False,False,False,MEETS_STRONG,123,biometric,137,0,1972,False,44,24.9,False,False,False,2.63,2.63,183.3,0.86,False
TX-C1-001001,usr-C1-0037,C1,False,ALLOW,1391.79,1325.51,1.05,0.47,1391.79,1714.99,1,False,44,1,Bills Payment,registered_biller,5,4,10,10,mobile_android,Bayad sa upa para sa buwan ng Okturbe,True,legit,False,False,255,1,False,False,False,False,False,False,False,False,False,False,MEETS_STRONG,91,pin,493,0,365,False,22,9.8,False,False,False,1.62,1.62,133.0,0.73,False
TX-C1-001002,usr-C1-0066,C1,False,ALLOW,5728.99,1051.19,5.45,0.01,5728.99,11251.81,1,False,574,1,Savings,own_account,16,5,5,7,mobile_android,Withdrawal insurance fee for crypto futures trade payout,True,scam,False,False,647,1,False,False,False,False,False,False,False,False,False,False,MEETS_STRONG,52,biometric,508,0,875,False,37,8.3,False,False,False,2.46,2.46,213.6,0.69,False
TX-C1-001003,usr-C1-0017,C1,False,ALLOW,967.63,3455.81,0.28,0.33,967.63,3012.41,1,False,173,1,Savings,own_account,6,2,9,8,mobile_android,,False,none,False,False,350,1,False,False,False,False,False,False,False,False,False,False,MEETS_STRONG,68,biometric,398,0,843,False,44,12.0,False,False,False,1.56,1.56,78.0,1.2,False
TX-C1-001004,usr-C1-0028,C1,True,REQUIRE_2FA,21278.21,3233.77,6.58,0.58,28327.81,35735.88,4,False,583,1,Bills Payment,third_party_individual,22,5,8,134,mobile_android,,False,none,False,False,346,6,False,False,True,False,False,False,True,False,False,False,FAILED,440,biometric,48,0,11,False,4,21.2,False,False,False,1.77,1.77,161.3,0.66,False
TX-C1-001005,usr-C1-0067,C1,False,ALLOW,2502.65,1867.65,1.34,0.14,2502.65,4485.16,2,False,193,1,Savings,own_account,5,4,8,14,mobile_ios,Savings transfer,True,neutral,False,False,388,1,False,False,False,False,False,False,False,False,False,False,MEETS_STRONG,83,biometric,359,0,1014,False,21,18.2,False,False,False,2.31,2.31,272.8,0.51,False
TX-C1-001006,usr-C1-0055,C1,False,ALLOW,2685.71,2019.33,1.33,0.01,2685.71,5319.74,1,True,1,1,Savings,own_account,4,2,9,11,mobile_android,,False,none,False,False,845,1,False,False,False,False,False,False,False,False,False,False,MEETS_STRONG,78,biometric,81,0,1372,False,42,18.8,False,False,False,1.51,1.51,153.1,0.59,False
TX-C1-001007,usr-C1-0032,C1,False,ALLOW,5407.37,3143.82,1.72,0.47,5407.37,13098.16,1,True,0,1,Funds Transfer,third_party_individual,1,5,17,11,mobile_ios,,False,none,False,False,611,1,False,False,False,False,False,False,True,False,False,False,MEETS_STRONG,132,biometric,497,0,610,True,39,24.9,False,False,False,2.19,2.19,257.0,0.51,False
TX-C1-001008,usr-C1-0058,C1,False,ALLOW,1232.51,1812.51,0.68,0.08,1232.51,2921.69,1,False,568,1,Remittance,third_party_individual,23,3,5,12,mobile_ios,,False,none,False,False,503,1,False,False,False,False,False,False,True,False,False,False,MEETS_STRONG,97,biometric,274,0,685,False,44,12.0,False,False,False,2.13,2.13,96.6,1.32,False
TX-C1-001009,usr-C1-0037,C1,False,ALLOW,1670.14,1325.51,1.26,0.16,1670.14,2139.48,1,False,215,1,Savings,own_account,1,3,14,9,mobile_ios,SM Supermarket grocery haul,True,legit,False,False,255,1,False,False,False,False,False,False,False,False,False,False,MEETS_STRONG,144,biometric,225,0,604,False,21,10.8,False,False,False,1.6,1.6,268.8,0.36,False
TX-C1-001010,usr-C1-0090,C1,False,ALLOW,918.97,1612.23,0.57,0.41,918.97,1903.87,2,False,17,1,Remittance,third_party_individual,14,0,5,4,mobile_android,,False,none,False,False,660,1,False,False,False,False,False,False,False,False,False,False,MEETS_DEVICE,110,pin,122,0,1534,False,42,21.1,False,False,False,2.22,2.22,207.1,0.64,False
TX-C1-001011,usr-C1-0025,C1,True,BLOCK,38437.09,3558.99,10.8,0.88,41561.33,56311.08,7,True,0,1,Bills Payment,third_party_individual,10,1,3,2,mobile_ios,,False,none,False,False,810,1,False,False,False,False,False,False,False,False,False,False,MISSING,60,biometric,90,0,720,False,25,10.0,False,False,False,11249.87,11249.87,23.9,28242.35,True
TX-C1-001012,usr-C1-0008,C1,False,ALLOW,12201.24,10609.77,1.15,0.4,12201.24,35758.78,1,False,391,1,Savings,own_account,13,4,1,5,mobile_ios,,False,none,False,False,826,1,False,False,False,False,False,False,False,False,False,False,MEETS_STRONG,88,biometric,205,0,1608,True,28,11.6,False,False,False,1.88,1.88,212.5,0.53,False
TX-C1-001013,usr-C1-0024,C1,False,ALLOW,954.74,1565.15,0.61,0.25,954.74,3159.47,1,False,491,1,Remittance,third_party_individual,10,0,0,14,mobile_ios,Korean Grocery Noodles And Kimchi Stock,True,legit,False,False,897,1,False,False,False,False,False,False,False,False,False,False,MEETS_STRONG,10,pin,526,0,894,True,30,10.5,False,False,False,2.29,2.29,200.1,0.69,False
TX-C1-001014,usr-C1-0052,C1,False,ALLOW,3005.59,2757.42,1.09,0.28,3005.59,10122.81,1,True,1,1,Funds Transfer,own_account,23,5,2,14,mobile_android,,False,none,False,False,211,1,False,False,False,False,False,False,False,False,False,False,MEETS_DEVICE,89,pin,402,0,447,False,21,21.4,False,False,False,1.0,1.0,58.8,1.02,False
TX-C1-001015,usr-C1-0005,C1,False,ALLOW,22386.68,13405.2,1.67,0.47,22386.68,68197.95,2,True,3,1,Funds Transfer,third_party_individual,7,4,4,0,mobile_android,,False,none,False,False,56,1,False,False,False,False,False,False,False,False,False,False,MEETS_DEVICE,180,biometric,254,0,784,False,34,13.0,False,False,False,1.95,1.95,234.5,0.5,False
TX-C1-001016,usr-C1-0027,C1,True,REQUIRE_2FA,9783.67,2763.75,3.54,0.81,12620.19,16373.3,4,True,3,1,Bills Payment,third_party_individual,6,4,7,62,mobile_ios,registration fee  to process 500k lucky draw reward - Ref #53336,True,scam,False,False,740,1,True,False,True,False,False,False,True,False,True,False,FAILED,345,biometric,43,0,1631,True,9,11.5,False,True,True,1.63,1.63,239.9,0.41,False
TX-C1-001017,usr-C1-0031,C1,False,ALLOW,1438.77,1370.26,1.05,0.44,1438.77,4461.94,2,False,118,1,Bills Payment,registered_biller,12,6,2,3,mobile_ios,,False,none,False,False,191,1,False,False,False,False,False,False,False,False,False,False,MEETS_STRONG,115,pin,153,0,652,True,20,17.7,False,False,False,1.77,1.77,225.4,0.47,False
TX-C1-001018,usr-C1-0037,C1,False,ALLOW,410.91,1325.51,0.31,0.35,410.91,1224.59,1,True,1,1,Bills Payment,registered_biller,14,4,1,9,mobile_android,,False,none,False,False,255,1,False,False,False,False,False,False,False,False,False,False,MEETS_STRONG,39,pin,526,0,941,True,29,22.9,False,False,False,1.44,1.44,243.0,0.36,False
TX-C1-001019,usr-C1-0069,C1,False,ALLOW,6301.54,3889.84,1.62,0.3,6301.54,14146.36,1,False,399,1,Funds Transfer,own_account,0,4,19,3,mobile_android,,False,none,False,False,160,1,False,False,False,False,False,False,False,False,False,False,MEETS_STRONG,117,biometric,531,0,1627,False,24,13.6,False,False,False,1.62,1.62,205.5,0.47,False
TX-C1-001020,usr-C1-0058,C1,False,ALLOW,706.88,1812.51,0.39,0.37,706.88,1144.65,1,False,174,1,Funds Transfer,own_account,13,1,5,9,mobile_android,,False,none,False,False,503,1,False,False,False,False,False,False,False,False,False,False,MEETS_STRONG,108,biometric,526,0,1495,True,30,23.4,False,False,False,2.24,2.24,42.3,3.18,False
TX-C1-001021,usr-C1-0010,C1,False,ALLOW,611.83,955.99,0.64,0.09,611.83,1564.82,1,False,412,1,Savings,own_account,21,0,5,8,mobile_android,,False,none,False,False,92,1,False,False,False,False,False,False,False,False,False,False,MEETS_STRONG,60,biometric,596,0,1777,False,26,9.1,False,False,False,1.94,1.94,119.1,0.98,False
TX-C1-001022,usr-C1-0079,C1,False,ALLOW,20738.37,5386.59,3.85,0.03,20738.37,55365.59,1,False,385,1,Remittance,third_party_individual,16,5,2,2,mobile_ios,,False,none,False,False,724,1,False,False,False,False,False,False,False,False,False,False,MEETS_DEVICE,86,biometric,497,0,683,False,34,8.4,False,False,False,1.5,1.5,119.5,0.75,False
TX-C1-001023,usr-C1-0047,C1,False,ALLOW,15762.44,3013.85,5.23,0.2,15762.44,23859.14,2,False,15,1,Bills Payment,registered_biller,10,6,10,2,mobile_ios,,False,none,False,False,347,1,False,False,False,False,False,False,False,False,False,False,MEETS_STRONG,46,biometric,447,0,1012,False,44,5.5,False,False,False,1.05,1.05,29.1,2.16,False
TX-C1-001024,usr-C1-0052,C1,False,ALLOW,303.32,2757.42,0.11,0.11,303.32,937.09,1,False,347,1,Bills Payment,registered_biller,22,1,1,0,mobile_ios,,False,none,False,False,211,1,False,False,False,False,False,False,True,False,False,False,MEETS_DEVICE,132,biometric,383,0,405,False,29,8.8,False,False,False,0.86,0.86,255.3,0.2,False
TX-C1-001025,usr-C1-0032,C1,False,ALLOW,314.38,3143.82,0.1,0.46,314.38,910.27,1,False,94,1,Bills Payment,registered_biller,5,2,13,2,mobile_ios,,False,none,False,False,611,1,False,False,False,False,False,False,False,False,False,False,MEETS_STRONG,178,pin,60,0,1042,False,14,19.6,False,False,False,1.96,1.96,254.2,0.46,False
TX-C1-001026,usr-C1-0002,C1,False,ALLOW,2512.29,2263.32,1.11,0.16,2512.29,3759.24,1,False,329,1,Funds Transfer,third_party_individual,8,2,10,9,mobile_android,Corporate Legal Secretarial Compliance Fees,True,legit,False,False,242,1,False,False,False,False,False,False,False,False,False,False,MEETS_STRONG,14,pin,454,0,692,True,28,6.7,False,False,False,0.76,0.76,93.2,0.49,False
TX-C1-001027,usr-C1-0047,C1,False,ALLOW,2863.16,3013.85,0.95,0.28,2863.16,3691.94,1,False,470,1,Remittance,third_party_individual,8,0,12,4,mobile_android,,False,none,False,False,347,1,False,False,False,False,False,False,False,False,False,False,MEETS_STRONG,95,biometric,150,0,262,False,39,8.5,False,False,False,1.86,1.86,229.2,0.49,False
TX-C1-001028,usr-C1-0034,C1,False,ALLOW,9637.62,13023.81,0.74,0.33,9637.62,20916.35,1,False,525,1,Bills Payment,registered_biller,10,2,5,3,mobile_android,Baby diapers and milk formula supply,True,legit,False,False,707,1,False,False,False,False,False,False,False,False,False,False,MEETS_DEVICE,15,pin,559,0,994,False,14,19.8,False,False,False,0.89,0.89,284.4,0.19,False
TX-C1-001029,usr-C1-0084,C1,False,ALLOW,2091.58,4450.16,0.47,0.05,2091.58,6702.11,2,False,290,1,Funds Transfer,third_party_individual,19,4,8,10,mobile_android,,False,none,False,False,555,1,False,False,False,False,False,False,False,False,False,False,MEETS_DEVICE,29,biometric,293,0,1375,True,34,10.3,False,False,False,1.66,1.66,57.4,1.74,False
TX-C1-001030,usr-C1-0083,C1,False,ALLOW,2927.71,6229.17,0.47,0.47,2927.71,6432.28,1,False,462,1,Remittance,third_party_individual,2,0,11,5,mobile_android,,False,none,False,False,157,1,False,False,False,False,False,False,False,False,False,False,MEETS_STRONG,127,pin,98,0,123,False,44,18.8,False,True,True,2.05,2.05,240.8,0.51,False
TX-C1-001031,usr-C1-0011,C1,True,REQUIRE_2FA,13288.34,1817.83,7.31,0.78,13933.41,28111.62,6,True,1,1,Savings,own_account,2,6,14,10,mobile_android,Mining node staking fee to unfreeze weekly income,True,scam,False,False,759,1,False,False,False,False,False,False,False,False,False,False,MISSING,60,biometric,90,0,720,False,25,10.0,False,False,False,2.04,2.04,58.0,2.11,False
TX-C1-001032,usr-C1-0052,C1,False,ALLOW,3419.2,2757.42,1.24,0.46,3419.2,7393.99,1,False,104,1,Funds Transfer,own_account,0,5,21,3,mobile_android,,False,none,False,False,211,1,False,False,False,False,False,False,False,False,False,False,MEETS_STRONG,162,pin,384,0,190,False,37,17.9,False,False,False,2.38,2.38,116.0,1.23,False
TX-C1-001033,usr-C1-0004,C1,False,ALLOW,483.03,754.73,0.64,0.46,483.03,1333.74,1,False,441,1,Bills Payment,registered_biller,11,0,6,11,mobile_android,Weekly School Allowance And Bus Fare,True,legit,False,False,163,1,False,False,False,False,False,False,False,False,False,False,MEETS_STRONG,105,biometric,214,0,1321,False,14,13.8,False,False,False,1.79,1.79,46.2,2.32,False
TX-C1-001034,usr-C1-0002,C1,False,ALLOW,3440.25,2263.32,1.52,0.06,3440.25,7629.2,1,False,110,1,Funds Transfer,business,13,3,5,5,mobile_ios,,False,none,False,False,242,1,False,False,False,False,False,False,False,False,False,False,MISSING,60,biometric,90,0,720,False,25,10.0,False,False,False,2.11,2.11,68.7,1.84,False
TX-C1-001035,usr-C1-0083,C1,False,ALLOW,8347.09,6229.17,1.34,0.06,8347.09,25730.8,1,False,150,1,Bills Payment,registered_biller,19,2,6,0,mobile_android,,False,none,False,False,157,1,False,False,False,False,False,False,False,False,False,False,MEETS_STRONG,93,biometric,353,0,608,False,43,10.7,False,False,False,2.69,2.69,44.8,3.6,False
TX-C1-001036,usr-C1-0070,C1,True,BLOCK,127733.01,9758.06,13.09,0.71,159192.34,223616.57,2,True,1,1,Funds Transfer,registered_biller,7,2,2,13,mobile_ios,,False,none,False,False,400,1,False,False,False,False,False,False,False,False,False,False,MISSING,60,biometric,90,0,720,False,25,10.0,False,False,False,2981.16,2981.16,21.5,8319.52,True
TX-C1-001037,usr-C1-0067,C1,False,ALLOW,2689.42,1867.65,1.44,0.07,2689.42,5704.97,1,True,3,1,Remittance,business,8,4,5,0,mobile_ios,Ateneo Graduate School Mba TuitionI nstallment,True,legit,False,False,388,1,False,False,False,False,False,False,True,False,False,False,MEETS_DEVICE,120,biometric,49,0,797,False,14,8.4,False,False,False,1.79,1.79,200.2,0.54,False
TX-C1-001038,usr-C1-0050,C1,False,ALLOW,3280.15,2246.68,1.46,0.45,3280.15,10526.51,1,False,211,1,Savings,own_account,8,2,3,3,mobile_android,,False,none,False,False,864,1,False,False,False,False,False,False,False,False,False,False,MEETS_DEVICE,106,pin,67,0,1370,False,15,15.2,False,False,False,1.62,1.62,186.8,0.52,False
TX-C1-001039,usr-C1-0028,C1,False,ALLOW,4203.9,3233.77,1.3,0.33,4203.9,6782.4,1,True,2,1,Bills Payment,registered_biller,20,3,6,8,mobile_ios,,False,none,False,False,346,1,False,False,False,False,False,False,True,False,False,False,MEETS_DEVICE,165,biometric,75,0,281,True,39,22.5,False,False,False,0.54,0.54,60.6,0.53,False
TX-C1-001040,usr-C1-0048,C1,False,ALLOW,1730.75,2545.22,0.68,0.07,1730.75,4372.32,1,False,57,1,Remittance,business,20,2,3,0,mobile_android,,False,none,False,False,108,1,False,False,False,False,False,False,False,False,False,False,MEETS_STRONG,110,biometric,170,0,1339,False,33,24.8,False,False,False,1.75,1.75,261.7,0.4,False
TX-C1-001041,usr-C1-0026,C1,False,ALLOW,16790.83,5487.2,3.06,0.45,16790.83,50963.32,1,True,2,1,Savings,own_account,16,3,2,0,mobile_android,,False,none,False,False,815,1,False,False,False,False,False,False,True,False,False,False,MEETS_DEVICE,98,biometric,119,0,1140,True,43,16.2,False,False,False,1.28,1.28,216.9,0.35,False
TX-C1-001042,usr-C1-0045,C1,True,BLOCK,12880.17,1003.91,12.83,0.79,16269.98,24496.4,3,True,0,1,Savings,own_account,16,3,0,13,mobile_ios,Reimbursement,True,neutral,False,True,3,5,True,False,False,False,False,False,True,False,False,False,MEETS_BASIC,214,pin,16,0,273,False,4,21.6,False,True,False,10282.18,10282.18,18.7,32990.95,True
TX-C1-001043,usr-C1-0090,C1,True,REQUIRE_2FA,2112.02,1612.23,1.31,0.52,2580.48,4057.84,5,True,3,1,Bills Payment,third_party_individual,12,0,3,14,mobile_ios,,False,none,False,False,660,1,False,False,False,False,False,False,False,False,False,False,MISSING,60,biometric,90,0,720,False,25,10.0,False,False,False,1.06,1.06,39.5,1.61,False
TX-C1-001044,usr-C1-0004,C1,False,ALLOW,120.76,754.73,0.16,0.41,120.76,308.28,1,False,222,1,Remittance,business,4,3,13,8,mobile_android,,False,none,False,False,163,1,False,False,False,False,True,False,False,False,False,False,FAILED,125,biometric,36,0,1696,True,22,13.4,False,False,False,1.82,1.82,289.8,0.38,False
TX-C1-001045,usr-C1-0029,C1,True,REQUIRE_2FA,3616.21,2546.63,1.42,0.42,4284.91,7623.68,7,False,29,13,Bills Payment,registered_biller,19,3,0,5,mobile_ios,Pang allowance ni bunso sa UST,True,legit,False,False,609,1,False,False,False,False,False,False,False,False,False,False,MEETS_DEVICE,185,password,40,0,1682,True,5,21.7,True,True,True,1.59,1.59,109.4,0.87,False
TX-C1-001046,usr-C1-0089,C1,False,ALLOW,496.94,955.65,0.52,0.49,496.94,1485.83,1,True,3,1,Bills Payment,registered_biller,17,2,1,4,mobile_ios,,False,none,False,False,323,1,False,False,False,False,False,False,True,False,False,False,MEETS_STRONG,170,pin,77,0,1204,False,37,9.0,False,False,False,1.29,1.29,154.0,0.5,False
TX-C1-001047,usr-C1-0060,C1,False,ALLOW,2094.1,3172.88,0.66,0.28,2094.1,3445.04,1,False,364,1,Savings,own_account,3,6,13,14,mobile_ios,,False,none,False,False,93,1,False,False,False,False,False,False,True,False,False,False,MEETS_STRONG,40,biometric,465,0,950,False,19,13.5,False,False,False,0.9,0.9,221.4,0.24,False
TX-C1-001048,usr-C1-0074,C1,False,ALLOW,2808.69,3467.52,0.81,0.44,2808.69,5911.05,2,True,1,1,Bills Payment,registered_biller,9,3,2,9,mobile_android,house helper monthly salary and allowance,True,legit,False,False,662,1,False,False,False,False,False,False,False,False,False,False,MEETS_STRONG,127,pin,174,0,783,False,35,18.8,False,False,False,1.71,1.71,158.3,0.65,False
TX-C1-001049,usr-C1-0057,C1,False,ALLOW,2010.25,3092.69,0.65,0.07,2010.25,3734.42,2,False,113,1,Funds Transfer,own_account,10,4,9,2,mobile_android,,False,none,False,False,108,1,False,False,False,False,False,False,True,False,False,False,MEETS_DEVICE,39,biometric,129,0,1724,False,31,11.3,False,False,False,2.16,2.16,61.0,2.12,False
TX-C1-001050,usr-C1-0002,C1,False,ALLOW,3915.54,2263.32,1.73,0.13,3915.54,10951.92,1,False,194,1,Funds Transfer,third_party_individual,3,1,15,5,mobile_ios,,False,none,False,False,242,1,False,False,False,False,False,False,False,False,False,False,MEETS_STRONG,132,biometric,399,0,977,False,20,12.4,False,False,False,2.67,2.67,243.5,0.66,False
TX-C1-001051,usr-C1-0040,C1,False,ALLOW,4396.82,3011.52,1.46,0.43,4396.82,13220.74,2,False,542,1,Bills Payment,registered_biller,13,4,4,6,mobile_android,,False,none,False,False,419,1,False,False,False,False,False,False,False,False,False,False,MEETS_STRONG,124,biometric,172,0,1397,True,13,10.5,False,False,False,1.58,1.58,188.8,0.5,False
TX-C1-001052,usr-C1-0010,C1,False,ALLOW,1433.99,955.99,1.5,0.14,1433.99,2587.04,1,False,364,1,Funds Transfer,business,19,5,3,7,mobile_android,Gardener landscaping maintenance honorarium,True,legit,False,False,92,1,False,False,False,False,False,False,False,False,False,False,MEETS_STRONG,162,biometric,137,0,855,False,35,17.4,False,False,False,0.33,0.33,138.9,0.14,False
TX-C1-001053,usr-C1-0005,C1,False,ALLOW,23325.05,13405.2,1.74,0.03,23325.05,74364.78,1,False,291,1,Savings,own_account,16,0,5,1,mobile_android,,False,none,False,False,56,1,False,False,False,False,False,False,True,False,False,False,MEETS_DEVICE,95,pin,163,0,1283,True,42,16.9,False,False,False,1.56,1.56,298.0,0.31,False
TX-C1-001054,usr-C1-0085,C1,True,BLOCK,141484.69,10472.59,13.51,0.77,162197.46,377472.65,5,True,1,15,Remittance,third_party_individual,12,0,4,0,mobile_android,,False,none,False,False,866,1,False,False,False,False,False,False,True,False,False,False,MEETS_STRONG,491,pin,18,1,947,True,4,12.4,False,False,False,2855.09,2855.09,17.2,9959.62,True
TX-C1-001055,usr-C1-0045,C1,False,ALLOW,1355.28,1003.91,1.35,0.46,1355.28,3737.14,2,False,590,1,Funds Transfer,own_account,19,3,3,0,mobile_ios,,False,none,False,False,662,1,False,False,False,False,False,False,False,False,False,False,MEETS_DEVICE,125,pin,326,0,304,True,25,12.4,False,False,False,1.27,1.27,198.5,0.38,False
TX-C1-001056,usr-C1-0089,C1,False,ALLOW,1337.91,955.65,1.4,0.25,1337.91,3720.21,1,False,383,1,Bills Payment,registered_biller,2,4,14,14,mobile_ios,,False,none,False,False,323,1,False,False,False,False,False,False,False,False,False,False,MEETS_STRONG,46,biometric,582,0,1796,False,42,15.3,False,False,False,2.25,2.25,27.8,4.86,False
TX-C1-001057,usr-C1-0028,C1,False,ALLOW,1325.85,3233.77,0.41,0.05,1325.85,1748.81,2,False,434,1,Remittance,business,6,5,8,0,mobile_ios,,False,none,False,False,346,1,False,False,False,False,False,False,True,False,False,False,MEETS_DEVICE,72,pin,425,0,253,False,14,5.0,False,False,False,0.62,0.62,222.5,0.17,False
TX-C1-001058,usr-C1-0018,C1,False,ALLOW,2185.71,1806.37,1.21,0.26,2185.71,3143.32,2,False,348,1,Bills Payment,registered_biller,10,2,9,14,mobile_android,sunday family brunch at mary grace - Ref #54244,True,legit,False,False,186,1,False,False,False,False,False,False,False,False,False,False,MEETS_STRONG,26,biometric,225,0,1454,True,33,7.9,False,False,False,0.3,0.3,46.5,0.39,False
TX-C1-001059,usr-C1-0044,C1,False,ALLOW,1018.07,3510.58,0.29,0.34,1018.07,3126.24,1,False,437,1,Remittance,third_party_individual,22,6,7,10,mobile_android,,False,none,False,False,147,1,False,False,False,False,False,False,False,False,False,False,MISSING,60,biometric,90,0,720,False,25,10.0,False,False,False,1.52,1.52,213.4,0.43,False
TX-C1-001060,usr-C1-0059,C1,True,REQUIRE_2FA,1478.59,598.62,2.47,0.71,1767.06,4009.13,3,True,1,1,Bills Payment,third_party_individual,9,1,3,6,mobile_android,Crypto wallet authentication fee for frozen balance - Ref #46852,True,scam,False,False,697,1,False,False,False,False,True,False,False,False,False,True,FAILED,494,biometric,22,1,573,True,8,24.1,False,True,False,0.89,0.89,148.1,0.36,False
TX-C1-001061,usr-C1-0059,C1,False,ALLOW,628.55,598.62,1.05,0.38,628.55,1837.9,1,False,108,1,Remittance,business,22,6,10,5,mobile_android,,False,none,False,False,697,1,False,False,False,False,False,False,False,False,False,False,MEETS_STRONG,179,biometric,53,0,1925,True,16,17.9,False,False,False,1.66,1.66,45.3,2.2,False
TX-C1-001062,usr-C1-0034,C1,True,REQUIRE_2FA,17842.62,13023.81,1.37,0.62,24564.9,85273.04,3,True,2,1,Bills Payment,registered_biller,23,2,8,3,mobile_android,,False,none,False,False,707,1,False,False,True,False,False,False,False,False,False,False,FAILED,194,pin,26,0,1613,True,10,24.3,True,False,False,1.08,1.08,175.6,0.37,False
TX-C1-001063,usr-C1-0084,C1,False,ALLOW,4761.67,4450.16,1.07,0.48,4761.67,15970.8,1,False,461,1,Remittance,third_party_individual,2,1,9,5,mobile_android,Funds ransfer,True,neutral,False,False,555,1,False,False,False,False,False,False,False,False,False,False,MEETS_STRONG,37,pin,319,0,1122,False,34,17.7,False,False,False,2.36,2.36,255.4,0.55,False
TX-C1-001064,usr-C1-0029,C1,False,ALLOW,3336.09,2546.63,1.31,0.08,3336.09,9865.16,1,False,232,1,Funds Transfer,business,2,3,17,6,mobile_ios,,False,none,False,False,609,1,False,False,False,False,False,False,False,False,False,False,MEETS_STRONG,149,biometric,161,0,591,False,24,14.9,False,False,False,1.95,1.95,129.2,0.91,False
TX-C1-001065,usr-C1-0039,C1,True,REQUIRE_2FA,19746.82,6329.11,3.12,0.85,23093.1,54772.43,7,False,400,1,Savings,own_account,2,6,7,10,mobile_ios,Temporary payroll holding deposit please return 90 percent cash,True,scam,False,True,0,5,True,False,False,False,False,False,True,True,False,False,MEETS_BASIC,313,biometric,43,3,573,True,6,52.5,False,True,False,1.39,1.39,239.0,0.35,False
TX-C1-001066,usr-C1-0063,C1,False,ALLOW,5747.83,4871.04,1.18,0.15,5747.83,12785.6,1,False,545,1,Remittance,business,22,1,7,7,mobile_android,Dentist Tooth Extraction And Cleaning Procedure,True,legit,False,False,426,1,False,False,False,False,False,False,False,False,False,False,MEETS_STRONG,170,pin,390,0,803,False,41,17.7,False,False,False,211.26,211.26,247.3,51.26,False
TX-C1-001067,usr-C1-0027,C1,False,ALLOW,8484.71,2763.75,3.07,0.25,8484.71,12208.86,2,True,3,1,Bills Payment,registered_biller,11,4,2,2,mobile_android,,False,none,False,False,740,1,False,False,False,False,False,False,False,False,False,False,MEETS_DEVICE,83,pin,574,0,827,False,21,23.5,False,False,False,2.15,2.15,228.4,0.56,False
TX-C1-001068,usr-C1-0040,C1,False,ALLOW,4065.55,3011.52,1.35,0.39,4065.55,5100.0,1,False,18,1,Savings,own_account,9,4,8,6,mobile_android,lpg gas tank refill delivery cooking,True,legit,False,False,419,1,False,False,False,False,False,False,False,False,False,False,MEETS_STRONG,18,biometric,274,0,429,False,33,12.8,False,False,False,1.38,1.38,31.9,2.6,False
TX-C1-001069,usr-C1-0081,C1,False,ALLOW,5978.39,4563.66,1.31,0.49,5978.39,19759.35,1,False,374,1,Bills Payment,registered_biller,6,3,12,4,mobile_ios,,False,none,False,False,850,1,False,False,False,False,False,False,False,False,False,False,MEETS_DEVICE,57,biometric,401,0,345,False,41,11.3,False,False,False,1.25,1.25,268.8,0.28,False
TX-C1-001070,usr-C1-0044,C1,False,ALLOW,2352.09,3510.58,0.67,0.05,2352.09,4286.46,1,False,197,1,Bills Payment,registered_biller,1,3,14,13,mobile_android,,False,none,False,False,147,1,False,False,False,False,False,False,False,False,False,False,MEETS_DEVICE,112,biometric,330,0,436,False,37,5.7,False,False,False,1.72,1.72,197.7,0.52,False
TX-C1-001071,usr-C1-0068,C1,False,ALLOW,2900.2,6905.24,0.42,0.26,2900.2,9318.89,1,True,1,1,Funds Transfer,own_account,5,5,8,14,mobile_android,Gardener Landscaping Maintenance Honorarium,True,legit,False,False,116,1,False,False,False,False,False,False,False,False,False,False,MEETS_STRONG,81,pin,438,0,1224,False,14,10.6,False,False,False,2.39,2.39,44.9,3.19,False
TX-C1-001072,usr-C1-0085,C1,False,ALLOW,9111.15,10472.59,0.87,0.07,9111.15,29540.76,1,False,409,1,Funds Transfer,own_account,15,5,1,6,mobile_android,Shared Expenses,True,neutral,False,False,866,1,False,False,False,False,False,False,False,False,False,False,MEETS_STRONG,52,pin,454,0,1038,False,14,11.6,False,False,False,1.45,1.45,63.0,1.38,False
TX-C1-001073,usr-C1-0051,C1,False,ALLOW,9735.8,1995.04,4.88,0.45,9735.8,19683.27,1,False,47,1,Savings,own_account,10,6,8,6,mobile_android,,False,none,False,False,207,1,False,False,False,False,False,False,False,False,False,False,MEETS_STRONG,158,biometric,445,0,1322,False,20,20.3,False,False,False,2.18,2.18,114.2,1.15,False
TX-C1-001074,usr-C1-0010,C1,False,ALLOW,602.27,955.99,0.63,0.43,602.27,2061.74,1,False,398,1,Savings,own_account,5,1,11,10,mobile_ios,,False,none,False,True,1,1,False,False,False,False,False,False,False,False,False,False,MEETS_STRONG,59,biometric,553,0,546,False,19,12.0,False,False,False,1.49,1.49,163.9,0.55,False
TX-C1-001075,usr-C1-0067,C1,False,ALLOW,11784.87,1867.65,6.31,0.25,11784.87,24149.63,1,True,0,1,Bills Payment,registered_biller,4,3,9,5,mobile_android,,False,none,False,False,388,1,False,False,False,False,False,False,False,False,False,False,MEETS_STRONG,130,biometric,490,0,1787,True,26,16.6,False,True,True,2.31,2.31,215.5,0.64,False
TX-C1-001076,usr-C1-0074,C1,False,ALLOW,1144.28,3467.52,0.33,0.41,1144.28,3324.46,1,False,267,1,Savings,own_account,23,4,12,13,mobile_android,Sky Cable television monthly subscriptioon,True,legit,False,False,662,1,False,False,False,False,False,False,False,False,False,False,MEETS_STRONG,138,biometric,548,0,1777,False,15,10.3,False,False,False,1.53,1.53,139.7,0.66,False
TX-C1-001077,usr-C1-0050,C1,False,ALLOW,3257.69,2246.68,1.45,0.35,3257.69,9235.59,1,True,1,1,Funds Transfer,own_account,11,1,0,2,mobile_ios,,False,none,False,False,864,1,False,False,False,False,False,False,False,False,False,False,MEETS_STRONG,27,biometric,34,0,1219,False,30,21.7,False,False,False,2.08,2.08,180.6,0.69,False
TX-C1-001078,usr-C1-0001,C1,False,ALLOW,2069.37,1210.16,1.71,0.42,2069.37,4023.95,1,False,419,1,Remittance,business,2,5,19,1,mobile_android,,False,none,False,False,158,1,False,False,False,False,False,False,False,False,False,False,MEETS_DEVICE,65,biometric,550,0,796,False,16,24.4,False,False,False,1.11,1.11,264.1,0.25,False
TX-C1-001079,usr-C1-0080,C1,False,ALLOW,1017.41,950.85,1.07,0.47,1017.41,2617.77,2,False,468,1,Savings,own_account,1,5,16,2,mobile_android,,False,none,False,False,421,1,False,False,False,False,False,True,False,False,False,False,MEETS_DEVICE,49,biometric,136,0,1844,False,39,9.0,False,False,False,1.01,1.01,271.7,0.22,False
TX-C1-001080,usr-C1-0019,C1,True,BLOCK,13266.56,2192.82,6.05,0.79,19681.36,28493.57,7,False,506,20,Bills Payment,third_party_individual,23,6,8,9,mobile_android,Condominium Association Dues And Garbage Fee,True,legit,False,False,125,4,False,False,False,False,False,False,False,False,True,False,MEETS_STRONG,286,biometric,25,2,973,True,7,24.9,True,False,False,3266.76,3266.76,22.1,8869.03,True
TX-C1-001081,usr-C1-0034,C1,False,ALLOW,2604.76,13023.81,0.2,0.19,2604.76,4686.17,2,False,533,1,Bills Payment,registered_biller,10,2,5,1,mobile_ios,DINNER DELIVERY FOODPANDA BILL SHARE,True,legit,False,False,707,1,False,False,False,False,False,False,False,False,False,False,MEETS_DEVICE,54,pin,340,0,809,False,38,16.5,False,False,False,1.8,1.8,198.7,0.54,False
TX-C1-001082,usr-C1-0014,C1,False,ALLOW,676.01,1108.22,0.61,0.37,676.01,1337.85,1,False,459,1,Funds Transfer,registered_biller,13,3,3,11,mobile_ios,SM Supermarket grocery haul,True,legit,False,False,331,1,False,False,False,False,False,False,False,False,False,False,MEETS_STRONG,137,pin,295,0,1090,True,35,24.3,False,True,True,1.46,1.46,165.7,0.53,False
TX-C1-001083,usr-C1-0018,C1,False,ALLOW,1445.1,1806.37,0.8,0.49,1445.1,4572.74,1,False,188,1,Bills Payment,registered_biller,2,4,17,12,mobile_android,,False,none,False,False,186,1,False,False,False,False,False,False,False,False,False,False,MEETS_DEVICE,46,pin,402,0,805,True,19,14.1,False,False,False,1.7,1.7,253.8,0.4,False
TX-C1-001084,usr-C1-0038,C1,False,ALLOW,1002.32,1002.32,1.0,0.37,1002.32,3347.94,1,False,492,1,Bills Payment,registered_biller,12,3,9,5,mobile_ios,,False,none,False,False,246,1,False,False,False,False,False,False,True,False,False,False,MEETS_STRONG,140,biometric,359,0,428,False,45,8.7,False,False,False,1.39,1.39,297.6,0.28,False
TX-C1-001085,usr-C1-0028,C1,True,REQUIRE_2FA,23347.82,3233.77,7.22,0.53,31511.15,86454.97,6,True,3,1,Bills Payment,registered_biller,16,2,2,6,mobile_android,,False,none,False,False,346,1,False,False,False,False,False,True,False,False,False,False,MEETS_STRONG,355,biometric,53,0,1340,True,8,21.1,False,True,True,0.58,0.58,158.2,0.22,False
TX-C1-001086,usr-C1-0078,C1,True,REQUIRE_2FA,7320.12,1396.97,5.24,0.34,9420.03,21307.64,3,True,2,1,Bills Payment,third_party_individual,14,4,7,13,mobile_ios,P2P Double Your Savings Program Membership Deposit,True,scam,False,False,858,1,True,False,False,False,False,False,True,False,False,False,MEETS_BASIC,339,password,40,0,635,True,3,24.0,False,False,False,1.04,1.04,147.6,0.42,False
TX-C1-001087,usr-C1-0030,C1,False,ALLOW,11178.73,2440.77,4.58,0.48,11178.73,36079.44,1,False,343,1,Funds Transfer,third_party_individual,18,0,8,6,mobile_ios,,False,none,False,False,61,1,False,False,False,False,False,False,False,False,False,False,MEETS_STRONG,26,biometric,81,0,1151,True,21,7.8,False,False,False,2.27,2.27,214.5,0.63,False
TX-C1-001088,usr-C1-0001,C1,True,REQUIRE_2FA,3219.03,1210.16,2.66,0.81,3369.79,7463.32,7,False,471,22,Bills Payment,third_party_individual,11,2,10,3,mobile_ios,,False,none,False,True,1,1,False,True,False,False,False,False,False,False,False,False,FAILED,305,biometric,40,0,1595,False,8,6.3,False,False,False,1.59,1.59,30.1,3.17,False
TX-C1-001089,usr-C1-0012,C1,True,REQUIRE_2FA,6896.1,3207.49,2.15,0.56,9554.4,17061.86,7,True,0,24,Bills Payment,registered_biller,9,0,1,10,mobile_ios,,False,none,False,False,181,1,False,False,False,False,False,False,False,False,False,False,MEETS_STRONG,231,biometric,59,0,13,True,9,18.3,False,False,False,2.67,2.67,146.5,1.09,False
TX-C1-001090,usr-C1-0067,C1,False,ALLOW,373.53,1867.65,0.2,0.4,373.53,471.67,2,False,172,1,Bills Payment,registered_biller,17,4,4,3,mobile_ios,,False,none,False,False,388,1,False,False,False,False,False,False,False,False,False,False,MEETS_STRONG,27,pin,223,0,814,False,40,18.9,False,False,False,2.39,2.39,214.9,0.67,False
TX-C1-001091,usr-C1-0003,C1,False,ALLOW,275.14,598.14,0.46,0.35,275.14,942.64,1,False,501,1,Remittance,third_party_individual,8,2,3,0,mobile_android,Ref 928341,True,neutral,False,False,822,1,True,False,False,False,False,False,True,False,False,False,MEETS_BASIC,32,biometric,422,0,1841,False,26,9.4,False,False,False,1.49,1.49,296.1,0.3,False
TX-C1-001092,usr-C1-0051,C1,False,ALLOW,2114.74,1995.04,1.06,0.09,2114.74,7220.88,1,False,354,1,Bills Payment,registered_biller,0,0,18,0,mobile_android,,False,none,False,False,207,1,False,False,False,False,False,False,False,False,False,False,MEETS_STRONG,36,pin,592,0,1852,False,12,24.5,False,False,False,1.75,1.75,143.8,0.73,False
TX-C1-001093,usr-C1-0079,C1,False,ALLOW,3501.28,5386.59,0.65,0.13,3501.28,11424.1,1,False,261,1,Funds Transfer,third_party_individual,6,1,12,0,mobile_ios,Robinsons Supermarket fresh friuts and meat,True,legit,False,False,724,1,False,False,False,False,False,False,False,False,False,False,MEETS_DEVICE,101,biometric,189,0,983,True,15,17.9,False,False,False,1.27,1.27,280.6,0.27,False
TX-C1-001094,usr-C1-0056,C1,False,ALLOW,3204.27,2810.76,1.14,0.1,3204.27,10522.93,1,False,116,1,Bills Payment,registered_biller,6,2,10,5,mobile_ios,balance settlement,True,neutral,False,False,502,1,False,False,False,False,False,False,False,False,False,False,MEETS_STRONG,155,biometric,334,0,253,False,43,12.3,False,False,False,1.51,1.51,230.3,0.39,False
TX-C1-001095,usr-C1-0066,C1,False,ALLOW,840.95,1051.19,0.8,0.16,840.95,1971.8,1,False,346,1,Savings,own_account,15,5,4,0,mobile_ios,,False,none,False,True,4,1,False,False,False,False,False,False,False,False,False,False,MEETS_STRONG,45,biometric,452,0,1130,False,31,22.5,False,False,False,0.73,0.73,190.9,0.23,False
TX-C1-001096,usr-C1-0070,C1,False,ALLOW,55816.1,9758.06,5.72,0.35,55816.1,119258.56,1,False,414,1,Bills Payment,registered_biller,16,5,7,12,mobile_android,,False,none,False,False,400,1,False,False,False,False,False,False,False,False,False,False,MEETS_STRONG,67,pin,42,0,457,False,30,10.3,False,False,False,2.68,2.68,53.3,3.02,False
TX-C1-001097,usr-C1-0032,C1,False,ALLOW,4118.4,3143.82,1.31,0.44,4118.4,7723.57,1,False,497,1,Funds Transfer,own_account,21,0,3,2,mobile_ios,,False,none,False,False,611,1,False,False,False,False,False,False,False,False,False,False,MEETS_STRONG,164,pin,98,0,987,False,26,23.9,False,False,False,0.78,0.78,111.8,0.42,False
TX-C1-001098,usr-C1-0061,C1,False,ALLOW,5928.84,9719.41,0.61,0.07,5928.84,7210.26,1,True,0,1,Savings,own_account,21,2,11,12,mobile_ios,,False,none,False,True,5,1,False,False,False,False,False,False,False,False,False,False,MEETS_STRONG,92,pin,428,0,1400,False,40,23.0,False,False,False,2.46,2.46,118.2,1.25,False
TX-C1-001099,usr-C1-0067,C1,False,ALLOW,3062.95,1867.65,1.64,0.5,3062.95,6194.83,1,True,0,1,Remittance,third_party_individual,0,5,13,8,mobile_ios,Condominium association dus and garbage fee - Ref #88873,True,legit,False,False,388,1,False,False,False,False,False,False,False,False,False,False,MEETS_DEVICE,95,biometric,79,0,1275,True,35,21.7,False,False,False,3.02,3.02,258.6,0.7,False
TX-C1-001100,usr-C1-0055,C1,False,ALLOW,504.83,2019.33,0.25,0.38,504.83,1553.58,1,False,584,1,Bills Payment,registered_biller,12,6,1,9,mobile_ios,,False,none,False,False,845,1,False,False,False,False,False,False,False,False,False,False,MEETS_STRONG,38,biometric,427,0,1253,False,28,17.0,False,False,False,2.13,2.13,65.8,1.94,False
