transaction_id,user_id,split,is_fraud,action_label,amount_php,user_avg_amount_php,spike_ratio,balance_drain_ratio,cum_outflow_1h,cum_outflow_24h,payees_24h,new_payee,payee_age_days,senders_to_payee_24h,transfer_purpose,payee_type,hour,dow,usual_hour_gap,dormant_days,channel,memo,memo_present,memo_signal,typology_novel,device_id_new,device_age_days,accounts_per_device,rooted,hooking,emulator,debugger,tampered,unofficial_store,dev_options,mock_location,accessibility_active,screen_sharing,attestation_verdict,os_patch_age_days,login_method,seconds_since_login,failed_logins_1h,credential_change_hours_ago,payee_pasted,form_seconds,gps_accuracy_m,tz_mismatch,ip_gps_mismatch,is_vpn,distance_from_home_km,distance_from_prev_km,elapsed_minutes,velocity_kmh,is_gate0_trivial
TX-C2-001101,usr-C2-0020,C2,False,ALLOW,13433.24,7948.66,1.69,0.06,13433.24,40122.12,1,False,526,1,Remittance,business,16,1,0,9,mobile_android,st. luke's medical center outpatient laboratory diagnostic test,True,legit,False,False,221,1,False,False,False,False,False,False,False,False,False,False,MEETS_STRONG,10,pin,238,0,1844,False,25,10.5,False,False,False,1.84,1.84,80.4,1.37,False
TX-C2-001102,usr-C2-0009,C2,False,ALLOW,3997.67,6150.26,0.65,0.41,3997.67,5250.47,1,False,256,1,Bills Payment,registered_biller,7,4,8,14,mobile_ios,,False,none,False,False,680,1,False,False,False,False,False,False,False,False,False,False,MEETS_STRONG,55,biometric,261,0,425,False,45,17.1,False,False,False,1.33,1.33,43.5,1.83,False
TX-C2-001103,usr-C2-0067,C2,False,ALLOW,4214.26,4483.26,0.94,0.36,4214.26,10663.66,2,False,555,1,Funds Transfer,third_party_individual,19,4,0,4,mobile_android,Full paymnet for order,True,neutral,False,False,893,1,False,False,False,False,False,False,False,True,False,False,MEETS_DEVICE,58,biometric,230,0,484,False,41,77.0,False,False,False,0.59,0.59,92.1,0.38,False
TX-C2-001104,usr-C2-0026,C2,False,ALLOW,5145.7,2940.4,1.75,0.42,5145.7,6552.79,1,False,485,1,Bills Payment,registered_biller,3,3,7,3,mobile_android,,False,none,False,True,3,1,False,True,False,False,False,False,False,False,False,False,FAILED,40,biometric,115,0,1965,False,35,14.9,False,False,False,1.99,1.99,186.0,0.64,False
TX-C2-001105,usr-C2-0019,C2,True,REQUIRE_2FA,1707.83,688.64,2.48,0.84,2270.6,5183.2,3,False,312,1,Funds Transfer,business,12,4,8,13,mobile_android,,False,none,False,False,439,4,False,False,False,False,False,False,True,False,False,False,MEETS_STRONG,331,password,53,4,339,True,5,9.4,False,False,False,1.79,1.79,295.1,0.36,False
TX-C2-001106,usr-C2-0050,C2,False,ALLOW,2301.51,1692.29,1.36,0.18,2301.51,7319.18,1,False,501,1,Bills Payment,registered_biller,17,2,6,13,mobile_ios,Dental implant and crown procedure downpayment,True,legit,True,False,311,1,False,False,False,False,False,False,False,False,False,False,MEETS_STRONG,147,biometric,226,0,933,True,42,24.4,False,False,False,2.33,2.33,204.2,0.68,False
TX-C2-001107,usr-C2-0007,C2,False,ALLOW,456.53,1426.65,0.32,0.23,456.53,928.92,1,False,316,1,Bills Payment,registered_biller,21,2,7,2,mobile_android,,False,none,False,False,566,1,False,False,False,False,False,False,False,False,False,False,MEETS_STRONG,162,biometric,241,0,888,False,34,25.0,False,False,False,2.26,2.26,280.4,0.48,False
TX-C2-001108,usr-C2-0033,C2,False,ALLOW,4561.96,5430.9,0.84,0.2,4561.96,14340.66,1,False,508,1,Savings,own_account,2,3,14,4,mobile_ios,mechanical keyboard custom keycaps and switch modding,True,legit,True,False,220,1,True,False,False,False,False,False,True,False,False,False,MEETS_BASIC,76,biometric,405,0,691,False,15,12.5,False,False,False,2.37,2.37,288.6,0.49,False
TX-C2-001109,usr-C2-0066,C2,False,ALLOW,4497.92,2726.01,1.65,0.12,4497.92,6520.24,1,False,366,1,Bills Payment,registered_biller,18,4,9,5,mobile_android,,False,none,False,False,391,1,False,False,False,False,False,False,False,False,False,False,MEETS_DEVICE,25,pin,567,0,951,False,13,15.6,False,True,True,1.19,1.19,120.2,0.59,False
TX-C2-001110,usr-C2-0065,C2,False,ALLOW,7317.74,4279.38,1.71,0.22,7317.74,14178.7,1,False,474,1,Savings,own_account,8,1,7,5,mobile_ios,Alumni homecoming commemorative banquet ticket payment,True,legit,False,False,122,1,False,False,False,False,False,False,False,False,False,False,MEETS_DEVICE,145,biometric,93,0,1752,False,40,15.4,False,False,False,1.36,1.36,279.0,0.29,False
TX-C2-001111,usr-C2-0001,C2,False,ALLOW,6213.91,8176.2,0.76,0.23,6213.91,17098.98,2,False,397,1,Funds Transfer,third_party_individual,19,1,2,10,mobile_android,,False,none,False,False,183,1,False,False,False,False,False,False,False,False,False,False,MEETS_DEVICE,169,biometric,424,0,490,False,43,12.0,False,False,False,1.9,1.9,175.4,0.65,False
TX-C2-001112,usr-C2-0010,C2,False,ALLOW,4567.73,3971.94,1.15,0.04,4567.73,8756.6,1,False,125,1,Savings,own_account,5,5,5,9,mobile_ios,,False,none,False,False,837,1,True,False,False,False,False,False,True,False,False,False,MEETS_BASIC,161,biometric,70,0,245,False,41,6.6,False,False,False,2.35,2.35,216.5,0.65,False
TX-C2-001113,usr-C2-0059,C2,False,ALLOW,1552.58,3044.28,0.51,0.42,1552.58,3973.73,1,False,254,1,Savings,own_account,6,5,9,1,mobile_ios,,False,none,False,False,383,1,False,False,False,False,False,False,False,False,False,False,MEETS_DEVICE,23,biometric,503,0,212,True,25,7.6,False,False,False,0.95,0.95,226.9,0.25,False
TX-C2-001114,usr-C2-0002,C2,False,ALLOW,243.87,4064.42,0.06,0.46,243.87,733.76,2,True,3,1,Funds Transfer,third_party_individual,3,0,7,14,mobile_android,,False,none,False,False,338,1,False,False,False,False,False,False,False,False,False,False,MEETS_DEVICE,149,biometric,417,0,1259,True,29,19.5,False,False,False,2.18,2.18,139.4,0.94,False
TX-C2-001115,usr-C2-0062,C2,False,ALLOW,305.89,2549.07,0.12,0.49,305.89,565.2,1,True,3,1,Bills Payment,registered_biller,5,4,10,2,mobile_android,Cebu Pacific baggage allowance and seat selector add on,True,legit,False,False,660,1,False,False,False,False,False,False,True,False,False,False,MEETS_DEVICE,49,biometric,289,0,1848,False,36,11.3,False,False,False,196.61,196.61,328.7,35.89,False
TX-C2-001116,usr-C2-0042,C2,False,ALLOW,3604.09,7066.84,0.51,0.27,3604.09,7071.48,1,False,351,1,Funds Transfer,registered_biller,9,1,9,4,mobile_android,Acoustic guitar luthier fretboard repair and setp,True,legit,True,False,162,1,False,False,False,False,False,False,False,False,False,False,MEETS_STRONG,112,biometric,241,0,1360,False,20,5.3,False,False,False,0.25,0.25,252.0,0.06,False
TX-C2-001117,usr-C2-0063,C2,False,ALLOW,1539.47,1673.34,0.92,0.11,1539.47,2066.12,2,False,457,1,Bills Payment,registered_biller,1,5,13,9,mobile_ios,Philippine Airlines roundtrip flight booking confirmation,True,legit,False,False,863,1,False,False,False,False,False,False,False,False,False,False,MEETS_DEVICE,173,biometric,293,0,1722,False,19,24.7,False,False,False,2.33,2.33,88.3,1.58,False
TX-C2-001118,usr-C2-0053,C2,True,REQUIRE_2FA,3935.4,677.35,5.81,0.46,5539.51,14715.95,2,True,2,20,Bills Payment,registered_biller,20,6,1,148,mobile_android,NFT staking yield aggregator redemption unlock charge,True,scam,True,True,3,1,False,False,False,False,False,False,False,False,False,False,MEETS_DEVICE,355,biometric,22,0,24,True,3,8.1,True,False,False,0.91,0.91,257.6,0.21,False
TX-C2-001119,usr-C2-0028,C2,False,ALLOW,1484.64,3029.87,0.49,0.4,1484.64,2918.31,1,False,442,1,Bills Payment,registered_biller,4,6,12,12,mobile_ios,PAG-IBIG HOUSING LOAN MONTHLY AMORTIZATION DEDUCTION,True,legit,False,False,830,1,False,False,False,False,False,False,False,True,False,False,MEETS_STRONG,172,biometric,436,0,249,False,16,92.0,False,False,False,2.12,2.12,275.6,0.46,False
TX-C2-001120,usr-C2-0014,C2,False,ALLOW,5165.84,3398.58,1.52,0.11,5165.84,10400.96,1,True,0,1,Funds Transfer,own_account,17,3,1,14,mobile_ios,,False,none,False,False,824,1,False,False,False,False,False,False,False,False,False,False,MEETS_DEVICE,104,biometric,69,0,1442,False,17,6.2,False,False,False,1.81,1.81,19.3,5.63,False
TX-C2-001121,usr-C2-0063,C2,False,ALLOW,2275.74,1673.34,1.36,0.34,2275.74,4489.05,1,True,3,1,Bills Payment,registered_biller,17,0,3,13,mobile_android,,False,none,False,False,863,1,False,False,False,False,False,False,False,False,False,False,MEETS_STRONG,138,biometric,110,0,665,True,23,13.6,False,False,False,2.02,2.02,241.3,0.5,False
TX-C2-001122,usr-C2-0033,C2,False,ALLOW,8743.75,5430.9,1.61,0.15,8743.75,14489.53,1,False,533,1,Funds Transfer,business,15,2,1,11,mobile_android,,False,none,False,False,220,1,True,False,False,False,False,False,True,False,False,False,MEETS_BASIC,96,biometric,550,0,1307,False,22,18.0,False,False,False,1.84,1.84,173.4,0.64,False
TX-C2-001123,usr-C2-0023,C2,False,ALLOW,2241.29,1545.72,1.45,0.18,2241.29,6256.45,1,False,301,1,Bills Payment,registered_biller,3,0,10,0,mobile_android,barangay clearance and business permit renewal fee,True,legit,False,False,706,1,False,False,False,False,False,False,False,False,False,False,MEETS_STRONG,168,pin,419,0,887,False,39,16.9,False,False,False,1.3,1.3,243.3,0.32,False
TX-C2-001124,usr-C2-0017,C2,True,REQUIRE_2FA,8821.74,1520.99,5.8,0.69,12617.98,20461.25,7,True,1,1,Bills Payment,registered_biller,3,1,10,2,mobile_ios,,False,none,False,True,1,1,False,False,True,False,False,False,False,False,False,False,FAILED,468,biometric,16,1,1286,True,6,16.1,False,True,True,0.21,0.21,34.5,0.37,False
TX-C2-001125,usr-C2-0088,C2,False,ALLOW,3035.65,7059.64,0.43,0.45,3035.65,8314.06,1,True,0,1,Remittance,business,17,6,1,12,mobile_android,,False,none,False,False,708,1,False,False,False,False,False,False,True,False,False,False,MEETS_STRONG,150,biometric,576,0,1454,False,42,16.2,False,False,False,0.87,0.87,44.3,1.18,False
TX-C2-001126,usr-C2-0085,C2,False,ALLOW,563.53,1943.2,0.29,0.35,563.53,1245.99,2,False,51,1,Savings,own_account,12,4,1,9,mobile_android,,False,none,False,False,458,1,False,False,False,False,False,False,False,False,False,False,MEETS_STRONG,31,biometric,357,0,881,False,32,11.2,False,False,False,197.02,197.02,251.9,46.93,False
TX-C2-001127,usr-C2-0089,C2,False,ALLOW,161.65,2309.28,0.07,0.13,161.65,557.2,1,False,393,1,Funds Transfer,own_account,5,1,9,9,mobile_android,Boracay resort beachfront rooom balance checkout,True,legit,False,False,575,1,False,False,False,False,False,False,False,False,False,False,MEETS_STRONG,92,biometric,345,0,1991,False,13,5.1,False,False,False,1.84,1.84,232.5,0.47,False
TX-C2-001128,usr-C2-0045,C2,False,ALLOW,3535.9,3802.04,0.93,0.06,3535.9,6231.38,1,False,242,1,Bills Payment,registered_biller,22,3,6,3,mobile_android,,False,none,False,False,105,1,False,False,False,False,False,False,False,False,False,False,MEETS_DEVICE,119,biometric,425,0,1278,False,34,5.4,False,False,False,0.99,0.99,285.3,0.21,False
TX-C2-001129,usr-C2-0079,C2,False,ALLOW,330.0,500.0,0.66,0.43,330.0,554.77,1,False,523,1,Remittance,third_party_individual,20,5,11,4,mobile_android,mechanical keyboard custom keycap sand switch modding,True,legit,True,False,865,1,False,False,False,False,False,False,False,False,False,False,MEETS_STRONG,151,pin,189,0,115,False,43,7.1,False,False,False,0.26,0.26,183.8,0.08,False
TX-C2-001130,usr-C2-0076,C2,False,ALLOW,868.14,1973.04,0.44,0.42,868.14,1252.99,1,False,146,1,Funds Transfer,business,10,0,1,1,mobile_android,,False,none,False,False,557,1,False,False,False,False,False,False,False,False,False,False,MEETS_STRONG,32,biometric,161,0,1505,False,26,8.4,False,False,False,1.97,1.97,263.6,0.45,False
TX-C2-001131,usr-C2-0011,C2,False,ALLOW,455.0,500.0,0.91,0.05,455.0,633.33,1,False,311,1,Bills Payment,registered_biller,3,1,18,5,mobile_android,,False,none,False,False,136,1,False,False,False,False,False,False,False,False,False,False,MEETS_STRONG,42,biometric,477,0,1643,False,33,7.2,False,False,False,2.27,2.27,42.3,3.22,False
TX-C2-001132,usr-C2-0069,C2,True,REQUIRE_2FA,16298.26,3729.58,4.37,0.86,24340.65,40138.0,2,True,2,10,Bills Payment,third_party_individual,0,5,15,9,mobile_ios,,False,none,False,True,4,1,False,False,False,False,False,False,False,False,False,False,MEETS_DEVICE,234,password,26,0,1102,False,7,21.4,False,False,False,2.25,2.25,33.9,3.98,False
TX-C2-001133,usr-C2-0086,C2,True,REQUIRE_2FA,5718.02,2859.01,2.0,0.57,7700.2,20214.69,5,True,1,1,Remittance,business,15,0,3,1,mobile_android,Full payment for order,True,neutral,False,False,823,1,False,False,False,False,False,False,True,False,False,False,MEETS_STRONG,497,pin,31,0,1665,True,3,22.5,False,False,False,2.34,2.34,81.4,1.72,False
TX-C2-001134,usr-C2-0013,C2,False,ALLOW,14400.57,2585.38,5.57,0.5,14400.57,35784.98,1,False,139,1,Funds Transfer,registered_biller,22,0,6,14,mobile_android,Cemetery columbarium niche perpetual care maintenance fee,True,legit,True,False,742,1,False,False,False,False,False,False,False,False,False,False,MEETS_STRONG,23,biometric,111,0,1460,True,37,12.9,False,False,False,1.96,1.96,284.7,0.41,False
TX-C2-001135,usr-C2-0083,C2,False,ALLOW,1375.99,1418.55,0.97,0.26,1375.99,2615.06,2,False,518,1,Remittance,business,22,4,5,7,mobile_android,Ergonomic mesh office chair delivery payment,True,legit,False,False,204,1,False,False,False,False,False,False,True,False,False,False,MEETS_DEVICE,173,pin,392,0,297,True,25,24.0,False,False,False,2.13,2.13,126.9,1.01,False
TX-C2-001136,usr-C2-0039,C2,False,ALLOW,258.24,2869.36,0.09,0.1,258.24,538.72,2,True,1,1,Funds Transfer,own_account,4,2,7,1,mobile_android,Acoustic guitar luthier fretboard reepair and setup,True,legit,True,False,683,1,False,False,False,False,False,False,False,False,False,False,MEETS_STRONG,171,pin,457,0,1867,False,13,15.8,False,False,False,2.11,2.11,61.9,2.05,False
TX-C2-001137,usr-C2-0057,C2,False,ALLOW,1040.79,3469.3,0.3,0.38,1040.79,2322.92,1,True,1,1,Remittance,business,20,2,4,6,mobile_android,statement reference 44921,True,neutral,False,False,191,1,False,False,False,False,False,False,False,False,False,False,MEETS_STRONG,102,biometric,97,0,465,False,15,5.6,False,False,False,2.03,2.03,28.6,4.26,False
TX-C2-001138,usr-C2-0005,C2,False,ALLOW,3257.1,2505.46,1.3,0.1,3257.1,5733.78,1,False,94,1,Bills Payment,registered_biller,9,6,2,10,mobile_android,Deep well submersible water pump repair labor,True,legit,True,False,765,1,False,False,False,False,False,False,False,False,False,False,MEETS_STRONG,178,pin,331,0,1590,True,23,7.0,False,False,False,0.03,0.03,91.3,0.02,False
TX-C2-001139,usr-C2-0044,C2,False,ALLOW,6365.42,4786.03,1.33,0.25,6365.42,15945.97,1,False,295,1,Funds Transfer,own_account,18,3,0,13,mobile_android,PhilHealth annual health insurance contribution,True,legit,False,False,873,1,False,False,False,False,False,False,False,False,False,False,MEETS_DEVICE,120,pin,476,0,433,False,25,13.8,False,False,False,1.13,1.13,207.7,0.33,False
TX-C2-001140,usr-C2-0025,C2,True,REQUIRE_2FA,26507.2,5737.49,4.62,0.36,31539.38,91736.02,2,True,3,1,Bills Payment,third_party_individual,5,5,13,13,mobile_ios,,False,none,False,False,391,1,False,False,False,False,False,False,False,False,False,False,MEETS_DEVICE,326,pin,26,0,1322,True,9,15.9,False,True,True,1.54,1.54,160.7,0.57,False
TX-C2-001141,usr-C2-0078,C2,False,ALLOW,6018.73,4739.16,1.27,0.01,6018.73,17213.01,1,False,427,1,Savings,own_account,0,5,17,10,mobile_android,,False,none,False,False,551,1,False,False,False,False,False,False,False,False,False,False,MEETS_STRONG,117,biometric,240,0,136,False,19,9.4,False,False,False,0.71,0.71,20.4,2.09,False
TX-C2-001142,usr-C2-0021,C2,False,ALLOW,1933.44,3277.01,0.59,0.13,1933.44,5867.66,1,True,2,1,Remittance,business,23,5,2,10,mobile_ios,,False,none,False,False,303,1,False,False,False,False,False,True,False,False,False,False,MEETS_STRONG,138,biometric,522,0,243,True,21,10.1,False,False,False,1.54,1.54,231.0,0.4,False
TX-C2-001143,usr-C2-0081,C2,False,ALLOW,805.3,745.65,1.08,0.3,805.3,2518.38,1,False,244,1,Bills Payment,registered_biller,7,4,12,3,mobile_android,,False,none,False,False,734,1,False,False,False,False,False,False,False,False,False,False,MEETS_STRONG,147,biometric,417,0,813,True,21,10.0,False,False,False,765.5,765.5,340.1,135.05,False
TX-C2-001144,usr-C2-0031,C2,False,ALLOW,3802.06,2160.26,1.76,0.12,3802.06,10087.42,1,False,550,1,Funds Transfer,business,16,2,6,14,mobile_ios,aluminum glass sliding window fabrication deposit,True,legit,False,False,811,1,False,False,False,False,False,False,False,False,False,False,MISSING,60,biometric,90,0,720,False,25,10.0,False,False,False,1.59,1.59,184.4,0.52,False
TX-C2-001145,usr-C2-0020,C2,True,REQUIRE_2FA,15340.91,7948.66,1.93,0.58,19441.58,63496.22,5,True,3,1,Savings,own_account,14,5,2,11,mobile_ios,Lending app harassment settlement cancellation of debt blackmail,True,scam,True,True,3,5,False,False,True,False,False,False,False,False,False,True,FAILED,260,pin,13,0,8,True,7,24.7,False,False,False,1.78,1.78,167.9,0.64,False
TX-C2-001146,usr-C2-0011,C2,False,ALLOW,535.0,500.0,1.07,0.02,535.0,935.13,1,False,285,1,Savings,own_account,12,6,9,3,mobile_ios,,False,none,False,False,136,1,False,False,False,False,False,False,False,False,False,False,MEETS_DEVICE,12,biometric,553,0,978,False,22,20.7,False,False,False,1.78,1.78,104.2,1.02,False
TX-C2-001147,usr-C2-0042,C2,False,ALLOW,3674.76,7066.84,0.52,0.02,3674.76,8662.91,1,False,514,1,Remittance,business,7,6,11,4,mobile_ios,,False,none,False,False,162,1,False,False,False,False,False,False,False,False,False,False,MEETS_STRONG,88,biometric,116,0,1648,False,27,9.7,False,False,False,1171.65,1171.65,295.2,238.14,False
TX-C2-001148,usr-C2-0008,C2,False,ALLOW,2756.66,3132.57,0.88,0.22,2756.66,8843.82,2,False,462,1,Bills Payment,registered_biller,17,5,0,0,mobile_ios,Replenishment,True,neutral,False,False,835,1,False,False,False,False,False,False,False,False,False,False,MEETS_STRONG,11,biometric,55,0,924,False,17,24.0,False,False,False,1.83,1.83,177.0,0.62,False
TX-C2-001149,usr-C2-0033,C2,False,ALLOW,9232.53,5430.9,1.7,0.18,9232.53,15583.53,1,False,563,1,Remittance,business,2,1,14,9,mobile_ios,Deposit settlement,True,neutral,False,True,0,1,True,False,False,False,False,False,True,False,False,False,MEETS_BASIC,99,pin,475,0,1324,False,16,5.3,False,False,False,1.46,1.46,46.9,1.87,False
TX-C2-001150,usr-C2-0065,C2,False,ALLOW,684.7,4279.38,0.16,0.42,684.7,2367.32,1,False,249,1,Bills Payment,registered_biller,2,2,13,5,mobile_android,,False,none,False,False,122,1,False,False,False,False,False,False,False,False,False,False,MEETS_STRONG,102,biometric,106,0,1129,False,32,12.7,False,False,False,2.21,2.21,177.7,0.75,False
TX-C2-001151,usr-C2-0053,C2,False,ALLOW,867.01,677.35,1.28,0.28,867.01,2524.62,1,False,284,1,Funds Transfer,own_account,8,0,11,9,mobile_android,,False,none,False,False,76,1,True,False,False,False,False,False,True,False,False,False,MEETS_BASIC,74,pin,498,0,726,False,14,11.7,False,False,False,1.97,1.97,279.1,0.42,False
TX-C2-001152,usr-C2-0048,C2,False,ALLOW,50.0,500.0,0.06,0.33,50.0,95.5,1,False,384,1,Funds Transfer,third_party_individual,4,6,10,14,mobile_android,,False,none,False,False,195,1,False,False,False,False,False,False,True,False,False,False,MEETS_STRONG,105,pin,498,0,976,False,25,21.5,False,False,False,1.4,1.4,42.4,1.98,False
TX-C2-001153,usr-C2-0063,C2,False,ALLOW,1439.07,1673.34,0.86,0.44,1439.07,4518.2,1,True,1,1,Funds Transfer,business,0,4,14,1,mobile_android,Barangay clearance and business permit renewal fee,True,legit,False,False,863,1,False,False,False,False,False,False,False,False,False,False,MEETS_DEVICE,43,biometric,456,0,1660,False,27,14.7,False,False,False,0.63,0.63,238.1,0.16,False
TX-C2-001154,usr-C2-0032,C2,False,ALLOW,1691.5,3316.67,0.51,0.49,1691.5,3001.99,1,False,28,1,Bills Payment,registered_biller,9,3,4,3,mobile_android,,False,none,False,False,695,1,False,False,False,False,False,False,False,False,False,False,MEETS_DEVICE,151,biometric,62,0,201,False,34,23.4,False,False,False,2.08,2.08,148.7,0.84,False
TX-C2-001155,usr-C2-0007,C2,False,ALLOW,2197.04,1426.65,1.54,0.14,2197.04,6095.85,2,False,356,1,Savings,own_account,17,0,3,8,mobile_android,,False,none,False,False,566,1,False,False,False,False,False,False,False,False,False,False,MEETS_STRONG,172,biometric,332,0,655,False,17,22.8,False,False,False,1.81,1.81,41.6,2.61,False
TX-C2-001156,usr-C2-0053,C2,False,ALLOW,528.33,677.35,0.78,0.08,528.33,1114.64,1,False,312,1,Remittance,business,7,6,12,13,mobile_ios,,False,none,False,False,76,1,True,False,False,False,False,False,True,False,False,False,MEETS_BASIC,43,biometric,134,0,1809,False,23,12.6,False,False,False,0.82,0.82,199.2,0.25,False
TX-C2-001157,usr-C2-0051,C2,False,ALLOW,1915.62,2660.59,0.72,0.09,1915.62,4575.4,1,False,565,1,Funds Transfer,own_account,6,1,5,1,mobile_ios,,False,none,False,False,686,1,False,False,False,False,False,False,False,False,False,False,MEETS_STRONG,157,biometric,486,0,449,False,26,20.4,False,False,False,1.1,1.1,123.4,0.53,False
TX-C2-001158,usr-C2-0053,C2,False,ALLOW,1076.99,677.35,1.59,0.18,1076.99,2645.58,1,False,294,1,Bills Payment,registered_biller,3,1,16,10,mobile_ios,,False,none,False,False,76,1,True,False,False,False,False,False,True,False,False,False,MEETS_BASIC,134,biometric,447,0,799,False,15,12.7,False,False,False,1.46,1.46,57.6,1.52,False
TX-C2-001159,usr-C2-0065,C2,False,ALLOW,17588.25,4279.38,4.11,0.17,17588.25,24258.32,2,False,311,1,Funds Transfer,own_account,4,4,11,6,mobile_android,,False,none,False,False,122,1,False,False,False,False,False,False,False,False,False,False,MEETS_STRONG,72,biometric,387,0,1826,True,18,21.4,False,False,False,1.82,1.82,206.9,0.53,False
TX-C2-001160,usr-C2-0039,C2,False,ALLOW,1893.78,2869.36,0.66,0.24,1893.78,3090.49,1,False,291,1,Funds Transfer,third_party_individual,6,2,5,1,mobile_ios,,False,none,False,False,683,1,True,False,False,False,False,False,True,False,False,False,MEETS_BASIC,81,pin,397,0,769,False,24,15.9,False,False,False,2.06,2.06,263.5,0.47,False
TX-C2-001161,usr-C2-0051,C2,False,ALLOW,505.51,2660.59,0.19,0.44,505.51,664.3,1,False,546,1,Funds Transfer,business,17,2,6,8,mobile_android,,False,none,False,True,0,1,False,False,False,False,False,False,False,False,False,False,MEETS_STRONG,179,biometric,416,0,1475,True,34,19.3,False,False,False,2.04,2.04,38.8,3.15,False
TX-C2-001162,usr-C2-0030,C2,False,ALLOW,216.89,2168.9,0.1,0.25,216.89,671.39,1,False,482,1,Bills Payment,registered_biller,5,1,6,12,mobile_ios,,False,none,False,False,649,1,False,False,False,False,False,False,False,False,False,False,MEETS_STRONG,46,biometric,458,0,1651,False,35,10.2,False,False,False,2.5,2.5,113.0,1.33,False
TX-C2-001163,usr-C2-0073,C2,True,REQUIRE_2FA,6210.86,4705.2,1.32,0.54,6815.61,18502.74,6,True,2,5,Funds Transfer,third_party_individual,19,4,5,7,mobile_android,,False,none,False,True,2,1,False,False,False,False,False,True,True,False,False,False,MEETS_STRONG,260,biometric,28,0,454,True,3,13.3,False,False,False,1.6,1.6,163.4,0.59,False
TX-C2-001164,usr-C2-0060,C2,True,REQUIRE_2FA,3452.45,788.23,4.38,0.69,5047.13,9546.18,6,True,1,24,Savings,own_account,10,1,4,9,mobile_ios,International Courier Package Scanner Customs Duty Exemption Bribe,True,scam,True,True,3,2,False,False,False,False,False,False,False,False,False,False,MEETS_STRONG,181,password,15,1,21,True,10,12.1,False,False,False,1.88,1.88,100.9,1.12,False
TX-C2-001165,usr-C2-0043,C2,False,ALLOW,4068.71,4843.7,0.84,0.29,4068.71,9808.31,1,False,547,1,Bills Payment,registered_biller,17,5,3,2,mobile_ios,,False,none,False,False,764,1,False,False,False,False,False,False,False,False,False,False,MEETS_STRONG,107,biometric,51,0,1710,False,21,24.4,False,False,False,1.87,1.87,237.2,0.47,False
TX-C2-001166,usr-C2-0014,C2,True,BLOCK,15327.6,3398.58,4.51,0.96,15625.69,26418.0,2,True,0,1,Bills Payment,third_party_individual,10,2,6,54,mobile_ios,FULL PAYMENT FOR ORDER,True,neutral,False,True,2,1,False,False,False,False,False,False,False,False,False,False,MEETS_DEVICE,423,password,26,0,355,True,9,14.8,False,False,False,2992.36,2992.36,25.3,7096.51,True
TX-C2-001167,usr-C2-0027,C2,False,ALLOW,2914.55,2943.99,0.99,0.1,2914.55,9573.27,1,False,360,1,Remittance,business,13,4,2,10,mobile_android,,False,none,False,False,725,1,False,False,False,False,False,False,True,False,False,False,MEETS_DEVICE,85,biometric,376,0,381,False,42,13.7,False,False,False,2.18,2.18,66.9,1.96,False
TX-C2-001168,usr-C2-0055,C2,False,ALLOW,1206.63,677.88,1.78,0.3,1206.63,1488.32,1,False,458,1,Funds Transfer,own_account,0,3,19,11,mobile_ios,,False,none,False,False,326,1,False,False,False,False,False,False,False,False,False,False,MEETS_STRONG,127,biometric,428,0,341,True,17,17.0,False,False,False,2.25,2.25,118.3,1.14,False
TX-C2-001169,usr-C2-0042,C2,False,ALLOW,5229.46,7066.84,0.74,0.12,5229.46,17365.14,1,False,222,1,Bills Payment,registered_biller,15,0,3,2,mobile_ios,pag-ibig housing loan monthly amortization deduction,True,legit,False,False,162,1,False,False,False,False,False,False,True,False,False,False,MEETS_STRONG,113,biometric,116,0,724,False,28,21.8,False,False,False,0.66,0.66,118.6,0.33,False
TX-C2-001170,usr-C2-0064,C2,False,ALLOW,458.19,3524.55,0.13,0.11,458.19,607.82,1,True,2,1,Savings,own_account,1,4,15,14,mobile_ios,,False,none,False,False,557,1,False,False,False,False,False,False,True,False,False,False,MEETS_STRONG,98,pin,591,0,987,True,20,17.9,False,False,False,2.09,2.09,45.6,2.75,False
TX-C2-001171,usr-C2-0035,C2,False,ALLOW,11063.73,2208.33,5.01,0.44,11063.73,31823.48,2,False,339,1,Funds Transfer,own_account,23,0,7,4,mobile_android,,False,none,False,False,740,1,False,False,False,False,False,False,False,False,False,False,MEETS_STRONG,28,biometric,205,0,1746,False,40,7.7,False,False,False,1.21,1.21,225.8,0.32,False
TX-C2-001172,usr-C2-0044,C2,False,ALLOW,7992.67,4786.03,1.67,0.2,7992.67,25166.32,1,True,0,1,Savings,own_account,9,5,9,10,mobile_ios,,False,none,False,False,873,1,False,False,False,False,False,False,False,False,False,False,MEETS_DEVICE,55,biometric,130,0,1222,False,18,8.3,False,False,False,2.19,2.19,50.0,2.63,False
TX-C2-001173,usr-C2-0021,C2,False,ALLOW,3244.24,3277.01,0.99,0.31,3244.24,7536.04,1,False,494,1,Funds Transfer,business,21,1,0,5,mobile_android,,False,none,False,False,303,1,False,False,False,False,False,False,False,False,False,False,MEETS_STRONG,146,biometric,82,0,731,False,27,14.4,False,False,False,0.71,0.71,234.1,0.18,False
TX-C2-001174,usr-C2-0012,C2,False,ALLOW,342.48,3113.47,0.11,0.07,342.48,592.48,1,True,1,1,Remittance,business,18,6,1,6,mobile_ios,,False,none,False,False,376,1,False,False,False,False,False,False,False,False,False,False,MEETS_STRONG,87,biometric,174,0,944,False,24,6.7,False,False,False,1.34,1.34,252.6,0.32,False
TX-C2-001175,usr-C2-0027,C2,False,ALLOW,3503.35,2943.99,1.19,0.16,3503.35,8783.95,1,False,405,1,Remittance,third_party_individual,22,3,11,6,mobile_ios,,False,none,False,False,725,1,False,False,False,False,False,False,False,False,False,False,MEETS_STRONG,65,biometric,553,0,1451,False,23,21.5,False,False,False,1.2,1.2,217.9,0.33,False
TX-C2-001176,usr-C2-0053,C2,False,ALLOW,555.43,677.35,0.82,0.16,555.43,972.99,1,False,137,1,Savings,own_account,0,5,19,6,mobile_ios,Solar Rooftop Inverter Replacemment Hardware Balance,True,legit,True,False,76,1,False,False,False,False,False,False,False,False,False,False,MISSING,60,biometric,90,0,720,False,25,10.0,False,False,False,2.25,2.25,212.2,0.64,False
TX-C2-001177,usr-C2-0065,C2,False,ALLOW,6847.01,4279.38,1.6,0.23,6847.01,13476.57,1,True,3,1,Funds Transfer,registered_biller,20,2,5,9,mobile_android,,False,none,False,False,122,1,False,False,False,False,False,False,False,False,False,False,MEETS_DEVICE,113,biometric,350,0,683,True,43,13.4,False,False,False,1.29,1.29,138.5,0.56,False
TX-C2-001178,usr-C2-0050,C2,False,ALLOW,2623.05,1692.29,1.55,0.1,2623.05,6742.48,1,True,0,1,Bills Payment,registered_biller,6,1,5,2,mobile_ios,Deposit Settlement,True,neutral,False,False,311,1,False,False,False,False,False,False,False,False,False,False,MEETS_STRONG,28,biometric,319,0,1376,True,34,7.4,False,True,True,2.08,2.08,292.8,0.43,False
TX-C2-001179,usr-C2-0089,C2,False,ALLOW,230.93,2309.28,0.1,0.22,230.93,744.88,2,False,484,1,Remittance,business,2,2,12,12,mobile_android,,False,none,False,False,575,1,False,False,False,False,False,False,False,False,False,False,MEETS_STRONG,139,biometric,74,0,967,False,24,6.1,False,False,False,1.51,1.51,228.3,0.4,False
TX-C2-001180,usr-C2-0010,C2,False,ALLOW,556.07,3971.94,0.14,0.24,556.07,698.64,2,True,1,1,Remittance,business,22,6,12,13,mobile_android,,False,none,False,False,837,1,True,False,False,False,False,False,True,False,False,False,MEETS_BASIC,67,pin,583,0,1364,False,16,7.1,False,False,False,1.64,1.64,191.7,0.51,False
TX-C2-001181,usr-C2-0061,C2,False,ALLOW,240.0,500.0,0.48,0.41,240.0,540.67,1,False,494,1,Savings,own_account,14,4,3,13,mobile_android,,False,none,False,False,283,1,True,False,False,False,False,False,True,False,False,False,MEETS_BASIC,76,pin,415,0,793,False,24,5.5,False,False,False,1.51,1.51,33.4,2.71,False
TX-C2-001182,usr-C2-0072,C2,True,BLOCK,27681.42,2856.7,9.69,0.38,34681.2,76638.47,2,True,0,4,Remittance,third_party_individual,20,1,10,4,mobile_android,,False,none,False,False,655,1,False,False,True,False,False,False,True,False,True,False,FAILED,353,password,60,2,449,True,5,16.4,False,False,False,1.59,1.59,293.3,0.33,False
TX-C2-001183,usr-C2-0015,C2,False,ALLOW,6847.26,8892.54,0.77,0.34,6847.26,17538.41,2,False,198,1,Remittance,third_party_individual,16,5,7,8,mobile_ios,Cemetery columbarium niche perpetual care maintenance fee,True,legit,True,False,234,1,True,False,False,False,False,False,True,False,False,False,MEETS_BASIC,180,biometric,108,0,177,True,38,23.5,False,False,False,1.72,1.72,91.3,1.13,False
TX-C2-001184,usr-C2-0011,C2,True,REQUIRE_2FA,820.0,500.0,1.64,0.35,1147.57,2462.85,4,True,3,1,Bills Payment,third_party_individual,15,0,6,2,mobile_android,,False,none,False,True,0,1,True,True,False,False,False,False,True,False,False,False,FAILED,449,password,12,0,10,True,5,8.8,False,False,False,1.45,1.45,291.9,0.3,False
TX-C2-001185,usr-C2-0066,C2,False,ALLOW,599.72,2726.01,0.22,0.14,599.72,786.01,1,True,1,1,Remittance,business,7,6,2,1,mobile_ios,,False,none,False,False,391,1,False,False,False,False,False,False,False,False,False,False,MEETS_DEVICE,32,pin,108,0,1848,False,26,11.1,False,False,False,2.0,2.0,292.8,0.41,False
TX-C2-001186,usr-C2-0033,C2,False,ALLOW,9667.0,5430.9,1.78,0.5,9667.0,23934.79,1,False,111,1,Bills Payment,registered_biller,3,5,13,1,mobile_ios,,False,none,False,False,220,1,True,False,False,False,False,False,True,False,False,False,MEETS_BASIC,170,pin,333,0,400,False,38,9.4,False,False,False,2.57,2.57,21.1,7.31,False
TX-C2-001187,usr-C2-0058,C2,False,ALLOW,4862.84,3712.09,1.31,0.31,4862.84,8595.12,1,True,0,1,Remittance,third_party_individual,21,0,10,3,mobile_android,Land Transportation Office motor vehicle registration fee,True,legit,False,False,651,1,False,False,False,False,False,False,False,False,False,False,MEETS_STRONG,147,pin,168,0,1730,False,13,23.6,False,False,False,1.85,1.85,164.1,0.68,False
TX-C2-001188,usr-C2-0078,C2,False,ALLOW,6729.61,4739.16,1.42,0.13,6729.61,12039.37,1,False,331,1,Savings,own_account,14,1,3,1,mobile_android,baguio heritage hotel weekend accommodation downpayment,True,legit,False,False,551,1,False,False,False,False,False,False,False,False,False,False,MEETS_DEVICE,132,pin,191,0,1869,True,13,6.3,False,False,False,1.38,1.38,249.8,0.33,False
TX-C2-001189,usr-C2-0047,C2,False,ALLOW,2195.44,2071.17,1.06,0.42,2195.44,5227.94,1,False,67,1,Remittance,business,1,6,8,13,mobile_ios,,False,none,False,False,544,1,False,False,False,False,False,False,False,False,False,False,MEETS_STRONG,34,biometric,499,0,1683,False,19,24.4,False,False,False,2.47,2.47,20.1,7.37,False
TX-C2-001190,usr-C2-0085,C2,False,ALLOW,8122.58,1943.2,4.18,0.27,8122.58,20334.48,1,False,517,1,Bills Payment,registered_biller,13,1,2,5,mobile_ios,,False,none,False,False,458,1,False,False,False,False,False,False,False,False,False,False,MEETS_STRONG,142,biometric,97,0,1132,False,45,19.8,False,False,False,2.42,2.42,94.9,1.53,False
TX-C2-001191,usr-C2-0076,C2,False,ALLOW,2387.38,1973.04,1.21,0.25,2387.38,4916.54,1,False,18,1,Funds Transfer,registered_biller,7,4,4,8,mobile_android,Acoustic guitar luthier fretboard repair and setup,True,legit,True,False,557,1,False,False,False,False,False,False,False,False,False,False,MISSING,60,biometric,90,0,720,False,25,10.0,False,False,False,664.85,664.85,351.9,113.36,False
TX-C2-001192,usr-C2-0085,C2,True,REQUIRE_2FA,12902.85,1943.2,6.64,0.5,18551.96,40723.38,7,True,2,1,Funds Transfer,own_account,19,0,8,148,mobile_android,,False,none,False,True,1,1,False,False,True,False,False,False,False,False,False,False,FAILED,392,password,31,0,1011,True,10,22.7,False,False,False,0.91,0.91,219.0,0.25,False
TX-C2-001193,usr-C2-0039,C2,False,ALLOW,4103.18,2869.36,1.43,0.35,4103.18,10801.22,1,False,568,1,Savings,own_account,17,4,6,11,mobile_android,,False,none,False,False,683,1,False,False,False,False,False,False,False,False,False,False,MEETS_STRONG,20,biometric,470,0,433,False,17,15.9,False,False,False,2.3,2.3,294.2,0.47,False
TX-C2-001194,usr-C2-0050,C2,False,ALLOW,2927.66,1692.29,1.73,0.36,2927.66,9330.66,1,False,130,1,Bills Payment,registered_biller,16,3,5,0,mobile_ios,,False,none,False,False,311,1,False,False,False,False,False,False,False,False,False,False,MEETS_DEVICE,149,pin,106,0,1937,False,30,12.8,False,False,False,0.83,0.83,70.9,0.7,False
TX-C2-001195,usr-C2-0057,C2,True,REQUIRE_2FA,5203.95,3469.3,1.5,0.41,7586.54,13162.53,6,True,0,14,Remittance,business,20,4,4,14,mobile_android,Military peacekeeper gold consignment safety deopsit box box fee,True,scam,True,True,3,1,False,False,False,False,False,False,False,False,False,False,MEETS_DEVICE,181,biometric,44,3,958,True,3,16.9,False,True,False,2.25,2.25,115.1,1.17,False
TX-C2-001196,usr-C2-0081,C2,False,ALLOW,223.69,745.65,0.3,0.02,223.69,501.82,2,False,366,1,Remittance,third_party_individual,0,6,19,0,mobile_ios,,False,none,False,False,734,1,False,False,False,False,False,False,False,False,False,False,MEETS_STRONG,57,biometric,197,0,332,False,23,21.4,False,False,False,2.11,2.11,70.3,1.8,False
TX-C2-001197,usr-C2-0030,C2,True,REQUIRE_2FA,10757.74,2168.9,4.96,0.32,15828.19,35608.81,2,True,1,12,Bills Payment,registered_biller,4,1,7,14,mobile_ios,,False,none,False,False,649,1,False,False,False,False,False,False,False,False,False,False,MEETS_STRONG,440,biometric,51,4,1075,False,7,13.7,False,True,True,1.32,1.32,171.5,0.46,False
TX-C2-001198,usr-C2-0039,C2,False,ALLOW,4045.8,2869.36,1.41,0.3,4045.8,7432.89,1,False,410,1,Bills Payment,registered_biller,20,4,9,10,mobile_ios,,False,none,False,False,683,1,False,False,False,False,False,False,False,False,False,False,MEETS_STRONG,153,biometric,526,0,1003,False,38,20.6,False,False,False,1.95,1.95,291.1,0.4,False
TX-C2-001199,usr-C2-0009,C2,False,ALLOW,5043.21,6150.26,0.82,0.39,5043.21,17645.83,2,False,597,1,Savings,own_account,1,6,14,6,mobile_ios,,False,none,False,False,680,1,False,False,False,False,False,False,False,False,False,False,MEETS_STRONG,27,biometric,244,0,636,False,33,6.9,False,False,False,1.97,1.97,113.6,1.04,False
TX-C2-001200,usr-C2-0009,C2,False,ALLOW,1107.05,6150.26,0.18,0.43,1107.05,3142.11,1,False,510,1,Funds Transfer,business,21,4,6,6,mobile_ios,,False,none,False,True,5,1,False,False,False,False,False,False,False,False,False,False,MEETS_STRONG,95,biometric,198,0,476,False,16,19.8,False,True,True,1.8,1.8,110.4,0.98,False
TX-C2-001201,usr-C2-0077,C2,False,ALLOW,1999.4,2221.56,0.9,0.23,1999.4,6050.19,2,False,132,1,Savings,own_account,17,1,1,2,mobile_android,,False,none,False,False,432,1,False,False,False,False,False,False,True,False,False,False,MEETS_STRONG,146,biometric,483,0,1504,False,33,12.2,False,False,False,1.4,1.4,76.7,1.1,False
TX-C2-001202,usr-C2-0030,C2,False,ALLOW,368.71,2168.9,0.17,0.07,368.71,1004.22,2,False,261,1,Savings,own_account,12,4,1,12,mobile_ios,,False,none,False,False,649,1,False,False,False,False,False,False,False,False,False,False,MEETS_DEVICE,95,biometric,175,0,1071,True,24,14.3,False,False,False,1.39,1.39,257.1,0.32,False
TX-C2-001203,usr-C2-0045,C2,False,ALLOW,6691.59,3802.04,1.76,0.37,6691.59,17293.51,1,False,43,1,Remittance,business,16,1,0,0,mobile_ios,,False,none,False,False,105,1,False,False,False,False,False,False,False,False,False,False,MEETS_STRONG,72,biometric,175,0,1590,False,29,20.9,False,False,False,2.8,2.8,145.7,1.15,False
TX-C2-001204,usr-C2-0088,C2,False,ALLOW,917.75,7059.64,0.13,0.26,917.75,2548.13,1,True,0,1,Remittance,third_party_individual,4,5,12,10,mobile_ios,Red Cross Humanitaarian Disaster Relief Donation,True,legit,False,False,708,1,False,False,False,False,False,True,False,False,False,False,MEETS_DEVICE,131,biometric,109,0,1358,True,14,9.1,False,False,False,2.27,2.27,83.9,1.62,False
TX-C2-001205,usr-C2-0069,C2,False,ALLOW,1976.68,3729.58,0.53,0.32,1976.68,2724.94,1,False,228,1,Bills Payment,registered_biller,6,1,9,8,mobile_ios,Deposi settlement,True,neutral,False,False,812,1,False,False,False,False,False,False,False,False,False,False,MEETS_STRONG,166,biometric,588,0,404,True,25,6.9,False,False,False,1.95,1.95,116.4,1.01,False
TX-C2-001206,usr-C2-0089,C2,False,ALLOW,2055.26,2309.28,0.89,0.07,2055.26,2991.34,2,False,493,1,Funds Transfer,business,14,0,0,7,mobile_ios,,False,none,False,False,575,1,False,False,False,False,False,False,False,False,False,False,MEETS_DEVICE,164,biometric,101,0,311,True,19,12.5,False,False,False,2.55,2.55,252.6,0.61,False
TX-C2-001207,usr-C2-0087,C2,False,ALLOW,23567.38,5833.51,4.04,0.2,23567.38,44307.86,1,False,251,1,Remittance,business,16,2,4,5,mobile_android,,False,none,False,False,93,1,False,False,False,False,False,False,True,False,False,False,MEETS_DEVICE,57,biometric,102,0,1340,True,31,8.7,False,False,False,1.47,1.47,140.1,0.63,False
TX-C2-001208,usr-C2-0067,C2,False,ALLOW,4528.09,4483.26,1.01,0.25,4528.09,9960.93,1,False,329,1,Savings,own_account,1,3,18,10,mobile_ios,homeowners association special assessment for flood gate repair,True,legit,True,False,893,1,False,False,False,False,False,False,False,False,False,False,MEETS_STRONG,158,biometric,57,0,452,True,16,22.2,False,False,False,2.17,2.17,210.6,0.62,False
TX-C2-001209,usr-C2-0046,C2,False,ALLOW,21367.1,15711.1,1.36,0.03,21367.1,54460.59,1,False,65,1,Funds Transfer,own_account,13,3,8,1,mobile_ios,,False,none,False,False,878,1,False,False,False,False,False,False,False,False,False,False,MEETS_STRONG,155,biometric,431,0,957,False,37,15.3,False,False,False,0.17,0.17,137.4,0.07,False
TX-C2-001210,usr-C2-0060,C2,False,ALLOW,307.41,788.23,0.39,0.22,307.41,537.61,2,True,2,1,Remittance,third_party_individual,12,6,2,3,mobile_android,Bridal gown couture alterations and final fitting fee,True,legit,False,False,138,1,False,False,False,False,False,False,True,False,False,False,MEETS_DEVICE,172,pin,351,0,983,False,36,15.7,False,False,False,0.74,0.74,203.1,0.22,False
TX-C2-001211,usr-C2-0065,C2,False,ALLOW,342.35,4279.38,0.08,0.47,342.35,1068.62,2,True,3,1,Remittance,third_party_individual,14,4,1,4,mobile_ios,,False,none,False,False,122,1,True,False,False,False,False,False,True,False,False,False,MEETS_BASIC,67,biometric,467,0,1698,False,22,17.8,False,False,False,2.41,2.41,91.5,1.58,False
TX-C2-001212,usr-C2-0044,C2,True,REQUIRE_2FA,18761.24,4786.03,3.92,0.6,28134.49,98385.94,5,True,0,15,Funds Transfer,business,5,5,13,7,mobile_android,NFT staking yield aggregator redemption unlock charge,True,scam,True,True,5,1,False,False,False,False,False,False,False,True,False,False,MEETS_STRONG,359,biometric,38,1,858,True,8,56.9,True,False,False,2.56,2.56,78.7,1.95,False
TX-C2-001213,usr-C2-0069,C2,False,ALLOW,1864.79,3729.58,0.5,0.27,1864.79,4975.02,1,False,569,1,Funds Transfer,registered_biller,16,2,1,11,mobile_ios,,False,none,False,False,812,1,False,False,False,False,False,False,True,False,False,False,MEETS_DEVICE,68,biometric,68,0,236,True,35,8.9,False,False,False,1.33,1.33,176.0,0.45,False
TX-C2-001214,usr-C2-0061,C2,False,ALLOW,95.0,500.0,0.19,0.03,95.0,148.04,1,False,507,1,Savings,own_account,10,3,1,13,mobile_android,,False,none,False,False,283,1,True,False,False,False,False,False,True,False,False,False,MEETS_BASIC,152,biometric,593,0,1282,True,17,19.1,False,False,False,0.88,0.88,77.5,0.68,False
TX-C2-001215,usr-C2-0031,C2,False,ALLOW,10218.03,2160.26,4.73,0.12,10218.03,16919.6,1,True,2,1,Bills Payment,registered_biller,16,5,6,9,mobile_ios,Ergonomic mesh office chair delivery payment,True,legit,False,False,811,1,False,False,False,False,False,False,False,False,False,False,MEETS_DEVICE,180,pin,203,0,453,True,21,11.8,False,False,False,2.3,2.3,71.5,1.93,False
TX-C2-001216,usr-C2-0059,C2,False,ALLOW,3500.92,3044.28,1.15,0.48,3500.92,6246.02,1,True,0,1,Remittance,third_party_individual,9,4,6,14,mobile_android,,False,none,False,False,383,1,False,False,False,False,False,False,False,False,False,False,MEETS_STRONG,170,biometric,170,0,1127,True,17,12.7,False,False,False,1.77,1.77,204.7,0.52,False
TX-C2-001217,usr-C2-0029,C2,False,ALLOW,440.4,1223.32,0.36,0.48,440.4,1026.27,1,True,2,1,Remittance,business,8,0,6,7,mobile_android,,False,none,False,False,690,1,False,False,False,False,False,False,True,False,False,False,MEETS_DEVICE,150,pin,48,0,622,False,17,6.9,False,False,False,1.67,1.67,198.1,0.51,False
TX-C2-001218,usr-C2-0046,C2,True,REQUIRE_2FA,79183.94,15711.1,5.04,0.35,85122.56,252480.27,3,True,1,1,Remittance,business,12,0,9,14,mobile_ios,,False,none,False,False,878,1,False,False,False,False,False,False,False,False,False,False,MEETS_STRONG,233,pin,37,0,343,True,3,22.3,False,False,False,1.61,1.61,227.6,0.42,False
TX-C2-001219,usr-C2-0016,C2,False,ALLOW,495.0,500.0,0.99,0.4,495.0,1255.07,1,True,3,1,Savings,own_account,13,5,4,9,mobile_android,,False,none,False,False,864,1,False,False,False,False,False,False,False,False,False,False,MEETS_STRONG,126,biometric,581,0,1601,False,40,13.8,False,False,False,1.86,1.86,154.8,0.72,False
TX-C2-001220,usr-C2-0089,C2,True,BLOCK,20875.89,2309.28,9.04,0.33,25702.08,32852.03,5,True,1,1,Bills Payment,third_party_individual,15,1,1,3,mobile_android,,False,none,False,True,3,4,False,False,False,False,False,True,False,False,False,False,MEETS_DEVICE,259,password,34,0,377,True,6,5.1,False,False,False,0.88,0.88,242.7,0.22,False
TX-C2-001221,usr-C2-0002,C2,False,ALLOW,7194.02,4064.42,1.77,0.39,7194.02,24226.5,1,False,356,1,Savings,own_account,12,4,2,12,mobile_android,Scuba diving open water certification course tuition,True,legit,True,False,338,1,False,False,False,False,False,False,False,False,False,False,MEETS_STRONG,179,pin,115,0,808,False,26,20.5,False,False,False,2.34,2.34,103.4,1.36,False
TX-C2-001222,usr-C2-0051,C2,False,ALLOW,665.15,2660.59,0.25,0.23,665.15,1978.13,1,False,338,1,Savings,own_account,7,2,4,3,mobile_ios,,False,none,False,True,4,1,False,False,False,False,False,False,False,False,False,False,MEETS_STRONG,107,biometric,534,0,216,True,27,7.9,False,False,False,1.72,1.72,142.9,0.72,False
TX-C2-001223,usr-C2-0080,C2,False,ALLOW,743.97,865.08,0.86,0.24,743.97,905.18,1,False,177,1,Funds Transfer,business,2,4,16,13,mobile_android,Transfer ref ID 10938,True,neutral,False,False,456,1,False,False,False,False,False,False,False,False,False,False,MEETS_STRONG,133,pin,292,0,1966,True,38,21.7,False,False,False,2.03,2.03,296.0,0.41,False
TX-C2-001224,usr-C2-0010,C2,False,ALLOW,7070.05,3971.94,1.78,0.16,7070.05,18561.06,1,False,213,1,Funds Transfer,registered_biller,12,1,2,3,mobile_ios,,False,none,False,False,837,1,True,False,False,False,False,False,True,False,False,False,MEETS_BASIC,155,biometric,453,0,849,True,28,14.2,False,False,False,0.84,0.84,255.6,0.2,False
TX-C2-001225,usr-C2-0087,C2,False,ALLOW,5483.5,5833.51,0.94,0.06,5483.5,17250.34,1,False,365,1,Bills Payment,registered_biller,8,6,12,4,mobile_ios,,False,none,False,True,3,1,False,False,False,False,False,False,False,False,False,False,MEETS_STRONG,63,pin,187,0,1330,False,37,12.3,False,False,False,2.25,2.25,39.5,3.42,False
TX-C2-001226,usr-C2-0080,C2,False,ALLOW,198.97,865.08,0.23,0.09,198.97,589.27,2,False,256,1,Remittance,business,22,0,4,11,mobile_android,,False,none,False,False,456,1,False,False,False,False,False,False,False,False,False,False,MEETS_DEVICE,42,biometric,255,0,374,False,39,12.2,False,False,False,2.72,2.72,260.9,0.63,False
TX-C2-001227,usr-C2-0038,C2,False,ALLOW,1706.68,1264.21,1.35,0.08,1706.68,5067.8,2,False,42,1,Savings,own_account,5,6,8,3,mobile_android,,False,none,False,False,327,1,False,False,False,False,False,False,False,False,False,False,MEETS_STRONG,31,biometric,513,0,388,False,21,9.7,False,False,False,0.95,0.95,85.9,0.66,False
TX-C2-001228,usr-C2-0027,C2,False,ALLOW,2060.79,2943.99,0.7,0.18,2060.79,3267.19,1,False,155,1,Remittance,business,22,6,11,10,mobile_android,,False,none,False,False,725,1,False,False,False,False,False,False,True,False,False,False,MEETS_STRONG,54,biometric,579,0,1432,True,30,12.7,False,False,False,1.9,1.9,122.0,0.93,False
TX-C2-001229,usr-C2-0001,C2,False,ALLOW,6540.96,8176.2,0.8,0.32,6540.96,17535.47,1,False,464,1,Bills Payment,registered_biller,4,5,13,2,mobile_android,,False,none,False,False,183,1,False,False,False,False,False,False,False,False,False,False,MEETS_STRONG,44,pin,526,0,1765,False,42,11.9,False,False,False,197.04,197.04,250.8,47.14,False
TX-C2-001230,usr-C2-0028,C2,False,ALLOW,575.68,3029.87,0.19,0.18,575.68,1467.01,1,True,2,1,Bills Payment,registered_biller,11,1,5,2,mobile_android,Aluminum glass sliding windo fabrication deposit,True,legit,False,False,830,1,False,False,False,False,False,False,False,False,True,False,MEETS_STRONG,125,biometric,355,0,1988,False,43,7.7,False,False,False,1.85,1.85,143.4,0.77,False
TX-C2-001231,usr-C2-0023,C2,False,ALLOW,896.52,1545.72,0.58,0.33,896.52,2000.83,2,False,307,1,Savings,own_account,5,2,8,8,mobile_ios,,False,none,False,False,706,1,False,False,False,False,False,False,False,False,False,False,MEETS_STRONG,22,pin,209,0,143,False,44,22.1,False,False,False,1.39,1.39,299.5,0.28,False
TX-C2-001232,usr-C2-0017,C2,False,ALLOW,1749.14,1520.99,1.15,0.01,1749.14,4928.77,1,False,215,1,Remittance,business,15,4,2,1,mobile_android,solar rooftp inverter replacement hardware balance,True,legit,True,False,225,1,False,False,False,False,False,False,False,False,False,False,MISSING,60,biometric,90,0,720,False,25,10.0,False,False,False,1.66,1.66,182.4,0.55,False
TX-C2-001233,usr-C2-0022,C2,False,ALLOW,4948.43,4804.3,1.03,0.4,4948.43,15543.32,2,False,599,1,Bills Payment,registered_biller,10,6,1,9,mobile_ios,,False,none,False,False,646,1,False,False,False,False,False,False,False,False,False,False,MEETS_STRONG,135,biometric,385,0,200,False,32,8.0,False,False,False,1.68,1.68,175.2,0.58,False
TX-C2-001234,usr-C2-0074,C2,False,ALLOW,2190.8,1781.14,1.23,0.28,2190.8,3218.84,1,False,158,1,Savings,own_account,12,0,3,0,mobile_ios,,False,none,False,False,551,1,False,False,False,False,False,False,False,False,False,False,MEETS_DEVICE,42,pin,382,0,1356,False,13,20.1,False,False,False,0.56,0.56,94.6,0.36,False
TX-C2-001235,usr-C2-0035,C2,False,ALLOW,2804.58,2208.33,1.27,0.49,2804.58,9372.58,1,False,451,1,Savings,own_account,2,2,14,4,mobile_android,,False,none,False,False,740,1,False,False,False,False,False,False,False,False,False,False,MEETS_STRONG,177,biometric,82,0,191,False,17,17.0,False,False,False,1.25,1.25,28.4,2.64,False
TX-C2-001236,usr-C2-0029,C2,False,ALLOW,538.26,1223.32,0.44,0.18,538.26,829.81,1,False,221,1,Remittance,third_party_individual,10,6,4,10,mobile_android,,False,none,False,False,690,1,False,False,False,False,False,False,False,False,False,False,MEETS_STRONG,26,biometric,341,0,398,False,19,7.2,False,False,False,0.1,0.1,244.7,0.02,False
TX-C2-001237,usr-C2-0077,C2,False,ALLOW,555.39,2221.56,0.25,0.08,555.39,1573.38,1,False,135,1,Savings,own_account,6,1,12,6,mobile_ios,,False,none,False,False,432,1,False,False,False,False,False,False,True,False,False,False,MEETS_DEVICE,11,biometric,283,0,1237,True,29,21.8,False,False,False,1.31,1.31,290.1,0.27,False
TX-C2-001238,usr-C2-0041,C2,False,ALLOW,2339.86,2463.01,0.95,0.32,2339.86,5504.55,1,False,353,1,Remittance,third_party_individual,14,4,3,1,mobile_ios,,False,none,False,False,399,1,False,False,False,False,False,False,False,False,False,False,MEETS_STRONG,167,biometric,80,0,1174,True,16,5.7,False,False,False,212.18,212.18,304.9,41.75,False
TX-C2-001239,usr-C2-0090,C2,True,BLOCK,86128.91,7207.44,11.95,0.42,103249.93,263797.14,3,True,3,11,Savings,own_account,11,0,8,13,mobile_android,International Courier Package Scanner Customs Duty Exemption Bribe,True,scam,True,False,727,1,False,True,False,False,False,False,False,False,False,False,FAILED,193,biometric,29,0,692,True,8,18.8,False,True,False,1.39,1.39,262.3,0.32,False
TX-C2-001240,usr-C2-0032,C2,False,ALLOW,2852.34,3316.67,0.86,0.26,2852.34,8625.51,1,False,576,1,Funds Transfer,third_party_individual,15,5,2,14,mobile_ios,,False,none,False,False,695,1,False,False,False,False,False,False,False,False,False,False,MEETS_DEVICE,54,biometric,373,0,1979,False,19,6.7,False,False,False,1.62,1.62,62.1,1.57,False
TX-C2-001241,usr-C2-0054,C2,False,ALLOW,609.73,896.66,0.68,0.06,609.73,773.01,2,False,333,1,Bills Payment,registered_biller,8,3,10,7,mobile_ios,Sound system and stage lights rental for debut party,True,legit,False,False,456,1,False,False,False,False,False,False,False,False,False,False,MEETS_STRONG,99,pin,338,0,1733,False,34,6.8,False,False,False,1.89,1.89,190.4,0.6,False
TX-C2-001242,usr-C2-0089,C2,False,ALLOW,3971.96,2309.28,1.72,0.17,3971.96,13270.11,1,False,447,1,Bills Payment,registered_biller,20,5,6,14,mobile_ios,Boracay resort beachfront room balance checkout,True,legit,False,True,3,1,False,False,False,False,False,False,False,False,False,False,MEETS_DEVICE,109,pin,441,0,1095,False,21,21.9,False,False,False,2.45,2.45,83.6,1.76,False
TX-C2-001243,usr-C2-0052,C2,True,REQUIRE_2FA,12176.41,6957.95,1.75,0.37,12973.74,26572.41,2,False,463,1,Remittance,third_party_individual,21,6,7,11,mobile_android,cyber investigation ransomware decrypter kye advance purchase,True,scam,True,False,649,1,False,False,False,False,False,False,False,False,False,False,MEETS_STRONG,268,pin,26,0,7,True,9,7.0,False,False,False,2.4,2.4,277.3,0.52,False
TX-C2-001244,usr-C2-0081,C2,False,ALLOW,104.39,745.65,0.14,0.17,104.39,345.56,1,False,423,1,Savings,own_account,23,2,4,0,mobile_ios,,False,none,False,False,734,1,False,False,False,False,False,False,False,False,False,False,MEETS_STRONG,152,biometric,377,0,495,False,44,10.2,False,False,False,1.93,1.93,97.0,1.19,False
TX-C2-001245,usr-C2-0045,C2,False,ALLOW,4866.61,3802.04,1.28,0.47,4866.61,10484.64,1,False,79,1,Savings,own_account,12,1,4,10,mobile_android,,False,none,False,False,105,1,False,False,False,False,False,False,True,False,False,False,MEETS_STRONG,95,biometric,531,0,638,False,17,23.0,False,False,False,2.06,2.06,44.6,2.77,False
TX-C2-001246,usr-C2-0089,C2,False,ALLOW,184.74,2309.28,0.08,0.33,184.74,421.04,1,False,326,1,Remittance,business,20,2,6,14,mobile_ios,,False,none,False,False,575,1,False,False,False,False,False,False,True,False,False,False,MEETS_STRONG,132,pin,304,0,350,False,40,11.8,False,False,False,1.69,1.69,284.1,0.36,False
TX-C2-001247,usr-C2-0001,C2,False,ALLOW,28289.65,8176.2,3.46,0.15,28289.65,45546.52,1,False,108,1,Savings,own_account,12,2,5,3,mobile_android,,False,none,False,False,183,1,False,False,False,False,False,False,False,False,False,False,MEETS_STRONG,167,biometric,482,0,1640,False,25,19.5,False,False,False,0.58,0.58,50.8,0.69,False
TX-C2-001248,usr-C2-0090,C2,False,ALLOW,9513.82,7207.44,1.32,0.06,9513.82,31551.65,2,False,266,1,Funds Transfer,third_party_individual,2,0,17,9,mobile_android,,False,none,False,False,727,1,False,False,False,False,False,False,False,False,False,False,MISSING,60,biometric,90,0,720,False,25,10.0,False,False,False,2.31,2.31,248.9,0.56,False
TX-C2-001249,usr-C2-0006,C2,False,ALLOW,599.42,922.19,0.65,0.2,599.42,1295.03,2,False,106,1,Funds Transfer,registered_biller,17,6,1,9,mobile_ios,,False,none,False,False,276,1,False,False,False,False,False,True,False,False,False,False,MEETS_STRONG,145,pin,587,0,1875,False,43,20.5,False,False,False,1.69,1.69,116.7,0.87,False
TX-C2-001250,usr-C2-0052,C2,True,REQUIRE_2FA,9741.13,6957.95,1.4,0.69,10540.85,26390.95,4,True,0,24,Remittance,third_party_individual,8,3,6,11,mobile_android,,False,none,False,False,649,4,False,False,False,False,False,False,True,False,False,False,MEETS_STRONG,454,pin,38,0,1693,True,7,11.0,False,False,False,1.54,1.54,147.1,0.63,False
TX-C2-001251,usr-C2-0076,C2,False,ALLOW,552.45,1973.04,0.28,0.36,552.45,1272.4,1,False,102,1,Remittance,third_party_individual,17,1,6,7,mobile_ios,Quarterly hare,True,neutral,False,False,557,1,False,False,False,False,False,False,False,False,False,False,MEETS_STRONG,38,biometric,482,0,453,False,12,21.5,False,False,False,1.6,1.6,77.1,1.25,False
TX-C2-001252,usr-C2-0028,C2,False,ALLOW,3120.77,3029.87,1.03,0.09,3120.77,8872.88,1,False,232,1,Funds Transfer,third_party_individual,21,6,5,10,mobile_android,,False,none,False,False,830,1,False,False,False,False,False,False,False,False,False,False,MEETS_STRONG,92,biometric,41,0,843,True,44,7.4,False,False,False,1.87,1.87,146.3,0.77,False
TX-C2-001253,usr-C2-0051,C2,False,ALLOW,3086.28,2660.59,1.16,0.09,3086.28,7036.11,2,False,180,1,Savings,own_account,22,1,11,4,mobile_android,,False,none,False,False,686,1,False,False,False,False,False,False,False,False,False,False,MEETS_STRONG,18,biometric,333,0,631,False,25,9.9,False,False,False,1.07,1.07,15.9,4.04,False
TX-C2-001254,usr-C2-0019,C2,False,ALLOW,1129.37,688.64,1.64,0.49,1129.37,3432.68,1,False,588,1,Funds Transfer,registered_biller,2,1,18,0,mobile_ios,,False,none,False,False,439,1,False,False,False,False,False,False,False,False,False,False,MEETS_DEVICE,27,biometric,466,0,934,False,40,5.9,False,False,False,1.47,1.47,166.2,0.53,False
TX-C2-001255,usr-C2-0021,C2,False,ALLOW,2326.68,3277.01,0.71,0.21,2326.68,4341.36,1,True,0,1,Savings,own_account,15,1,6,5,mobile_ios,,False,none,False,False,303,1,False,False,False,False,False,False,False,False,False,False,MEETS_STRONG,60,biometric,294,0,896,False,26,14.3,False,False,False,1.91,1.91,100.1,1.14,False
TX-C2-001256,usr-C2-0081,C2,True,BLOCK,7210.44,745.65,9.67,0.75,7477.38,21478.1,4,False,520,15,Bills Payment,registered_biller,5,0,14,14,mobile_ios,,False,none,False,True,4,1,False,True,False,False,False,False,False,False,False,False,FAILED,476,biometric,17,0,1724,True,9,22.5,False,False,False,3238.44,3238.44,10.6,18330.79,True
TX-C2-001257,usr-C2-0044,C2,False,ALLOW,7705.51,4786.03,1.61,0.36,7705.51,18643.8,1,False,215,1,Funds Transfer,own_account,5,5,13,3,mobile_ios,,False,none,False,False,873,1,False,False,False,False,False,False,False,False,False,False,MEETS_DEVICE,21,pin,387,0,208,True,30,21.1,False,False,False,668.35,668.35,359.5,111.55,False
TX-C2-001258,usr-C2-0057,C2,False,ALLOW,3573.38,3469.3,1.03,0.42,3573.38,4675.57,1,False,117,1,Remittance,third_party_individual,23,2,7,13,mobile_ios,,False,none,False,False,191,1,False,False,False,False,False,False,False,False,False,False,MEETS_DEVICE,142,biometric,529,0,1768,False,34,21.9,False,False,False,0.98,0.98,182.8,0.32,False
TX-C2-001259,usr-C2-0076,C2,False,ALLOW,2328.19,1973.04,1.18,0.23,2328.19,6905.82,1,True,2,1,Funds Transfer,own_account,22,3,11,13,mobile_ios,,False,none,False,False,557,1,False,False,False,False,False,False,False,False,False,False,MEETS_DEVICE,138,biometric,171,0,1056,False,36,14.8,False,False,False,1.03,1.03,84.0,0.74,False
TX-C2-001260,usr-C2-0053,C2,False,ALLOW,941.52,677.35,1.39,0.23,941.52,1873.74,1,False,118,1,Savings,own_account,9,1,10,6,mobile_android,,False,none,False,False,76,1,True,False,False,False,False,False,True,False,False,False,MEETS_BASIC,143,biometric,338,0,1104,False,32,13.1,False,False,False,1.64,1.64,107.5,0.92,False
TX-C2-001261,usr-C2-0011,C2,False,ALLOW,2650.0,500.0,5.3,0.4,2650.0,6572.92,1,True,2,1,Funds Transfer,own_account,2,0,19,1,mobile_android,,False,none,False,False,136,1,False,False,False,False,False,False,False,False,False,False,MEETS_STRONG,43,biometric,542,0,215,True,16,8.5,False,False,False,1.75,1.75,258.9,0.41,False
TX-C2-001262,usr-C2-0002,C2,False,ALLOW,365.8,4064.42,0.09,0.25,365.8,930.86,1,False,386,1,Savings,own_account,8,5,2,3,mobile_ios,,False,none,False,False,338,1,False,False,False,False,False,False,True,False,False,False,MEETS_STRONG,165,pin,164,0,1987,False,42,20.5,False,False,False,1.58,1.58,229.9,0.41,False
TX-C2-001263,usr-C2-0015,C2,False,ALLOW,8625.76,8892.54,0.97,0.22,8625.76,10856.12,2,False,261,1,Bills Payment,registered_biller,9,6,0,11,mobile_ios,,False,none,False,False,234,1,True,False,False,False,False,False,True,False,False,False,MEETS_BASIC,109,pin,543,0,194,False,31,10.6,False,True,True,1.54,1.54,134.7,0.69,False
TX-C2-001264,usr-C2-0049,C2,False,ALLOW,14444.94,8807.89,1.64,0.46,14444.94,37864.26,1,False,315,1,Savings,own_account,19,0,9,4,mobile_ios,,False,none,False,False,320,1,False,False,False,False,False,False,False,False,False,False,MEETS_DEVICE,142,biometric,41,0,1498,True,23,16.9,False,False,False,0.36,0.36,240.8,0.09,False
TX-C2-001265,usr-C2-0035,C2,False,ALLOW,2561.66,2208.33,1.16,0.11,2561.66,6665.76,1,False,138,1,Bills Payment,registered_biller,16,4,0,1,mobile_ios,,False,none,False,False,740,1,False,False,False,False,False,False,True,False,False,False,MEETS_STRONG,28,biometric,89,0,1156,True,45,23.7,False,False,False,1.11,1.11,199.7,0.33,False
TX-C2-001266,usr-C2-0086,C2,False,ALLOW,3487.99,2859.01,1.22,0.12,3487.99,11851.49,1,False,323,1,Savings,own_account,12,0,6,9,mobile_ios,Transfer ref ID 10938,True,neutral,False,False,823,1,False,False,False,False,False,False,False,False,False,False,MEETS_DEVICE,55,biometric,296,0,806,False,31,10.1,False,False,False,0.92,0.92,263.9,0.21,False
TX-C2-001267,usr-C2-0064,C2,False,ALLOW,4934.37,3524.55,1.4,0.09,4934.37,7908.53,1,False,478,1,Bills Payment,registered_biller,1,1,15,7,mobile_ios,Cebu Pacific baggage allowance and seat selector add on,True,legit,False,False,557,1,False,False,False,False,False,False,False,False,False,False,MEETS_DEVICE,11,pin,593,0,604,True,41,14.8,False,False,False,1.21,1.21,231.7,0.31,False
TX-C2-001268,usr-C2-0012,C2,False,ALLOW,5137.23,3113.47,1.65,0.17,5137.23,16095.53,1,False,242,1,Bills Payment,registered_biller,15,6,4,9,mobile_android,,False,none,False,False,376,1,False,False,False,False,False,False,False,False,False,False,MEETS_STRONG,166,biometric,504,0,1612,False,19,8.1,False,False,False,2.08,2.08,129.2,0.97,False
TX-C2-001269,usr-C2-0005,C2,True,REQUIRE_2FA,9370.42,2505.46,3.74,0.4,12448.7,36537.59,4,True,3,1,Savings,own_account,4,0,7,35,mobile_android,,False,none,False,False,765,1,False,False,False,False,False,False,True,False,False,False,MEETS_STRONG,440,biometric,7,0,354,True,10,17.6,False,False,False,2.14,2.14,20.2,6.36,False
TX-C2-001270,usr-C2-0037,C2,True,REQUIRE_2FA,3998.57,1346.32,2.97,0.74,5458.92,18833.59,2,True,1,21,Funds Transfer,own_account,22,2,8,0,mobile_android,,False,none,False,False,895,1,False,False,False,False,False,False,False,False,False,False,MEETS_STRONG,194,pin,40,0,1960,True,4,20.4,False,False,False,2.16,2.16,146.8,0.88,False
TX-C2-001271,usr-C2-0023,C2,False,ALLOW,432.8,1545.72,0.28,0.42,432.8,1042.15,1,True,1,1,Savings,own_account,6,6,7,9,mobile_android,,False,none,False,False,706,1,False,False,False,False,False,False,False,False,False,False,MEETS_STRONG,75,pin,432,0,1082,True,36,19.0,False,False,False,1.88,1.88,248.5,0.45,False
TX-C2-001272,usr-C2-0036,C2,True,REQUIRE_2FA,11177.26,7983.76,1.4,0.33,13094.43,35858.75,5,False,194,18,Bills Payment,third_party_individual,23,0,12,11,mobile_android,Digital gold pawnshop collateral advance buyout fee,True,scam,True,False,492,1,True,False,False,False,False,False,True,False,False,False,MEETS_BASIC,238,biometric,27,0,24,False,5,9.8,False,False,False,2.23,2.23,125.0,1.07,False
TX-C2-001273,usr-C2-0047,C2,False,ALLOW,1698.36,2071.17,0.82,0.24,1698.36,3858.95,1,False,296,1,Savings,own_account,0,2,9,3,mobile_ios,,False,none,False,False,544,1,False,False,False,False,False,False,False,False,False,False,MEETS_DEVICE,162,pin,531,0,292,False,30,20.1,False,False,False,2.21,2.21,41.6,3.19,False
TX-C2-001274,usr-C2-0025,C2,True,REQUIRE_2FA,6942.36,5737.49,1.21,0.84,6949.38,23038.75,6,False,102,1,Bills Payment,third_party_individual,15,6,3,8,mobile_android,,False,none,False,True,1,2,True,False,False,False,False,False,True,False,False,False,MEETS_BASIC,443,password,44,2,9,True,8,10.3,False,False,False,1.35,1.35,152.4,0.53,False
TX-C2-001275,usr-C2-0067,C2,False,ALLOW,5783.41,4483.26,1.29,0.42,5783.41,10799.84,1,False,485,1,Funds Transfer,business,9,0,10,6,mobile_ios,,False,none,False,False,893,1,False,False,False,False,False,False,False,False,False,False,MEETS_STRONG,31,pin,164,0,749,False,25,23.2,False,False,False,1.17,1.17,175.7,0.4,False
TX-C2-001276,usr-C2-0023,C2,False,ALLOW,278.23,1545.72,0.18,0.47,278.23,937.06,2,False,583,1,Funds Transfer,own_account,13,3,0,1,mobile_android,,False,none,False,False,706,1,False,False,False,False,False,False,False,False,False,False,MEETS_DEVICE,134,pin,217,0,1733,False,44,10.1,False,False,False,2.3,2.3,267.4,0.52,False
TX-C2-001277,usr-C2-0006,C2,False,ALLOW,350.43,922.19,0.38,0.29,350.43,476.59,1,False,135,1,Bills Payment,registered_biller,9,3,9,14,mobile_ios,,False,none,False,False,276,1,False,False,False,False,False,False,False,False,False,False,MEETS_DEVICE,30,biometric,528,0,951,False,28,15.6,False,False,False,1.15,1.15,224.8,0.31,False
TX-C2-001278,usr-C2-0079,C2,False,ALLOW,875.0,500.0,1.75,0.28,875.0,2686.47,1,True,2,1,Savings,own_account,11,1,2,12,mobile_ios,Makati Medical Center Pediatric Checkup And Immunizaion,True,legit,False,False,865,1,False,False,False,False,False,False,False,False,False,False,MEETS_DEVICE,128,biometric,208,0,1223,False,42,8.3,False,False,False,1.73,1.73,222.7,0.47,False
TX-C2-001279,usr-C2-0016,C2,False,ALLOW,800.0,500.0,1.6,0.1,800.0,1833.83,1,False,598,1,Remittance,business,20,0,3,3,mobile_android,,False,none,False,False,864,1,False,False,False,False,False,False,False,False,False,False,MEETS_STRONG,30,biometric,236,0,1213,True,39,8.6,False,False,False,1.04,1.04,188.5,0.33,False
TX-C2-001280,usr-C2-0005,C2,False,ALLOW,2179.75,2505.46,0.87,0.08,2179.75,5710.37,1,False,295,1,Funds Transfer,registered_biller,12,0,1,4,mobile_ios,Aluminum glass slidinng window fabrication deposit,True,legit,False,False,765,1,True,False,False,False,False,False,True,False,False,False,MEETS_BASIC,86,biometric,307,0,1268,True,20,15.8,False,True,True,2.22,2.22,53.1,2.51,False
TX-C2-001281,usr-C2-0066,C2,True,REQUIRE_2FA,5070.38,2726.01,1.86,0.9,6934.42,13905.4,4,True,0,1,Remittance,third_party_individual,10,5,1,7,mobile_ios,,False,none,False,False,391,6,True,False,False,False,False,False,True,False,False,False,MEETS_BASIC,383,password,54,3,18,True,10,12.2,False,False,False,1.36,1.36,186.3,0.44,False
TX-C2-001282,usr-C2-0069,C2,False,ALLOW,5668.96,3729.58,1.52,0.22,5668.96,12269.2,1,False,352,1,Funds Transfer,third_party_individual,18,4,3,12,mobile_ios,,False,none,False,False,812,1,False,False,False,False,False,False,False,False,False,False,MEETS_DEVICE,111,biometric,563,0,1676,False,33,19.8,False,False,False,1.33,1.33,169.0,0.47,False
TX-C2-001283,usr-C2-0054,C2,False,ALLOW,1524.32,896.66,1.7,0.12,1524.32,2413.39,1,False,99,1,Funds Transfer,own_account,13,2,5,2,mobile_ios,Automobile transmission overhaul labor and fluid replacement,True,legit,False,False,456,1,False,False,False,False,False,False,False,False,False,False,MEETS_DEVICE,160,biometric,57,0,192,False,28,13.0,False,False,False,1.2,1.2,94.1,0.77,False
TX-C2-001284,usr-C2-0040,C2,False,ALLOW,1918.34,4795.86,0.4,0.09,1918.34,4441.27,1,False,230,1,Bills Payment,registered_biller,23,6,2,3,mobile_android,,False,none,False,False,235,1,False,False,False,False,False,False,False,False,False,False,MEETS_DEVICE,110,biometric,475,0,759,True,43,17.2,False,False,False,2.38,2.38,21.1,6.77,False
TX-C2-001285,usr-C2-0069,C2,False,ALLOW,186.48,3729.58,0.05,0.02,186.48,608.02,1,False,107,1,Savings,own_account,17,0,2,8,mobile_ios,,False,none,False,False,812,1,False,False,False,False,False,False,False,False,False,False,MEETS_STRONG,85,biometric,392,0,227,False,21,7.7,False,False,False,2.6,2.6,120.0,1.3,False
TX-C2-001286,usr-C2-0075,C2,False,ALLOW,1185.0,3703.13,0.32,0.25,1185.0,4035.63,1,False,418,1,Funds Transfer,business,5,2,16,2,mobile_android,Homeowners association special assessment for flood gatee repair,True,legit,True,False,371,1,True,False,False,False,False,False,True,False,False,False,MEETS_BASIC,15,pin,256,0,706,False,36,10.3,False,False,False,2.37,2.37,171.1,0.83,False
TX-C2-001287,usr-C2-0088,C2,False,ALLOW,7765.6,7059.64,1.1,0.19,7765.6,11159.4,1,True,0,1,Bills Payment,registered_biller,14,2,2,1,mobile_ios,,False,none,False,False,708,1,False,False,False,False,False,False,False,False,False,False,MEETS_DEVICE,43,biometric,571,0,905,True,45,10.8,False,False,False,2.59,2.59,76.4,2.03,False
TX-C2-001288,usr-C2-0046,C2,True,REQUIRE_2FA,100708.15,15711.1,6.41,0.34,130932.34,398813.54,2,True,2,10,Remittance,business,7,0,14,176,mobile_ios,,False,none,False,True,0,1,False,False,False,False,False,False,False,False,False,False,MEETS_DEVICE,284,biometric,39,0,15,True,9,5.4,False,True,False,2.42,2.42,244.3,0.59,False
TX-C2-001289,usr-C2-0037,C2,False,ALLOW,1211.69,1346.32,0.9,0.24,1211.69,1856.09,1,True,2,1,Savings,own_account,10,2,4,2,mobile_ios,,False,none,False,False,895,1,False,False,False,False,False,False,False,False,False,False,MEETS_DEVICE,14,biometric,421,0,1119,True,21,17.4,False,False,False,1.42,1.42,178.4,0.48,False
TX-C2-001290,usr-C2-0002,C2,False,ALLOW,1991.57,4064.42,0.49,0.26,1991.57,4645.71,1,False,552,1,Bills Payment,registered_biller,17,5,7,14,mobile_ios,Homeowners Association Special Assessment For Flood Gate Repair,True,legit,True,False,338,1,False,False,False,False,False,False,True,False,False,False,MEETS_STRONG,53,biometric,381,0,536,False,41,21.9,False,False,False,1.49,1.49,248.4,0.36,False
TX-C2-001291,usr-C2-0027,C2,False,ALLOW,1236.48,2943.99,0.42,0.13,1236.48,3606.87,1,False,252,1,Funds Transfer,third_party_individual,8,3,3,4,mobile_ios,,False,none,False,False,725,1,False,False,False,False,False,False,False,False,False,False,MEETS_STRONG,36,biometric,153,0,1517,False,29,20.1,False,False,False,2.35,2.35,181.4,0.78,False
TX-C2-001292,usr-C2-0075,C2,False,ALLOW,5369.54,3703.13,1.45,0.41,5369.54,6950.11,1,False,35,1,Funds Transfer,business,12,4,9,4,mobile_ios,,False,none,False,False,371,1,False,False,False,False,False,False,False,False,False,False,MEETS_DEVICE,46,pin,209,0,1112,False,13,6.7,False,False,False,2.09,2.09,131.2,0.96,False
TX-C2-001293,usr-C2-0079,C2,False,ALLOW,775.0,500.0,1.55,0.38,775.0,1238.53,1,True,2,1,Bills Payment,registered_biller,6,4,3,12,mobile_android,,False,none,False,False,865,1,False,False,False,False,False,False,False,False,False,False,MEETS_STRONG,22,biometric,281,0,1159,False,25,12.5,False,False,False,2.86,2.86,111.3,1.54,False
TX-C2-001294,usr-C2-0028,C2,False,ALLOW,1211.95,3029.87,0.4,0.16,1211.95,2801.04,1,False,78,1,Savings,own_account,10,4,6,5,mobile_android,,False,none,False,False,830,1,False,False,False,False,False,False,False,False,False,False,MEETS_DEVICE,66,pin,59,0,1411,True,43,20.1,False,False,False,2.89,2.89,277.1,0.63,False
TX-C2-001295,usr-C2-0087,C2,False,ALLOW,6825.21,5833.51,1.17,0.32,6825.21,10182.08,1,False,219,1,Savings,own_account,17,3,3,6,mobile_android,,False,none,False,False,93,1,False,False,False,False,False,False,False,False,False,False,MEETS_DEVICE,41,pin,563,0,922,False,36,22.7,False,False,False,0.53,0.53,33.3,0.95,False
TX-C2-001296,usr-C2-0065,C2,False,ALLOW,1155.43,4279.38,0.27,0.23,1155.43,1407.36,1,True,3,1,Bills Payment,registered_biller,20,0,5,5,mobile_ios,,False,none,False,False,122,1,False,False,False,False,False,False,False,False,False,False,MEETS_STRONG,95,biometric,445,0,1894,False,20,19.7,False,False,False,1.75,1.75,217.4,0.48,False
TX-C2-001297,usr-C2-0001,C2,False,ALLOW,9974.96,8176.2,1.22,0.09,9974.96,28173.59,1,False,500,1,Bills Payment,registered_biller,4,2,13,7,mobile_ios,Deposit settlement,True,neutral,False,False,183,1,False,False,False,False,False,False,False,False,False,False,MEETS_STRONG,62,biometric,483,0,381,False,17,19.7,False,False,False,2.31,2.31,74.7,1.86,False
TX-C2-001298,usr-C2-0059,C2,False,ALLOW,3622.69,3044.28,1.19,0.29,3622.69,8471.12,2,False,35,1,Remittance,business,9,2,6,9,mobile_android,,False,none,False,False,383,1,False,False,False,False,False,False,False,False,False,False,MEETS_STRONG,15,biometric,314,0,1518,True,38,10.1,False,False,False,1.75,1.75,209.3,0.5,False
TX-C2-001299,usr-C2-0081,C2,False,ALLOW,290.8,745.65,0.39,0.28,290.8,422.97,1,False,254,1,Remittance,third_party_individual,14,6,5,2,mobile_android,Piano Regulation Tuning And Hammer Replacement Service,True,legit,True,False,734,1,False,False,False,False,False,False,False,False,False,False,MEETS_DEVICE,11,biometric,128,0,1234,False,39,20.2,False,False,False,2.18,2.18,183.3,0.71,False
TX-C2-001300,usr-C2-0016,C2,True,REQUIRE_2FA,1960.0,500.0,3.92,0.62,2587.86,3494.33,2,False,585,17,Bills Payment,third_party_individual,8,2,9,155,mobile_android,structural engineer soli test inspection certification fee,True,legit,True,False,864,1,False,False,False,False,False,False,False,False,False,False,MISSING,60,biometric,90,0,720,False,25,10.0,False,False,False,1.32,1.32,109.5,0.72,False
TX-C2-001301,usr-C2-0027,C2,False,ALLOW,3061.75,2943.99,1.04,0.23,3061.75,10558.63,2,False,536,1,Bills Payment,registered_biller,5,1,6,14,mobile_ios,,False,none,False,False,725,1,False,False,False,False,False,False,False,False,False,False,MEETS_STRONG,38,biometric,518,0,1916,True,45,22.6,False,False,False,1.36,1.36,55.0,1.48,False
TX-C2-001302,usr-C2-0011,C2,False,ALLOW,800.0,500.0,1.6,0.34,800.0,2761.14,2,True,2,1,Funds Transfer,registered_biller,6,5,15,4,mobile_android,,False,none,False,False,136,1,False,False,False,False,False,False,False,False,False,False,MEETS_DEVICE,90,pin,451,0,591,False,37,12.6,False,False,False,1.51,1.51,263.4,0.34,False
TX-C2-001303,usr-C2-0080,C2,False,ALLOW,977.54,865.08,1.13,0.31,977.54,2251.42,1,False,131,1,Bills Payment,registered_biller,22,5,4,14,mobile_ios,,False,none,False,False,456,1,False,False,False,False,False,False,False,False,False,False,MEETS_STRONG,149,pin,433,0,322,False,38,13.0,False,False,False,1.57,1.57,246.0,0.38,False
TX-C2-001304,usr-C2-0013,C2,False,ALLOW,3438.56,2585.38,1.33,0.2,3438.56,5488.43,1,False,20,1,Remittance,business,21,4,5,1,mobile_android,,False,none,False,False,742,1,False,False,False,False,False,False,False,False,False,False,MEETS_STRONG,176,pin,310,0,1322,False,41,12.1,False,False,False,1.77,1.77,89.3,1.19,False
TX-C2-001305,usr-C2-0022,C2,False,ALLOW,2065.85,4804.3,0.43,0.16,2065.85,5332.73,1,False,357,1,Bills Payment,registered_biller,4,5,7,14,mobile_android,Philippine Airlines roundtrip flight booking confirmation,True,legit,False,False,646,1,False,False,False,False,False,False,False,False,False,False,MEETS_STRONG,150,pin,253,0,571,False,31,10.2,False,False,False,0.35,0.35,124.6,0.17,False
TX-C2-001306,usr-C2-0022,C2,False,ALLOW,1104.99,4804.3,0.23,0.15,1104.99,2839.21,2,False,361,1,Bills Payment,registered_biller,19,0,8,8,mobile_android,Ballet dance academy annual recital participation fee,True,legit,False,False,646,1,False,False,False,False,False,False,False,False,False,False,MEETS_DEVICE,61,biometric,33,0,1036,True,17,24.5,False,False,False,1.82,1.82,204.0,0.54,False
TX-C2-001307,usr-C2-0011,C2,False,ALLOW,690.0,500.0,1.38,0.35,690.0,1960.33,1,False,584,1,Savings,own_account,8,6,13,0,mobile_ios,,False,none,False,False,136,1,False,False,False,False,False,False,False,False,False,False,MEETS_DEVICE,83,biometric,429,0,263,False,21,22.9,False,False,False,2.06,2.06,62.8,1.97,False
TX-C2-001308,usr-C2-0088,C2,False,ALLOW,10730.65,7059.64,1.52,0.4,10730.65,26838.8,1,False,486,1,Funds Transfer,third_party_individual,1,5,15,3,mobile_ios,,False,none,False,False,708,1,False,False,False,False,False,False,False,False,False,False,MEETS_DEVICE,48,pin,397,0,631,False,41,23.0,False,False,False,2.39,2.39,110.5,1.3,False
TX-C2-001309,usr-C2-0002,C2,False,ALLOW,3332.82,4064.42,0.82,0.42,3332.82,6057.99,1,True,2,1,Savings,own_account,19,0,9,3,mobile_ios,,False,none,False,False,338,1,False,False,False,False,False,False,False,False,False,False,MEETS_DEVICE,169,pin,110,0,1201,False,38,10.7,False,False,False,1.85,1.85,36.6,3.03,False
TX-C2-001310,usr-C2-0020,C2,False,ALLOW,8346.09,7948.66,1.05,0.03,8346.09,21576.22,1,False,58,1,Savings,own_account,4,3,12,2,mobile_android,,False,none,False,False,221,1,False,False,False,False,False,False,False,False,False,False,MEETS_STRONG,120,biometric,549,0,673,False,35,23.3,False,False,False,2.31,2.31,30.0,4.62,False
TX-C2-001311,usr-C2-0053,C2,True,REQUIRE_2FA,1246.32,677.35,1.84,0.63,1859.49,5617.09,7,True,0,17,Savings,own_account,14,6,5,9,mobile_ios,,False,none,False,True,3,1,True,False,False,False,False,False,True,True,False,False,MEETS_BASIC,306,biometric,49,0,1395,True,10,90.3,False,False,False,2.61,2.61,284.7,0.55,False
TX-C2-001312,usr-C2-0051,C2,False,ALLOW,2234.9,2660.59,0.84,0.27,2234.9,6149.12,1,False,578,1,Savings,own_account,10,4,1,14,mobile_android,pang dagdag sa savinggs,True,neutral,False,False,686,1,False,False,False,False,False,False,False,False,False,False,MEETS_DEVICE,59,pin,595,0,1466,False,25,23.3,False,False,False,1.73,1.73,65.2,1.59,False
TX-C2-001313,usr-C2-0074,C2,False,ALLOW,676.83,1781.14,0.38,0.03,676.83,1812.65,1,False,235,1,Savings,own_account,23,0,8,14,mobile_android,Ergonomic mesh office chair delivery payment,True,legit,False,False,551,1,False,False,False,False,False,False,False,False,False,False,MEETS_STRONG,160,pin,162,0,1367,True,13,6.4,False,False,False,2.36,2.36,266.8,0.53,False
TX-C2-001314,usr-C2-0061,C2,True,REQUIRE_2FA,1385.0,500.0,2.77,0.93,2065.01,5346.65,6,True,3,1,Bills Payment,registered_biller,17,6,6,140,mobile_android,,False,none,False,False,283,2,False,False,False,False,False,False,False,False,False,False,MEETS_DEVICE,325,pin,48,0,1912,True,9,6.7,False,False,False,2.42,2.42,36.3,4.0,False
TX-C2-001315,usr-C2-0079,C2,False,ALLOW,605.0,500.0,1.21,0.08,605.0,2048.01,1,True,1,1,Funds Transfer,business,23,4,14,9,mobile_ios,comprehensive automotive insurance policy premium renewal,True,legit,False,False,865,1,False,False,False,False,False,False,False,False,False,False,MEETS_DEVICE,68,biometric,175,0,1439,False,43,11.0,False,False,False,1.32,1.32,40.8,1.94,False
TX-C2-001316,usr-C2-0027,C2,False,ALLOW,5004.78,2943.99,1.7,0.13,5004.78,9911.3,1,True,2,1,Funds Transfer,business,16,2,5,8,mobile_ios,statement reference 4421,True,neutral,False,False,725,1,False,False,False,False,False,False,False,False,False,False,MEETS_STRONG,71,pin,485,0,1675,False,23,23.6,False,False,False,1.94,1.94,205.8,0.57,False
TX-C2-001317,usr-C2-0050,C2,False,ALLOW,253.84,1692.29,0.15,0.19,253.84,396.66,2,False,82,1,Savings,own_account,14,6,3,6,mobile_ios,,False,none,False,False,311,1,False,False,False,False,False,False,True,False,False,False,MEETS_STRONG,170,biometric,89,0,291,False,31,6.3,False,False,False,1.96,1.96,113.1,1.04,False
TX-C2-001318,usr-C2-0023,C2,False,ALLOW,1128.38,1545.72,0.73,0.06,1128.38,2596.54,1,False,347,1,Funds Transfer,own_account,4,6,9,13,mobile_android,,False,none,False,False,706,1,False,False,False,False,False,False,True,False,False,False,MEETS_DEVICE,32,biometric,44,0,1972,False,15,20.2,False,False,False,2.28,2.28,251.2,0.54,False
TX-C2-001319,usr-C2-0057,C2,False,ALLOW,936.71,3469.3,0.27,0.12,936.71,1480.4,1,False,317,1,Funds Transfer,registered_biller,7,5,9,3,mobile_ios,Deposit Settlement,True,neutral,False,False,191,1,False,False,False,False,False,False,False,False,False,False,MEETS_STRONG,16,biometric,208,0,1059,False,17,19.8,False,True,True,1.83,1.83,269.8,0.41,False
TX-C2-001320,usr-C2-0051,C2,True,REQUIRE_2FA,3857.86,2660.59,1.45,0.5,4516.96,8325.58,7,True,0,1,Bills Payment,registered_biller,9,6,2,5,mobile_ios,Structural engineer soil test inspection certification fee,True,legit,True,False,686,1,False,False,False,False,False,True,False,False,False,False,MEETS_STRONG,364,biometric,37,0,1,False,9,7.5,False,True,True,2.01,2.01,24.5,4.92,False
TX-C2-001321,usr-C2-0084,C2,False,ALLOW,2178.07,4445.05,0.49,0.13,2178.07,7296.51,1,True,1,1,Savings,own_account,23,6,5,13,mobile_ios,,False,none,False,False,62,1,False,False,False,False,False,False,False,True,False,False,MEETS_STRONG,157,pin,186,0,1021,False,16,37.0,False,False,False,1.55,1.55,107.7,0.86,False
TX-C2-001322,usr-C2-0088,C2,False,ALLOW,11930.79,7059.64,1.69,0.06,11930.79,26247.34,1,True,2,1,Funds Transfer,business,18,4,2,14,mobile_android,,False,none,False,False,708,1,True,False,False,False,False,False,True,False,False,False,MEETS_BASIC,38,biometric,277,0,732,False,39,9.1,False,False,False,0.9,0.9,83.7,0.65,False
TX-C2-001323,usr-C2-0060,C2,False,ALLOW,480.82,788.23,0.61,0.06,480.82,1663.03,1,False,574,1,Savings,own_account,3,6,11,2,mobile_android,Rotary club international annual membership dues,True,legit,False,False,138,1,True,False,False,False,False,False,True,False,False,False,MEETS_BASIC,97,biometric,76,0,478,True,42,24.1,False,False,False,2.12,2.12,154.9,0.82,False
TX-C2-001324,usr-C2-0018,C2,True,REQUIRE_2FA,7322.17,3915.6,1.87,0.91,7461.43,23266.62,5,True,0,1,Remittance,third_party_individual,12,5,2,14,mobile_ios,Deposit settlement,True,neutral,False,True,0,1,False,False,False,False,False,False,False,False,False,False,MEETS_STRONG,367,biometric,46,0,1764,True,6,19.7,False,False,False,1.5,1.5,46.8,1.92,False
TX-C2-001325,usr-C2-0067,C2,False,ALLOW,2510.63,4483.26,0.56,0.13,2510.63,5856.54,2,True,2,1,Funds Transfer,registered_biller,19,0,0,3,mobile_android,,False,none,False,False,893,1,False,False,False,False,False,False,False,False,False,False,MEETS_DEVICE,116,biometric,288,0,1136,False,30,9.7,False,True,True,2.24,2.24,280.4,0.48,False
TX-C2-001326,usr-C2-0062,C2,False,ALLOW,4104.0,2549.07,1.61,0.02,4104.0,9783.89,2,False,555,1,Funds Transfer,business,2,1,13,7,mobile_android,,False,none,False,False,660,1,False,False,False,False,False,False,False,False,False,False,MEETS_STRONG,88,biometric,562,0,1772,False,40,8.5,False,False,False,2.08,2.08,78.5,1.59,False
TX-C2-001327,usr-C2-0017,C2,False,ALLOW,912.59,1520.99,0.6,0.14,912.59,2935.11,1,False,314,1,Funds Transfer,registered_biller,12,2,1,5,mobile_ios,,False,none,False,False,225,1,False,False,False,False,False,False,False,False,False,False,MEETS_DEVICE,33,biometric,271,0,1450,False,23,14.5,False,False,False,1.59,1.59,179.8,0.53,False
TX-C2-001328,usr-C2-0034,C2,False,ALLOW,962.74,1046.46,0.92,0.05,962.74,3076.16,2,False,82,1,Bills Payment,registered_biller,4,2,9,12,mobile_android,Baguio heritage hotel weekend accommodation downpayment,True,legit,False,False,823,1,False,False,False,False,False,False,False,False,False,False,MEETS_DEVICE,110,biometric,327,0,1390,False,28,7.3,False,False,False,2.14,2.14,204.3,0.63,False
TX-C2-001329,usr-C2-0019,C2,False,ALLOW,812.6,688.64,1.18,0.49,812.6,1327.42,2,False,154,1,Remittance,third_party_individual,20,2,0,1,mobile_android,,False,none,False,False,439,1,False,False,False,False,False,False,False,False,False,False,MEETS_STRONG,134,biometric,224,0,564,False,26,13.3,False,False,False,1.74,1.74,80.7,1.29,False
TX-C2-001330,usr-C2-0013,C2,False,ALLOW,1240.98,2585.38,0.48,0.25,1240.98,3341.2,1,False,558,1,Bills Payment,registered_biller,0,2,16,2,mobile_ios,,False,none,False,False,742,1,False,False,False,False,False,False,False,False,False,False,MEETS_STRONG,46,biometric,439,0,132,False,31,5.9,False,False,False,0.19,0.19,94.6,0.12,False
TX-C2-001331,usr-C2-0028,C2,False,ALLOW,3787.34,3029.87,1.25,0.11,3787.34,12469.82,1,False,415,1,Remittance,business,19,1,3,5,mobile_android,,False,none,False,False,830,1,False,False,False,False,False,False,False,False,False,False,MEETS_STRONG,164,pin,191,0,938,False,15,6.8,False,False,False,0.53,0.53,140.2,0.23,False
TX-C2-001332,usr-C2-0019,C2,False,ALLOW,922.78,688.64,1.34,0.23,922.78,2740.64,1,False,298,1,Funds Transfer,own_account,8,3,12,7,mobile_android,Cemetery columbarium niche perpetual care maintenance fee,True,legit,True,False,439,1,False,False,False,False,False,False,False,False,False,False,MISSING,60,biometric,90,0,720,False,25,10.0,False,False,False,1.72,1.72,288.3,0.36,False
TX-C2-001333,usr-C2-0090,C2,False,ALLOW,6198.4,7207.44,0.86,0.08,6198.4,19033.8,1,False,66,1,Savings,own_account,7,0,12,0,mobile_ios,Baguio Heritage Hotel Weekend Accommodation Downpayment,True,legit,False,False,727,1,False,False,False,False,False,False,False,False,False,False,MEETS_STRONG,66,pin,219,0,252,True,41,16.1,False,False,False,1.91,1.91,198.2,0.58,False
TX-C2-001334,usr-C2-0015,C2,False,ALLOW,5958.0,8892.54,0.67,0.35,5958.0,18283.54,1,False,322,1,Savings,own_account,16,2,7,12,mobile_android,Taekwondo Martial Arts Academy Monthly Dojo Fee,True,legit,False,False,234,1,False,False,False,False,False,False,False,False,False,False,MISSING,60,biometric,90,0,720,False,25,10.0,False,False,False,1.15,1.15,230.9,0.3,False
TX-C2-001335,usr-C2-0084,C2,False,ALLOW,6889.83,4445.05,1.55,0.43,6889.83,22652.08,1,False,56,1,Savings,own_account,18,1,0,9,mobile_ios,land transportation office motor vehicle registration fee,True,legit,False,False,62,1,False,False,False,False,False,False,False,False,False,False,MEETS_STRONG,12,biometric,493,0,839,False,28,5.2,False,False,False,2.15,2.15,160.5,0.8,False
TX-C2-001336,usr-C2-0020,C2,False,ALLOW,9379.42,7948.66,1.18,0.01,9379.42,32516.97,1,False,524,1,Savings,own_account,20,4,4,10,mobile_ios,,False,none,False,False,221,1,False,False,False,False,False,False,True,False,False,False,MEETS_STRONG,55,pin,338,0,702,False,39,6.7,False,False,False,0.78,0.78,250.9,0.19,False
TX-C2-001337,usr-C2-0051,C2,False,ALLOW,984.42,2660.59,0.37,0.21,984.42,3385.5,2,False,238,1,Bills Payment,registered_biller,6,6,5,9,mobile_android,Wedding photographer prenup photoshoot balance,True,legit,False,False,686,1,False,False,False,False,False,False,False,False,False,False,MEETS_STRONG,123,biometric,201,0,1009,True,32,16.4,False,False,False,2.15,2.15,208.9,0.62,False
TX-C2-001338,usr-C2-0020,C2,False,ALLOW,41094.57,7948.66,5.17,0.22,41094.57,129473.02,1,False,160,1,Savings,own_account,14,5,2,9,mobile_ios,,False,none,False,False,221,1,False,False,False,False,False,False,False,False,False,False,MEETS_DEVICE,155,biometric,511,0,922,False,14,6.0,False,False,False,2.8,2.8,211.3,0.8,False
TX-C2-001339,usr-C2-0017,C2,False,ALLOW,517.14,1520.99,0.34,0.13,517.14,1000.68,1,False,118,1,Bills Payment,registered_biller,8,2,5,10,mobile_ios,,False,none,False,False,225,1,False,False,False,False,False,False,True,False,False,False,MEETS_STRONG,95,biometric,386,0,426,False,32,7.0,False,False,False,1.24,1.24,174.7,0.43,False
TX-C2-001340,usr-C2-0078,C2,True,REQUIRE_2FA,8625.27,4739.16,1.82,0.87,10383.15,24668.71,6,False,394,1,Funds Transfer,registered_biller,22,0,5,3,mobile_android,,False,none,False,False,551,1,False,False,False,False,False,False,True,False,False,True,MEETS_STRONG,462,biometric,13,4,9,True,3,14.9,False,False,False,0.48,0.48,287.6,0.1,False
TX-C2-001341,usr-C2-0050,C2,True,BLOCK,14892.15,1692.29,8.8,0.5,21802.12,35659.15,2,True,3,1,Funds Transfer,own_account,6,5,5,7,mobile_ios,Interbank funds settlement,True,neutral,False,False,311,1,False,False,False,False,False,False,False,False,True,False,MEETS_DEVICE,283,password,37,1,285,True,6,8.3,False,False,False,0.89,0.89,283.0,0.19,False
TX-C2-001342,usr-C2-0018,C2,False,ALLOW,5755.93,3915.6,1.47,0.47,5755.93,7351.38,2,False,579,1,Savings,own_account,11,4,3,6,mobile_android,Veterinaryh ospital emergency cat laparotomy surgery,True,legit,True,False,701,1,True,False,False,False,False,False,True,False,False,False,MEETS_BASIC,175,biometric,436,0,1059,False,43,9.4,False,False,False,1.93,1.93,46.1,2.51,False
TX-C2-001343,usr-C2-0015,C2,False,ALLOW,7558.66,8892.54,0.85,0.48,7558.66,13463.36,1,False,423,1,Funds Transfer,business,8,0,1,3,mobile_ios,,False,none,False,False,234,1,True,False,False,False,False,False,True,False,False,False,MEETS_BASIC,154,biometric,367,0,638,True,23,12.7,False,False,False,2.68,2.68,205.4,0.78,False
TX-C2-001344,usr-C2-0041,C2,False,ALLOW,4039.34,2463.01,1.64,0.28,4039.34,10800.66,1,True,1,1,Funds Transfer,registered_biller,4,0,13,12,mobile_android,,False,none,False,False,399,1,False,False,False,False,False,False,True,False,False,False,MEETS_STRONG,127,biometric,310,0,786,True,35,21.5,False,False,False,2.27,2.27,168.0,0.81,False
TX-C2-001345,usr-C2-0070,C2,False,ALLOW,1583.33,1388.89,1.14,0.13,1583.33,3281.7,2,False,173,1,Savings,own_account,16,3,4,3,mobile_ios,Pre-scchool toddler playgroup term enrollment,True,legit,False,False,605,1,False,False,False,False,False,False,False,False,False,False,MEETS_STRONG,91,biometric,157,0,315,True,33,9.2,False,False,False,1.81,1.81,126.3,0.86,False
TX-C2-001346,usr-C2-0015,C2,False,ALLOW,13338.81,8892.54,1.5,0.31,13338.81,35392.5,1,False,23,1,Remittance,third_party_individual,6,4,3,10,mobile_ios,,False,none,False,False,234,1,True,False,False,False,False,False,True,False,False,False,MEETS_BASIC,95,pin,556,0,1852,False,14,12.7,False,False,False,1.68,1.68,150.4,0.67,False
TX-C2-001347,usr-C2-0078,C2,True,REQUIRE_2FA,8957.01,4739.16,1.89,0.65,12942.6,38376.0,2,True,1,1,Funds Transfer,own_account,19,2,2,63,mobile_android,,False,none,False,False,551,3,False,False,False,True,False,False,False,False,False,False,MEETS_STRONG,378,pin,33,2,1284,True,6,15.8,True,True,True,2.28,2.28,213.4,0.64,False
TX-C2-001348,usr-C2-0014,C2,False,ALLOW,1019.57,3398.58,0.3,0.12,1019.57,1806.42,1,False,589,1,Remittance,third_party_individual,9,6,7,1,mobile_ios,,False,none,False,False,824,1,False,False,False,False,False,False,False,False,False,False,MEETS_DEVICE,13,biometric,335,0,1649,False,16,5.4,False,False,False,0.52,0.52,265.8,0.12,False
TX-C2-001349,usr-C2-0032,C2,False,ALLOW,2985.0,3316.67,0.9,0.29,2985.0,8688.35,1,False,357,1,Funds Transfer,own_account,20,6,7,6,mobile_android,,False,none,False,False,695,1,False,False,False,False,False,False,False,False,False,False,MEETS_STRONG,118,pin,240,0,1943,False,31,9.0,False,False,False,1.57,1.57,39.2,2.4,False
TX-C2-001350,usr-C2-0033,C2,False,ALLOW,8960.98,5430.9,1.65,0.27,8960.98,19713.7,2,False,464,1,Remittance,business,9,3,7,14,mobile_android,,False,none,False,False,220,1,True,False,False,False,False,False,True,False,False,False,MEETS_BASIC,178,pin,31,0,1508,False,14,6.3,False,False,False,1.72,1.72,266.6,0.39,False
TX-C2-001351,usr-C2-0081,C2,True,REQUIRE_2FA,4011.6,745.65,5.38,0.88,4271.15,12976.44,5,True,1,16,Bills Payment,third_party_individual,10,6,9,162,mobile_android,,False,none,False,False,734,6,False,False,False,False,False,False,False,False,False,False,MEETS_STRONG,264,biometric,15,0,5,True,3,23.5,True,False,False,1.06,1.06,20.7,3.07,False
TX-C2-001352,usr-C2-0020,C2,False,ALLOW,3894.84,7948.66,0.49,0.19,3894.84,12950.86,1,False,382,1,Bills Payment,registered_biller,12,0,4,14,mobile_ios,,False,none,False,False,221,1,False,False,False,False,False,False,False,False,False,False,MEETS_STRONG,123,biometric,516,0,992,True,31,6.2,False,False,False,2.33,2.33,208.0,0.67,False
TX-C2-001353,usr-C2-0020,C2,True,REQUIRE_2FA,50315.02,7948.66,6.33,0.56,56510.71,182017.06,2,True,2,1,Savings,own_account,22,0,6,5,mobile_android,,False,none,False,True,5,4,False,False,False,False,False,False,False,False,False,False,MEETS_DEVICE,266,pin,37,0,460,True,10,17.8,False,False,False,2.07,2.07,158.8,0.78,False
TX-C2-001354,usr-C2-0014,C2,False,ALLOW,5131.86,3398.58,1.51,0.3,5131.86,16387.35,1,False,595,1,Remittance,third_party_individual,18,2,2,11,mobile_android,,False,none,False,False,824,1,False,False,False,False,False,False,False,False,False,False,MEETS_STRONG,110,pin,302,0,1166,True,36,22.0,False,False,False,2.68,2.68,114.0,1.41,False
TX-C2-001355,usr-C2-0025,C2,False,ALLOW,7860.36,5737.49,1.37,0.39,7860.36,19113.02,1,False,201,1,Funds Transfer,own_account,8,0,10,5,mobile_android,Deep well submersible water pump repair labor,True,legit,True,False,391,1,True,False,False,False,False,False,True,True,False,False,MEETS_BASIC,48,pin,275,0,495,False,43,99.4,False,False,False,1.41,1.41,35.6,2.38,False
TX-C2-001356,usr-C2-0026,C2,False,ALLOW,4587.02,2940.4,1.56,0.19,4587.02,15327.9,1,False,333,1,Remittance,business,7,5,3,8,mobile_ios,,False,none,False,False,88,1,False,False,False,False,False,False,False,False,False,False,MEETS_DEVICE,114,biometric,412,0,1239,False,32,16.4,False,False,False,1.42,1.42,201.1,0.42,False
TX-C2-001357,usr-C2-0068,C2,False,ALLOW,1407.26,2931.79,0.48,0.09,1407.26,2901.35,1,True,0,1,Savings,own_account,17,5,2,6,mobile_ios,,False,none,False,False,140,1,True,False,False,False,False,False,True,False,False,False,MEETS_BASIC,99,biometric,126,0,1792,False,19,24.1,False,False,False,2.85,2.85,207.6,0.82,False
TX-C2-001358,usr-C2-0025,C2,False,ALLOW,8376.74,5737.49,1.46,0.37,8376.74,11380.39,1,False,401,1,Savings,own_account,20,6,2,12,mobile_ios,,False,none,False,False,391,1,True,False,False,False,False,False,True,False,False,False,MEETS_BASIC,97,biometric,474,0,1598,False,16,7.2,False,False,False,0.72,0.72,37.0,1.17,False
TX-C2-001359,usr-C2-0001,C2,False,ALLOW,5886.86,8176.2,0.72,0.34,5886.86,12074.78,1,False,442,1,Funds Transfer,third_party_individual,15,4,2,2,mobile_ios,Piano regulation tuning and hammer replacement service,True,legit,True,False,183,1,False,False,False,False,False,False,True,False,False,False,MEETS_STRONG,137,biometric,42,0,329,False,39,17.5,False,False,False,1.7,1.7,241.6,0.42,False
TX-C2-001360,usr-C2-0041,C2,False,ALLOW,4039.34,2463.01,1.64,0.28,4039.34,7322.23,2,False,317,1,Remittance,third_party_individual,22,4,5,0,mobile_ios,,False,none,False,False,399,1,False,False,False,False,False,False,False,False,False,False,MEETS_STRONG,172,biometric,492,0,1283,False,42,17.9,False,False,False,0.77,0.77,68.6,0.67,False
TX-C2-001361,usr-C2-0081,C2,False,ALLOW,246.06,745.65,0.33,0.25,246.06,840.85,1,False,418,1,Remittance,business,6,6,13,13,mobile_ios,Stateemnt reference 44921,True,neutral,False,False,734,1,False,False,False,False,False,False,False,False,False,False,MEETS_STRONG,19,pin,472,0,320,False,40,20.4,False,False,False,2.17,2.17,105.1,1.24,False
TX-C2-001362,usr-C2-0016,C2,False,ALLOW,1675.0,500.0,3.35,0.2,1675.0,5045.44,1,False,444,1,Savings,own_account,5,6,12,12,mobile_ios,,False,none,False,False,864,1,False,False,False,False,False,False,False,False,False,False,MEETS_DEVICE,59,biometric,542,0,246,False,14,5.9,False,False,False,0.87,0.87,135.3,0.39,False
TX-C2-001363,usr-C2-0048,C2,False,ALLOW,535.0,500.0,1.07,0.32,535.0,1533.33,1,False,89,1,Bills Payment,registered_biller,19,6,5,8,mobile_android,,False,none,False,False,195,1,False,False,False,False,False,False,True,False,False,False,MEETS_STRONG,110,biometric,199,0,1223,False,24,6.0,False,False,False,1.01,1.01,160.1,0.38,False
TX-C2-001364,usr-C2-0043,C2,False,ALLOW,1501.55,4843.7,0.31,0.43,1501.55,4791.67,2,True,3,1,Remittance,business,20,3,0,4,mobile_android,Comprehensive automotive insurance policy premium renewal,True,legit,False,False,764,1,False,False,False,False,False,False,False,False,False,False,MEETS_STRONG,27,biometric,58,0,674,False,39,13.4,False,False,False,2.13,2.13,203.7,0.63,False
TX-C2-001365,usr-C2-0019,C2,True,BLOCK,6128.9,688.64,8.9,0.4,6253.69,13107.89,4,True,3,1,Funds Transfer,third_party_individual,13,5,7,8,mobile_android,,False,none,False,True,5,1,False,False,False,False,False,False,False,False,False,False,MEETS_STRONG,472,pin,58,3,497,False,4,18.9,False,False,False,2.17,2.17,89.1,1.46,False
TX-C2-001366,usr-C2-0002,C2,False,ALLOW,3536.05,4064.42,0.87,0.35,3536.05,6703.45,1,False,130,1,Savings,own_account,11,3,1,6,mobile_ios,,False,none,False,False,338,1,False,False,False,False,False,False,False,False,False,False,MEETS_DEVICE,108,biometric,70,0,1664,True,18,12.8,False,False,False,2.11,2.11,173.5,0.73,False
TX-C2-001367,usr-C2-0086,C2,False,ALLOW,314.49,2859.01,0.11,0.35,314.49,853.9,1,False,551,1,Bills Payment,registered_biller,21,0,3,9,mobile_android,,False,none,False,False,823,1,False,False,False,False,False,False,False,False,False,False,MEETS_STRONG,103,pin,92,0,1680,False,42,9.5,False,False,False,1.62,1.62,115.1,0.84,False
TX-C2-001368,usr-C2-0024,C2,False,ALLOW,1123.15,4679.8,0.24,0.26,1123.15,3734.35,1,False,543,1,Remittance,third_party_individual,1,0,19,10,mobile_ios,,False,none,False,False,200,1,False,False,False,False,False,False,False,False,False,False,MEETS_DEVICE,31,biometric,211,0,1520,True,15,22.5,False,False,False,0.92,0.92,248.5,0.22,False
TX-C2-001369,usr-C2-0071,C2,True,REQUIRE_2FA,14818.72,2113.94,7.01,0.82,17319.08,44205.22,4,True,0,1,Bills Payment,registered_biller,8,2,8,0,mobile_ios,,False,none,False,False,546,1,False,False,True,False,False,False,False,False,False,False,FAILED,280,password,21,1,1515,False,10,6.2,False,False,False,1.24,1.24,105.0,0.71,False
TX-C2-001370,usr-C2-0024,C2,False,ALLOW,4165.02,4679.8,0.89,0.33,4165.02,10508.77,1,False,455,1,Funds Transfer,third_party_individual,23,3,3,2,mobile_android,,False,none,False,False,200,1,False,False,False,False,False,False,False,False,False,False,MEETS_STRONG,19,biometric,457,0,431,True,25,5.3,False,False,False,1.81,1.81,289.8,0.37,False
TX-C2-001371,usr-C2-0039,C2,False,ALLOW,3357.15,2869.36,1.17,0.42,3357.15,5864.55,2,False,83,1,Remittance,third_party_individual,2,5,9,1,mobile_android,Bayad sa balance,True,neutral,False,False,683,1,False,False,False,False,False,False,False,False,False,False,MEETS_DEVICE,20,biometric,174,0,1847,True,42,18.4,False,False,False,2.16,2.16,19.0,6.82,False
TX-C2-001372,usr-C2-0021,C2,False,ALLOW,5177.68,3277.01,1.58,0.37,5177.68,13433.69,1,False,167,1,Remittance,third_party_individual,18,4,3,1,mobile_android,Settlement of agreed balance,True,neutral,False,False,303,1,False,False,False,False,False,False,False,False,False,False,MEETS_STRONG,74,biometric,204,0,1474,True,28,10.1,False,False,False,1.18,1.18,286.9,0.25,False
TX-C2-001373,usr-C2-0082,C2,False,ALLOW,415.0,500.0,0.83,0.5,415.0,1349.46,1,False,347,1,Bills Payment,registered_biller,2,2,19,9,mobile_ios,,False,none,False,False,701,1,False,False,False,False,False,False,False,False,False,False,MEETS_DEVICE,150,biometric,490,0,1725,False,26,12.4,False,False,False,1.81,1.81,255.4,0.43,False
TX-C2-001374,usr-C2-0085,C2,True,REQUIRE_2FA,5887.9,1943.2,3.03,0.93,7419.38,23754.76,5,True,2,1,Bills Payment,registered_biller,2,3,9,1,mobile_ios,NBI clearance express delivery processing fee for online fraud suspect,True,scam,True,False,458,1,True,False,False,False,False,False,True,False,False,False,MEETS_BASIC,302,biometric,6,0,233,False,3,7.3,False,False,False,2.58,2.58,98.6,1.57,False
TX-C2-001375,usr-C2-0016,C2,False,ALLOW,80.0,500.0,0.16,0.36,80.0,274.62,2,False,514,1,Bills Payment,registered_biller,22,4,5,0,mobile_ios,,False,none,False,False,864,1,False,False,False,False,False,False,False,False,False,False,MEETS_DEVICE,39,biometric,225,0,563,True,38,19.9,False,False,False,1.92,1.92,67.3,1.71,False
TX-C2-001376,usr-C2-0029,C2,False,ALLOW,330.3,1223.32,0.27,0.31,330.3,815.43,1,False,523,1,Savings,own_account,15,6,1,2,mobile_android,,False,none,False,False,690,1,False,False,False,False,False,False,True,False,False,False,MEETS_STRONG,100,biometric,253,0,1717,False,22,15.4,False,False,False,209.34,209.34,291.9,43.03,False
TX-C2-001377,usr-C2-0039,C2,False,ALLOW,3615.39,2869.36,1.26,0.47,3615.39,6884.8,1,False,322,1,Bills Payment,registered_biller,10,1,1,2,mobile_android,,False,none,False,False,683,1,False,False,False,False,False,False,False,False,False,False,MEETS_DEVICE,52,biometric,59,0,1759,False,39,17.5,False,False,False,2.24,2.24,72.8,1.85,False
TX-C2-001378,usr-C2-0016,C2,False,ALLOW,65.0,500.0,0.13,0.28,65.0,142.23,1,False,264,1,Savings,own_account,21,2,4,0,mobile_ios,Pang pondo,True,neutral,False,False,864,1,False,False,False,False,False,False,False,False,False,False,MEETS_STRONG,141,pin,339,0,1302,False,30,6.3,False,False,False,1.49,1.49,116.1,0.77,False
TX-C2-001379,usr-C2-0085,C2,False,ALLOW,11367.72,1943.2,5.85,0.1,11367.72,22415.95,2,False,109,1,Savings,own_account,20,4,9,10,mobile_android,,False,none,False,False,458,1,False,False,False,False,False,False,True,False,False,False,MEETS_STRONG,143,biometric,301,0,1041,False,38,18.4,False,False,False,1.23,1.23,272.2,0.27,False
TX-C2-001380,usr-C2-0033,C2,False,ALLOW,7331.72,5430.9,1.35,0.36,7331.72,16391.99,2,False,287,1,Bills Payment,registered_biller,8,6,8,10,mobile_ios,,False,none,False,False,220,1,True,False,False,False,False,False,True,False,False,False,MEETS_BASIC,20,biometric,37,0,657,False,36,18.4,False,False,False,1.81,1.81,200.9,0.54,False
TX-C2-001381,usr-C2-0083,C2,False,ALLOW,2510.83,1418.55,1.77,0.46,2510.83,6670.93,2,False,310,1,Funds Transfer,third_party_individual,3,0,14,2,mobile_ios,,False,none,False,True,2,1,False,False,False,False,False,False,False,False,False,False,MEETS_STRONG,70,pin,516,0,499,False,41,19.1,False,False,False,2.3,2.3,260.1,0.53,False
TX-C2-001382,usr-C2-0034,C2,False,ALLOW,355.8,1046.46,0.34,0.08,355.8,865.12,1,False,429,1,Savings,own_account,1,0,12,9,mobile_ios,,False,none,False,False,823,1,False,False,True,False,False,False,False,False,False,False,FAILED,34,pin,409,0,1374,False,31,6.1,False,False,False,0.45,0.45,129.5,0.21,False
TX-C2-001383,usr-C2-0071,C2,False,ALLOW,2198.5,2113.94,1.04,0.14,2198.5,4014.27,2,False,594,1,Savings,own_account,14,2,2,5,mobile_ios,,False,none,False,True,3,1,False,False,False,False,False,False,False,False,False,False,MEETS_STRONG,52,pin,306,0,449,True,21,19.9,False,False,False,2.37,2.37,100.7,1.41,False
TX-C2-001384,usr-C2-0024,C2,False,ALLOW,29155.15,4679.8,6.23,0.16,29155.15,92977.83,1,False,383,1,Savings,own_account,14,5,6,8,mobile_ios,,False,none,False,False,200,1,False,False,False,False,False,False,False,False,False,False,MEETS_STRONG,75,pin,539,0,1152,False,35,9.2,False,False,False,1.96,1.96,61.5,1.91,False
TX-C2-001385,usr-C2-0032,C2,False,ALLOW,2056.34,3316.67,0.62,0.37,2056.34,5166.03,1,False,313,1,Bills Payment,registered_biller,13,0,0,4,mobile_android,,False,none,False,False,695,1,False,False,True,False,False,False,False,False,False,False,FAILED,86,pin,187,0,842,False,15,16.4,False,False,False,1.14,1.14,156.6,0.44,False
TX-C2-001386,usr-C2-0074,C2,False,ALLOW,409.66,1781.14,0.23,0.48,409.66,1393.42,1,True,3,1,Bills Payment,registered_biller,18,2,3,8,mobile_ios,,False,none,False,False,551,1,False,False,False,False,False,False,False,False,False,False,MEETS_STRONG,138,biometric,596,0,825,False,37,16.0,False,False,False,2.66,2.66,164.9,0.97,False
TX-C2-001387,usr-C2-0004,C2,False,ALLOW,737.57,1084.66,0.68,0.14,737.57,1716.96,1,False,196,1,Remittance,third_party_individual,7,5,10,3,mobile_ios,Comprehensive automotive insurance policy premium renewal,True,legit,False,False,641,1,False,False,False,False,False,False,False,False,False,False,MEETS_DEVICE,109,biometric,434,0,836,True,31,17.7,False,False,False,0.66,0.66,139.6,0.28,False
TX-C2-001388,usr-C2-0048,C2,False,ALLOW,455.0,500.0,0.91,0.48,455.0,1435.29,1,False,359,1,Remittance,third_party_individual,13,1,1,12,mobile_android,Culinary institute pastry masterclass weekend workshop,True,legit,True,False,195,1,False,False,False,False,False,False,True,False,False,False,MEETS_STRONG,58,pin,591,0,153,False,40,19.8,False,False,False,1.25,1.25,162.2,0.46,False
TX-C2-001389,usr-C2-0002,C2,False,ALLOW,3170.25,4064.42,0.78,0.2,3170.25,6938.72,1,False,219,1,Bills Payment,registered_biller,2,3,8,5,mobile_android,Replenishment,True,neutral,False,False,338,1,False,False,False,False,False,False,True,False,False,False,MEETS_STRONG,68,biometric,415,0,1373,False,45,10.3,False,False,False,0.93,0.93,183.9,0.3,False
TX-C2-001390,usr-C2-0002,C2,False,ALLOW,6706.29,4064.42,1.65,0.39,6706.29,18322.6,1,False,438,1,Bills Payment,registered_biller,0,0,10,3,mobile_android,House interior rrepainting contractor labor contract,True,legit,False,False,338,1,False,False,False,False,False,False,False,False,False,False,MEETS_STRONG,103,biometric,392,0,201,False,17,21.5,False,False,False,0.77,0.77,122.4,0.38,False
TX-C2-001391,usr-C2-0053,C2,False,ALLOW,934.74,677.35,1.38,0.01,934.74,1674.61,1,True,0,1,Funds Transfer,third_party_individual,20,1,1,10,mobile_ios,,False,none,False,False,76,1,True,False,False,False,False,False,True,False,False,False,MEETS_BASIC,48,biometric,376,0,1624,True,40,14.8,False,False,False,2.0,2.0,80.8,1.49,False
TX-C2-001392,usr-C2-0046,C2,False,ALLOW,11311.99,15711.1,0.72,0.45,11311.99,26496.25,2,True,2,1,Funds Transfer,third_party_individual,0,6,21,13,mobile_android,Paki Cash Out Agad At Ipadala Ang 80 Percent Via Palawan Express,True,scam,True,False,878,1,False,False,False,False,False,False,False,False,False,False,MEETS_STRONG,130,pin,513,0,705,False,18,7.6,False,False,False,1.42,1.42,153.0,0.56,False
TX-C2-001393,usr-C2-0081,C2,True,BLOCK,7255.17,745.65,9.73,0.34,9945.4,18504.96,5,True,0,19,Bills Payment,third_party_individual,2,5,17,4,mobile_android,,False,none,False,False,734,2,False,False,False,False,False,False,False,False,False,False,MEETS_STRONG,488,biometric,35,2,1822,True,8,20.0,False,True,True,0.95,0.95,204.6,0.28,False
TX-C2-001394,usr-C2-0040,C2,False,ALLOW,3500.98,4795.86,0.73,0.11,3500.98,9506.67,1,False,597,1,Savings,own_account,10,4,11,1,mobile_android,,False,none,False,False,235,1,True,False,False,False,False,False,True,False,False,False,MEETS_BASIC,148,pin,103,0,435,True,45,13.2,False,False,False,1171.69,1171.69,267.9,262.42,False
TX-C2-001395,usr-C2-0048,C2,True,REQUIRE_2FA,900.0,500.0,1.8,0.76,977.7,2792.51,6,True,2,1,Bills Payment,third_party_individual,2,3,12,10,mobile_android,,False,none,False,False,195,1,False,False,False,False,False,False,False,False,False,False,MEETS_DEVICE,321,biometric,26,0,1653,True,4,25.0,False,False,False,1.75,1.75,34.1,3.08,False
TX-C2-001396,usr-C2-0034,C2,False,ALLOW,889.49,1046.46,0.85,0.19,889.49,2153.08,2,False,591,1,Funds Transfer,business,12,6,1,5,mobile_ios,,False,none,False,False,823,1,False,False,False,False,False,False,True,False,False,False,MEETS_STRONG,50,biometric,158,0,1343,False,30,11.6,False,False,False,0.92,0.92,105.5,0.52,False
TX-C2-001397,usr-C2-0038,C2,False,ALLOW,278.13,1264.21,0.22,0.33,278.13,833.89,1,True,2,1,Bills Payment,registered_biller,16,5,3,12,mobile_android,red cross humanitarian disaster relief donation,True,legit,False,False,327,1,False,False,False,False,False,False,False,False,False,False,MEETS_STRONG,161,biometric,367,0,1612,False,17,9.5,False,False,False,2.72,2.72,256.2,0.64,False
TX-C2-001398,usr-C2-0034,C2,False,ALLOW,1758.05,1046.46,1.68,0.07,1758.05,5536.9,1,False,458,1,Savings,own_account,1,5,12,9,mobile_ios,,False,none,False,False,823,1,False,False,False,False,False,False,False,False,False,False,MEETS_STRONG,86,biometric,97,0,1881,False,30,23.7,False,False,False,2.14,2.14,161.5,0.8,False
TX-C2-001399,usr-C2-0044,C2,True,BLOCK,47764.58,4786.03,9.98,0.89,49686.6,137151.84,5,False,562,1,Bills Payment,third_party_individual,1,4,17,1,mobile_ios,,False,none,False,True,1,1,False,False,False,False,False,False,True,False,False,False,MEETS_DEVICE,466,password,44,0,1303,True,10,6.9,False,False,False,10724.89,10724.89,19.3,33341.63,True
TX-C2-001400,usr-C2-0055,C2,True,REQUIRE_2FA,616.87,677.88,0.91,0.39,842.75,2725.8,2,True,3,1,Bills Payment,registered_biller,1,1,18,14,mobile_ios,,False,none,False,False,326,1,False,False,False,False,False,False,False,False,False,False,MEETS_DEVICE,362,password,33,0,1,True,8,9.0,False,True,False,1.86,1.86,26.5,4.21,False
