transaction_id,user_id,split,is_fraud,action_label,amount_php,user_avg_amount_php,spike_ratio,balance_drain_ratio,cum_outflow_1h,cum_outflow_24h,payees_24h,new_payee,payee_age_days,senders_to_payee_24h,transfer_purpose,payee_type,hour,dow,usual_hour_gap,dormant_days,channel,memo,memo_present,memo_signal,typology_novel,device_id_new,device_age_days,accounts_per_device,rooted,hooking,emulator,debugger,tampered,unofficial_store,dev_options,mock_location,accessibility_active,screen_sharing,attestation_verdict,os_patch_age_days,login_method,seconds_since_login,failed_logins_1h,credential_change_hours_ago,payee_pasted,form_seconds,gps_accuracy_m,tz_mismatch,ip_gps_mismatch,is_vpn,distance_from_home_km,distance_from_prev_km,elapsed_minutes,velocity_kmh,is_gate0_trivial
TX-C3-001401,usr-C3-0261,C3,False,ALLOW,6239.15,4691.09,1.33,0.08,6239.15,20800.99,1,False,391,1,Funds Transfer,registered_biller,19,5,5,10,mobile_ios,,False,none,False,False,858,1,False,False,False,False,False,False,False,False,False,False,MEETS_STRONG,129,biometric,268,0,1780,False,16,20.8,False,False,False,0.74,0.74,162.5,0.27,False
TX-C3-001402,usr-C3-0184,C3,False,ALLOW,517.03,1477.24,0.35,0.09,517.03,1142.33,1,True,2,1,Remittance,business,10,6,3,4,mobile_android,,False,none,False,False,360,1,False,False,False,False,False,False,False,False,False,False,MEETS_STRONG,154,biometric,488,0,588,True,35,18.5,False,False,False,1.48,1.48,137.1,0.65,False
TX-C3-001403,usr-C3-0106,C3,False,ALLOW,1969.89,1712.95,1.15,0.23,1969.89,5120.45,2,False,379,1,Savings,own_account,13,1,2,2,mobile_ios,,False,none,False,False,414,1,False,False,False,False,False,False,False,False,False,False,MEETS_STRONG,23,biometric,46,0,535,False,27,24.1,False,False,False,2.09,2.09,125.0,1.0,False
TX-C3-001404,usr-C3-0060,C3,False,ALLOW,12284.62,19499.4,0.63,0.26,12284.62,40392.96,1,False,83,1,Savings,own_account,10,4,7,5,mobile_android,,False,none,False,False,834,1,False,False,False,False,False,False,False,False,True,False,MEETS_STRONG,152,biometric,570,0,1023,True,27,12.5,False,False,False,1.09,1.09,228.5,0.29,False
TX-C3-001405,usr-C3-0133,C3,False,ALLOW,4733.42,3093.74,1.53,0.49,4733.42,12253.86,1,False,279,1,Funds Transfer,business,21,0,7,10,mobile_android,,False,none,False,False,710,1,False,False,False,False,False,False,False,False,False,False,MEETS_STRONG,57,biometric,146,0,841,False,19,9.6,False,False,False,197.76,197.76,267.4,44.37,False
TX-C3-001406,usr-C3-0057,C3,False,ALLOW,4630.22,5716.32,0.81,0.31,4630.22,12324.48,2,True,1,1,Bills Payment,registered_biller,6,2,11,5,mobile_android,,False,none,False,True,4,1,False,False,False,False,False,False,False,False,False,False,MEETS_DEVICE,25,biometric,40,0,976,True,33,19.3,False,False,False,2.06,2.06,42.2,2.93,False
TX-C3-001407,usr-C3-0092,C3,False,ALLOW,1019.7,1923.96,0.53,0.42,1019.7,2971.66,1,False,56,1,Savings,own_account,19,0,1,4,mobile_android,,False,none,False,False,500,1,False,False,False,False,False,False,False,False,False,False,MEETS_STRONG,176,pin,112,0,236,True,28,6.6,False,False,False,2.22,2.22,133.2,1.0,False
TX-C3-001408,usr-C3-0069,C3,False,ALLOW,889.15,1234.93,0.72,0.27,889.15,1515.14,2,True,1,1,Bills Payment,registered_biller,23,5,10,9,mobile_ios,Salamat,True,neutral,False,False,370,1,False,False,False,False,False,False,False,False,False,False,MEETS_STRONG,65,biometric,413,0,1106,False,39,11.6,False,False,False,2.35,2.35,228.0,0.62,False
TX-C3-001409,usr-C3-0003,C3,False,ALLOW,1926.56,1516.98,1.27,0.16,1926.56,4326.12,2,False,78,1,Bills Payment,registered_biller,7,0,7,7,mobile_ios,,False,none,False,False,530,1,False,False,False,False,False,False,True,False,False,False,MEETS_DEVICE,123,biometric,98,0,164,False,18,18.9,False,False,False,1.95,1.95,46.6,2.51,False
TX-C3-001410,usr-C3-0002,C3,False,ALLOW,1473.8,1248.98,1.18,0.15,1473.8,4437.61,1,False,250,1,Bills Payment,registered_biller,11,3,10,7,mobile_android,,False,none,False,False,334,1,False,False,False,False,False,False,False,False,False,False,MEETS_STRONG,144,pin,165,0,245,False,34,6.8,False,True,True,2.2,2.2,18.1,7.29,False
TX-C3-001411,usr-C3-0273,C3,False,ALLOW,5227.26,5227.26,1.0,0.27,5227.26,17981.27,1,False,124,1,Remittance,third_party_individual,14,3,2,2,mobile_android,,False,none,False,False,702,1,False,False,False,False,False,False,False,False,False,False,MEETS_STRONG,136,biometric,176,0,1049,False,16,16.8,False,False,False,1.5,1.5,287.9,0.31,False
TX-C3-001412,usr-C3-0046,C3,False,ALLOW,2435.0,1690.97,1.44,0.41,2435.0,4708.71,2,False,341,1,Bills Payment,registered_biller,6,2,11,8,mobile_ios,Smart Communications postpaid cellular bill,True,legit,False,False,432,1,False,False,False,False,False,False,False,False,False,False,MEETS_STRONG,169,pin,579,0,266,True,44,7.9,False,False,False,2.28,2.28,122.7,1.11,False
TX-C3-001413,usr-C3-0163,C3,False,ALLOW,2238.13,1929.42,1.16,0.35,2238.13,7803.11,1,True,1,1,Savings,own_account,14,3,1,9,mobile_ios,CHILDCARE NANNY YAYA MONTHLY SALARY PAYMENT,True,legit,False,False,580,1,False,False,False,False,False,False,False,False,False,False,MEETS_STRONG,136,biometric,244,0,1226,True,41,7.3,False,False,False,1.53,1.53,291.7,0.31,False
TX-C3-001414,usr-C3-0093,C3,False,ALLOW,1347.81,2642.77,0.51,0.27,1347.81,4311.76,1,False,421,1,Remittance,business,9,3,1,13,mobile_android,LPG gas tank refill delivery cooking,True,legit,False,False,730,1,False,False,False,False,False,False,False,False,False,False,MEETS_STRONG,68,biometric,62,0,1986,False,20,6.9,False,False,False,2.37,2.37,212.0,0.67,False
TX-C3-001415,usr-C3-0133,C3,False,ALLOW,17665.26,3093.74,5.71,0.35,17665.26,51986.88,1,False,113,1,Savings,own_account,6,0,8,6,mobile_ios,Youth fellowship camp registration allowance - Ref #67440,True,legit,False,False,710,1,False,False,False,False,False,False,False,False,False,False,MEETS_STRONG,20,biometric,434,0,143,False,44,5.5,False,False,False,1.24,1.24,278.6,0.27,False
TX-C3-001416,usr-C3-0258,C3,False,ALLOW,19947.92,3415.74,5.84,0.14,19947.92,67567.18,1,False,589,1,Savings,own_account,14,1,5,2,mobile_ios,,False,none,False,False,675,1,False,False,False,False,False,False,False,False,False,False,MEETS_STRONG,19,biometric,571,0,861,False,32,20.2,False,False,False,1.25,1.25,114.8,0.65,False
TX-C3-001417,usr-C3-0255,C3,False,ALLOW,5096.47,4763.06,1.07,0.48,5096.47,7791.78,1,False,342,1,Bills Payment,registered_biller,12,0,0,7,mobile_android,,False,none,False,False,593,1,False,False,False,False,False,False,False,False,False,False,MEETS_STRONG,90,biometric,503,0,260,True,20,18.3,False,False,False,1.25,1.25,74.5,1.01,False
TX-C3-001418,usr-C3-0047,C3,False,ALLOW,2953.4,1930.33,1.53,0.16,2953.4,10121.79,1,False,162,1,Remittance,business,18,0,3,10,mobile_ios,,False,none,False,False,33,1,False,False,False,False,False,False,False,False,False,False,MEETS_STRONG,119,biometric,124,0,156,False,14,13.7,False,False,False,2.7,2.7,114.1,1.42,False
TX-C3-001419,usr-C3-0035,C3,False,ALLOW,541.78,2579.9,0.21,0.31,541.78,1541.91,1,False,347,1,Bills Payment,registered_biller,13,3,1,12,mobile_android,padala,True,neutral,False,False,547,1,True,False,False,False,False,False,True,False,False,False,MEETS_BASIC,175,biometric,211,0,795,True,22,20.2,False,False,False,1.88,1.88,289.8,0.39,False
TX-C3-001420,usr-C3-0082,C3,False,ALLOW,949.01,4994.78,0.19,0.33,949.01,2503.18,1,False,574,1,Savings,own_account,6,0,13,0,mobile_ios,,False,none,False,False,585,1,False,False,False,False,False,False,False,False,False,False,MISSING,60,biometric,90,0,720,False,25,10.0,False,False,False,2.39,2.39,159.1,0.9,False
TX-C3-001421,usr-C3-0184,C3,False,ALLOW,664.76,1477.24,0.45,0.37,664.76,1503.51,1,False,318,1,Funds Transfer,third_party_individual,17,4,4,13,mobile_ios,Settlement,True,neutral,False,False,360,1,False,False,False,False,False,False,False,True,False,False,MEETS_DEVICE,161,pin,290,0,1599,False,21,77.1,False,False,False,1.05,1.05,261.8,0.24,False
TX-C3-001422,usr-C3-0133,C3,False,ALLOW,1423.12,3093.74,0.46,0.2,1423.12,2371.05,1,False,456,1,Funds Transfer,registered_biller,6,5,8,3,mobile_android,,False,none,False,False,710,1,False,False,False,False,False,False,False,False,False,False,MISSING,60,biometric,90,0,720,False,25,10.0,False,False,False,1.47,1.47,79.8,1.11,False
TX-C3-001423,usr-C3-0125,C3,False,ALLOW,3387.76,1992.8,1.7,0.35,3387.76,10831.85,1,False,70,1,Bills Payment,registered_biller,23,0,5,3,mobile_ios,Balane settlement,True,neutral,False,False,146,1,False,False,False,False,False,False,False,False,False,False,MEETS_STRONG,66,biometric,77,0,1331,False,16,8.8,False,False,False,0.74,0.74,188.1,0.24,False
TX-C3-001424,usr-C3-0209,C3,False,ALLOW,1284.54,1061.6,1.21,0.26,1284.54,1890.76,1,False,340,1,Savings,own_account,5,4,9,3,mobile_ios,,False,none,False,False,460,1,False,False,False,False,False,False,False,False,False,False,MEETS_STRONG,81,biometric,458,0,635,False,24,18.1,False,False,False,2.09,2.09,220.7,0.57,False
TX-C3-001425,usr-C3-0140,C3,False,ALLOW,6640.58,1198.66,5.54,0.39,6640.58,10805.93,1,True,1,1,Funds Transfer,business,11,2,1,2,mobile_android,Fastfood breakfast drive-thru share,True,legit,False,False,833,1,False,False,False,False,False,False,False,False,False,False,MEETS_STRONG,37,biometric,431,0,831,False,36,13.3,False,False,False,2.22,2.22,237.4,0.56,False
TX-C3-001426,usr-C3-0216,C3,False,ALLOW,2872.86,1941.12,1.48,0.42,2872.86,7755.03,1,False,238,1,Remittance,business,21,3,9,0,mobile_android,,False,none,False,False,896,1,False,False,False,False,False,False,False,False,False,False,MEETS_STRONG,144,pin,388,0,1063,True,42,5.9,False,False,False,2.35,2.35,65.1,2.17,False
TX-C3-001427,usr-C3-0174,C3,False,ALLOW,1074.23,651.05,1.65,0.21,1074.23,2220.57,1,False,375,1,Bills Payment,registered_biller,5,6,5,9,mobile_ios,,False,none,False,False,725,1,False,False,False,False,False,False,False,False,False,False,MISSING,60,biometric,90,0,720,False,25,10.0,False,False,False,0.98,0.98,243.5,0.24,False
TX-C3-001428,usr-C3-0264,C3,True,REQUIRE_2FA,3087.96,1608.31,1.92,0.76,3697.68,10921.07,6,True,2,14,Bills Payment,registered_biller,13,5,0,6,mobile_android,Manila Water monthly bill settlement,True,legit,False,False,221,1,False,False,False,False,False,False,False,False,False,True,MEETS_STRONG,308,password,17,1,1496,True,8,11.8,False,True,False,2.52,2.52,73.9,2.05,False
TX-C3-001429,usr-C3-0241,C3,False,ALLOW,1109.59,630.45,1.76,0.25,1109.59,2068.35,2,False,113,1,Remittance,third_party_individual,23,2,3,0,mobile_android,,False,none,False,False,175,1,False,False,False,False,False,False,False,False,False,False,MEETS_STRONG,143,pin,374,0,1061,False,30,13.4,False,False,False,1.08,1.08,20.3,3.19,False
TX-C3-001430,usr-C3-0047,C3,False,ALLOW,1428.44,1930.33,0.74,0.26,1428.44,3257.96,1,False,62,1,Funds Transfer,third_party_individual,9,4,12,7,mobile_ios,,False,none,False,False,33,1,False,False,False,False,False,False,False,False,False,False,MEETS_STRONG,79,pin,203,0,1615,False,20,14.3,False,False,False,1.63,1.63,90.0,1.09,False
TX-C3-001431,usr-C3-0229,C3,False,ALLOW,2727.96,2783.63,0.98,0.35,2727.96,6590.62,1,False,339,1,Remittance,business,7,6,7,7,mobile_ios,Dentist Tooth Extraction And Cleaning rocedure,True,legit,False,False,767,1,False,False,False,False,False,False,False,False,False,False,MEETS_STRONG,16,biometric,105,0,362,True,39,13.9,False,False,False,2.3,2.3,116.1,1.19,False
TX-C3-001432,usr-C3-0011,C3,False,ALLOW,244.17,1061.63,0.23,0.42,244.17,481.82,2,False,438,1,Funds Transfer,registered_biller,12,2,4,3,mobile_android,,False,none,False,True,0,1,False,False,False,False,False,False,False,False,False,False,MEETS_STRONG,82,biometric,99,0,1749,True,43,16.8,False,False,False,0.84,0.84,16.3,3.09,False
TX-C3-001433,usr-C3-0208,C3,False,ALLOW,11978.75,7259.85,1.65,0.49,11978.75,33306.16,1,False,594,1,Bills Payment,registered_biller,15,4,1,10,mobile_android,,False,none,False,False,399,1,False,False,False,False,False,False,False,False,False,False,MEETS_DEVICE,14,biometric,553,0,580,False,27,15.4,False,False,False,2.06,2.06,130.1,0.95,False
TX-C3-001434,usr-C3-0003,C3,False,ALLOW,576.45,1516.98,0.38,0.31,576.45,1739.47,1,False,402,1,Remittance,business,15,2,1,13,mobile_ios,,False,none,False,False,530,1,False,False,False,False,False,False,True,False,False,False,MEETS_DEVICE,179,biometric,542,0,1887,False,12,20.0,False,False,False,1.1,1.1,96.7,0.68,False
TX-C3-001435,usr-C3-0066,C3,False,ALLOW,2236.05,2129.57,1.05,0.08,2236.05,4245.57,2,False,111,1,Remittance,third_party_individual,22,2,13,3,mobile_android,,False,none,False,False,225,1,False,False,False,False,False,False,False,False,False,False,MEETS_STRONG,117,biometric,533,0,556,False,33,9.7,False,False,False,2.3,2.3,281.6,0.49,False
TX-C3-001436,usr-C3-0071,C3,False,ALLOW,9013.56,5815.2,1.55,0.4,9013.56,24905.04,1,True,3,1,Funds Transfer,registered_biller,5,1,7,4,mobile_ios,Art workshop materials cash allowance,True,legit,False,True,5,1,False,False,False,False,False,False,False,False,False,False,MEETS_STRONG,114,biometric,181,0,1272,False,35,11.5,False,False,False,667.54,667.54,333.6,120.06,False
TX-C3-001437,usr-C3-0154,C3,False,ALLOW,1699.21,1188.26,1.43,0.3,1699.21,2898.61,1,False,15,1,Remittance,business,21,6,8,7,mobile_android,,False,none,False,False,274,1,False,False,True,False,False,False,True,False,False,False,FAILED,83,biometric,259,0,1473,False,22,19.9,False,False,False,2.82,2.82,84.7,2.0,False
TX-C3-001438,usr-C3-0081,C3,False,ALLOW,9955.69,7266.93,1.37,0.07,9955.69,24977.86,1,True,2,1,Funds Transfer,own_account,5,3,6,3,mobile_ios,,False,none,False,False,390,1,False,False,False,False,False,False,False,False,False,False,MISSING,60,biometric,90,0,720,False,25,10.0,False,False,False,1.55,1.55,245.3,0.38,False
TX-C3-001439,usr-C3-0048,C3,False,ALLOW,15864.96,11496.35,1.38,0.3,15864.96,49949.15,1,False,109,1,Funds Transfer,own_account,19,3,2,8,mobile_ios,Cat Food Kibbles And Litter Sand,True,legit,False,False,766,1,False,False,False,False,False,False,False,False,False,False,MEETS_STRONG,41,pin,509,0,1341,False,17,14.7,False,False,False,0.84,0.84,201.8,0.25,False
TX-C3-001440,usr-C3-0059,C3,False,ALLOW,3090.79,2453.01,1.26,0.5,3090.79,4265.96,1,False,16,1,Remittance,third_party_individual,0,3,9,4,mobile_ios,,False,none,False,False,537,1,False,False,False,False,False,False,False,False,False,False,MEETS_STRONG,166,biometric,163,0,864,False,20,6.0,False,False,False,1.04,1.04,211.0,0.3,False
TX-C3-001441,usr-C3-0049,C3,False,ALLOW,4670.74,5912.33,0.79,0.47,4670.74,6375.54,2,False,333,1,Remittance,third_party_individual,3,1,13,0,mobile_ios,,False,none,False,False,283,1,False,False,False,False,False,False,False,False,False,False,MEETS_STRONG,150,pin,513,0,1228,False,19,16.5,False,False,False,1.71,1.71,286.7,0.36,False
TX-C3-001442,usr-C3-0073,C3,False,ALLOW,1261.7,1941.08,0.65,0.03,1261.7,1554.64,1,True,3,1,Remittance,business,21,0,8,1,mobile_ios,water refilling station 10 gallons delivery - Ref #32958,True,legit,False,False,345,1,False,False,False,False,False,False,True,False,False,False,MEETS_STRONG,122,pin,96,0,679,False,14,11.8,False,True,True,1.47,1.47,208.0,0.42,False
TX-C3-001443,usr-C3-0115,C3,False,ALLOW,1255.36,697.42,1.8,0.12,1255.36,3078.38,2,True,1,1,Savings,own_account,19,3,1,8,mobile_android,,False,none,False,False,278,1,False,False,False,False,False,False,False,False,False,False,MEETS_STRONG,75,biometric,378,0,1200,False,39,12.1,False,False,False,0.7,0.7,149.2,0.28,False
TX-C3-001444,usr-C3-0125,C3,False,ALLOW,2789.92,1992.8,1.4,0.47,2789.92,4959.12,2,False,323,1,Bills Payment,registered_biller,21,0,3,9,mobile_ios,,False,none,False,False,146,1,False,False,False,False,False,False,False,False,False,False,MEETS_DEVICE,79,biometric,218,0,1819,False,21,17.5,False,False,False,1.86,1.86,297.1,0.38,False
TX-C3-001445,usr-C3-0225,C3,False,ALLOW,3055.93,1863.37,1.64,0.45,3055.93,9471.21,1,False,299,1,Remittance,business,0,4,18,12,mobile_ios,Savings transfer,True,neutral,False,False,135,1,False,False,False,False,False,False,False,False,False,False,MEETS_DEVICE,154,biometric,386,0,309,True,19,22.4,False,False,False,1.38,1.38,60.4,1.37,False
TX-C3-001446,usr-C3-0189,C3,False,ALLOW,1020.21,633.67,1.61,0.22,1020.21,1746.55,1,False,212,1,Bills Payment,registered_biller,10,4,0,13,mobile_android,,False,none,False,False,310,1,False,False,False,False,False,False,False,False,False,False,MEETS_DEVICE,123,biometric,378,0,1367,False,21,18.8,False,False,False,0.94,0.94,246.4,0.23,False
TX-C3-001447,usr-C3-0243,C3,False,ALLOW,604.69,1185.67,0.51,0.06,604.69,1272.25,2,False,387,1,Savings,own_account,21,3,11,12,mobile_ios,,False,none,False,False,795,1,False,False,False,False,False,False,True,False,False,False,MEETS_STRONG,67,pin,218,0,674,False,38,23.6,False,False,False,1.02,1.02,276.5,0.22,False
TX-C3-001448,usr-C3-0162,C3,False,ALLOW,754.81,967.7,0.78,0.36,754.81,1263.75,1,False,469,1,Savings,own_account,20,2,1,1,mobile_ios,elderly caregiver allowance and groceries - Ref #41861,True,legit,False,False,844,1,False,False,False,False,False,False,False,False,False,False,MEETS_STRONG,95,biometric,239,0,772,False,18,13.6,False,False,False,0.94,0.94,103.2,0.55,False
TX-C3-001449,usr-C3-0196,C3,False,ALLOW,1250.84,874.71,1.43,0.25,1250.84,1518.9,1,False,477,1,Savings,own_account,9,3,5,12,mobile_android,Settlement - Ref #88329,True,neutral,False,False,350,1,False,False,False,False,False,False,True,False,False,False,MEETS_STRONG,67,biometric,426,0,1631,False,39,13.4,False,False,False,0.71,0.71,208.9,0.2,False
TX-C3-001450,usr-C3-0100,C3,False,ALLOW,11678.6,8983.54,1.3,0.21,11678.6,39332.34,1,False,376,1,Savings,own_account,20,0,10,6,mobile_ios,BPI express online transfer,True,neutral,False,False,437,1,False,False,False,False,False,False,False,False,False,False,MISSING,60,biometric,90,0,720,False,25,10.0,False,False,False,1.98,1.98,202.9,0.59,False
TX-C3-001451,usr-C3-0174,C3,False,ALLOW,234.38,651.05,0.36,0.35,234.38,601.82,1,False,565,1,Bills Payment,registered_biller,13,0,3,4,mobile_android,Maya Digital Wallet Reload - Ref #2645,True,neutral,False,False,725,1,False,False,False,False,False,False,False,False,False,False,MISSING,60,biometric,90,0,720,False,25,10.0,False,False,False,2.62,2.62,151.3,1.04,False
TX-C3-001452,usr-C3-0114,C3,False,ALLOW,4766.42,3504.72,1.36,0.18,4766.42,14097.59,2,True,1,1,Bills Payment,registered_biller,20,6,5,10,mobile_android,,False,none,False,False,453,1,True,False,False,False,False,False,True,False,False,False,MEETS_BASIC,103,biometric,118,0,230,True,24,5.3,False,False,False,1.84,1.84,117.2,0.94,False
TX-C3-001453,usr-C3-0285,C3,False,ALLOW,7852.93,5649.59,1.39,0.47,7852.93,10416.77,1,False,413,1,Funds Transfer,business,12,5,4,10,mobile_android,,False,none,False,True,4,1,True,False,False,False,False,False,True,False,False,False,MEETS_BASIC,15,pin,36,0,744,False,42,22.9,False,False,False,0.81,0.81,217.8,0.22,False
TX-C3-001454,usr-C3-0130,C3,False,ALLOW,6386.33,4146.97,1.54,0.09,6386.33,18873.79,1,False,235,1,Bills Payment,registered_biller,14,4,1,11,mobile_android,,False,none,False,False,838,1,False,False,False,False,False,False,False,False,False,False,MEETS_STRONG,176,biometric,157,0,1311,False,32,7.6,False,False,False,1.18,1.18,208.7,0.34,False
TX-C3-001455,usr-C3-0088,C3,False,ALLOW,2384.74,3456.14,0.69,0.32,2384.74,5190.58,1,True,0,1,Bills Payment,registered_biller,16,0,1,6,mobile_android,,False,none,False,False,311,1,False,False,False,False,False,False,False,False,False,False,MEETS_STRONG,172,biometric,488,0,181,False,15,20.9,False,False,False,2.25,2.25,92.1,1.47,False
TX-C3-001456,usr-C3-0220,C3,False,ALLOW,1336.69,3713.04,0.36,0.37,1336.69,2849.52,1,False,214,1,Bills Payment,registered_biller,11,3,9,1,mobile_android,,False,none,False,False,831,1,False,False,False,False,False,False,False,False,False,False,MISSING,60,biometric,90,0,720,False,25,10.0,False,False,False,0.51,0.51,248.7,0.12,False
TX-C3-001457,usr-C3-0274,C3,False,ALLOW,355.0,500.0,0.71,0.1,355.0,925.16,1,False,538,1,Savings,own_account,1,1,8,4,mobile_ios,,False,none,False,False,784,1,False,False,False,False,False,False,False,False,False,False,MEETS_DEVICE,108,biometric,592,0,1275,False,31,10.3,False,False,False,1.56,1.56,234.0,0.4,False
TX-C3-001458,usr-C3-0253,C3,False,ALLOW,1047.82,1378.71,0.76,0.34,1047.82,3523.32,1,False,450,1,Bills Payment,registered_biller,7,3,8,0,mobile_ios,,False,none,False,False,394,1,False,False,False,False,False,False,True,False,False,False,MEETS_STRONG,68,biometric,585,0,276,False,14,9.0,False,False,False,1173.38,1173.38,255.4,275.66,False
TX-C3-001459,usr-C3-0260,C3,False,ALLOW,1388.08,2135.5,0.65,0.27,1388.08,1693.93,1,False,582,1,Remittance,third_party_individual,20,0,4,10,mobile_ios,Puregold Weekly Essentials And Pantry Supply,True,legit,False,False,691,1,False,False,False,False,False,False,False,False,False,False,MEETS_STRONG,77,biometric,417,0,1995,False,39,23.6,False,False,False,2.08,2.08,297.9,0.42,False
TX-C3-001460,usr-C3-0253,C3,False,ALLOW,1116.76,1378.71,0.81,0.49,1116.76,1936.55,1,True,1,1,Remittance,business,0,2,15,4,mobile_ios,DLSU term 2 tuition balance settlement,True,legit,False,False,394,1,False,False,False,False,False,False,True,False,False,False,MEETS_STRONG,126,pin,300,0,1625,False,44,9.6,False,False,False,1.46,1.46,249.4,0.35,False
TX-C3-001461,usr-C3-0294,C3,False,ALLOW,3093.91,2417.12,1.28,0.3,3093.91,9908.93,1,False,448,1,Funds Transfer,third_party_individual,22,2,12,2,mobile_ios,,False,none,False,False,739,1,False,False,False,False,False,False,False,False,False,False,MISSING,60,biometric,90,0,720,False,25,10.0,False,False,False,0.6,0.6,293.2,0.12,False
TX-C3-001462,usr-C3-0270,C3,False,ALLOW,1859.08,1737.46,1.07,0.46,1859.08,4932.92,1,False,541,1,Funds Transfer,own_account,6,3,9,3,mobile_ios,,False,none,False,False,359,1,False,False,False,False,False,False,False,False,False,False,MEETS_DEVICE,171,pin,347,0,612,False,20,16.7,False,False,False,1.74,1.74,45.7,2.28,False
TX-C3-001463,usr-C3-0286,C3,False,ALLOW,693.12,1117.93,0.62,0.09,693.12,1869.27,1,True,0,1,Remittance,business,12,6,6,8,mobile_ios,Cybersecurity Risk Analysis Handbook Textbook,True,legit,False,False,740,1,False,False,False,False,False,False,True,False,False,False,MEETS_STRONG,89,pin,151,0,161,False,38,8.9,False,False,False,2.35,2.35,135.5,1.04,False
TX-C3-001464,usr-C3-0253,C3,False,ALLOW,1075.39,1378.71,0.78,0.43,1075.39,2119.59,1,False,486,1,Bills Payment,registered_biller,13,6,2,12,mobile_android,Dentist tooth extraction and cleaning procedure,True,legit,False,False,394,1,False,False,False,False,False,False,False,False,False,False,MEETS_STRONG,77,pin,133,0,1215,False,16,17.0,False,False,False,2.0,2.0,226.5,0.53,False
TX-C3-001465,usr-C3-0113,C3,False,ALLOW,170.47,1704.71,0.1,0.3,170.47,208.98,1,False,536,1,Funds Transfer,own_account,14,5,4,3,mobile_android,,False,none,False,False,125,1,False,False,False,False,False,False,False,False,False,False,MEETS_STRONG,167,pin,486,0,232,False,16,7.4,False,False,False,2.2,2.2,252.8,0.52,False
TX-C3-001466,usr-C3-0060,C3,False,ALLOW,22034.32,19499.4,1.13,0.11,22034.32,28998.1,1,True,3,1,Savings,own_account,3,0,14,8,mobile_android,Converge ICT fiber internet connection - Ref #1186,True,legit,False,False,834,1,False,False,False,False,False,False,False,False,False,False,MEETS_STRONG,95,pin,598,0,1938,False,41,10.6,False,False,False,1.02,1.02,257.6,0.24,False
TX-C3-001467,usr-C3-0154,C3,False,ALLOW,808.02,1188.26,0.68,0.13,808.02,2115.8,1,False,493,1,Remittance,business,14,2,1,3,mobile_ios,,False,none,False,False,274,1,False,False,False,False,False,False,False,False,False,False,MEETS_STRONG,135,biometric,222,0,1744,True,37,18.2,False,False,False,0.44,0.44,100.3,0.26,False
TX-C3-001468,usr-C3-0293,C3,False,ALLOW,1482.14,1066.29,1.39,0.08,1482.14,3554.33,1,False,380,1,Funds Transfer,registered_biller,2,2,12,7,mobile_ios,Personal transfer,True,neutral,False,False,776,1,False,False,False,False,False,False,True,False,False,False,MEETS_DEVICE,19,biometric,78,0,871,True,30,13.5,False,False,False,2.62,2.62,194.1,0.81,False
TX-C3-001469,usr-C3-0213,C3,False,ALLOW,2682.48,1764.79,1.52,0.48,2682.48,7680.69,2,False,373,1,Remittance,business,13,5,4,14,mobile_ios,,False,none,False,False,685,1,False,False,False,False,False,False,False,False,False,False,MEETS_DEVICE,100,biometric,549,0,1903,False,20,24.7,False,False,False,1.07,1.07,73.7,0.87,False
TX-C3-001470,usr-C3-0053,C3,False,ALLOW,2721.61,1944.01,1.4,0.42,2721.61,7576.72,2,False,428,1,Funds Transfer,third_party_individual,22,5,10,7,mobile_android,,False,none,False,False,79,1,False,False,False,False,False,False,False,False,False,False,MEETS_STRONG,24,pin,504,0,238,False,42,6.6,False,False,False,2.72,2.72,232.0,0.7,False
TX-C3-001471,usr-C3-0026,C3,False,ALLOW,374.42,748.83,0.5,0.25,374.42,1124.92,1,False,60,1,Savings,own_account,20,2,5,14,mobile_ios,barbeque stall payment via qr ph,True,legit,False,False,297,1,False,False,False,False,False,False,False,False,False,False,MEETS_STRONG,160,biometric,85,0,390,False,41,17.7,False,False,False,2.04,2.04,70.3,1.74,False
TX-C3-001472,usr-C3-0003,C3,False,ALLOW,2654.72,1516.98,1.75,0.2,2654.72,3295.59,1,False,175,1,Bills Payment,registered_biller,12,3,2,9,mobile_android,,False,none,False,False,530,1,False,False,False,False,False,False,False,False,False,False,MEETS_STRONG,110,biometric,544,0,324,True,13,9.0,False,False,False,0.86,0.86,69.7,0.74,False
TX-C3-001473,usr-C3-0099,C3,False,ALLOW,8358.85,5005.3,1.67,0.1,8358.85,18264.26,1,False,303,1,Savings,own_account,16,4,4,13,mobile_android,maynilad water services residential account,True,legit,False,False,46,1,False,False,False,False,False,False,False,False,False,False,MEETS_STRONG,67,pin,217,0,1540,False,41,11.4,False,False,False,1.33,1.33,29.1,2.74,False
TX-C3-001474,usr-C3-0249,C3,False,ALLOW,626.54,1606.52,0.39,0.15,626.54,914.38,1,False,56,1,Savings,own_account,1,6,16,13,mobile_android,,False,none,False,False,153,1,False,False,False,False,False,False,False,False,False,False,MEETS_STRONG,62,pin,421,0,1974,True,29,21.7,False,False,False,1.4,1.4,157.0,0.54,False
TX-C3-001475,usr-C3-0255,C3,False,ALLOW,2143.38,4763.06,0.45,0.12,2143.38,3595.67,2,False,368,1,Bills Payment,registered_biller,14,1,2,4,mobile_ios,,False,none,False,False,593,1,False,False,False,False,False,False,False,False,False,False,MEETS_STRONG,21,biometric,128,0,1690,True,34,19.4,False,False,False,1.42,1.42,281.5,0.3,False
TX-C3-001476,usr-C3-0249,C3,False,ALLOW,1510.13,1606.52,0.94,0.29,1510.13,2632.13,2,False,498,1,Funds Transfer,business,21,2,4,0,mobile_android,,False,none,False,True,5,1,False,False,False,False,False,False,False,False,False,False,MEETS_STRONG,156,pin,279,0,328,False,13,10.9,False,False,False,0.93,0.93,22.3,2.5,False
TX-C3-001477,usr-C3-0168,C3,False,ALLOW,786.81,1248.91,0.63,0.14,786.81,967.27,1,False,353,1,Savings,own_account,20,6,7,2,mobile_ios,Professional Engineering Consultancy Service Billing,True,legit,False,False,490,1,False,False,False,False,False,False,True,False,False,False,MEETS_STRONG,34,biometric,524,0,1628,False,45,11.2,False,False,False,1.38,1.38,238.3,0.35,False
TX-C3-001478,usr-C3-0216,C3,False,ALLOW,2620.51,1941.12,1.35,0.35,2620.51,6697.05,1,False,410,1,Savings,own_account,0,0,12,9,mobile_ios,,False,none,False,False,896,1,False,False,False,False,False,False,False,False,False,False,MEETS_DEVICE,148,pin,500,0,1785,True,24,6.0,False,False,False,1.08,1.08,149.9,0.43,False
TX-C3-001479,usr-C3-0049,C3,False,ALLOW,9164.11,5912.33,1.55,0.13,9164.11,26663.38,1,True,1,1,Bills Payment,registered_biller,5,0,11,6,mobile_ios,,False,none,False,False,283,1,True,False,False,False,False,False,True,False,False,False,MEETS_BASIC,17,biometric,545,0,1536,False,23,16.9,False,False,False,1.37,1.37,65.3,1.26,False
TX-C3-001480,usr-C3-0079,C3,False,ALLOW,695.0,500.0,1.39,0.04,695.0,953.13,1,False,188,1,Savings,own_account,10,5,4,12,mobile_android,Financial allowance support for mama and papa,True,legit,False,False,731,1,False,False,False,False,False,False,False,False,False,False,MEETS_STRONG,48,biometric,171,0,971,True,16,17.7,False,False,False,2.21,2.21,272.0,0.49,False
TX-C3-001481,usr-C3-0032,C3,False,ALLOW,580.69,3226.07,0.18,0.08,580.69,813.43,1,True,3,1,Remittance,third_party_individual,3,0,18,1,mobile_android,,False,none,False,False,512,1,False,False,False,False,False,False,False,False,False,False,MEETS_STRONG,17,pin,410,0,1385,True,16,21.7,False,False,False,2.69,2.69,214.5,0.75,False
TX-C3-001482,usr-C3-0083,C3,False,ALLOW,892.15,1372.54,0.65,0.42,892.15,1303.54,1,False,354,1,Funds Transfer,registered_biller,12,3,7,12,mobile_android,,False,none,False,False,106,1,False,False,False,False,False,False,False,False,False,False,MEETS_STRONG,38,biometric,155,0,623,False,44,20.9,False,False,False,1.08,1.08,33.3,1.95,False
TX-C3-001483,usr-C3-0285,C3,False,ALLOW,9886.78,5649.59,1.75,0.27,9886.78,17308.49,2,True,1,1,Savings,own_account,10,1,6,6,mobile_android,,False,none,False,False,684,1,False,False,False,False,False,False,False,False,False,False,MEETS_STRONG,157,biometric,525,0,1227,True,38,8.8,False,False,False,2.15,2.15,25.0,5.16,False
TX-C3-001484,usr-C3-0189,C3,False,ALLOW,399.21,633.67,0.63,0.28,399.21,571.2,1,False,101,1,Savings,own_account,0,3,10,13,mobile_ios,,False,none,False,True,0,1,False,False,False,False,False,False,False,False,False,False,MEETS_DEVICE,131,biometric,387,0,579,False,45,7.9,False,False,False,1.63,1.63,148.1,0.66,False
TX-C3-001485,usr-C3-0240,C3,False,ALLOW,2241.54,1883.65,1.19,0.29,2241.54,7278.07,2,False,15,1,Funds Transfer,own_account,7,2,8,11,mobile_ios,Sallamat,True,neutral,False,False,273,1,False,False,False,False,False,False,False,False,False,False,MEETS_STRONG,65,pin,382,0,296,False,45,7.2,False,False,False,1.86,1.86,68.8,1.62,False
TX-C3-001486,usr-C3-0082,C3,False,ALLOW,4345.46,4994.78,0.87,0.34,4345.46,6104.2,1,False,436,1,Funds Transfer,business,0,0,19,1,mobile_android,,False,none,False,False,585,1,False,False,False,False,False,False,False,False,False,False,MEETS_STRONG,158,biometric,277,0,219,False,40,24.0,False,False,False,1.18,1.18,247.5,0.29,False
TX-C3-001487,usr-C3-0003,C3,False,ALLOW,2578.87,1516.98,1.7,0.32,2578.87,3248.57,2,False,408,1,Savings,own_account,0,2,14,14,mobile_android,,False,none,False,False,530,1,False,False,False,False,False,False,False,False,False,False,MEETS_STRONG,16,biometric,41,0,638,False,13,8.5,False,False,False,2.65,2.65,236.3,0.67,False
TX-C3-001488,usr-C3-0230,C3,False,ALLOW,678.61,1785.81,0.38,0.25,678.61,1802.49,1,True,0,1,Remittance,third_party_individual,6,6,11,0,mobile_android,Funds transfer,True,neutral,False,False,152,1,False,False,False,False,False,False,False,False,False,False,MEETS_STRONG,85,pin,307,0,1817,False,34,23.3,False,False,False,1.26,1.26,107.2,0.71,False
TX-C3-001489,usr-C3-0262,C3,False,ALLOW,3983.91,4024.15,0.99,0.41,3983.91,5530.99,1,False,125,1,Remittance,third_party_individual,12,6,6,2,mobile_android,pang requirements sa board examination,True,legit,False,False,202,1,False,False,False,False,False,False,True,False,False,False,MEETS_STRONG,46,biometric,46,0,1752,True,41,9.9,False,False,False,1.3,1.3,219.5,0.36,False
TX-C3-001490,usr-C3-0178,C3,False,ALLOW,280.53,4675.45,0.06,0.46,280.53,744.94,1,False,217,1,Funds Transfer,registered_biller,10,6,5,7,mobile_android,,False,none,False,False,672,1,False,False,False,False,False,False,False,False,False,False,MEETS_STRONG,71,biometric,416,0,144,False,40,6.5,False,False,False,2.07,2.07,143.5,0.87,False
TX-C3-001491,usr-C3-0294,C3,False,ALLOW,604.28,2417.12,0.25,0.34,604.28,2054.75,1,False,444,1,Remittance,third_party_individual,17,1,7,4,mobile_ios,,False,none,False,False,739,1,False,False,False,False,False,False,True,False,False,False,MEETS_STRONG,106,pin,282,0,741,False,12,21.9,False,False,False,0.17,0.17,231.8,0.04,False
TX-C3-001492,usr-C3-0032,C3,False,ALLOW,20550.07,3226.07,6.37,0.11,20550.07,59352.07,1,False,253,1,Savings,own_account,0,0,21,1,mobile_android,,False,none,False,False,512,1,False,False,False,False,False,False,False,False,False,False,MEETS_STRONG,136,biometric,420,0,189,True,18,5.4,False,False,False,2.49,2.49,118.6,1.26,False
TX-C3-001493,usr-C3-0064,C3,False,ALLOW,5321.08,3884.0,1.37,0.06,5321.08,17947.02,1,False,199,1,Savings,own_account,3,5,12,0,mobile_ios,,False,none,False,False,167,1,False,False,False,False,False,False,False,False,False,False,MEETS_STRONG,123,biometric,492,0,496,False,35,13.3,False,True,True,2.35,2.35,61.1,2.31,False
TX-C3-001494,usr-C3-0229,C3,False,ALLOW,4481.64,2783.63,1.61,0.05,4481.64,9003.84,2,False,154,1,Funds Transfer,registered_biller,2,5,12,9,mobile_android,,False,none,False,False,767,1,False,False,False,False,False,False,False,False,False,False,MEETS_DEVICE,14,biometric,116,0,1677,False,16,9.3,False,False,False,1.66,1.66,68.8,1.45,False
TX-C3-001495,usr-C3-0148,C3,False,ALLOW,796.19,1447.61,0.55,0.08,796.19,1981.9,1,False,318,1,Savings,own_account,6,1,7,4,mobile_ios,,False,none,False,False,240,1,False,False,False,False,False,False,False,False,False,False,MEETS_STRONG,54,pin,124,0,1079,False,43,6.8,False,False,False,1.51,1.51,96.7,0.94,False
TX-C3-001496,usr-C3-0288,C3,False,ALLOW,2709.04,3815.55,0.71,0.47,2709.04,4332.49,1,False,332,1,Bills Payment,registered_biller,18,5,2,10,mobile_ios,,False,none,False,True,4,1,False,False,False,False,False,False,False,False,False,False,MEETS_STRONG,56,biometric,174,0,602,False,42,17.8,False,True,True,0.79,0.79,51.2,0.93,False
TX-C3-001497,usr-C3-0291,C3,False,ALLOW,2558.95,2414.1,1.06,0.28,2558.95,7198.04,1,False,386,1,Remittance,third_party_individual,18,6,7,10,mobile_ios,,False,none,False,True,0,1,False,False,False,False,False,False,False,False,False,False,MEETS_STRONG,118,pin,249,0,1205,False,43,9.8,False,False,False,1.24,1.24,157.0,0.47,False
TX-C3-001498,usr-C3-0225,C3,False,ALLOW,1919.27,1863.37,1.03,0.03,1919.27,2866.9,1,False,329,1,Funds Transfer,own_account,9,3,9,4,mobile_ios,Christmas pamasko for godchildren,True,legit,False,False,135,1,False,False,False,False,False,False,True,False,False,False,MEETS_STRONG,125,pin,147,0,690,True,42,23.8,False,False,False,212.95,212.95,268.8,47.53,False
TX-C3-001499,usr-C3-0087,C3,False,ALLOW,27751.03,16921.36,1.64,0.41,27751.03,65356.37,1,False,581,1,Savings,own_account,8,5,9,12,mobile_android,,False,none,False,False,574,1,True,False,False,False,False,False,True,False,False,False,MEETS_BASIC,171,biometric,357,0,872,False,20,16.9,False,False,False,2.1,2.1,64.1,1.97,False
TX-C3-001500,usr-C3-0217,C3,False,ALLOW,1865.96,2096.58,0.89,0.26,1865.96,3301.06,1,False,256,1,Bills Payment,registered_biller,20,3,4,0,mobile_android,pocket money for provincial vacation trpi,True,legit,False,False,148,1,False,False,False,False,False,False,False,False,False,False,MEETS_STRONG,16,pin,549,0,1742,False,17,19.6,False,False,False,2.13,2.13,217.3,0.59,False
TX-C3-001501,usr-C3-0116,C3,False,ALLOW,4470.64,4064.22,1.1,0.19,4470.64,6777.22,1,False,46,1,Bills Payment,registered_biller,18,3,5,12,mobile_ios,,False,none,False,False,305,1,False,False,False,False,False,False,False,False,False,False,MEETS_STRONG,89,biometric,309,0,1601,False,41,23.4,False,False,False,1.38,1.38,240.8,0.34,False
TX-C3-001502,usr-C3-0130,C3,False,ALLOW,1658.79,4146.97,0.4,0.34,1658.79,3409.49,1,False,239,1,Savings,own_account,17,2,2,1,mobile_android,,False,none,False,False,838,1,False,False,False,False,False,False,False,False,False,False,MEETS_STRONG,123,biometric,483,0,171,False,18,21.4,False,False,False,0.89,0.89,200.9,0.27,False
TX-C3-001503,usr-C3-0118,C3,False,ALLOW,2751.06,6113.47,0.45,0.19,2751.06,4357.29,1,False,359,1,Funds Transfer,third_party_individual,6,2,7,12,mobile_ios,,False,none,False,False,399,1,False,False,False,False,False,False,False,False,False,False,MEETS_STRONG,31,biometric,263,0,1777,False,23,22.0,False,False,False,2.31,2.31,242.8,0.57,False
TX-C3-001504,usr-C3-0285,C3,False,ALLOW,6610.02,5649.59,1.17,0.22,6610.02,7943.17,1,False,438,1,Remittance,business,7,4,9,11,mobile_ios,,False,none,False,False,684,1,False,False,False,False,False,False,True,False,False,False,MEETS_STRONG,63,pin,224,0,755,True,27,7.9,False,False,False,1.47,1.47,125.7,0.7,False
TX-C3-001505,usr-C3-0257,C3,False,ALLOW,6238.52,16417.15,0.38,0.35,6238.52,9287.33,1,True,1,1,Funds Transfer,business,10,6,1,3,mobile_android,,False,none,False,False,257,1,False,False,False,False,False,False,False,False,False,False,MEETS_DEVICE,108,biometric,288,0,1993,False,33,17.1,False,False,False,1.31,1.31,279.2,0.28,False
TX-C3-001506,usr-C3-0288,C3,False,ALLOW,4082.64,3815.55,1.07,0.04,4082.64,5037.91,1,True,1,1,Bills Payment,registered_biller,13,0,7,11,mobile_android,,False,none,False,False,211,1,False,False,False,False,False,False,False,False,False,False,MEETS_DEVICE,103,biometric,560,0,1183,False,26,7.0,False,False,False,1.23,1.23,265.4,0.28,False
TX-C3-001507,usr-C3-0258,C3,False,ALLOW,5055.3,3415.74,1.48,0.13,5055.3,10960.54,1,False,36,1,Savings,own_account,4,5,15,13,mobile_android,,False,none,False,False,675,1,False,False,False,False,False,False,True,False,False,False,MEETS_DEVICE,141,biometric,523,0,1485,True,21,19.0,False,False,False,2.09,2.09,252.5,0.5,False
TX-C3-001508,usr-C3-0219,C3,False,ALLOW,1823.71,3880.23,0.47,0.49,1823.71,2400.02,2,False,93,1,Remittance,third_party_individual,4,1,7,6,mobile_ios,Ref 982341,True,neutral,False,False,41,1,False,False,False,False,False,False,True,False,False,False,MEETS_STRONG,127,biometric,70,0,1291,False,31,21.4,False,False,False,1.79,1.79,281.2,0.38,False
TX-C3-001509,usr-C3-0213,C3,False,ALLOW,11400.54,1764.79,6.46,0.21,11400.54,25119.9,1,False,407,1,Bills Payment,registered_biller,23,0,6,14,mobile_ios,Professional engineering consultancy service billing,True,legit,False,False,685,1,False,False,False,False,False,False,False,False,False,False,MEETS_DEVICE,167,pin,588,0,308,True,32,21.5,False,False,False,2.67,2.67,74.5,2.15,False
TX-C3-001510,usr-C3-0220,C3,False,ALLOW,1967.91,3713.04,0.53,0.43,1967.91,5333.26,1,False,149,1,Bills Payment,registered_biller,13,2,7,1,mobile_android,GCash cash in transaction,True,neutral,False,False,831,1,False,False,False,False,False,False,False,False,False,False,MEETS_DEVICE,173,biometric,395,0,354,False,27,11.0,False,False,False,1.17,1.17,190.9,0.37,False
TX-C3-001511,usr-C3-0052,C3,False,ALLOW,1356.92,1762.23,0.77,0.2,1356.92,4583.35,1,False,416,1,Savings,own_account,9,5,0,8,mobile_ios,,False,none,False,False,638,1,False,False,False,False,False,False,False,False,False,False,MEETS_STRONG,151,biometric,497,0,874,False,39,16.3,False,False,False,0.96,0.96,197.0,0.29,False
TX-C3-001512,usr-C3-0282,C3,False,ALLOW,1765.38,2006.11,0.88,0.47,1765.38,4953.76,1,False,299,1,Bills Payment,registered_biller,10,5,1,4,mobile_ios,Wet market seafood purchase,True,legit,False,False,751,1,False,False,False,False,False,False,False,False,False,False,MEETS_DEVICE,143,biometric,270,0,1093,True,28,8.5,False,False,False,2.03,2.03,119.5,1.02,False
TX-C3-001513,usr-C3-0244,C3,False,ALLOW,2672.5,1855.9,1.44,0.23,2672.5,6591.53,2,False,63,1,Bills Payment,registered_biller,23,5,13,0,mobile_android,elderly caregiver allowance and groceries,True,legit,False,False,433,1,False,False,False,False,False,False,False,False,False,False,MISSING,60,biometric,90,0,720,False,25,10.0,False,False,False,2.37,2.37,147.1,0.97,False
TX-C3-001514,usr-C3-0100,C3,False,ALLOW,8354.69,8983.54,0.93,0.16,8354.69,26470.93,1,False,25,1,Savings,own_account,5,3,5,1,mobile_android,bottled mineral water office supply,True,legit,False,False,437,1,False,False,False,False,False,False,False,False,False,False,MEETS_STRONG,18,pin,461,0,760,True,34,6.7,False,False,False,1.78,1.78,275.5,0.39,False
TX-C3-001515,usr-C3-0062,C3,False,ALLOW,3533.49,7681.51,0.46,0.23,3533.49,11898.4,1,False,75,1,Funds Transfer,third_party_individual,18,4,6,5,mobile_ios,,False,none,False,False,899,1,False,False,False,False,False,False,False,False,False,False,MEETS_STRONG,175,biometric,249,0,980,True,37,8.1,False,False,False,2.86,2.86,196.8,0.87,False
TX-C3-001516,usr-C3-0256,C3,False,ALLOW,12458.38,3227.56,3.86,0.13,12458.38,26285.85,2,True,0,1,Savings,own_account,19,5,9,7,mobile_ios,,False,none,False,False,173,1,False,False,False,False,False,False,False,False,False,False,MISSING,60,biometric,90,0,720,False,25,10.0,False,False,False,2.75,2.75,198.5,0.83,False
TX-C3-001517,usr-C3-0173,C3,False,ALLOW,14459.72,10478.06,1.38,0.37,14459.72,36771.31,1,False,295,1,Remittance,third_party_individual,20,5,2,6,mobile_android,,False,none,False,False,326,1,False,False,False,False,False,False,False,False,False,False,MEETS_DEVICE,37,pin,297,0,1572,False,14,15.4,False,False,False,2.11,2.11,81.2,1.56,False
TX-C3-001518,usr-C3-0007,C3,False,ALLOW,928.37,4641.85,0.2,0.38,928.37,2987.01,1,False,238,1,Funds Transfer,registered_biller,6,1,8,6,mobile_android,,False,none,False,False,110,1,False,False,False,False,False,False,False,False,False,False,MEETS_STRONG,79,biometric,128,0,1719,False,22,17.7,False,False,False,2.7,2.7,189.5,0.85,False
TX-C3-001519,usr-C3-0239,C3,False,ALLOW,8756.05,6438.27,1.36,0.32,8756.05,24423.62,1,False,464,1,Funds Transfer,business,0,5,20,11,mobile_android,Designing data intensive applications technical textbook,True,legit,False,False,785,1,False,False,False,False,False,False,False,False,False,False,MEETS_STRONG,114,biometric,387,0,1346,False,33,5.7,False,False,False,2.27,2.27,20.4,6.68,False
TX-C3-001520,usr-C3-0216,C3,False,ALLOW,2290.52,1941.12,1.18,0.01,2290.52,4383.25,1,False,99,1,Savings,own_account,10,3,2,1,mobile_android,,False,none,False,False,896,1,False,False,False,False,False,False,False,False,False,False,MEETS_STRONG,37,biometric,213,0,1980,True,45,23.4,False,False,False,0.5,0.5,153.7,0.2,False
TX-C3-001521,usr-C3-0063,C3,False,ALLOW,4542.98,2626.0,1.73,0.05,4542.98,8315.67,1,True,2,1,Remittance,business,7,2,2,10,mobile_android,Attorney Legal Document Notarization Service Fee,True,legit,False,True,2,1,False,False,False,False,False,False,False,False,False,False,MEETS_STRONG,143,pin,545,0,696,True,24,24.1,False,False,False,1.75,1.75,194.6,0.54,False
TX-C3-001522,usr-C3-0218,C3,False,ALLOW,4797.38,1001.54,4.79,0.36,4797.38,7523.46,1,False,146,1,Funds Transfer,registered_biller,17,2,6,2,mobile_android,,False,none,False,False,788,1,False,False,False,False,False,False,False,False,False,False,MEETS_STRONG,12,biometric,576,0,1456,False,26,6.6,False,False,False,2.83,2.83,203.4,0.83,False
TX-C3-001523,usr-C3-0118,C3,False,ALLOW,9659.28,6113.47,1.58,0.16,9659.28,28418.25,1,False,370,1,Funds Transfer,registered_biller,19,5,6,12,mobile_android,,False,none,False,False,399,1,False,False,False,False,False,False,False,False,False,False,MEETS_STRONG,11,biometric,200,0,206,False,18,15.7,False,False,False,2.29,2.29,196.6,0.7,False
TX-C3-001524,usr-C3-0279,C3,False,ALLOW,1596.16,1173.65,1.36,0.08,1596.16,2912.72,1,False,537,1,Funds Transfer,third_party_individual,13,4,1,12,mobile_android,robinsons supermarket fresh fruis and meat - Ref #10001,True,legit,False,False,87,1,True,False,False,False,False,False,True,False,False,False,MEETS_BASIC,28,pin,599,0,1371,False,39,13.4,False,False,False,0.96,0.96,136.3,0.42,False
TX-C3-001525,usr-C3-0233,C3,False,ALLOW,7877.7,9267.88,0.85,0.17,7877.7,21687.16,2,False,280,1,Bills Payment,registered_biller,21,0,9,11,mobile_ios,Dog veterinary shampoo and tick medicine,True,legit,False,False,407,1,False,False,False,False,False,False,True,False,False,False,MEETS_DEVICE,16,biometric,311,0,1341,True,29,13.3,False,False,False,0.71,0.71,44.1,0.97,False
TX-C3-001526,usr-C3-0048,C3,False,ALLOW,17589.42,11496.35,1.53,0.09,17589.42,58750.69,1,False,579,1,Savings,own_account,12,2,5,5,mobile_ios,,False,none,False,False,766,1,False,False,False,False,False,False,False,False,False,False,MEETS_STRONG,178,pin,265,0,1428,False,43,8.4,False,False,False,2.43,2.43,283.6,0.51,False
TX-C3-001527,usr-C3-0113,C3,False,ALLOW,2386.59,1704.71,1.4,0.35,2386.59,3271.7,2,True,0,1,Bills Payment,registered_biller,19,6,1,9,mobile_android,,False,none,False,False,125,1,False,False,False,False,False,False,False,False,False,False,MEETS_DEVICE,161,biometric,200,0,218,False,28,19.4,False,False,False,0.36,0.36,188.2,0.11,False
TX-C3-001528,usr-C3-0193,C3,False,ALLOW,937.61,781.34,1.2,0.17,937.61,1827.56,1,False,131,1,Savings,own_account,12,1,5,13,mobile_android,office co-working space dedicated desk fee,True,legit,False,False,261,1,False,False,False,False,False,False,False,False,False,False,MEETS_DEVICE,94,biometric,581,0,1797,False,12,23.8,False,False,False,1.62,1.62,79.5,1.22,False
TX-C3-001529,usr-C3-0204,C3,False,ALLOW,2096.15,1486.63,1.41,0.18,2096.15,4272.18,1,False,78,1,Funds Transfer,registered_biller,13,6,6,6,mobile_ios,Professional Engineering Consultancy Service Billing - Ref #21933,True,legit,False,False,898,1,False,False,False,False,False,False,False,False,False,False,MEETS_STRONG,165,biometric,286,0,664,False,12,6.3,False,False,False,1.71,1.71,132.7,0.77,False
TX-C3-001530,usr-C3-0185,C3,False,ALLOW,2243.91,1466.61,1.53,0.09,2243.91,5426.7,2,False,167,1,Remittance,third_party_individual,4,1,17,0,mobile_android,Baby diapers and milk formula supply,True,legit,False,False,526,1,False,False,False,False,False,False,True,False,False,False,MEETS_STRONG,39,biometric,163,0,1477,False,15,6.2,False,False,False,2.06,2.06,152.6,0.81,False
TX-C3-001531,usr-C3-0152,C3,False,ALLOW,3420.9,2311.42,1.48,0.06,3420.9,8751.75,1,False,477,1,Funds Transfer,registered_biller,9,4,7,1,mobile_android,,False,none,False,False,895,1,False,False,False,False,False,False,True,False,False,False,MEETS_DEVICE,63,biometric,502,0,400,True,43,21.9,False,False,False,1.08,1.08,283.7,0.23,False
TX-C3-001532,usr-C3-0015,C3,False,ALLOW,769.33,5128.85,0.15,0.37,769.33,2074.31,2,False,196,1,Savings,own_account,7,2,5,5,mobile_ios,,False,none,False,False,617,1,False,False,False,False,False,False,False,False,False,False,MEETS_STRONG,91,biometric,327,0,739,False,19,9.1,False,False,False,2.03,2.03,280.7,0.43,False
TX-C3-001533,usr-C3-0216,C3,False,ALLOW,834.68,1941.12,0.43,0.13,834.68,2271.54,1,False,313,1,Savings,own_account,0,6,12,8,mobile_ios,,False,none,False,False,896,1,False,False,False,False,False,False,False,False,False,False,MEETS_STRONG,133,biometric,529,0,1338,False,28,16.1,False,False,False,1.71,1.71,143.7,0.71,False
TX-C3-001534,usr-C3-0184,C3,False,ALLOW,487.49,1477.24,0.33,0.17,487.49,600.77,1,False,450,1,Funds Transfer,registered_biller,5,0,8,4,mobile_android,Aircon cleaning and preventive maintenance service,True,legit,False,False,360,1,False,False,False,False,False,False,True,False,False,False,MEETS_STRONG,154,pin,111,0,1737,True,17,9.2,False,False,False,2.23,2.23,242.5,0.55,False
TX-C3-001535,usr-C3-0221,C3,False,ALLOW,804.85,738.39,1.09,0.27,804.85,1670.67,1,False,292,1,Funds Transfer,business,17,1,4,6,mobile_ios,,False,none,False,False,829,1,False,False,False,False,False,False,True,False,False,False,MEETS_DEVICE,168,biometric,49,0,1342,False,21,14.2,False,False,False,1.34,1.34,87.0,0.92,False
TX-C3-001536,usr-C3-0077,C3,False,ALLOW,281.95,563.9,0.5,0.22,281.95,675.29,1,False,527,1,Remittance,third_party_individual,10,2,8,8,mobile_ios,Payment for services rendered - Ref #47850,True,neutral,False,False,628,1,False,False,False,False,False,False,False,False,False,False,MEETS_STRONG,138,biometric,525,0,307,False,35,15.5,False,False,False,1.55,1.55,231.4,0.4,False
TX-C3-001537,usr-C3-0260,C3,False,ALLOW,2797.51,2135.5,1.31,0.29,2797.51,6978.09,1,False,234,1,Savings,own_account,16,3,0,14,mobile_ios,,False,none,False,False,691,1,False,False,False,False,False,False,True,False,False,False,MEETS_STRONG,178,biometric,225,0,1342,False,25,24.5,False,False,False,0.58,0.58,282.3,0.12,False
TX-C3-001538,usr-C3-0158,C3,False,ALLOW,2185.71,6623.37,0.33,0.33,2185.71,6500.47,1,True,2,1,Bills Payment,registered_biller,6,2,10,10,mobile_android,,False,none,False,False,352,1,False,False,False,False,False,False,False,False,False,False,MEETS_STRONG,88,pin,474,0,157,False,36,10.0,False,False,False,1.5,1.5,129.2,0.7,False
TX-C3-001539,usr-C3-0023,C3,False,ALLOW,3651.4,3260.18,1.12,0.43,3651.4,5587.11,1,True,2,1,Savings,own_account,0,4,12,9,mobile_android,,False,none,False,False,805,1,False,False,False,False,False,False,False,False,True,False,MEETS_STRONG,65,pin,180,0,980,True,26,14.5,False,False,False,1173.3,1173.3,275.3,255.71,False
TX-C3-001540,usr-C3-0095,C3,False,ALLOW,321.62,4594.64,0.07,0.09,321.62,800.26,2,False,201,1,Remittance,third_party_individual,12,5,4,8,mobile_android,,False,none,False,True,2,1,False,False,False,False,False,False,True,False,False,False,MEETS_DEVICE,106,biometric,72,0,1617,True,40,23.8,False,False,False,0.11,0.11,105.7,0.06,False
TX-C3-001541,usr-C3-0012,C3,False,ALLOW,3282.55,3567.99,0.92,0.14,3282.55,4690.86,1,False,393,1,Funds Transfer,business,10,3,1,6,mobile_ios,,False,none,False,False,593,1,False,False,False,False,False,False,False,False,False,False,MEETS_STRONG,60,biometric,404,0,695,False,17,16.8,False,False,False,1.99,1.99,29.4,4.06,False
TX-C3-001542,usr-C3-0071,C3,False,ALLOW,7210.85,5815.2,1.24,0.49,7210.85,23727.51,1,False,175,1,Savings,own_account,12,1,0,4,mobile_android,,False,none,False,False,750,1,False,False,False,False,False,False,False,False,False,False,MEETS_DEVICE,176,pin,421,0,311,False,21,18.1,False,False,False,2.03,2.03,256.6,0.47,False
TX-C3-001543,usr-C3-0196,C3,False,ALLOW,1189.61,874.71,1.36,0.24,1189.61,4126.62,1,True,3,1,Savings,own_account,15,0,1,10,mobile_ios,,False,none,False,False,350,1,False,False,False,False,False,False,False,False,False,False,MEETS_STRONG,143,pin,267,0,750,False,32,17.7,False,False,False,2.46,2.46,77.1,1.91,False
TX-C3-001544,usr-C3-0043,C3,False,ALLOW,1149.57,684.27,1.68,0.04,1149.57,2266.45,1,False,249,1,Remittance,third_party_individual,20,1,1,11,mobile_ios,,False,none,False,False,814,1,False,False,False,False,False,False,False,False,False,False,MEETS_DEVICE,10,pin,185,0,1154,False,31,6.4,False,False,False,1.13,1.13,23.2,2.92,False
TX-C3-001545,usr-C3-0080,C3,False,ALLOW,1173.44,738.01,1.59,0.43,1173.44,2313.02,2,False,169,1,Savings,own_account,22,3,3,10,mobile_android,,False,none,False,False,770,1,False,False,False,False,False,False,False,False,False,False,MEETS_DEVICE,74,pin,358,0,419,False,33,19.1,False,False,False,1.07,1.07,120.2,0.53,False
TX-C3-001546,usr-C3-0197,C3,False,ALLOW,907.24,4320.2,0.21,0.11,907.24,1391.81,1,True,1,1,Bills Payment,registered_biller,6,0,5,4,mobile_ios,,False,none,False,False,801,1,False,False,False,False,False,False,False,False,False,False,MEETS_DEVICE,172,pin,487,0,774,False,23,22.1,False,False,False,1.36,1.36,249.6,0.33,False
TX-C3-001547,usr-C3-0072,C3,False,ALLOW,1832.44,3272.22,0.56,0.43,1832.44,3011.73,1,True,0,1,Funds Transfer,third_party_individual,13,0,0,11,mobile_ios,,False,none,False,False,824,1,False,False,False,False,False,False,True,False,True,False,MEETS_DEVICE,76,pin,181,0,354,False,12,17.4,False,False,False,2.23,2.23,25.4,5.27,False
TX-C3-001548,usr-C3-0255,C3,False,ALLOW,5953.83,4763.06,1.25,0.23,5953.83,8421.41,1,False,409,1,Bills Payment,registered_biller,22,1,10,9,mobile_ios,Own account transfer,True,neutral,False,False,593,1,False,False,False,False,False,False,False,False,False,False,MEETS_DEVICE,158,biometric,152,0,1333,False,13,16.7,False,False,False,2.23,2.23,122.2,1.09,False
TX-C3-001549,usr-C3-0069,C3,False,ALLOW,802.7,1234.93,0.65,0.06,802.7,1393.1,1,False,536,1,Savings,own_account,1,1,12,3,mobile_android,Dog Veterinary Shampoo And Tick Medicine - Ref #27561,True,legit,False,False,370,1,False,False,False,False,False,False,False,False,True,False,MEETS_DEVICE,140,biometric,97,0,115,False,21,22.9,False,False,False,1.45,1.45,95.9,0.91,False
TX-C3-001550,usr-C3-0133,C3,False,ALLOW,1701.56,3093.74,0.55,0.29,1701.56,3760.27,2,False,69,1,Bills Payment,registered_biller,20,5,6,5,mobile_ios,sports traaining uniform and gear allowance,True,legit,False,False,710,1,False,False,False,False,False,False,False,False,False,False,MEETS_STRONG,63,biometric,375,0,527,False,23,15.1,False,False,False,0.66,0.66,210.2,0.19,False
TX-C3-001551,usr-C3-0138,C3,False,ALLOW,1271.74,1068.69,1.19,0.18,1271.74,1670.09,2,False,247,1,Funds Transfer,own_account,9,0,4,12,mobile_ios,,False,none,False,False,137,1,True,False,False,False,False,False,True,False,False,False,MEETS_BASIC,169,biometric,67,0,227,False,21,22.8,False,False,False,2.44,2.44,150.1,0.98,False
TX-C3-001552,usr-C3-0181,C3,True,REQUIRE_2FA,15555.38,3686.11,4.22,0.37,19316.03,36107.8,3,False,121,7,Bills Payment,registered_biller,13,5,7,3,mobile_ios,,False,none,False,False,822,1,False,False,False,False,False,False,False,False,False,False,MISSING,60,biometric,90,0,720,False,25,10.0,False,False,False,2.05,2.05,69.2,1.78,False
TX-C3-001553,usr-C3-0190,C3,False,ALLOW,1726.58,3753.44,0.46,0.02,1726.58,3027.26,2,False,569,1,Savings,own_account,6,2,5,9,mobile_ios,,False,none,False,False,694,1,False,False,False,False,False,False,False,False,False,False,MEETS_STRONG,103,biometric,243,0,1140,False,16,13.7,False,False,False,2.59,2.59,191.5,0.81,False
TX-C3-001554,usr-C3-0136,C3,False,ALLOW,744.51,1909.0,0.39,0.46,744.51,1427.08,2,True,1,1,Savings,own_account,22,2,2,1,mobile_ios,,False,none,False,False,552,1,False,False,False,False,False,True,False,False,False,False,MEETS_STRONG,142,biometric,197,0,1345,False,43,15.2,False,False,False,1.64,1.64,96.4,1.02,False
TX-C3-001555,usr-C3-0060,C3,False,ALLOW,27104.17,19499.4,1.39,0.37,27104.17,88999.93,1,False,290,1,Funds Transfer,third_party_individual,23,4,6,8,mobile_android,,False,none,False,False,834,1,False,False,False,False,False,False,False,False,False,False,MEETS_STRONG,76,biometric,93,0,223,False,27,17.8,False,False,False,1.81,1.81,218.1,0.5,False
TX-C3-001556,usr-C3-0299,C3,False,ALLOW,810.99,1843.16,0.44,0.23,810.99,1527.3,1,False,382,1,Funds Transfer,registered_biller,16,4,7,14,mobile_android,,False,none,False,False,896,1,False,False,False,False,False,False,False,False,False,False,MEETS_DEVICE,115,biometric,94,0,878,False,28,9.8,False,False,False,2.01,2.01,221.9,0.54,False
TX-C3-001557,usr-C3-0200,C3,False,ALLOW,32729.34,7792.7,4.2,0.26,32729.34,66620.31,1,False,361,1,Funds Transfer,third_party_individual,7,2,5,7,mobile_ios,Pang boundary ng tricycle driver,True,legit,False,False,483,1,False,False,False,False,False,False,False,False,False,False,MEETS_DEVICE,67,biometric,575,0,1779,True,17,23.0,False,False,False,1.52,1.52,269.4,0.34,False
TX-C3-001558,usr-C3-0047,C3,False,ALLOW,2046.15,1930.33,1.06,0.11,2046.15,5650.22,1,True,1,1,Bills Payment,registered_biller,3,1,18,6,mobile_ios,Sky Cable television monthly subscription,True,legit,False,False,33,1,False,False,True,False,False,False,False,False,False,False,FAILED,12,biometric,291,0,1170,False,29,20.7,False,False,False,2.13,2.13,31.3,4.08,False
TX-C3-001559,usr-C3-0107,C3,False,ALLOW,13444.98,7816.85,1.72,0.2,13444.98,20648.89,2,False,230,1,Savings,own_account,8,6,13,6,mobile_ios,,False,none,False,False,117,1,False,False,False,False,False,False,False,False,False,False,MEETS_STRONG,104,biometric,119,0,937,True,15,22.4,False,True,True,1.56,1.56,118.9,0.79,False
TX-C3-001560,usr-C3-0067,C3,False,ALLOW,6737.28,1308.21,5.15,0.21,6737.28,10352.68,2,False,363,1,Funds Transfer,business,0,0,10,2,mobile_android,,False,none,False,False,70,1,False,False,False,False,False,False,False,False,False,False,MISSING,60,biometric,90,0,720,False,25,10.0,False,False,False,2.1,2.1,273.7,0.46,False
TX-C3-001561,usr-C3-0067,C3,False,ALLOW,353.22,1308.21,0.27,0.16,353.22,684.51,1,False,521,1,Remittance,business,16,6,6,10,mobile_ios,,False,none,False,False,70,1,False,False,False,False,False,False,True,False,False,False,MEETS_STRONG,154,biometric,516,0,1784,True,14,9.1,False,False,False,2.55,2.55,278.7,0.55,False
TX-C3-001562,usr-C3-0207,C3,False,ALLOW,2633.73,1755.82,1.5,0.05,2633.73,4330.59,1,False,193,1,Bills Payment,registered_biller,20,4,2,4,mobile_ios,,False,none,False,False,683,1,False,False,False,False,False,False,False,False,False,False,MEETS_STRONG,172,biometric,376,0,1267,False,29,7.4,False,False,False,1.25,1.25,16.5,4.55,False
TX-C3-001563,usr-C3-0270,C3,True,REQUIRE_2FA,8617.8,1737.46,4.96,0.34,11894.35,18819.81,5,True,2,20,Funds Transfer,business,11,6,4,2,mobile_ios,,False,none,False,False,359,1,False,False,False,False,False,True,True,False,False,False,MEETS_STRONG,423,pin,8,0,1161,True,6,24.2,False,False,False,1.83,1.83,264.3,0.42,False
TX-C3-001564,usr-C3-0108,C3,False,ALLOW,1111.64,2711.31,0.41,0.11,1111.64,3550.92,1,False,552,1,Savings,own_account,14,2,1,3,mobile_ios,,False,none,False,False,114,1,False,False,False,False,False,False,False,False,False,False,MISSING,60,biometric,90,0,720,False,25,10.0,False,False,False,0.54,0.54,83.8,0.39,False
TX-C3-001565,usr-C3-0281,C3,False,ALLOW,1486.35,5945.4,0.25,0.5,1486.35,4287.04,1,False,55,1,Remittance,business,2,4,19,12,mobile_android,Emergency financial assistance  for cousin,True,legit,False,False,211,1,False,False,False,False,False,False,False,False,False,False,MEETS_DEVICE,124,biometric,430,0,1738,False,36,19.8,False,False,False,0.73,0.73,36.8,1.19,False
TX-C3-001566,usr-C3-0132,C3,False,ALLOW,3314.18,3809.4,0.87,0.17,3314.18,10589.6,2,False,580,1,Bills Payment,registered_biller,7,4,13,1,mobile_ios,Wedding gift cash transer for newlywed couple,True,legit,False,False,398,1,False,False,False,False,False,False,False,False,False,False,MEETS_STRONG,70,biometric,441,0,1121,True,15,5.7,False,False,False,2.02,2.02,197.9,0.61,False
TX-C3-001567,usr-C3-0101,C3,False,ALLOW,640.19,1123.14,0.57,0.19,640.19,2149.56,1,True,2,1,Bills Payment,registered_biller,20,0,5,5,mobile_ios,,False,none,False,False,884,1,False,False,False,False,False,False,False,False,False,False,MEETS_STRONG,69,pin,538,0,235,False,38,20.7,False,False,False,1.31,1.31,129.8,0.61,False
TX-C3-001568,usr-C3-0181,C3,False,ALLOW,3317.5,3686.11,0.9,0.44,3317.5,9044.45,1,False,208,1,Bills Payment,registered_biller,3,5,17,6,mobile_android,,False,none,False,False,822,1,True,False,False,False,False,False,True,False,False,False,MEETS_BASIC,53,pin,126,0,816,True,15,24.9,False,False,False,2.38,2.38,145.8,0.98,False
TX-C3-001569,usr-C3-0239,C3,False,ALLOW,6502.65,6438.27,1.01,0.06,6502.65,20165.56,2,False,266,1,Bills Payment,registered_biller,7,2,13,14,mobile_ios,office lunch share jollibee chickenjoy bucket,True,legit,False,False,785,1,False,False,False,False,False,False,False,False,False,False,MEETS_STRONG,116,biometric,472,0,793,False,13,14.6,False,False,False,1.85,1.85,131.5,0.84,False
TX-C3-001570,usr-C3-0063,C3,False,ALLOW,4149.08,2626.0,1.58,0.49,4149.08,12113.15,1,False,360,1,Bills Payment,registered_biller,0,0,9,10,mobile_ios,,False,none,False,False,504,1,False,False,False,False,False,False,False,False,True,False,MEETS_STRONG,130,pin,560,0,1783,True,23,17.5,False,False,False,1.53,1.53,123.5,0.74,False
TX-C3-001571,usr-C3-0013,C3,False,ALLOW,2285.52,2197.62,1.04,0.19,2285.52,7300.0,2,False,82,1,Savings,own_account,1,0,15,3,mobile_ios,,False,none,False,False,517,1,False,False,False,False,False,False,False,False,False,False,MEETS_DEVICE,41,biometric,43,0,1655,True,17,22.5,False,False,False,2.4,2.4,229.9,0.63,False
TX-C3-001572,usr-C3-0093,C3,False,ALLOW,422.84,2642.77,0.16,0.07,422.84,626.64,1,False,19,1,Savings,own_account,22,0,12,0,mobile_android,,False,none,False,False,730,1,False,False,False,False,False,False,False,False,False,False,MEETS_STRONG,162,biometric,341,0,1213,True,35,13.8,False,False,False,0.32,0.32,296.2,0.06,False
TX-C3-001573,usr-C3-0252,C3,False,ALLOW,1851.22,3034.78,0.61,0.21,1851.22,4442.62,1,False,171,1,Bills Payment,registered_biller,22,2,10,12,mobile_ios,,False,none,False,False,71,1,False,False,False,False,False,False,False,False,False,False,MEETS_STRONG,74,biometric,83,0,1326,True,22,5.4,False,False,False,2.65,2.65,244.6,0.65,False
TX-C3-001574,usr-C3-0036,C3,False,ALLOW,1137.46,2774.3,0.41,0.06,1137.46,1541.41,1,False,470,1,Bills Payment,registered_biller,23,1,13,11,mobile_android,,False,none,False,False,482,1,False,False,False,False,False,False,False,False,False,False,MEETS_STRONG,167,biometric,224,0,311,False,40,20.6,False,False,False,1.78,1.78,236.1,0.45,False
TX-C3-001575,usr-C3-0274,C3,False,ALLOW,425.0,500.0,0.85,0.4,425.0,792.61,1,True,2,1,Savings,own_account,22,1,13,4,mobile_ios,,False,none,False,False,784,1,False,False,False,False,False,False,False,False,False,False,MEETS_DEVICE,48,pin,166,0,1454,False,14,17.4,False,False,False,1.68,1.68,144.7,0.7,False
TX-C3-001576,usr-C3-0081,C3,False,ALLOW,43601.58,7266.93,6.0,0.03,43601.58,84527.29,1,False,552,1,Funds Transfer,business,8,1,3,5,mobile_android,Corporate legal sceretarial compliance fees,True,legit,False,False,390,1,False,False,False,False,False,False,False,False,False,False,MEETS_STRONG,66,pin,32,0,1360,True,43,19.5,False,False,False,1.45,1.45,65.9,1.32,False
TX-C3-001577,usr-C3-0143,C3,False,ALLOW,177.98,2542.53,0.07,0.29,177.98,604.48,2,False,388,1,Funds Transfer,business,2,3,17,2,mobile_android,,False,none,False,False,141,1,False,False,False,False,False,False,False,False,False,False,MEETS_STRONG,51,biometric,67,0,1882,False,32,18.7,False,False,False,1.57,1.57,86.8,1.09,False
TX-C3-001578,usr-C3-0143,C3,False,ALLOW,4068.05,2542.53,1.6,0.11,4068.05,9172.93,2,False,24,1,Savings,own_account,20,2,1,9,mobile_android,,False,none,False,False,141,1,False,False,False,False,False,False,False,False,False,False,MEETS_STRONG,19,biometric,236,0,1096,False,16,18.8,False,False,False,0.22,0.22,182.5,0.07,False
TX-C3-001579,usr-C3-0109,C3,False,ALLOW,3840.83,3000.65,1.28,0.47,3840.83,7643.92,1,False,356,1,Savings,own_account,22,5,2,1,mobile_android,,False,none,False,False,187,1,False,False,False,False,False,True,False,False,False,False,MEETS_DEVICE,155,biometric,146,0,1220,False,26,7.6,False,False,False,0.82,0.82,108.7,0.45,False
TX-C3-001580,usr-C3-0072,C3,False,ALLOW,1570.67,3272.22,0.48,0.14,1570.67,4323.46,2,False,595,1,Bills Payment,registered_biller,17,5,4,9,mobile_android,,False,none,False,False,824,1,False,False,False,False,False,False,False,False,False,False,MEETS_STRONG,145,pin,377,0,1264,False,16,10.7,False,False,False,2.88,2.88,110.3,1.57,False
TX-C3-001581,usr-C3-0211,C3,False,ALLOW,6729.88,8855.11,0.76,0.08,6729.88,23453.83,1,True,0,1,Savings,own_account,7,3,2,4,mobile_ios,Bottled mineral water office supply,True,legit,False,False,250,1,False,False,False,False,False,False,False,False,False,False,MISSING,60,biometric,90,0,720,False,25,10.0,False,False,False,0.89,0.89,55.1,0.97,False
TX-C3-001582,usr-C3-0056,C3,False,ALLOW,2120.96,1860.49,1.14,0.45,2120.96,3862.8,1,True,3,1,Savings,own_account,19,4,5,14,mobile_android,Wet market seafood purchase - Ref #24863,True,legit,False,False,868,1,False,False,False,False,False,False,False,False,False,False,MEETS_STRONG,136,pin,509,0,143,False,41,16.6,False,False,False,1.78,1.78,158.7,0.67,False
TX-C3-001583,usr-C3-0163,C3,False,ALLOW,1852.24,1929.42,0.96,0.05,1852.24,4624.8,1,True,0,1,Funds Transfer,registered_biller,22,4,9,8,mobile_ios,,False,none,False,False,580,1,False,False,False,False,False,False,True,False,False,False,MEETS_DEVICE,74,biometric,450,0,1241,False,44,24.1,False,False,False,1.43,1.43,221.9,0.39,False
TX-C3-001584,usr-C3-0261,C3,False,ALLOW,844.4,4691.09,0.18,0.03,844.4,2838.12,1,False,24,1,Remittance,third_party_individual,9,3,5,13,mobile_ios,,False,none,False,False,858,1,False,False,False,False,False,False,False,False,False,False,MEETS_STRONG,101,biometric,259,0,1307,False,42,24.3,False,False,False,0.88,0.88,204.2,0.26,False
TX-C3-001585,usr-C3-0128,C3,False,ALLOW,1230.76,1089.17,1.13,0.07,1230.76,3536.02,1,True,0,1,Bills Payment,registered_biller,15,0,6,5,mobile_android,,False,none,False,False,100,1,False,False,False,False,False,False,False,False,False,False,MEETS_DEVICE,153,biometric,227,0,1649,False,24,11.8,False,False,False,1.77,1.77,236.8,0.45,False
TX-C3-001586,usr-C3-0165,C3,False,ALLOW,17720.98,4322.19,4.1,0.47,17720.98,43078.57,1,True,0,1,Bills Payment,registered_biller,20,6,7,10,mobile_ios,,False,none,False,False,146,1,False,False,False,False,False,False,False,False,False,False,MEETS_STRONG,169,biometric,142,0,126,False,31,13.7,False,False,False,2.12,2.12,250.8,0.51,False
TX-C3-001587,usr-C3-0004,C3,False,ALLOW,3643.55,746.63,4.88,0.21,3643.55,7280.05,1,True,2,1,Bills Payment,registered_biller,0,5,20,4,mobile_android,,False,none,False,False,844,1,False,False,False,False,False,False,False,False,False,False,MEETS_STRONG,15,pin,272,0,388,False,13,15.6,False,False,False,1.15,1.15,267.9,0.26,False
TX-C3-001588,usr-C3-0034,C3,False,ALLOW,5785.31,12856.24,0.45,0.2,5785.31,10902.46,1,False,116,1,Funds Transfer,registered_biller,18,0,8,11,mobile_android,,False,none,False,False,400,1,False,False,False,False,False,False,False,False,False,False,MISSING,60,biometric,90,0,720,False,25,10.0,False,False,False,1.92,1.92,76.0,1.52,False
TX-C3-001589,usr-C3-0059,C3,False,ALLOW,4047.47,2453.01,1.65,0.44,4047.47,13140.52,1,True,1,1,Savings,own_account,18,4,9,7,mobile_android,,False,none,False,False,537,1,False,False,False,False,False,False,False,False,False,False,MEETS_STRONG,99,biometric,255,0,1420,True,38,22.7,False,True,True,1.53,1.53,116.9,0.79,False
TX-C3-001590,usr-C3-0220,C3,False,ALLOW,259.91,3713.04,0.07,0.5,259.91,753.01,1,True,0,1,Funds Transfer,registered_biller,18,0,2,13,mobile_android,,False,none,False,False,831,1,False,False,False,False,False,False,False,False,False,False,MEETS_STRONG,60,biometric,196,0,238,False,25,5.5,False,False,False,2.12,2.12,201.2,0.63,False
TX-C3-001591,usr-C3-0209,C3,False,ALLOW,5828.18,1061.6,5.49,0.22,5828.18,7741.04,1,False,578,1,Remittance,third_party_individual,4,1,10,1,mobile_ios,,False,none,False,False,460,1,False,False,False,False,False,False,True,False,False,False,MEETS_STRONG,82,biometric,344,0,1973,True,22,20.8,False,False,False,0.99,0.99,142.6,0.42,False
TX-C3-001592,usr-C3-0271,C3,False,ALLOW,313.78,3137.75,0.1,0.46,313.78,877.91,1,True,0,1,Savings,own_account,20,6,11,4,mobile_ios,,False,none,False,False,254,1,False,False,False,False,False,False,True,False,False,False,MEETS_STRONG,178,biometric,189,0,1399,False,20,15.5,False,False,False,0.49,0.49,31.9,0.92,False
TX-C3-001593,usr-C3-0223,C3,True,BLOCK,138570.38,12608.77,10.99,0.74,167910.52,495306.53,2,False,551,4,Savings,own_account,18,5,1,7,mobile_ios,,False,none,False,False,620,3,False,False,False,False,False,False,False,False,False,False,MEETS_DEVICE,443,biometric,47,0,646,True,6,12.9,True,False,False,10846.31,10846.31,29.1,22363.53,True
TX-C3-001594,usr-C3-0109,C3,False,ALLOW,420.09,3000.65,0.14,0.48,420.09,1021.21,1,True,0,1,Funds Transfer,third_party_individual,15,2,5,5,mobile_ios,Pang requirements sa board examination,True,legit,False,False,187,1,False,False,False,False,False,False,False,False,False,False,MEETS_DEVICE,153,biometric,323,0,261,True,20,14.8,False,False,False,1.16,1.16,81.4,0.86,False
TX-C3-001595,usr-C3-0298,C3,False,ALLOW,16263.4,4224.26,3.85,0.36,16263.4,36366.16,1,False,516,1,Bills Payment,registered_biller,18,5,1,3,mobile_android,,False,none,False,False,806,1,False,False,False,False,False,False,False,False,False,False,MEETS_DEVICE,31,pin,538,0,299,False,29,14.7,False,False,False,2.23,2.23,234.5,0.57,False
TX-C3-001596,usr-C3-0125,C3,False,ALLOW,1394.96,1992.8,0.7,0.13,1394.96,3225.23,1,True,2,1,Savings,own_account,12,1,6,14,mobile_android,,False,none,False,False,146,1,False,False,False,False,False,False,False,False,False,False,MEETS_DEVICE,143,biometric,175,0,856,True,34,23.6,False,False,False,1.31,1.31,155.2,0.51,False
TX-C3-001597,usr-C3-0131,C3,False,ALLOW,1859.78,3321.03,0.56,0.04,1859.78,5793.41,2,False,160,1,Savings,own_account,18,6,3,2,mobile_ios,,False,none,False,False,626,1,False,False,False,False,False,False,False,False,False,False,MEETS_STRONG,27,pin,260,0,1404,False,22,16.0,False,False,False,1.37,1.37,130.2,0.63,False
TX-C3-001598,usr-C3-0013,C3,False,ALLOW,857.07,2197.62,0.39,0.18,857.07,2385.66,2,False,38,1,Savings,own_account,3,3,13,8,mobile_android,,False,none,False,False,517,1,False,False,False,False,False,False,False,False,False,False,MEETS_STRONG,111,biometric,529,0,1274,False,37,20.1,False,False,False,2.25,2.25,80.0,1.69,False
TX-C3-001599,usr-C3-0139,C3,False,ALLOW,1397.84,901.83,1.55,0.42,1397.84,2899.61,1,False,597,1,Savings,own_account,13,5,7,3,mobile_ios,bills payment,True,neutral,False,False,881,1,False,False,False,False,False,False,False,False,False,False,MEETS_STRONG,24,biometric,386,0,1973,False,37,20.8,False,False,False,0.78,0.78,39.2,1.19,False
TX-C3-001600,usr-C3-0091,C3,False,ALLOW,210.03,700.11,0.3,0.34,210.03,312.15,1,True,0,1,Remittance,business,15,3,2,14,mobile_android,,False,none,False,False,392,1,False,False,False,False,False,False,False,False,False,False,MEETS_STRONG,37,biometric,121,0,567,False,14,8.9,False,False,False,2.05,2.05,104.3,1.18,False
TX-C3-001601,usr-C3-0037,C3,False,ALLOW,8775.36,5773.26,1.52,0.04,8775.36,25985.2,1,False,513,1,Bills Payment,registered_biller,13,4,3,5,mobile_android,Office co-working space dedicated desk fee,True,legit,False,False,552,1,False,False,False,False,False,False,False,False,False,False,MEETS_DEVICE,139,biometric,39,0,106,False,16,21.6,False,False,False,2.14,2.14,20.9,6.14,False
TX-C3-001602,usr-C3-0273,C3,False,ALLOW,9409.07,5227.26,1.8,0.15,9409.07,15654.26,1,False,223,1,Funds Transfer,third_party_individual,14,6,2,10,mobile_ios,,False,none,False,False,702,1,True,False,False,False,False,False,True,False,False,False,MEETS_BASIC,33,biometric,522,0,1719,False,42,21.3,False,False,False,1.42,1.42,229.8,0.37,False
TX-C3-001603,usr-C3-0101,C3,False,ALLOW,1830.72,1123.14,1.63,0.05,1830.72,2200.8,1,False,381,1,Remittance,business,23,3,8,7,mobile_android,,False,none,False,False,884,1,False,False,False,False,False,False,False,False,False,False,MISSING,60,biometric,90,0,720,False,25,10.0,False,False,False,0.84,0.84,248.7,0.2,False
TX-C3-001604,usr-C3-0068,C3,False,ALLOW,3305.75,3443.49,0.96,0.49,3305.75,7455.54,1,True,0,1,Savings,own_account,6,4,11,6,mobile_android,Office lunch share Jollibee chickenjoy bucket,True,legit,False,False,717,1,False,False,False,False,False,False,False,False,False,False,MISSING,60,biometric,90,0,720,False,25,10.0,False,False,False,207.05,207.05,263.3,47.18,False
TX-C3-001605,usr-C3-0024,C3,False,ALLOW,4352.45,7020.08,0.62,0.45,4352.45,10316.44,1,False,310,1,Funds Transfer,business,4,6,11,8,mobile_ios,,False,none,False,False,445,1,False,False,False,False,False,False,False,False,False,False,MEETS_STRONG,133,biometric,582,0,1919,False,24,15.6,False,False,False,1.78,1.78,91.2,1.17,False
TX-C3-001606,usr-C3-0043,C3,False,ALLOW,951.14,684.27,1.39,0.21,951.14,1358.31,1,False,489,1,Savings,own_account,19,6,0,8,mobile_ios,,False,none,False,False,814,1,False,False,False,False,False,False,False,False,False,False,MEETS_DEVICE,142,biometric,447,0,993,False,19,23.7,False,False,False,1.5,1.5,194.7,0.46,False
TX-C3-001607,usr-C3-0283,C3,False,ALLOW,759.65,1069.93,0.71,0.14,759.65,2425.46,2,True,0,1,Remittance,third_party_individual,20,0,6,8,mobile_ios,Settlement - Ref #94076,True,neutral,False,False,104,1,False,False,False,False,False,False,True,False,False,False,MEETS_DEVICE,131,pin,565,0,143,False,26,11.9,False,False,False,2.51,2.51,84.6,1.78,False
TX-C3-001608,usr-C3-0234,C3,False,ALLOW,3542.64,1009.3,3.51,0.5,3542.64,11828.89,1,False,186,1,Savings,own_account,3,0,9,9,mobile_android,college laboratory fee and textbook package - Ref #52688,True,legit,False,False,667,1,False,False,False,False,False,False,True,False,False,False,MEETS_DEVICE,97,pin,291,0,1577,False,15,6.6,False,False,False,1.62,1.62,34.9,2.79,False
TX-C3-001609,usr-C3-0124,C3,False,ALLOW,1903.14,2114.6,0.9,0.34,1903.14,5026.06,1,False,575,1,Bills Payment,registered_biller,21,3,6,3,mobile_android,,False,none,False,False,363,1,False,False,False,False,False,False,False,False,False,False,MEETS_DEVICE,48,pin,464,0,1924,False,26,16.8,False,False,False,1.63,1.63,124.8,0.78,False
TX-C3-001610,usr-C3-0257,C3,False,ALLOW,18715.55,16417.15,1.14,0.1,18715.55,45175.66,2,True,1,1,Savings,own_account,1,5,10,12,mobile_ios,,False,none,False,False,257,1,False,False,False,False,False,False,False,False,False,False,MISSING,60,biometric,90,0,720,False,25,10.0,False,False,False,2.47,2.47,70.7,2.1,False
TX-C3-001611,usr-C3-0235,C3,False,ALLOW,4919.29,3904.2,1.26,0.13,4919.29,7176.61,1,False,575,1,Funds Transfer,own_account,10,5,11,4,mobile_ios,,False,none,False,False,821,1,False,False,False,False,False,False,False,False,False,False,MEETS_DEVICE,29,biometric,175,0,372,False,26,14.0,False,False,False,2.37,2.37,19.6,7.26,False
TX-C3-001612,usr-C3-0123,C3,False,ALLOW,2201.8,2975.4,0.74,0.15,2201.8,3793.93,1,True,1,1,Bills Payment,registered_biller,18,2,5,8,mobile_android,padala pambayad sa kuryente sa probinsya,True,legit,False,False,356,1,False,False,False,False,False,False,False,False,False,False,MEETS_DEVICE,172,biometric,336,0,783,False,15,9.9,False,False,False,2.78,2.78,147.7,1.13,False
TX-C3-001613,usr-C3-0210,C3,False,ALLOW,60.0,500.0,0.12,0.32,60.0,75.8,1,True,0,1,Savings,own_account,9,3,1,2,mobile_ios,Monthly allowance for college daughter - Ref #80311,True,legit,False,False,818,1,False,False,False,False,False,False,False,False,False,False,MEETS_STRONG,150,pin,527,0,1548,True,40,9.2,False,False,False,1.74,1.74,168.2,0.62,False
TX-C3-001614,usr-C3-0259,C3,False,ALLOW,5291.71,3328.12,1.59,0.39,5291.71,15120.87,1,False,395,1,Bills Payment,registered_biller,22,2,12,2,mobile_android,,False,none,False,False,862,1,False,False,False,False,False,False,False,False,False,False,MEETS_DEVICE,148,biometric,413,0,597,False,14,21.0,False,False,False,3.02,3.02,91.6,1.98,False
TX-C3-001615,usr-C3-0011,C3,False,ALLOW,668.83,1061.63,0.63,0.01,668.83,837.95,2,False,364,1,Funds Transfer,third_party_individual,19,6,3,12,mobile_ios,,False,none,False,False,764,1,False,False,False,False,False,False,False,False,False,False,MEETS_DEVICE,77,biometric,408,0,1825,False,22,9.7,False,False,False,1.89,1.89,298.0,0.38,False
TX-C3-001616,usr-C3-0167,C3,False,ALLOW,209.47,952.14,0.22,0.43,209.47,592.44,1,False,331,1,Savings,own_account,10,0,10,9,mobile_ios,,False,none,False,False,134,1,False,False,False,False,False,False,False,False,False,False,MEETS_STRONG,156,biometric,340,0,315,False,43,7.5,False,False,False,1.06,1.06,162.9,0.39,False
TX-C3-001617,usr-C3-0258,C3,False,ALLOW,18445.0,3415.74,5.4,0.09,18445.0,31243.12,1,False,54,1,Bills Payment,registered_biller,11,1,8,0,mobile_android,,False,none,False,False,675,1,False,False,False,False,False,False,False,False,False,False,MEETS_STRONG,76,biometric,537,0,1445,True,40,22.6,False,False,False,2.13,2.13,139.1,0.92,False
TX-C3-001618,usr-C3-0128,C3,False,ALLOW,337.64,1089.17,0.31,0.07,337.64,1124.12,1,False,562,1,Funds Transfer,business,20,1,1,6,mobile_ios,attorney legal document notarization service fee,True,legit,False,False,100,1,False,False,False,False,False,False,False,False,False,False,MEETS_STRONG,112,biometric,123,0,1043,False,32,11.0,False,False,False,1.89,1.89,34.2,3.32,False
TX-C3-001619,usr-C3-0159,C3,False,ALLOW,339.01,1994.18,0.17,0.47,339.01,707.91,1,False,88,1,Bills Payment,registered_biller,2,6,9,3,mobile_android,,False,none,False,False,526,1,False,False,False,False,False,False,False,False,False,False,MEETS_STRONG,120,biometric,507,0,879,False,34,6.4,False,False,False,1.4,1.4,277.4,0.3,False
TX-C3-001620,usr-C3-0218,C3,False,ALLOW,1802.77,1001.54,1.8,0.04,1802.77,4448.87,2,False,309,1,Remittance,business,3,5,8,12,mobile_android,,False,none,False,False,788,1,False,False,False,False,False,False,True,False,False,False,MEETS_STRONG,162,biometric,196,0,1473,False,27,20.9,False,False,False,0.45,0.45,214.3,0.13,False
TX-C3-001621,usr-C3-0056,C3,False,ALLOW,3274.46,1860.49,1.76,0.11,3274.46,7689.53,1,False,243,1,Remittance,business,17,1,3,12,mobile_android,,False,none,False,False,868,1,False,False,False,False,False,False,False,False,False,False,MEETS_DEVICE,56,biometric,497,0,932,False,42,7.7,False,False,False,0.71,0.71,195.3,0.22,False
TX-C3-001622,usr-C3-0166,C3,False,ALLOW,9408.56,12062.26,0.78,0.22,9408.56,25472.05,2,True,3,1,Funds Transfer,business,4,4,16,4,mobile_ios,Ref 982341,True,neutral,False,False,808,1,False,False,False,False,False,False,False,False,False,False,MEETS_STRONG,83,pin,285,0,1481,True,26,12.9,False,False,False,1.32,1.32,260.5,0.3,False
TX-C3-001623,usr-C3-0296,C3,False,ALLOW,784.28,922.68,0.85,0.33,784.28,1076.82,1,False,351,1,Remittance,business,2,2,13,0,mobile_ios,,False,none,False,False,200,1,False,False,False,False,False,False,False,False,False,False,MEETS_STRONG,54,biometric,503,0,930,False,43,8.8,False,False,False,0.8,0.8,49.0,0.98,False
TX-C3-001624,usr-C3-0173,C3,False,ALLOW,16660.12,10478.06,1.59,0.12,16660.12,45182.48,1,False,93,1,Savings,own_account,8,4,10,9,mobile_android,Sunday family brunch at Mary Grace - Ref #76847,True,legit,False,False,326,1,False,False,False,False,False,False,True,False,False,False,MEETS_STRONG,116,pin,571,0,1092,False,12,17.5,False,False,False,1.64,1.64,247.7,0.4,False
TX-C3-001625,usr-C3-0232,C3,False,ALLOW,2908.73,2123.16,1.37,0.44,2908.73,6456.11,2,True,1,1,Savings,own_account,7,0,6,0,mobile_ios,,False,none,False,False,822,1,False,False,False,False,False,False,False,False,False,False,MEETS_DEVICE,116,pin,185,0,121,False,22,21.8,False,False,False,2.22,2.22,47.2,2.82,False
TX-C3-001626,usr-C3-0238,C3,False,ALLOW,4444.15,2812.75,1.58,0.41,4444.15,7053.4,1,False,286,1,Bills Payment,registered_biller,15,4,1,10,mobile_ios,,False,none,False,False,39,1,False,False,False,False,False,True,False,False,False,False,MEETS_STRONG,37,biometric,334,0,1003,True,28,16.0,False,False,False,1.95,1.95,215.0,0.54,False
TX-C3-001627,usr-C3-0111,C3,False,ALLOW,2119.64,1827.28,1.16,0.18,2119.64,6562.82,1,False,162,1,Bills Payment,registered_biller,16,0,6,10,mobile_ios,,False,none,False,False,165,1,False,False,False,False,False,False,False,False,False,False,MEETS_STRONG,171,pin,283,0,532,False,26,12.1,False,False,False,1.38,1.38,24.2,3.42,False
TX-C3-001628,usr-C3-0250,C3,False,ALLOW,485.0,500.0,0.97,0.11,485.0,1335.81,2,False,122,1,Funds Transfer,business,22,3,6,12,mobile_ios,,False,none,False,False,345,1,False,False,False,False,False,False,False,False,False,False,MEETS_STRONG,56,biometric,39,0,917,False,42,15.0,False,False,False,2.5,2.5,293.6,0.51,False
TX-C3-001629,usr-C3-0259,C3,False,ALLOW,532.5,3328.12,0.16,0.42,532.5,686.75,1,False,106,1,Funds Transfer,own_account,13,6,3,3,mobile_ios,,False,none,False,False,862,1,False,False,False,False,False,False,False,False,False,False,MEETS_DEVICE,147,pin,454,0,1486,False,18,18.3,False,False,False,1.79,1.79,179.4,0.6,False
TX-C3-001630,usr-C3-0294,C3,False,ALLOW,2852.2,2417.12,1.18,0.46,2852.2,7840.52,1,True,2,1,Funds Transfer,registered_biller,0,1,10,10,mobile_android,,False,none,False,False,739,1,False,False,False,False,False,False,True,False,False,False,MEETS_STRONG,86,pin,266,0,764,False,42,20.7,False,False,False,667.7,667.7,278.3,143.95,False
TX-C3-001631,usr-C3-0097,C3,True,REQUIRE_2FA,8289.92,4165.79,1.99,0.66,11817.32,25555.09,3,True,2,4,Bills Payment,registered_biller,13,0,5,6,mobile_android,Slaamat,True,neutral,False,True,1,4,False,True,False,False,False,False,False,False,False,False,FAILED,391,pin,11,0,252,True,6,7.8,False,True,False,1.0,1.0,194.6,0.31,False
TX-C3-001632,usr-C3-0154,C3,False,ALLOW,1449.68,1188.26,1.22,0.33,1449.68,4776.09,1,False,389,1,Bills Payment,registered_biller,11,4,2,6,mobile_android,,False,none,False,False,274,1,False,False,False,False,False,False,False,False,False,False,MEETS_STRONG,57,pin,334,0,1659,False,15,8.8,False,False,False,1.27,1.27,35.0,2.18,False
TX-C3-001633,usr-C3-0149,C3,False,ALLOW,1778.85,3784.78,0.47,0.06,1778.85,5826.62,1,False,550,1,Bills Payment,registered_biller,12,0,1,9,mobile_ios,,False,none,False,True,3,1,False,False,False,False,False,False,False,False,False,False,MEETS_STRONG,136,biometric,341,0,1842,False,44,16.6,False,False,False,2.08,2.08,72.8,1.71,False
TX-C3-001634,usr-C3-0221,C3,False,ALLOW,1270.03,738.39,1.72,0.07,1270.03,3988.85,1,False,262,1,Bills Payment,registered_biller,13,0,0,8,mobile_android,,False,none,False,False,829,1,False,False,False,False,False,False,False,False,False,False,MEETS_STRONG,39,pin,341,0,1851,False,23,21.1,False,False,False,1.5,1.5,246.8,0.36,False
TX-C3-001635,usr-C3-0149,C3,False,ALLOW,3898.32,3784.78,1.03,0.24,3898.32,9016.56,2,False,300,1,Funds Transfer,third_party_individual,8,3,3,0,mobile_ios,,False,none,False,False,579,1,False,False,False,False,False,False,True,False,False,False,MEETS_STRONG,140,biometric,104,0,535,False,43,8.0,False,False,False,1.97,1.97,273.9,0.43,False
TX-C3-001636,usr-C3-0217,C3,False,ALLOW,1362.78,2096.58,0.65,0.32,1362.78,2808.77,1,False,483,1,Funds Transfer,registered_biller,19,6,3,11,mobile_android,,False,none,False,False,148,1,False,False,False,False,False,False,False,False,False,False,MEETS_STRONG,64,biometric,67,0,1953,True,39,24.7,False,False,False,1.97,1.97,38.6,3.06,False
TX-C3-001637,usr-C3-0288,C3,False,ALLOW,6143.04,3815.55,1.61,0.1,6143.04,14267.14,1,False,188,1,Remittance,third_party_individual,7,3,13,0,mobile_ios,,False,none,False,False,211,1,False,False,False,False,False,False,False,False,False,False,MEETS_DEVICE,139,biometric,563,0,1975,True,40,12.4,False,False,False,1.53,1.53,257.1,0.36,False
TX-C3-001638,usr-C3-0027,C3,False,ALLOW,6190.3,5731.76,1.08,0.13,6190.3,12772.99,1,False,407,1,Bills Payment,registered_biller,7,3,6,1,mobile_android,Converge Ict Fiber Internet Conection - Ref #36669,True,legit,False,False,367,1,False,False,False,False,False,False,False,False,False,False,MEETS_DEVICE,111,biometric,252,0,770,True,21,16.0,False,False,False,1.03,1.03,83.5,0.74,False
TX-C3-001639,usr-C3-0225,C3,False,ALLOW,745.35,1863.37,0.4,0.31,745.35,1970.82,1,False,151,1,Funds Transfer,third_party_individual,9,4,9,2,mobile_android,,False,none,False,True,0,1,False,False,False,False,False,False,False,False,False,False,MEETS_STRONG,112,biometric,374,0,1177,False,37,12.1,False,False,False,2.93,2.93,107.3,1.64,False
TX-C3-001640,usr-C3-0053,C3,False,ALLOW,1944.01,1944.01,1.0,0.04,1944.01,6616.57,1,True,3,1,Funds Transfer,own_account,13,6,1,10,mobile_ios,room rental balance settlement for mid-month,True,legit,False,False,79,1,False,False,False,False,False,False,False,False,False,False,MEETS_DEVICE,72,pin,269,0,1111,False,27,13.4,False,False,False,1.77,1.77,191.8,0.55,False
TX-C3-001641,usr-C3-0197,C3,False,ALLOW,259.21,4320.2,0.06,0.33,259.21,676.86,1,False,444,1,Funds Transfer,third_party_individual,8,6,3,7,mobile_android,,False,none,False,False,801,1,False,False,False,False,False,False,False,False,False,False,MEETS_STRONG,93,pin,403,0,129,False,18,20.0,False,False,False,2.14,2.14,298.7,0.43,False
TX-C3-001642,usr-C3-0096,C3,False,ALLOW,4469.45,3215.43,1.39,0.08,4469.45,6710.81,1,False,221,1,Bills Payment,registered_biller,8,4,9,2,mobile_android,,False,none,False,False,127,1,False,False,False,False,False,False,False,False,False,False,MEETS_STRONG,44,biometric,533,0,1930,False,12,22.8,False,False,False,0.78,0.78,201.7,0.23,False
TX-C3-001643,usr-C3-0118,C3,False,ALLOW,31912.31,6113.47,5.22,0.26,31912.31,47176.98,1,False,584,1,Funds Transfer,business,13,6,0,6,mobile_ios,,False,none,False,False,399,1,False,False,False,False,False,False,False,False,False,False,MEETS_DEVICE,139,pin,76,0,507,True,37,22.4,False,False,False,1.55,1.55,108.0,0.86,False
TX-C3-001644,usr-C3-0161,C3,False,ALLOW,240.0,500.0,0.48,0.36,240.0,494.47,2,False,130,1,Savings,own_account,7,6,9,11,mobile_ios,,False,none,False,False,757,1,False,False,False,False,False,False,False,False,False,False,MEETS_STRONG,176,biometric,473,0,1706,False,22,13.8,False,False,False,1.94,1.94,190.8,0.61,False
TX-C3-001645,usr-C3-0231,C3,False,ALLOW,10274.68,10702.79,0.96,0.02,10274.68,16688.15,1,True,3,1,Remittance,third_party_individual,2,0,13,12,mobile_android,Dinner delivery Foopanda bill share,True,legit,False,False,77,1,False,False,False,False,False,False,False,False,False,False,MEETS_STRONG,100,pin,566,0,1450,True,40,6.3,False,False,False,2.52,2.52,184.1,0.82,False
TX-C3-001646,usr-C3-0112,C3,False,ALLOW,1609.33,1149.52,1.4,0.44,1609.33,2783.73,1,True,0,1,Remittance,third_party_individual,19,2,4,6,mobile_android,Financial allowance support for mama and papa,True,legit,False,False,554,1,False,False,False,False,False,False,False,False,False,False,MEETS_STRONG,54,biometric,395,0,904,False,17,15.2,False,False,False,1.48,1.48,247.6,0.36,False
TX-C3-001647,usr-C3-0126,C3,False,ALLOW,8165.33,2148.77,3.8,0.18,8165.33,17681.25,2,False,29,1,Funds Transfer,business,12,6,9,3,mobile_android,,False,none,False,False,728,1,False,False,False,False,False,False,False,False,False,False,MEETS_DEVICE,137,biometric,432,0,1361,False,16,20.9,False,False,False,2.52,2.52,81.9,1.85,False
TX-C3-001648,usr-C3-0242,C3,False,ALLOW,1419.86,2406.55,0.59,0.48,1419.86,2905.39,1,False,488,1,Funds Transfer,own_account,5,4,12,14,mobile_ios,,False,none,False,False,895,1,False,False,False,False,False,False,False,False,False,False,MISSING,60,biometric,90,0,720,False,25,10.0,False,False,False,1.28,1.28,259.5,0.3,False
TX-C3-001649,usr-C3-0211,C3,False,ALLOW,8235.25,8855.11,0.93,0.1,8235.25,20206.83,1,True,0,1,Funds Transfer,own_account,20,0,11,6,mobile_ios,,False,none,False,True,1,1,True,False,False,False,False,False,True,False,False,False,MEETS_BASIC,40,pin,504,0,130,True,35,19.6,False,False,False,1.6,1.6,171.0,0.56,False
TX-C3-001650,usr-C3-0119,C3,False,ALLOW,340.0,500.0,0.68,0.14,340.0,513.73,2,False,568,1,Funds Transfer,business,17,0,5,3,mobile_ios,plumbing repair service and replacement parts,True,legit,False,False,661,1,False,False,False,False,False,False,False,False,False,False,MEETS_STRONG,125,biometric,264,0,792,False,17,24.5,False,False,False,1.27,1.27,99.5,0.77,False
TX-C3-001651,usr-C3-0143,C3,False,ALLOW,2135.73,2542.53,0.84,0.16,2135.73,4534.86,1,False,312,1,Savings,own_account,23,5,4,0,mobile_ios,House helper monthly salary and allowance,True,legit,False,False,141,1,False,True,False,False,False,False,False,False,False,False,FAILED,26,biometric,56,0,978,False,44,6.1,False,False,False,1.96,1.96,116.7,1.01,False
TX-C3-001652,usr-C3-0032,C3,False,ALLOW,3193.81,3226.07,0.99,0.42,3193.81,4557.64,1,False,333,1,Savings,own_account,21,6,0,5,mobile_ios,,False,none,False,False,512,1,False,False,False,False,False,False,False,False,False,False,MEETS_STRONG,131,pin,192,0,1619,False,32,21.5,False,False,False,0.4,0.4,162.4,0.15,False
TX-C3-001653,usr-C3-0298,C3,False,ALLOW,2619.04,4224.26,0.62,0.36,2619.04,5624.31,1,False,584,1,Savings,own_account,7,3,12,8,mobile_ios,Advance one month rent deposit for  renewal - Ref #55647,True,legit,False,False,806,1,False,False,False,False,False,False,False,False,False,False,MEETS_STRONG,39,pin,484,0,137,False,24,9.4,False,False,False,1.83,1.83,141.8,0.77,False
TX-C3-001654,usr-C3-0034,C3,False,ALLOW,15427.49,12856.24,1.2,0.31,15427.49,32668.61,1,False,151,1,Funds Transfer,registered_biller,21,4,11,2,mobile_android,,False,none,False,False,400,1,False,False,False,False,False,False,False,False,False,False,MEETS_STRONG,37,pin,162,0,591,False,16,10.7,False,False,False,2.07,2.07,115.2,1.08,False
TX-C3-001655,usr-C3-0131,C3,False,ALLOW,2158.67,3321.03,0.65,0.39,2158.67,6579.12,1,False,569,1,Bills Payment,registered_biller,11,0,4,0,mobile_ios,,False,none,False,False,626,1,False,False,False,False,False,False,True,False,False,False,MEETS_STRONG,45,pin,586,0,484,False,30,8.0,False,False,False,2.51,2.51,293.5,0.51,False
TX-C3-001656,usr-C3-0215,C3,False,ALLOW,8928.87,1903.81,4.69,0.37,8928.87,12240.83,1,False,313,1,Bills Payment,registered_biller,7,3,14,9,mobile_android,,False,none,False,False,679,1,False,False,False,False,False,False,False,False,False,False,MEETS_DEVICE,30,pin,137,0,1037,True,35,8.3,False,False,False,2.16,2.16,21.9,5.92,False
TX-C3-001657,usr-C3-0242,C3,False,ALLOW,2141.83,2406.55,0.89,0.42,2141.83,5343.8,1,False,175,1,Savings,own_account,1,5,16,14,mobile_ios,,False,none,False,False,895,1,False,False,False,False,False,False,False,False,False,False,MEETS_STRONG,112,pin,122,0,853,False,39,16.1,False,False,False,1.25,1.25,196.1,0.38,False
TX-C3-001658,usr-C3-0010,C3,False,ALLOW,2071.91,3341.79,0.62,0.29,2071.91,2511.37,1,False,178,1,Remittance,third_party_individual,12,6,0,12,mobile_ios,Pest control termite treatment service,True,legit,False,False,573,1,False,False,False,False,False,False,False,False,False,False,MEETS_DEVICE,83,biometric,150,0,576,True,19,6.8,False,False,False,2.19,2.19,139.5,0.94,False
TX-C3-001659,usr-C3-0293,C3,False,ALLOW,1108.94,1066.29,1.04,0.02,1108.94,3494.89,1,False,33,1,Bills Payment,registered_biller,1,5,13,3,mobile_android,,False,none,False,False,776,1,False,False,False,False,False,False,False,False,False,False,MEETS_DEVICE,17,pin,357,0,1085,False,17,10.8,False,False,False,198.59,198.59,242.7,49.1,False
TX-C3-001660,usr-C3-0080,C3,False,ALLOW,317.34,738.01,0.43,0.49,317.34,585.75,2,False,360,1,Funds Transfer,business,9,2,10,4,mobile_ios,,False,none,False,False,770,1,False,False,False,False,False,False,False,False,False,False,MEETS_STRONG,147,biometric,422,0,1665,True,42,17.4,False,False,False,2.54,2.54,74.5,2.05,False
TX-C3-001661,usr-C3-0028,C3,False,ALLOW,7039.06,1872.09,3.76,0.01,7039.06,23716.77,1,False,375,1,Funds Transfer,business,12,0,3,4,mobile_android,Reimbursement,True,neutral,False,False,271,1,False,False,False,False,False,False,False,False,False,False,MEETS_STRONG,23,biometric,140,0,338,False,45,17.0,False,False,False,0.84,0.84,21.5,2.34,False
TX-C3-001662,usr-C3-0267,C3,False,ALLOW,1975.69,4594.62,0.43,0.2,1975.69,6786.77,2,False,446,1,Funds Transfer,third_party_individual,19,3,7,0,mobile_android,,False,none,False,False,459,1,False,False,False,False,False,False,False,False,False,False,MEETS_STRONG,44,biometric,68,0,782,False,32,5.6,False,False,False,1.79,1.79,253.9,0.42,False
TX-C3-001663,usr-C3-0024,C3,False,ALLOW,5265.06,7020.08,0.75,0.43,5265.06,16338.27,1,False,491,1,Savings,own_account,3,1,12,13,mobile_android,monthly rent paymentf or studio unit 12b,True,legit,False,False,445,1,False,False,False,False,True,False,False,False,False,False,FAILED,106,biometric,479,0,735,False,27,13.0,False,False,False,0.68,0.68,33.7,1.21,False
TX-C3-001664,usr-C3-0132,C3,False,ALLOW,3923.68,3809.4,1.03,0.01,3923.68,7898.94,1,False,21,1,Funds Transfer,own_account,22,4,2,3,mobile_ios,Own account transfer,True,neutral,False,False,398,1,False,False,False,False,False,False,False,False,False,False,MEETS_DEVICE,87,biometric,492,0,898,True,45,19.9,False,False,False,1.24,1.24,177.7,0.42,False
TX-C3-001665,usr-C3-0188,C3,False,ALLOW,4296.23,3492.87,1.23,0.21,4296.23,13325.64,1,False,67,1,Remittance,third_party_individual,10,4,10,14,mobile_android,,False,none,False,False,237,1,False,False,False,False,False,False,False,False,False,False,MEETS_DEVICE,70,pin,220,0,672,False,31,22.8,False,False,False,1.71,1.71,103.9,0.99,False
TX-C3-001666,usr-C3-0182,C3,False,ALLOW,507.4,1537.59,0.33,0.09,507.4,1079.1,1,True,1,1,Bills Payment,registered_biller,3,0,17,6,mobile_android,,False,none,False,False,710,1,False,False,False,False,False,False,True,False,False,False,MEETS_STRONG,15,pin,341,0,687,False,17,20.9,False,False,False,1.91,1.91,241.6,0.47,False
TX-C3-001667,usr-C3-0174,C3,False,ALLOW,605.48,651.05,0.93,0.28,605.48,1952.23,2,False,228,1,Bills Payment,registered_biller,19,3,9,4,mobile_android,,False,none,False,False,725,1,False,False,False,False,False,False,False,False,False,False,MEETS_DEVICE,70,biometric,252,0,1717,False,35,23.9,False,False,False,1.55,1.55,147.5,0.63,False
TX-C3-001668,usr-C3-0008,C3,False,ALLOW,4640.82,9668.38,0.48,0.35,4640.82,12168.58,2,False,223,1,Savings,own_account,6,3,6,3,mobile_android,,False,none,False,False,249,1,False,False,False,False,False,False,True,False,False,False,MEETS_STRONG,14,biometric,183,0,1276,True,30,10.8,False,False,False,2.81,2.81,112.5,1.5,False
TX-C3-001669,usr-C3-0265,C3,False,ALLOW,551.28,1722.74,0.32,0.43,551.28,913.93,1,False,198,1,Bills Payment,registered_biller,0,1,18,7,mobile_android,,False,none,False,False,658,1,False,False,False,False,False,False,True,False,False,False,MEETS_DEVICE,127,pin,399,0,1460,True,38,23.7,False,False,False,1.65,1.65,34.7,2.85,False
TX-C3-001670,usr-C3-0181,C3,False,ALLOW,2248.53,3686.11,0.61,0.02,2248.53,6370.26,1,False,86,1,Remittance,business,10,2,10,8,mobile_android,warehouse storage room monthly lease,True,legit,False,False,822,1,True,False,False,False,False,False,True,False,False,False,MEETS_BASIC,17,biometric,110,0,996,False,44,19.2,False,False,False,2.94,2.94,147.8,1.19,False
TX-C3-001671,usr-C3-0023,C3,False,ALLOW,2738.55,3260.18,0.84,0.25,2738.55,7136.57,1,False,574,1,Funds Transfer,registered_biller,6,6,6,9,mobile_android,real estate property appraisal fee,True,legit,False,False,805,1,True,False,False,False,False,False,True,False,False,False,MEETS_BASIC,107,biometric,161,0,1067,True,27,24.4,False,True,True,2.15,2.15,183.9,0.7,False
TX-C3-001672,usr-C3-0005,C3,False,ALLOW,2062.8,1199.3,1.72,0.34,2062.8,5722.84,1,True,3,1,Funds Transfer,registered_biller,15,0,0,3,mobile_ios,,False,none,False,False,586,1,False,False,False,False,False,False,False,False,False,False,MISSING,60,biometric,90,0,720,False,25,10.0,False,False,False,0.98,0.98,107.1,0.55,False
TX-C3-001673,usr-C3-0023,C3,False,ALLOW,945.45,3260.18,0.29,0.48,945.45,2124.88,1,False,133,1,Funds Transfer,business,11,2,1,5,mobile_ios,,False,none,False,False,805,1,True,False,False,False,False,False,True,False,False,False,MEETS_BASIC,124,biometric,392,0,224,False,24,8.8,False,False,False,1.58,1.58,21.1,4.49,False
TX-C3-001674,usr-C3-0214,C3,False,ALLOW,191.77,518.29,0.37,0.08,191.77,371.8,1,False,304,1,Remittance,third_party_individual,17,0,5,3,mobile_ios,,False,none,False,False,553,1,False,False,False,False,False,False,False,False,False,False,MEETS_STRONG,144,biometric,207,0,115,False,14,18.4,False,False,False,2.45,2.45,28.4,5.18,False
TX-C3-001675,usr-C3-0201,C3,False,ALLOW,1921.39,1715.53,1.12,0.1,1921.39,5790.78,2,False,525,1,Savings,own_account,0,3,18,0,mobile_android,dentist tooth extraction and cleaning procdeure,True,legit,False,False,156,1,False,False,False,False,False,False,False,False,False,False,MEETS_STRONG,155,biometric,147,0,1457,False,12,10.0,False,False,False,0.43,0.43,100.8,0.26,False
TX-C3-001676,usr-C3-0268,C3,False,ALLOW,6474.04,8092.55,0.8,0.05,6474.04,20766.76,1,False,469,1,Funds Transfer,third_party_individual,14,2,5,9,mobile_android,,False,none,False,False,843,1,False,False,False,False,False,False,False,False,False,False,MISSING,60,biometric,90,0,720,False,25,10.0,False,False,False,2.6,2.6,275.3,0.57,False
TX-C3-001677,usr-C3-0190,C3,False,ALLOW,3227.96,3753.44,0.86,0.43,3227.96,6226.9,1,False,215,1,Remittance,third_party_individual,20,2,9,11,mobile_ios,,False,none,False,False,694,1,False,False,False,False,False,False,False,False,False,False,MEETS_STRONG,147,pin,507,0,1105,False,19,22.2,False,False,False,1.9,1.9,156.7,0.73,False
TX-C3-001678,usr-C3-0082,C3,False,ALLOW,249.74,4994.78,0.05,0.1,249.74,870.57,1,False,438,1,Funds Transfer,third_party_individual,3,2,16,5,mobile_android,,False,none,False,False,585,1,False,False,False,False,False,False,True,False,False,False,MEETS_STRONG,59,biometric,525,0,244,False,31,13.2,False,False,False,209.44,209.44,253.2,49.63,False
TX-C3-001679,usr-C3-0027,C3,False,ALLOW,2464.66,5731.76,0.43,0.12,2464.66,3508.41,1,False,51,1,Remittance,business,4,5,9,12,mobile_android,meeralco electricity bill payment for september,True,legit,False,False,367,1,False,False,False,False,False,False,False,False,False,False,MEETS_STRONG,69,biometric,128,0,1549,False,16,15.1,False,False,False,2.25,2.25,164.3,0.82,False
TX-C3-001680,usr-C3-0151,C3,False,ALLOW,521.04,766.24,0.68,0.05,521.04,1630.4,1,False,245,1,Bills Payment,registered_biller,5,4,10,13,mobile_android,,False,none,False,False,641,1,False,False,False,False,False,False,False,False,False,False,MEETS_STRONG,144,biometric,529,0,1048,False,19,14.1,False,False,False,0.75,0.75,195.6,0.23,False
TX-C3-001681,usr-C3-0204,C3,False,ALLOW,475.72,1486.63,0.32,0.36,475.72,1106.19,1,False,279,1,Remittance,third_party_individual,11,6,8,6,mobile_ios,Parking Slot Rental Payment B2 Slot 45 - Ref #95346,True,legit,False,False,898,1,False,False,False,False,False,False,False,False,False,False,MEETS_STRONG,39,pin,44,0,1704,True,23,17.3,False,False,False,0.73,0.73,105.3,0.42,False
TX-C3-001682,usr-C3-0156,C3,False,ALLOW,1272.79,762.15,1.67,0.05,1272.79,1842.39,1,False,395,1,Bills Payment,registered_biller,15,2,4,0,mobile_ios,,False,none,False,False,463,1,False,False,False,False,False,False,False,False,False,False,MEETS_STRONG,159,biometric,445,0,1678,True,40,5.7,False,False,False,1.96,1.96,49.6,2.37,False
TX-C3-001683,usr-C3-0043,C3,False,ALLOW,253.18,684.27,0.37,0.08,253.18,560.08,2,False,374,1,Remittance,third_party_individual,11,5,8,1,mobile_android,Sunday family bruncch at Mary Grace,True,legit,False,False,814,1,False,False,False,False,False,False,False,False,False,False,MEETS_STRONG,99,biometric,56,0,509,False,13,17.5,False,False,False,1.88,1.88,41.6,2.71,False
TX-C3-001684,usr-C3-0055,C3,False,ALLOW,1521.96,4005.15,0.38,0.24,1521.96,3763.96,1,True,3,1,Savings,own_account,9,1,11,13,mobile_ios,transaction reimursement,True,neutral,False,False,269,1,False,False,False,False,False,False,False,False,False,False,MEETS_DEVICE,82,biometric,81,0,1798,False,26,17.4,False,False,False,2.29,2.29,38.4,3.58,False
TX-C3-001685,usr-C3-0241,C3,False,ALLOW,359.36,630.45,0.57,0.03,359.36,543.37,1,False,18,1,Bills Payment,registered_biller,1,3,19,14,mobile_android,Emergency Financial Assistance For Cousin,True,legit,False,False,175,1,False,False,False,False,False,False,False,False,False,False,MEETS_DEVICE,38,pin,435,0,1444,False,39,14.8,False,False,False,1.36,1.36,124.6,0.65,False
TX-C3-001686,usr-C3-0269,C3,False,ALLOW,929.91,1690.75,0.55,0.32,929.91,1783.31,1,False,74,1,Remittance,business,9,6,12,5,mobile_android,,False,none,False,False,587,1,False,False,False,False,False,False,False,False,False,False,MEETS_DEVICE,97,biometric,206,0,747,False,17,18.9,False,False,False,2.8,2.8,40.3,4.17,False
TX-C3-001687,usr-C3-0276,C3,False,ALLOW,1331.24,1305.14,1.02,0.26,1331.24,1670.62,2,False,348,1,Remittance,business,23,5,3,9,mobile_ios,,False,none,False,False,855,1,False,False,False,False,False,False,False,False,False,False,MEETS_DEVICE,102,pin,219,0,1186,False,42,5.2,False,False,False,210.55,210.55,265.2,47.64,False
TX-C3-001688,usr-C3-0091,C3,False,ALLOW,1190.19,700.11,1.7,0.21,1190.19,2815.42,1,False,25,1,Remittance,business,8,1,5,6,mobile_android,Pizza party chip-in forproject celebration - Ref #42816,True,legit,False,True,3,1,False,False,False,False,False,False,False,False,False,False,MEETS_STRONG,34,biometric,258,0,990,False,34,23.7,False,False,False,0.76,0.76,95.8,0.48,False
TX-C3-001689,usr-C3-0265,C3,False,ALLOW,2136.2,1722.74,1.24,0.3,2136.2,3720.9,1,False,543,1,Remittance,business,1,3,17,4,mobile_android,,False,none,False,False,658,1,False,False,False,False,False,False,False,False,False,False,MEETS_STRONG,39,pin,36,0,694,True,20,11.4,False,False,False,0.48,0.48,183.8,0.16,False
TX-C3-001690,usr-C3-0126,C3,False,ALLOW,1375.21,2148.77,0.64,0.06,1375.21,4577.81,1,False,211,1,Remittance,business,0,4,21,11,mobile_ios,,False,none,False,True,5,1,False,False,False,False,False,False,False,False,False,False,MEETS_STRONG,82,biometric,292,0,207,False,18,24.1,False,False,False,2.69,2.69,164.6,0.98,False
TX-C3-001691,usr-C3-0176,C3,False,ALLOW,2782.54,1739.09,1.6,0.09,2782.54,4071.23,1,True,0,1,Funds Transfer,third_party_individual,23,4,3,0,mobile_android,,False,none,False,False,179,1,False,False,False,False,False,False,False,False,False,False,MEETS_DEVICE,89,biometric,281,0,485,True,18,20.0,False,False,False,2.21,2.21,86.9,1.53,False
TX-C3-001692,usr-C3-0216,C3,False,ALLOW,3183.44,1941.12,1.64,0.06,3183.44,7240.79,2,False,68,1,Remittance,third_party_individual,6,3,6,0,mobile_android,,False,none,False,False,896,1,False,False,False,False,False,False,False,False,False,False,MEETS_DEVICE,74,biometric,218,0,1264,False,15,11.9,False,False,False,1.47,1.47,238.0,0.37,False
TX-C3-001693,usr-C3-0243,C3,False,ALLOW,2063.07,1185.67,1.74,0.27,2063.07,6449.25,1,False,521,1,Savings,own_account,1,4,9,10,mobile_android,,False,none,False,False,795,1,True,False,False,False,False,False,True,False,False,False,MEETS_BASIC,121,pin,388,0,1653,False,28,21.7,False,False,False,1.99,1.99,290.9,0.41,False
TX-C3-001694,usr-C3-0130,C3,False,ALLOW,3856.68,4146.97,0.93,0.29,3856.68,7362.9,1,True,1,1,Funds Transfer,business,13,2,2,6,mobile_ios,,False,none,False,False,838,1,False,False,False,False,False,False,False,False,False,False,MEETS_STRONG,178,biometric,186,0,1217,False,30,21.4,False,False,False,2.65,2.65,146.5,1.09,False
TX-C3-001695,usr-C3-0214,C3,False,ALLOW,461.28,518.29,0.89,0.12,461.28,1187.03,1,False,208,1,Remittance,business,17,6,5,9,mobile_android,,False,none,False,False,553,1,False,False,False,False,False,False,False,False,False,False,MEETS_STRONG,93,biometric,342,0,1161,True,34,20.7,False,False,False,1.95,1.95,122.4,0.96,False
TX-C3-001696,usr-C3-0264,C3,False,ALLOW,1560.06,1608.31,0.97,0.27,1560.06,3131.26,1,False,17,1,Bills Payment,registered_biller,19,6,6,10,mobile_ios,caanteen lunch credit settlement - Ref #30144,True,legit,False,False,221,1,False,False,False,False,False,False,False,False,False,False,MEETS_DEVICE,44,biometric,496,0,819,True,27,11.0,False,False,False,0.74,0.74,134.4,0.33,False
TX-C3-001697,usr-C3-0083,C3,False,ALLOW,837.25,1372.54,0.61,0.35,837.25,2214.65,1,False,229,1,Funds Transfer,registered_biller,8,5,11,6,mobile_ios,,False,none,False,False,106,1,False,False,False,False,False,False,True,False,False,False,MEETS_DEVICE,117,biometric,452,0,1529,False,26,10.3,False,False,False,2.31,2.31,268.3,0.52,False
TX-C3-001698,usr-C3-0179,C3,False,ALLOW,1362.12,2961.13,0.46,0.19,1362.12,2220.85,2,True,1,1,Bills Payment,registered_biller,7,6,3,1,mobile_ios,,False,none,False,False,817,1,False,False,False,False,False,False,False,False,False,False,MEETS_DEVICE,43,pin,282,0,549,False,21,18.3,False,False,False,2.34,2.34,195.6,0.72,False
TX-C3-001699,usr-C3-0254,C3,False,ALLOW,629.82,851.11,0.74,0.46,629.82,2123.5,1,False,520,1,Funds Transfer,own_account,11,5,2,1,mobile_android,,False,none,False,False,208,1,False,False,False,False,False,False,False,False,False,False,MEETS_STRONG,84,biometric,498,0,1148,False,42,17.3,False,False,False,1.77,1.77,139.1,0.76,False
TX-C3-001700,usr-C3-0155,C3,False,ALLOW,4517.03,2840.9,1.59,0.3,4517.03,8841.47,1,True,0,1,Bills Payment,registered_biller,10,1,5,1,mobile_android,Internett router replacement hardware cost,True,legit,False,False,553,1,False,False,False,False,False,False,False,False,False,False,MEETS_DEVICE,28,biometric,566,0,981,True,30,16.5,False,False,False,1.08,1.08,233.6,0.28,False
TX-C3-001701,usr-C3-0096,C3,False,ALLOW,3279.74,3215.43,1.02,0.17,3279.74,9230.47,2,True,0,1,Bills Payment,registered_biller,20,0,3,14,mobile_android,,False,none,False,False,127,1,False,False,False,False,False,False,True,False,False,False,MEETS_STRONG,80,biometric,545,0,1304,True,31,17.9,False,False,False,0.58,0.58,47.0,0.74,False
TX-C3-001702,usr-C3-0076,C3,False,ALLOW,2527.76,5158.69,0.49,0.15,2527.76,6103.82,1,True,3,1,Savings,own_account,23,2,3,10,mobile_android,,False,none,False,False,256,1,False,False,False,False,False,False,True,False,False,False,MEETS_STRONG,57,pin,257,0,1827,True,26,17.1,False,False,False,1.53,1.53,59.5,1.54,False
TX-C3-001703,usr-C3-0206,C3,False,ALLOW,2564.38,1592.78,1.61,0.24,2564.38,8752.67,1,False,291,1,Savings,own_account,3,4,9,12,mobile_android,,False,none,False,False,842,1,False,False,False,False,False,False,False,False,False,False,MEETS_STRONG,69,biometric,323,0,1175,False,14,5.2,False,False,False,0.96,0.96,295.1,0.2,False
TX-C3-001704,usr-C3-0221,C3,False,ALLOW,1203.58,738.39,1.63,0.37,1203.58,3184.89,1,False,479,1,Savings,own_account,11,0,2,7,mobile_android,,False,none,False,False,829,1,False,False,False,False,False,False,False,False,False,False,MEETS_STRONG,11,biometric,104,0,1608,False,12,9.4,False,False,False,2.4,2.4,28.5,5.05,False
TX-C3-001705,usr-C3-0260,C3,False,ALLOW,1259.94,2135.5,0.59,0.2,1259.94,4304.41,1,False,38,1,Funds Transfer,business,13,4,3,5,mobile_android,Python machine learning book and online couurse access,True,legit,False,False,691,1,False,False,False,False,False,False,False,False,False,False,MEETS_STRONG,69,biometric,42,0,380,False,24,23.8,False,False,False,2.69,2.69,167.9,0.96,False
TX-C3-001706,usr-C3-0264,C3,False,ALLOW,1608.31,1608.31,1.0,0.11,1608.31,3734.66,1,False,45,1,Funds Transfer,third_party_individual,2,0,11,14,mobile_ios,,False,none,False,False,221,1,False,False,False,False,False,False,False,False,False,False,MEETS_STRONG,49,biometric,442,0,1292,False,45,17.1,False,False,False,0.27,0.27,181.3,0.09,False
TX-C3-001707,usr-C3-0298,C3,False,ALLOW,2365.59,4224.26,0.56,0.44,2365.59,4578.39,1,False,384,1,Savings,own_account,4,1,15,12,mobile_android,,False,none,False,True,5,1,False,False,False,False,False,False,True,False,False,False,MEETS_DEVICE,104,biometric,345,0,1040,False,23,10.2,False,False,False,1.41,1.41,213.7,0.4,False
TX-C3-001708,usr-C3-0020,C3,False,ALLOW,1065.43,3436.86,0.31,0.01,1065.43,2953.12,1,False,521,1,Funds Transfer,business,16,6,0,9,mobile_ios,,False,none,False,False,546,1,False,False,False,False,False,False,True,False,False,False,MEETS_DEVICE,68,biometric,212,0,397,True,20,13.0,False,False,False,666.57,666.57,257.3,155.44,False
TX-C3-001709,usr-C3-0272,C3,False,ALLOW,3448.57,2004.98,1.72,0.09,3448.57,11385.9,1,False,96,1,Bills Payment,registered_biller,8,1,6,3,mobile_ios,,False,none,False,False,572,1,False,False,False,False,False,False,False,False,False,False,MEETS_STRONG,15,biometric,245,0,1454,False,30,16.2,False,False,False,1.04,1.04,149.2,0.42,False
TX-C3-001710,usr-C3-0025,C3,True,REQUIRE_2FA,3840.35,1855.24,2.07,0.33,4842.75,15015.69,5,True,1,1,Remittance,business,8,1,3,8,mobile_android,,False,none,False,True,2,1,False,False,False,False,False,False,False,False,True,False,MEETS_STRONG,251,password,41,0,1073,True,6,15.2,True,False,False,2.21,2.21,277.1,0.48,False
TX-C3-001711,usr-C3-0115,C3,False,ALLOW,271.99,697.42,0.39,0.49,271.99,465.22,1,False,384,1,Bills Payment,registered_biller,19,3,1,2,mobile_android,Bbay diapers and milk formula supply,True,legit,False,False,278,1,False,False,False,False,False,False,False,False,False,False,MEETS_DEVICE,155,biometric,282,0,1365,False,41,21.0,False,False,False,2.48,2.48,27.2,5.47,False
TX-C3-001712,usr-C3-0084,C3,False,ALLOW,895.02,733.62,1.22,0.13,895.02,2534.91,1,False,280,1,Remittance,third_party_individual,13,5,6,13,mobile_ios,,False,none,False,False,892,1,False,False,False,False,False,False,False,False,False,False,MEETS_DEVICE,52,biometric,529,0,393,False,28,9.4,False,False,False,1.41,1.41,185.2,0.46,False
TX-C3-001713,usr-C3-0028,C3,False,ALLOW,2003.14,1872.09,1.07,0.29,2003.14,2769.3,1,True,0,1,Savings,own_account,2,5,7,13,mobile_android,,False,none,False,False,271,1,False,False,False,False,False,False,False,False,False,False,MEETS_DEVICE,61,pin,188,0,226,False,22,16.2,False,False,False,1.9,1.9,93.4,1.22,False
TX-C3-001714,usr-C3-0005,C3,False,ALLOW,731.57,1199.3,0.61,0.48,731.57,2083.62,1,False,69,1,Savings,own_account,8,6,7,8,mobile_ios,,False,none,False,False,586,1,False,False,False,False,False,False,False,False,False,False,MEETS_STRONG,143,pin,473,0,511,False,38,15.2,False,False,False,1.08,1.08,220.7,0.29,False
TX-C3-001715,usr-C3-0028,C3,False,ALLOW,7656.85,1872.09,4.09,0.21,7656.85,26243.0,1,False,293,1,Remittance,third_party_individual,23,4,14,2,mobile_android,,False,none,False,False,271,1,False,False,False,False,False,False,False,False,False,False,MEETS_DEVICE,127,biometric,145,0,589,False,13,16.1,False,False,False,2.17,2.17,129.7,1.0,False
TX-C3-001716,usr-C3-0183,C3,False,ALLOW,1758.97,6765.27,0.26,0.1,1758.97,5463.25,1,False,228,1,Remittance,third_party_individual,15,3,3,0,mobile_ios,,False,none,False,False,437,1,False,False,False,False,False,False,True,False,False,False,MEETS_STRONG,118,biometric,334,0,1110,False,38,8.8,False,False,False,1.38,1.38,215.2,0.38,False
TX-C3-001717,usr-C3-0077,C3,False,ALLOW,625.93,563.9,1.11,0.07,625.93,1102.4,1,False,139,1,Savings,own_account,0,5,18,10,mobile_ios,,False,none,False,False,628,1,False,False,False,False,False,False,False,False,False,False,MEETS_STRONG,143,biometric,46,0,1921,False,30,16.5,False,False,False,2.09,2.09,54.9,2.28,False
TX-C3-001718,usr-C3-0075,C3,False,ALLOW,2612.0,1906.57,1.37,0.26,2612.0,4794.26,2,True,0,1,Bills Payment,registered_biller,6,1,8,2,mobile_ios,,False,none,False,True,2,1,True,False,False,False,False,False,True,False,False,False,MEETS_BASIC,64,pin,554,0,860,False,16,7.8,False,False,False,0.95,0.95,258.6,0.22,False
TX-C3-001719,usr-C3-0016,C3,False,ALLOW,2647.34,1504.17,1.76,0.4,2647.34,3228.02,1,False,318,1,Savings,own_account,6,6,5,5,mobile_android,Own account transfer,True,neutral,False,False,887,1,False,False,False,False,False,False,False,False,False,False,MEETS_STRONG,155,biometric,279,0,1962,False,22,17.9,False,False,False,2.34,2.34,71.2,1.97,False
TX-C3-001720,usr-C3-0156,C3,False,ALLOW,1013.66,762.15,1.33,0.31,1013.66,1590.91,2,False,106,1,Bills Payment,registered_biller,15,4,4,0,mobile_ios,Ateneo graduate school MBA tuition installment,True,legit,False,False,463,1,False,False,False,False,False,False,False,False,False,False,MEETS_DEVICE,90,biometric,180,0,1083,False,15,19.8,False,False,False,1.02,1.02,127.7,0.48,False
TX-C3-001721,usr-C3-0165,C3,False,ALLOW,2939.09,4322.19,0.68,0.36,2939.09,4229.43,1,True,2,1,Bills Payment,registered_biller,7,5,6,8,mobile_ios,,False,none,False,True,0,1,False,False,False,False,False,False,False,False,False,False,MEETS_STRONG,41,pin,55,0,805,True,31,19.5,False,False,False,1.89,1.89,101.9,1.11,False
TX-C3-001722,usr-C3-0018,C3,False,ALLOW,1006.0,1037.11,0.97,0.03,1006.0,2905.9,1,False,380,1,Funds Transfer,business,4,3,14,3,mobile_ios,,False,none,False,False,611,1,True,False,False,False,False,False,True,False,False,False,MEETS_BASIC,101,pin,540,0,372,True,35,5.9,False,False,False,2.15,2.15,54.9,2.35,False
TX-C3-001723,usr-C3-0300,C3,False,ALLOW,915.67,1077.26,0.85,0.25,915.67,2659.56,1,True,3,1,Savings,own_account,7,3,3,7,mobile_ios,,False,none,False,False,137,1,False,False,False,False,False,False,False,False,False,False,MEETS_STRONG,101,biometric,373,0,466,True,26,24.4,False,False,False,2.24,2.24,200.4,0.67,False
TX-C3-001724,usr-C3-0300,C3,False,ALLOW,1292.71,1077.26,1.2,0.32,1292.71,3997.19,1,False,479,1,Bills Payment,registered_biller,15,2,5,1,mobile_android,,False,none,False,False,137,1,False,False,False,False,False,False,False,False,False,False,MEETS_STRONG,96,biometric,83,0,1009,False,34,9.9,False,False,False,2.31,2.31,77.2,1.8,False
TX-C3-001725,usr-C3-0209,C3,False,ALLOW,1252.69,1061.6,1.18,0.28,1252.69,1644.41,1,False,174,1,Funds Transfer,business,8,3,6,4,mobile_android,,False,none,False,False,460,1,False,False,False,False,False,False,False,False,False,False,MEETS_STRONG,26,biometric,267,0,1082,False,23,16.1,False,True,True,0.75,0.75,262.7,0.17,False
TX-C3-001726,usr-C3-0130,C3,False,ALLOW,3193.17,4146.97,0.77,0.11,3193.17,9603.68,2,False,77,1,Remittance,business,15,0,0,7,mobile_ios,,False,none,False,False,838,1,False,False,False,False,False,False,True,False,False,False,MEETS_STRONG,13,biometric,599,0,124,False,25,12.3,False,False,False,1.88,1.88,231.9,0.49,False
TX-C3-001727,usr-C3-0214,C3,False,ALLOW,450.91,518.29,0.87,0.4,450.91,1289.91,1,True,2,1,Remittance,third_party_individual,0,0,12,10,mobile_ios,,False,none,False,False,553,1,False,False,False,False,False,False,True,False,False,False,MEETS_DEVICE,144,biometric,152,0,1645,False,15,15.8,False,False,False,1.48,1.48,144.4,0.61,False
TX-C3-001728,usr-C3-0090,C3,False,ALLOW,283.25,3540.64,0.08,0.46,283.25,971.64,1,False,464,1,Remittance,business,21,6,9,8,mobile_ios,,False,none,False,True,1,1,False,False,False,False,False,False,False,False,False,False,MEETS_STRONG,153,biometric,387,0,499,False,39,12.0,False,False,False,1.73,1.73,246.0,0.42,False
TX-C3-001729,usr-C3-0269,C3,False,ALLOW,101.44,1690.75,0.06,0.48,101.44,145.62,1,True,0,1,Remittance,business,13,3,8,2,mobile_android,Shared expenses - Ref #56788,True,neutral,False,False,587,1,False,False,False,False,False,False,False,False,False,False,MEETS_DEVICE,27,biometric,476,0,605,False,41,13.0,False,False,False,0.97,0.97,173.0,0.34,False
TX-C3-001730,usr-C3-0291,C3,False,ALLOW,3114.19,2414.1,1.29,0.46,3114.19,9321.56,2,False,232,1,Savings,own_account,0,5,11,2,mobile_android,,False,none,False,False,538,1,False,False,False,False,False,False,True,False,False,False,MEETS_STRONG,99,pin,550,0,772,True,23,16.7,False,False,False,2.78,2.78,280.3,0.6,False
TX-C3-001731,usr-C3-0194,C3,False,ALLOW,6034.08,3487.91,1.73,0.34,6034.08,7421.56,2,True,0,1,Savings,own_account,23,1,13,9,mobile_ios,,False,none,False,False,866,1,False,False,False,False,False,False,False,True,False,False,MEETS_DEVICE,162,biometric,78,0,488,False,15,74.1,False,False,False,1.63,1.63,225.2,0.43,False
TX-C3-001732,usr-C3-0088,C3,False,ALLOW,5668.07,3456.14,1.64,0.34,5668.07,14486.58,1,False,497,1,Remittance,third_party_individual,4,2,13,7,mobile_ios,,False,none,False,False,311,1,False,False,False,False,False,False,False,False,False,False,MEETS_STRONG,27,pin,253,0,1224,False,44,20.5,False,False,False,1.4,1.4,112.9,0.74,False
TX-C3-001733,usr-C3-0148,C3,False,ALLOW,318.47,1447.61,0.22,0.25,318.47,622.11,1,False,571,1,Bills Payment,registered_biller,7,2,6,5,mobile_android,OWWN ACCOUNT TRANSFER - Ref #26863,True,neutral,False,False,240,1,False,False,False,False,False,False,False,False,False,False,MEETS_STRONG,82,biometric,131,0,1766,False,45,6.2,False,False,False,1.77,1.77,289.1,0.37,False
TX-C3-001734,usr-C3-0190,C3,False,ALLOW,2177.0,3753.44,0.58,0.05,2177.0,6431.75,1,True,2,1,Bills Payment,registered_biller,2,5,9,0,mobile_ios,Gardener landscaping maintenance honorarium - Ref #78211,True,legit,False,False,694,1,False,False,False,False,False,False,False,False,False,False,MEETS_STRONG,166,biometric,90,0,1571,False,14,13.8,False,False,False,0.95,0.95,285.3,0.2,False
TX-C3-001735,usr-C3-0077,C3,False,ALLOW,874.04,563.9,1.55,0.22,874.04,2727.49,1,False,74,1,Bills Payment,registered_biller,17,6,1,3,mobile_ios,,False,none,False,False,628,1,False,False,False,False,False,False,False,False,False,False,MEETS_STRONG,18,pin,43,0,1442,False,37,6.4,False,False,False,1.76,1.76,21.2,4.98,False
TX-C3-001736,usr-C3-0232,C3,False,ALLOW,8598.8,2123.16,4.05,0.33,8598.8,10724.67,1,False,210,1,Savings,own_account,9,5,4,6,mobile_ios,,False,none,False,False,822,1,False,False,False,False,False,False,False,False,False,False,MEETS_STRONG,91,pin,265,0,127,True,44,20.7,False,False,False,2.7,2.7,182.3,0.89,False
TX-C3-001737,usr-C3-0168,C3,False,ALLOW,1061.57,1248.91,0.85,0.13,1061.57,3366.39,1,True,1,1,Savings,own_account,10,6,3,10,mobile_ios,,False,none,False,False,490,1,False,False,False,False,False,False,False,False,False,False,MEETS_DEVICE,80,biometric,555,0,1975,False,35,13.0,False,False,False,2.24,2.24,72.5,1.85,False
TX-C3-001738,usr-C3-0030,C3,False,ALLOW,1260.32,3316.62,0.38,0.32,1260.32,2121.41,1,True,3,1,Remittance,third_party_individual,4,0,10,6,mobile_ios,,False,none,False,False,332,1,False,False,False,False,False,False,False,False,False,False,MEETS_STRONG,163,biometric,283,0,1794,False,40,17.1,False,False,False,2.59,2.59,191.2,0.81,False
TX-C3-001739,usr-C3-0280,C3,False,ALLOW,1994.79,2077.91,0.96,0.25,1994.79,5856.71,2,True,3,1,Funds Transfer,registered_biller,2,0,16,10,mobile_ios,,False,none,False,False,369,1,False,False,False,False,False,False,True,False,False,False,MEETS_DEVICE,147,pin,202,0,1302,True,34,11.2,False,False,False,2.14,2.14,277.6,0.46,False
TX-C3-001740,usr-C3-0128,C3,False,ALLOW,228.73,1089.17,0.21,0.17,228.73,643.98,1,False,211,1,Bills Payment,registered_biller,22,2,1,4,mobile_android,,False,none,False,False,100,1,False,False,False,False,False,False,False,False,False,False,MEETS_STRONG,79,pin,83,0,1624,False,17,13.1,False,False,False,2.42,2.42,294.1,0.49,False
TX-C3-001741,usr-C3-0126,C3,False,ALLOW,2879.35,2148.77,1.34,0.03,2879.35,4892.28,1,False,238,1,Remittance,third_party_individual,11,3,10,7,mobile_ios,,False,none,False,False,728,1,False,False,False,False,False,False,False,False,False,False,MEETS_STRONG,34,pin,363,0,283,True,12,5.1,False,False,False,2.1,2.1,299.4,0.42,False
TX-C3-001742,usr-C3-0294,C3,False,ALLOW,3504.82,2417.12,1.45,0.35,3504.82,10574.31,1,False,571,1,Funds Transfer,own_account,14,4,4,7,mobile_ios,Certified Public Accountant Audit Engagemnet Deposit,True,legit,False,False,739,1,False,False,False,False,False,False,True,False,False,False,MEETS_STRONG,12,biometric,243,0,1517,False,13,7.1,False,False,False,1.45,1.45,239.5,0.36,False
TX-C3-001743,usr-C3-0260,C3,False,ALLOW,3651.7,2135.5,1.71,0.08,3651.7,11653.62,2,False,394,1,Funds Transfer,third_party_individual,1,4,15,8,mobile_android,,False,none,False,True,5,1,False,False,False,False,False,False,False,False,False,False,MEETS_DEVICE,35,biometric,388,0,364,False,37,5.2,False,False,False,2.34,2.34,225.6,0.62,False
TX-C3-001744,usr-C3-0009,C3,False,ALLOW,395.8,807.75,0.49,0.34,395.8,777.29,1,False,285,1,Savings,own_account,12,1,2,9,mobile_android,,False,none,False,False,170,1,False,False,False,False,False,False,False,False,False,False,MEETS_STRONG,116,biometric,374,0,708,True,39,13.9,False,True,True,2.2,2.2,101.7,1.3,False
TX-C3-001745,usr-C3-0177,C3,False,ALLOW,1528.8,1609.26,0.95,0.46,1528.8,4231.2,1,False,428,1,Bills Payment,registered_biller,4,5,11,4,mobile_android,pang boundary ng tricycle driver,True,legit,False,False,722,1,False,False,False,False,False,False,False,False,False,False,MEETS_STRONG,169,pin,406,0,455,False,13,11.8,False,False,False,2.35,2.35,175.7,0.8,False
TX-C3-001746,usr-C3-0192,C3,False,ALLOW,1207.88,2946.05,0.41,0.32,1207.88,1860.56,1,True,3,1,Savings,own_account,2,6,7,11,mobile_ios,,False,none,False,False,127,1,False,False,False,False,False,False,False,False,False,False,MEETS_STRONG,160,pin,268,0,1815,False,13,5.8,False,True,True,2.47,2.47,188.9,0.78,False
TX-C3-001747,usr-C3-0234,C3,False,ALLOW,1564.41,1009.3,1.55,0.09,1564.41,3761.91,2,True,3,1,Remittance,third_party_individual,1,3,11,7,mobile_ios,Fastfood breeakfast drive-thru share,True,legit,False,False,667,1,False,False,False,False,False,False,True,False,False,False,MEETS_DEVICE,165,biometric,182,0,1850,False,23,18.1,False,False,False,1.52,1.52,146.6,0.62,False
TX-C3-001748,usr-C3-0093,C3,False,ALLOW,528.55,2642.77,0.2,0.3,528.55,786.71,1,False,21,1,Savings,own_account,10,3,0,6,mobile_android,,False,none,False,False,730,1,False,False,False,False,False,False,False,False,False,False,MEETS_STRONG,113,pin,74,0,638,True,43,15.2,False,False,False,0.83,0.83,127.7,0.39,False
TX-C3-001749,usr-C3-0080,C3,False,ALLOW,191.88,738.01,0.26,0.31,191.88,357.65,1,False,86,1,Savings,own_account,13,1,6,6,mobile_ios,,False,none,False,False,770,1,False,False,False,False,False,False,False,False,False,False,MEETS_STRONG,68,biometric,305,0,509,False,34,9.6,False,False,False,1.53,1.53,45.2,2.03,False
TX-C3-001750,usr-C3-0186,C3,False,ALLOW,1843.75,3762.75,0.49,0.17,1843.75,4381.3,2,False,392,1,Remittance,third_party_individual,7,5,3,8,mobile_android,,False,none,False,False,77,1,False,False,False,False,False,False,False,False,False,False,MEETS_STRONG,35,biometric,403,0,1874,False,31,22.1,False,False,False,1.01,1.01,162.3,0.37,False
TX-C3-001751,usr-C3-0127,C3,False,ALLOW,4078.03,2871.85,1.42,0.46,4078.03,7051.63,2,False,387,1,Funds Transfer,third_party_individual,9,2,3,13,mobile_android,BPI express online transfer,True,neutral,False,False,755,1,False,False,False,False,False,False,False,False,False,False,MEETS_DEVICE,80,pin,439,0,269,False,39,11.4,False,False,False,2.1,2.1,70.0,1.8,False
TX-C3-001752,usr-C3-0278,C3,False,ALLOW,203.22,1129.0,0.18,0.49,203.22,465.77,1,False,249,1,Bills Payment,registered_biller,1,6,15,13,mobile_android,,False,none,False,False,859,1,False,False,False,False,False,False,False,False,False,False,MEETS_STRONG,174,biometric,541,0,141,False,33,22.6,False,False,False,2.79,2.79,24.4,6.86,False
TX-C3-001753,usr-C3-0020,C3,False,ALLOW,5911.4,3436.86,1.72,0.04,5911.4,15984.68,1,True,3,1,Bills Payment,registered_biller,1,0,15,1,mobile_android,,False,none,False,False,546,1,False,False,False,False,False,False,False,False,False,False,MEETS_STRONG,81,biometric,440,0,732,False,28,20.5,False,False,False,0.99,0.99,57.0,1.04,False
TX-C3-001754,usr-C3-0073,C3,False,ALLOW,659.97,1941.08,0.34,0.48,659.97,1740.45,2,False,41,1,Savings,own_account,13,2,0,10,mobile_android,,False,none,False,False,345,1,False,False,False,False,False,False,False,False,False,False,MEETS_STRONG,88,biometric,117,0,1408,False,39,8.0,False,False,False,0.82,0.82,102.2,0.48,False
TX-C3-001755,usr-C3-0138,C3,False,ALLOW,203.05,1068.69,0.19,0.32,203.05,545.75,1,False,115,1,Savings,own_account,21,2,8,6,mobile_android,Pizza party chip-in for project celebration - Ref #16685,True,legit,False,False,137,1,True,False,False,False,False,False,True,False,False,False,MEETS_BASIC,95,biometric,44,0,124,False,13,22.2,False,False,False,1.81,1.81,110.2,0.99,False
TX-C3-001756,usr-C3-0268,C3,False,ALLOW,9063.66,8092.55,1.12,0.17,9063.66,11623.54,1,True,0,1,Remittance,business,5,2,4,11,mobile_android,,False,none,False,False,843,1,False,False,False,False,False,False,False,False,False,False,MEETS_STRONG,80,biometric,592,0,124,False,32,16.2,False,False,False,1.71,1.71,47.9,2.14,False
TX-C3-001757,usr-C3-0157,C3,False,ALLOW,7534.28,7107.81,1.06,0.49,7534.28,20980.79,1,False,531,1,Bills Payment,registered_biller,19,5,8,11,mobile_ios,,False,none,False,False,690,1,False,False,False,False,False,False,False,False,False,False,MEETS_DEVICE,55,biometric,260,0,1323,False,38,10.8,False,False,False,1.0,1.0,199.3,0.3,False
TX-C3-001758,usr-C3-0174,C3,False,ALLOW,364.59,651.05,0.56,0.1,364.59,895.84,1,False,293,1,Funds Transfer,third_party_individual,14,0,4,12,mobile_ios,Gardener landscaping maintenance honorarium,True,legit,False,False,725,1,False,False,False,False,False,False,False,False,False,False,MEETS_DEVICE,21,biometric,597,0,1661,True,34,7.4,False,False,False,0.93,0.93,60.0,0.93,False
TX-C3-001759,usr-C3-0184,C3,False,ALLOW,517.03,1477.24,0.35,0.2,517.03,915.44,1,False,529,1,Remittance,third_party_individual,3,6,10,10,mobile_ios,,False,none,False,False,360,1,False,False,False,False,False,False,False,False,False,False,MEETS_STRONG,85,biometric,106,0,1179,False,17,21.2,False,False,False,2.33,2.33,240.1,0.58,False
TX-C3-001760,usr-C3-0175,C3,False,ALLOW,1357.51,875.81,1.55,0.24,1357.51,4661.13,1,True,3,1,Bills Payment,registered_biller,4,2,9,9,mobile_ios,Professinal engineering consultancy service billing,True,legit,False,False,90,1,False,False,False,False,False,False,True,False,False,False,MEETS_STRONG,174,pin,407,0,1421,False,23,21.1,False,False,False,1.25,1.25,147.7,0.51,False
TX-C3-001761,usr-C3-0286,C3,False,ALLOW,2012.27,1117.93,1.8,0.07,2012.27,5536.42,1,False,17,1,Savings,own_account,19,3,1,6,mobile_ios,Pampanga mmeat tocino and longganisa order,True,legit,False,False,740,1,False,False,False,False,False,False,False,False,False,False,MEETS_STRONG,51,biometric,321,0,544,False,44,18.6,False,False,False,1.83,1.83,51.3,2.14,False
TX-C3-001762,usr-C3-0027,C3,False,ALLOW,3611.01,5731.76,0.63,0.09,3611.01,4793.01,1,True,0,1,Bills Payment,registered_biller,22,6,9,11,mobile_ios,Reimubrsement,True,neutral,False,False,367,1,False,False,False,False,False,False,False,False,False,False,MEETS_DEVICE,175,biometric,466,0,239,False,17,12.3,False,False,False,0.22,0.22,53.7,0.25,False
TX-C3-001763,usr-C3-0046,C3,False,ALLOW,1792.43,1690.97,1.06,0.39,1792.43,3009.92,2,False,531,1,Savings,own_account,22,2,5,10,mobile_ios,,False,none,False,False,432,1,False,False,False,False,False,False,False,True,False,False,MEETS_DEVICE,113,biometric,325,0,1428,False,12,93.0,False,False,False,1172.54,1172.54,317.5,221.58,False
TX-C3-001764,usr-C3-0080,C3,False,ALLOW,1210.34,738.01,1.64,0.05,1210.34,2975.63,1,False,105,1,Savings,own_account,23,5,4,13,mobile_android,,False,none,False,False,770,1,False,False,False,False,False,False,False,False,False,False,MEETS_DEVICE,136,biometric,425,0,1566,False,13,12.3,False,False,False,2.2,2.2,87.5,1.51,False
TX-C3-001765,usr-C3-0257,C3,False,ALLOW,10014.46,16417.15,0.61,0.01,10014.46,24356.79,1,False,96,1,Remittance,business,18,2,7,7,mobile_ios,Youth fellowship camp registration allowance,True,legit,False,True,1,1,False,False,False,False,False,False,False,False,False,False,MEETS_STRONG,49,biometric,32,0,448,False,30,20.5,False,False,False,209.55,209.55,323.0,38.93,False
TX-C3-001766,usr-C3-0084,C3,False,ALLOW,3536.05,733.62,4.82,0.31,3536.05,7452.55,1,True,3,1,Savings,own_account,6,0,13,2,mobile_ios,Youth Fellowship Camp Registration Allwance,True,legit,False,False,892,1,False,False,False,False,False,False,True,False,False,False,MEETS_STRONG,128,pin,139,0,1447,False,17,10.3,False,False,False,0.61,0.61,173.6,0.21,False
TX-C3-001767,usr-C3-0130,C3,False,ALLOW,3400.52,4146.97,0.82,0.03,3400.52,10442.04,2,False,19,1,Funds Transfer,registered_biller,23,3,8,12,mobile_android,,False,none,False,False,838,1,False,False,False,False,False,False,False,False,False,False,MEETS_DEVICE,140,biometric,587,0,858,False,24,22.2,False,False,False,2.07,2.07,252.5,0.49,False
TX-C3-001768,usr-C3-0076,C3,False,ALLOW,1186.5,5158.69,0.23,0.15,1186.5,2531.44,1,False,576,1,Remittance,business,2,6,18,5,mobile_android,Snacks and refreshments for bible study,True,legit,False,False,256,1,False,False,False,False,False,False,False,False,False,False,MISSING,60,biometric,90,0,720,False,25,10.0,False,False,False,1.51,1.51,141.3,0.64,False
TX-C3-001769,usr-C3-0051,C3,False,ALLOW,5125.08,3223.32,1.59,0.1,5125.08,16231.29,2,True,1,1,Funds Transfer,third_party_individual,23,3,2,11,mobile_android,Subdivision vehicle RFID sticker purchase - Ref #21296,True,legit,False,False,659,1,False,False,False,False,False,False,False,False,False,False,MEETS_STRONG,30,biometric,212,0,756,False,24,24.2,False,False,False,1.1,1.1,54.7,1.21,False
TX-C3-001770,usr-C3-0165,C3,False,ALLOW,7650.28,4322.19,1.77,0.22,7650.28,16073.02,1,False,590,1,Bills Payment,registered_biller,15,5,2,5,mobile_android,Pest control termite treatment service - Ref #23557,True,legit,False,False,146,1,False,False,False,False,False,False,False,False,False,False,MEETS_DEVICE,27,pin,74,0,837,False,43,8.5,False,False,False,0.68,0.68,275.6,0.15,False
TX-C3-001771,usr-C3-0221,C3,False,ALLOW,51.69,738.39,0.07,0.16,51.69,107.79,1,False,541,1,Bills Payment,registered_biller,18,3,5,11,mobile_ios,,False,none,False,False,829,1,False,False,False,False,False,False,False,False,False,False,MEETS_STRONG,41,biometric,299,0,1399,False,19,20.3,False,False,False,1.63,1.63,208.8,0.47,False
TX-C3-001772,usr-C3-0053,C3,False,ALLOW,2138.41,1944.01,1.1,0.17,2138.41,4192.81,1,True,3,1,Bills Payment,registered_biller,14,5,2,2,mobile_android,,False,none,False,False,79,1,False,False,False,False,False,False,False,False,False,False,MEETS_STRONG,111,biometric,43,0,1853,False,43,24.7,False,False,False,1.03,1.03,51.3,1.2,False
TX-C3-001773,usr-C3-0111,C3,False,ALLOW,255.82,1827.28,0.14,0.34,255.82,414.48,1,False,171,1,Bills Payment,registered_biller,10,3,0,0,mobile_android,Lunch delivery GrabFood order share - Ref #28203,True,legit,False,False,165,1,False,False,False,False,False,False,False,False,False,False,MEETS_STRONG,113,biometric,485,0,1203,False,14,9.4,False,False,False,2.28,2.28,83.3,1.64,False
TX-C3-001774,usr-C3-0211,C3,False,ALLOW,9563.52,8855.11,1.08,0.23,9563.52,21945.43,2,False,67,1,Bills Payment,registered_biller,0,5,9,5,mobile_ios,,False,none,False,False,250,1,True,False,False,False,False,False,True,False,False,False,MEETS_BASIC,174,pin,243,0,1974,False,24,24.9,False,False,False,1.44,1.44,84.5,1.02,False
TX-C3-001775,usr-C3-0067,C3,False,ALLOW,261.64,1308.21,0.2,0.36,261.64,458.16,1,True,0,1,Bills Payment,registered_biller,22,3,12,14,mobile_android,Apartment monthly rental fee and water share,True,legit,False,False,70,1,False,False,False,False,False,False,False,False,False,False,MEETS_STRONG,38,biometric,127,0,230,True,39,24.8,False,False,False,1.33,1.33,120.2,0.66,False
TX-C3-001776,usr-C3-0209,C3,False,ALLOW,1114.68,1061.6,1.05,0.18,1114.68,2989.05,1,False,24,1,Bills Payment,registered_biller,21,6,7,6,mobile_ios,,False,none,False,True,0,1,False,False,False,False,False,False,False,False,False,False,MEETS_STRONG,62,biometric,318,0,237,False,25,19.4,False,False,False,1.92,1.92,205.3,0.56,False
TX-C3-001777,usr-C3-0110,C3,False,ALLOW,5461.55,8533.67,0.64,0.34,5461.55,8751.0,1,True,2,1,Savings,own_account,21,5,8,11,mobile_android,,False,none,False,False,35,1,False,False,False,False,False,False,False,False,False,False,MISSING,60,biometric,90,0,720,False,25,10.0,False,False,False,1.29,1.29,256.8,0.3,False
TX-C3-001778,usr-C3-0262,C3,True,REQUIRE_2FA,3903.43,4024.15,0.97,0.66,4319.74,13364.08,4,True,1,25,Funds Transfer,third_party_individual,3,2,15,3,mobile_ios,,False,none,False,False,202,1,True,False,False,True,False,False,True,False,False,False,MEETS_BASIC,325,biometric,39,0,939,True,3,24.9,False,False,False,2.42,2.42,83.0,1.75,False
TX-C3-001779,usr-C3-0137,C3,False,ALLOW,934.96,1335.66,0.7,0.13,934.96,2387.66,1,True,0,1,Bills Payment,registered_biller,18,5,1,0,mobile_android,,False,none,False,False,820,1,False,False,False,False,False,False,False,False,False,False,MEETS_STRONG,110,pin,458,0,678,False,45,18.1,False,False,False,1.86,1.86,242.7,0.46,False
TX-C3-001780,usr-C3-0124,C3,False,ALLOW,1099.59,2114.6,0.52,0.26,1099.59,3079.87,1,False,343,1,Bills Payment,registered_biller,14,6,1,6,mobile_ios,,False,none,False,False,363,1,False,False,False,False,False,False,False,False,False,False,MISSING,60,biometric,90,0,720,False,25,10.0,False,False,False,2.9,2.9,250.3,0.7,False
TX-C3-001781,usr-C3-0257,C3,False,ALLOW,18223.04,16417.15,1.11,0.39,18223.04,30336.52,2,False,439,1,Bills Payment,registered_biller,4,6,7,13,mobile_android,,False,none,False,False,257,1,False,False,False,False,False,False,False,False,False,False,MEETS_STRONG,54,biometric,453,0,551,False,39,7.4,False,False,False,1.68,1.68,205.0,0.49,False
TX-C3-001782,usr-C3-0032,C3,False,ALLOW,3613.2,3226.07,1.12,0.42,3613.2,11564.48,1,False,97,1,Savings,own_account,21,0,0,6,mobile_ios,,False,none,False,False,512,1,False,False,False,False,False,False,False,False,False,False,MEETS_STRONG,18,pin,483,0,1897,False,44,23.0,False,False,False,1.17,1.17,280.5,0.25,False
TX-C3-001783,usr-C3-0225,C3,False,ALLOW,2962.76,1863.37,1.59,0.21,2962.76,5636.6,2,False,130,1,Remittance,third_party_individual,13,2,5,14,mobile_android,Bills payment,True,neutral,False,False,135,1,False,False,False,False,False,False,False,False,False,False,MEETS_DEVICE,145,pin,205,0,1242,True,37,5.9,False,False,False,2.16,2.16,98.1,1.32,False
TX-C3-001784,usr-C3-0069,C3,False,ALLOW,111.14,1234.93,0.09,0.44,111.14,371.22,1,False,208,1,Savings,own_account,0,5,13,14,mobile_ios,,False,none,False,False,370,1,False,False,False,False,False,False,False,False,False,False,MEETS_STRONG,40,biometric,304,0,117,True,20,7.6,False,False,False,2.29,2.29,130.5,1.05,False
TX-C3-001785,usr-C3-0138,C3,False,ALLOW,1164.87,1068.69,1.09,0.26,1164.87,3376.25,1,False,40,1,Bills Payment,registered_biller,18,0,5,13,mobile_android,Organic eggsand fresh milk delivery,True,legit,False,False,137,1,True,False,False,False,False,False,True,False,False,False,MEETS_BASIC,53,biometric,165,0,1036,False,43,8.2,False,False,False,0.82,0.82,68.9,0.71,False
TX-C3-001786,usr-C3-0137,C3,False,ALLOW,146.92,1335.66,0.11,0.47,146.92,483.65,1,False,161,1,Funds Transfer,business,10,4,9,3,mobile_android,,False,none,False,False,820,1,False,False,False,False,False,False,False,False,False,False,MEETS_DEVICE,70,biometric,366,0,658,True,20,9.7,False,False,False,1.88,1.88,253.2,0.45,False
TX-C3-001787,usr-C3-0017,C3,False,ALLOW,2213.17,1592.21,1.39,0.34,2213.17,2999.95,1,False,211,1,Remittance,business,10,1,1,12,mobile_android,Pizza party chip-in for projcet celebration,True,legit,False,False,537,1,False,False,False,False,False,False,False,False,False,False,MEETS_STRONG,39,biometric,153,0,1395,False,42,19.0,False,False,False,1.87,1.87,111.4,1.01,False
TX-C3-001788,usr-C3-0287,C3,False,ALLOW,1696.26,1177.96,1.44,0.3,1696.26,2435.7,1,False,16,1,Remittance,business,0,5,15,2,mobile_ios,Financial allowances upport for mama and papa - Ref #67026,True,legit,False,False,209,1,True,False,False,False,False,False,True,False,False,False,MEETS_BASIC,38,biometric,80,0,203,False,23,21.4,False,True,True,2.66,2.66,16.0,9.98,False
TX-C3-001789,usr-C3-0298,C3,False,ALLOW,3337.17,4224.26,0.79,0.15,3337.17,4428.57,1,False,418,1,Bills Payment,registered_biller,23,2,4,13,mobile_android,,False,none,False,False,806,1,False,False,False,False,False,False,True,False,False,False,MEETS_DEVICE,23,biometric,592,0,1455,True,20,19.2,False,False,False,2.02,2.02,166.1,0.73,False
TX-C3-001790,usr-C3-0160,C3,False,ALLOW,3655.88,3264.18,1.12,0.12,3655.88,6620.27,1,False,416,1,Savings,own_account,1,2,18,7,mobile_android,lpg gas tank refill delivery cooking - Ref #35952,True,legit,False,False,547,1,False,False,False,False,False,False,False,False,False,False,MEETS_STRONG,164,biometric,56,0,1610,False,14,10.1,False,False,False,2.26,2.26,288.3,0.47,False
TX-C3-001791,usr-C3-0090,C3,False,ALLOW,4992.3,3540.64,1.41,0.25,4992.3,6849.63,1,False,140,1,Bills Payment,registered_biller,8,1,4,10,mobile_android,,False,none,False,False,182,1,False,False,False,False,False,False,False,True,False,False,MEETS_STRONG,178,biometric,536,0,406,False,42,51.0,False,False,False,1.49,1.49,44.2,2.02,False
TX-C3-001792,usr-C3-0285,C3,False,ALLOW,1412.4,5649.59,0.25,0.36,1412.4,4472.98,1,False,313,1,Funds Transfer,third_party_individual,14,5,2,10,mobile_android,Landmark supermarket groceries,True,legit,False,False,684,1,False,False,False,False,False,False,False,False,False,False,MEETS_STRONG,32,pin,216,0,1008,True,37,20.5,False,False,False,2.08,2.08,137.3,0.91,False
TX-C3-001793,usr-C3-0242,C3,False,ALLOW,288.79,2406.55,0.12,0.25,288.79,673.92,1,False,554,1,Savings,own_account,21,6,4,2,mobile_ios,,False,none,False,False,895,1,False,False,False,False,False,False,False,False,False,False,MEETS_STRONG,152,pin,89,0,728,False,37,18.8,False,False,False,1.17,1.17,266.3,0.26,False
TX-C3-001794,usr-C3-0127,C3,False,ALLOW,4078.03,2871.85,1.42,0.12,4078.03,11897.49,2,True,1,1,Funds Transfer,registered_biller,11,6,1,2,mobile_android,,False,none,False,False,755,1,False,False,False,False,False,False,False,False,False,False,MEETS_STRONG,160,biometric,282,0,314,False,40,8.6,False,False,False,1.16,1.16,161.5,0.43,False
TX-C3-001795,usr-C3-0202,C3,False,ALLOW,8538.98,2504.1,3.41,0.35,8538.98,29580.84,1,False,120,1,Funds Transfer,business,0,4,11,1,mobile_android,,False,none,False,True,4,1,False,False,False,False,False,False,False,False,False,False,MEETS_DEVICE,102,biometric,143,0,289,True,13,22.3,False,False,False,1.7,1.7,99.2,1.03,False
TX-C3-001796,usr-C3-0164,C3,False,ALLOW,890.22,1035.14,0.86,0.49,890.22,1575.65,1,False,128,1,Funds Transfer,own_account,20,1,1,14,mobile_ios,,False,none,False,False,821,1,False,False,False,False,False,False,False,False,False,False,MEETS_STRONG,79,pin,374,0,977,False,15,12.9,False,False,False,1.04,1.04,297.5,0.21,False
TX-C3-001797,usr-C3-0056,C3,False,ALLOW,2548.87,1860.49,1.37,0.14,2548.87,5837.75,1,True,0,1,Funds Transfer,business,20,0,6,5,mobile_android,,False,none,False,False,868,1,False,False,False,False,False,False,False,False,True,False,MEETS_STRONG,176,biometric,74,0,1178,False,24,11.3,False,False,False,0.53,0.53,287.2,0.11,False
TX-C3-001798,usr-C3-0281,C3,False,ALLOW,9215.37,5945.4,1.55,0.04,9215.37,17194.0,1,False,436,1,Savings,own_account,13,4,8,4,mobile_ios,,False,none,False,False,211,1,False,False,False,False,False,False,False,False,False,False,MEETS_DEVICE,115,pin,33,0,502,True,12,20.1,False,False,False,2.18,2.18,192.8,0.68,False
TX-C3-001799,usr-C3-0159,C3,False,ALLOW,2213.54,1994.18,1.11,0.35,2213.54,5236.88,1,False,119,1,Funds Transfer,registered_biller,3,0,8,5,mobile_ios,Funds transfer,True,neutral,False,False,526,1,False,False,False,False,False,False,True,False,False,False,MEETS_STRONG,53,pin,155,0,1024,True,27,19.6,False,False,False,2.76,2.76,288.4,0.57,False
TX-C3-001800,usr-C3-0262,C3,False,ALLOW,4024.15,4024.15,1.0,0.21,4024.15,5805.82,1,False,416,1,Savings,own_account,11,6,7,12,mobile_ios,,False,none,False,False,202,1,False,False,False,False,False,False,False,False,False,False,MEETS_STRONG,78,biometric,599,0,367,True,29,21.9,False,False,False,1.66,1.66,150.3,0.66,False
TX-C3-001801,usr-C3-0249,C3,False,ALLOW,2345.52,1606.52,1.46,0.18,2345.52,6784.18,1,False,306,1,Funds Transfer,own_account,18,6,1,1,mobile_ios,,False,none,False,False,153,1,False,False,False,False,False,False,True,False,False,False,MEETS_DEVICE,172,biometric,575,0,956,True,17,21.8,False,False,False,1.65,1.65,205.4,0.48,False
TX-C3-001802,usr-C3-0186,C3,False,ALLOW,263.39,3762.75,0.07,0.26,263.39,715.87,1,True,2,1,Remittance,business,19,2,9,3,mobile_android,,False,none,False,False,77,1,False,False,False,False,False,False,False,False,False,False,MEETS_STRONG,141,pin,558,0,1555,False,12,22.9,False,False,False,1.49,1.49,192.3,0.46,False
TX-C3-001803,usr-C3-0027,C3,False,ALLOW,4470.77,5731.76,0.78,0.31,4470.77,8493.91,1,False,37,1,Bills Payment,registered_biller,1,3,12,11,mobile_ios,,False,none,False,True,1,1,False,False,False,False,False,False,False,False,False,False,MEETS_STRONG,121,biometric,345,0,1774,False,43,10.2,False,False,False,2.11,2.11,93.8,1.35,False
TX-C3-001804,usr-C3-0275,C3,False,ALLOW,277.14,1259.71,0.22,0.39,277.14,687.35,1,False,418,1,Bills Payment,registered_biller,5,4,9,6,mobile_android,,False,none,False,False,427,1,False,False,False,False,False,False,False,False,False,False,MEETS_STRONG,161,biometric,87,0,820,True,28,10.4,False,False,False,1.62,1.62,188.9,0.51,False
TX-C3-001805,usr-C3-0029,C3,False,ALLOW,10060.81,5953.14,1.69,0.4,10060.81,31595.4,1,False,506,1,Funds Transfer,third_party_individual,19,3,2,14,mobile_ios,Ateneo graduate school MBA tuition installmetn,True,legit,False,False,732,1,False,False,False,False,False,False,True,False,False,False,MEETS_STRONG,116,pin,555,0,1825,True,45,18.7,False,False,False,1.83,1.83,191.4,0.57,False
TX-C3-001806,usr-C3-0026,C3,False,ALLOW,2553.51,748.83,3.41,0.35,2553.51,8281.17,1,True,0,1,Remittance,third_party_individual,8,5,7,14,mobile_android,Certified public accountant audit egagement deposit,True,legit,False,False,297,1,False,False,False,False,False,False,False,False,False,False,MEETS_DEVICE,102,pin,435,0,1130,False,13,10.9,False,False,False,2.85,2.85,178.2,0.96,False
TX-C3-001807,usr-C3-0228,C3,False,ALLOW,525.65,611.22,0.86,0.05,525.65,1701.96,2,False,206,1,Funds Transfer,third_party_individual,15,0,4,11,mobile_ios,,False,none,False,False,788,1,False,False,False,False,False,False,False,False,False,False,MEETS_STRONG,78,pin,124,0,562,False,35,24.1,False,False,False,1.67,1.67,94.4,1.06,False
TX-C3-001808,usr-C3-0016,C3,False,ALLOW,842.34,1504.17,0.56,0.12,842.34,1609.8,2,False,261,1,Funds Transfer,business,23,3,12,5,mobile_android,,False,none,False,False,887,1,False,False,False,False,False,False,False,False,False,False,MEETS_STRONG,139,biometric,253,0,534,True,22,7.4,False,False,False,211.11,211.11,301.0,42.08,False
TX-C3-001809,usr-C3-0067,C3,False,ALLOW,1988.48,1308.21,1.52,0.19,1988.48,3854.82,1,False,214,1,Savings,own_account,22,1,12,3,mobile_android,,False,none,False,False,70,1,False,False,False,False,False,False,True,False,False,False,MEETS_STRONG,44,pin,91,0,1734,False,42,18.6,False,False,False,0.62,0.62,177.9,0.21,False
TX-C3-001810,usr-C3-0029,C3,False,ALLOW,8155.8,5953.14,1.37,0.36,8155.8,21382.31,1,False,409,1,Savings,own_account,5,6,12,14,mobile_android,,False,none,False,False,732,1,False,False,False,False,False,False,True,False,False,False,MEETS_STRONG,135,biometric,258,0,711,False,24,11.9,False,False,False,1.03,1.03,31.9,1.94,False
TX-C3-001811,usr-C3-0268,C3,False,ALLOW,7121.44,8092.55,0.88,0.31,7121.44,23091.97,1,False,141,1,Remittance,third_party_individual,1,4,8,13,mobile_ios,Advance One Month Rent Deeposit For Renewal,True,legit,False,False,843,1,False,False,False,False,False,False,False,False,False,False,MEETS_STRONG,41,pin,67,0,279,True,13,24.8,False,False,False,1.66,1.66,88.7,1.12,False
TX-C3-001812,usr-C3-0085,C3,False,ALLOW,360.0,500.0,0.72,0.08,360.0,808.86,1,True,3,1,Funds Transfer,business,11,0,6,10,mobile_android,weekly school allowance and bus fare - Ref #57742,True,legit,False,False,253,1,False,True,False,False,False,False,True,False,False,False,FAILED,60,pin,161,0,1138,False,17,18.7,False,False,False,2.45,2.45,291.5,0.5,False
TX-C3-001813,usr-C3-0087,C3,False,ALLOW,3722.7,16921.36,0.22,0.36,3722.7,4668.52,1,False,497,1,Savings,own_account,0,2,17,3,mobile_android,,False,none,False,False,574,1,True,False,False,False,False,False,True,False,False,False,MEETS_BASIC,123,pin,147,0,183,False,32,10.3,False,False,False,2.17,2.17,230.6,0.56,False
TX-C3-001814,usr-C3-0287,C3,False,ALLOW,954.15,1177.96,0.81,0.35,954.15,1165.01,1,False,125,1,Funds Transfer,registered_biller,16,0,1,4,mobile_ios,Room rental balance settlement for mid-month,True,legit,False,False,209,1,False,False,False,False,False,False,True,False,False,False,MEETS_DEVICE,97,pin,464,0,1819,False,15,22.6,False,False,False,1.51,1.51,191.8,0.47,False
TX-C3-001815,usr-C3-0211,C3,False,ALLOW,3542.04,8855.11,0.4,0.06,3542.04,8278.94,1,True,2,1,Bills Payment,registered_biller,22,3,13,10,mobile_ios,,False,none,False,False,250,1,True,False,False,False,False,False,True,False,False,False,MEETS_BASIC,153,biometric,344,0,342,False,35,16.1,False,False,False,2.7,2.7,79.0,2.05,False
TX-C3-001816,usr-C3-0111,C3,False,ALLOW,1352.19,1827.28,0.74,0.03,1352.19,4193.23,2,False,228,1,Remittance,business,2,0,8,6,mobile_ios,,False,none,False,False,165,1,False,False,False,False,False,False,True,False,False,False,MEETS_STRONG,157,biometric,393,0,1456,True,13,7.2,False,False,False,667.23,667.23,305.3,131.13,False
TX-C3-001817,usr-C3-0148,C3,False,ALLOW,275.05,1447.61,0.19,0.38,275.05,342.94,1,False,353,1,Savings,own_account,14,6,1,2,mobile_ios,FRUITS AND VEGETABLES FROM ABGUIO MARKET,True,legit,False,False,240,1,False,False,False,False,False,False,False,False,False,False,MEETS_STRONG,59,biometric,568,0,1882,True,45,23.4,False,False,False,1.48,1.48,285.7,0.31,False
TX-C3-001818,usr-C3-0128,C3,False,ALLOW,697.07,1089.17,0.64,0.01,697.07,1334.24,2,False,366,1,Remittance,third_party_individual,10,3,11,8,mobile_ios,,False,none,False,False,100,1,False,False,False,False,False,False,False,False,False,False,MEETS_DEVICE,47,biometric,383,0,724,True,41,23.6,False,False,False,1.47,1.47,190.3,0.46,False
TX-C3-001819,usr-C3-0043,C3,False,ALLOW,376.35,684.27,0.55,0.06,376.35,799.89,1,False,576,1,Funds Transfer,third_party_individual,13,4,6,4,mobile_android,subddivision vehicle rfid sticker purchase,True,legit,False,False,814,1,False,False,False,False,False,False,False,False,False,False,MEETS_STRONG,88,biometric,186,0,584,False,31,15.3,False,False,False,1.75,1.75,267.6,0.39,False
TX-C3-001820,usr-C3-0112,C3,False,ALLOW,1908.2,1149.52,1.66,0.24,1908.2,5184.97,1,False,288,1,Bills Payment,registered_biller,3,2,12,12,mobile_android,,False,none,False,False,554,1,False,False,False,False,False,False,False,False,False,False,MEETS_STRONG,86,biometric,527,0,1623,False,18,19.1,False,False,False,1.8,1.8,18.7,5.78,False
TX-C3-001821,usr-C3-0119,C3,False,ALLOW,700.0,500.0,1.4,0.21,700.0,1645.65,2,False,394,1,Savings,own_account,10,6,2,4,mobile_ios,,False,none,False,False,661,1,False,False,False,False,False,False,False,False,False,False,MEETS_STRONG,32,biometric,342,0,121,False,22,8.5,False,False,False,1.19,1.19,128.6,0.56,False
TX-C3-001822,usr-C3-0082,C3,False,ALLOW,8541.07,4994.78,1.71,0.28,8541.07,17182.93,1,False,339,1,Savings,own_account,5,3,14,3,mobile_ios,,False,none,False,False,585,1,False,False,False,False,False,False,False,False,False,False,MEETS_DEVICE,147,biometric,584,0,912,False,44,7.7,False,True,True,1.14,1.14,134.4,0.51,False
TX-C3-001823,usr-C3-0157,C3,True,REQUIRE_2FA,9098.0,7107.81,1.28,0.31,9787.56,17004.58,2,True,1,7,Bills Payment,registered_biller,4,3,7,3,mobile_ios,Automated forex algorithmic trading bot deposit license - Ref #9666,True,scam,False,True,0,1,False,False,False,False,False,False,False,False,False,False,MEETS_DEVICE,310,password,49,0,920,True,8,13.4,True,False,False,1.76,1.76,101.4,1.04,False
TX-C3-001824,usr-C3-0039,C3,False,ALLOW,14495.34,3185.79,4.55,0.31,14495.34,38632.91,2,False,53,1,Bills Payment,registered_biller,5,3,15,12,mobile_android,Pang requirements sa board examination,True,legit,False,False,345,1,False,False,False,False,False,False,False,False,False,False,MEETS_DEVICE,157,pin,185,0,388,False,14,24.9,False,False,False,1.44,1.44,190.6,0.45,False
TX-C3-001825,usr-C3-0113,C3,False,ALLOW,272.75,1704.71,0.16,0.48,272.75,927.94,1,False,538,1,Bills Payment,registered_biller,14,2,4,0,mobile_android,,False,none,False,False,125,1,False,False,False,False,False,False,False,False,False,False,MEETS_DEVICE,133,pin,322,0,1671,False,19,20.5,False,True,True,1.21,1.21,217.1,0.33,False
TX-C3-001826,usr-C3-0120,C3,False,ALLOW,2068.3,1300.82,1.59,0.44,2068.3,3599.86,1,False,538,1,Funds Transfer,registered_biller,22,0,8,11,mobile_android,,False,none,False,True,0,1,False,False,False,False,False,False,True,False,False,False,MEETS_DEVICE,109,pin,130,0,1796,False,33,9.3,False,False,False,1.97,1.97,148.6,0.8,False
TX-C3-001827,usr-C3-0194,C3,False,ALLOW,209.27,3487.91,0.06,0.17,209.27,505.67,1,True,0,1,Savings,own_account,15,1,5,12,mobile_android,,False,none,False,False,866,1,False,False,False,False,False,False,False,False,False,False,MEETS_STRONG,151,biometric,269,0,250,False,34,12.4,False,False,False,0.65,0.65,153.1,0.25,False
TX-C3-001828,usr-C3-0002,C3,False,ALLOW,1686.12,1248.98,1.35,0.46,1686.12,2499.54,1,False,404,1,Funds Transfer,third_party_individual,11,1,10,4,mobile_android,Dog veterinary shampoo and tick medicine,True,legit,False,False,334,1,False,False,False,False,False,False,False,False,False,False,MEETS_STRONG,115,pin,467,0,1360,False,12,6.0,False,False,False,1.97,1.97,49.0,2.41,False
TX-C3-001829,usr-C3-0218,C3,False,ALLOW,120.18,1001.54,0.12,0.46,120.18,410.76,2,True,1,1,Remittance,third_party_individual,0,1,11,1,mobile_android,,False,none,False,False,788,1,False,False,False,False,False,False,False,False,False,False,MEETS_STRONG,98,biometric,44,0,1500,False,30,23.4,False,False,False,2.84,2.84,294.3,0.58,False
TX-C3-001830,usr-C3-0066,C3,False,ALLOW,2981.4,2129.57,1.4,0.13,2981.4,5960.62,1,False,98,1,Bills Payment,registered_biller,6,6,3,8,mobile_ios,,False,none,False,False,225,1,False,False,False,False,False,False,False,False,False,False,MEETS_DEVICE,104,biometric,359,0,1445,False,36,6.0,False,False,False,2.15,2.15,138.9,0.93,False
TX-C3-001831,usr-C3-0047,C3,False,ALLOW,810.74,1930.33,0.42,0.37,810.74,1727.89,2,False,283,1,Remittance,business,18,3,3,5,mobile_android,,False,none,False,False,33,1,False,False,False,False,False,False,False,False,False,False,MEETS_STRONG,25,biometric,479,0,1813,False,45,17.6,False,False,False,2.69,2.69,110.9,1.46,False
TX-C3-001832,usr-C3-0284,C3,False,ALLOW,3731.02,2331.89,1.6,0.37,3731.02,6479.86,1,False,399,1,Bills Payment,registered_biller,8,2,3,1,mobile_android,PLDT Home FFibr monthly internet broadband,True,legit,False,False,360,1,False,False,False,False,False,False,True,False,False,False,MEETS_STRONG,107,biometric,553,0,1222,True,29,19.4,False,False,False,1.56,1.56,109.5,0.85,False
TX-C3-001833,usr-C3-0239,C3,False,ALLOW,1158.89,6438.27,0.18,0.1,1158.89,2738.53,1,False,425,1,Remittance,third_party_individual,19,2,1,13,mobile_ios,,False,none,False,False,785,1,False,False,False,False,False,False,False,True,False,False,MEETS_STRONG,12,pin,467,0,315,False,40,24.2,False,False,False,2.17,2.17,34.5,3.77,False
TX-C3-001834,usr-C3-0033,C3,False,ALLOW,7904.18,11623.8,0.68,0.2,7904.18,11396.0,1,False,201,1,Remittance,business,12,4,9,4,mobile_android,,False,none,False,False,640,1,False,False,False,False,False,False,False,False,False,False,MEETS_STRONG,74,biometric,435,0,1909,False,26,13.0,False,False,False,1.52,1.52,45.4,2.01,False
TX-C3-001835,usr-C3-0023,C3,False,ALLOW,1662.69,3260.18,0.51,0.12,1662.69,4068.53,1,False,49,1,Funds Transfer,registered_biller,10,4,2,0,mobile_ios,,False,none,False,False,805,1,False,False,False,False,False,False,True,False,False,False,MEETS_DEVICE,36,biometric,183,0,1141,False,17,7.9,False,False,False,2.55,2.55,63.8,2.4,False
TX-C3-001836,usr-C3-0277,C3,False,ALLOW,495.0,500.0,0.99,0.11,495.0,866.42,1,False,368,1,Savings,own_account,12,0,2,3,mobile_ios,,False,none,False,False,747,1,True,True,False,False,False,False,True,False,False,False,FAILED,18,biometric,206,0,1193,True,34,20.6,False,False,False,2.03,2.03,66.8,1.82,False
TX-C3-001837,usr-C3-0280,C3,False,ALLOW,2264.92,2077.91,1.09,0.13,2264.92,6387.28,1,False,600,1,Savings,own_account,17,1,1,5,mobile_ios,Gardener Landscaping Maintenance Honorarium,True,legit,False,False,369,1,False,False,False,False,False,False,False,False,False,False,MISSING,60,biometric,90,0,720,False,25,10.0,False,False,False,0.9,0.9,87.4,0.62,False
TX-C3-001838,usr-C3-0071,C3,False,ALLOW,407.06,5815.2,0.07,0.26,407.06,1059.96,2,False,85,1,Remittance,business,21,1,9,7,mobile_ios,,False,none,False,False,750,1,False,False,False,False,False,False,False,False,False,False,MISSING,60,biometric,90,0,720,False,25,10.0,False,False,False,1.99,1.99,132.7,0.9,False
TX-C3-001839,usr-C3-0275,C3,False,ALLOW,1965.15,1259.71,1.56,0.09,1965.15,2413.17,1,False,210,1,Funds Transfer,registered_biller,6,2,8,8,mobile_ios,,False,none,False,False,427,1,False,False,False,False,False,False,False,False,False,False,MEETS_DEVICE,96,pin,541,0,1401,False,41,8.7,False,False,False,2.14,2.14,205.7,0.62,False
TX-C3-001840,usr-C3-0084,C3,False,ALLOW,146.72,733.62,0.2,0.33,146.72,187.39,2,False,178,1,Bills Payment,registered_biller,17,0,2,7,mobile_ios,Bayad,True,neutral,False,False,892,1,False,False,False,False,False,False,True,False,False,False,MEETS_STRONG,103,biometric,496,0,585,False,40,12.5,False,False,False,2.52,2.52,148.3,1.02,False
TX-C3-001841,usr-C3-0251,C3,False,ALLOW,2560.75,4572.77,0.56,0.02,2560.75,6979.74,1,False,372,1,Funds Transfer,registered_biller,22,0,3,1,mobile_android,,False,none,False,False,856,1,False,False,False,False,False,False,False,False,False,False,MEETS_STRONG,176,biometric,409,0,1429,False,21,12.5,False,False,False,1.13,1.13,275.0,0.25,False
TX-C3-001842,usr-C3-0147,C3,False,ALLOW,816.23,2147.98,0.38,0.38,816.23,2843.44,1,False,189,1,Funds Transfer,registered_biller,0,1,16,10,mobile_ios,,False,none,False,False,232,1,False,False,False,False,False,False,False,False,False,False,MEETS_STRONG,164,biometric,542,0,246,False,42,8.5,False,False,False,1.35,1.35,62.7,1.29,False
TX-C3-001843,usr-C3-0273,C3,False,ALLOW,2665.9,5227.26,0.51,0.13,2665.9,8250.14,2,False,164,1,Bills Payment,registered_biller,10,5,2,5,mobile_ios,,False,none,False,False,702,1,False,False,False,False,False,False,False,False,False,False,MEETS_DEVICE,157,biometric,138,0,587,False,12,15.1,False,False,False,1.33,1.33,30.1,2.65,False
TX-C3-001844,usr-C3-0172,C3,False,ALLOW,3514.82,2978.66,1.18,0.2,3514.82,5939.6,1,True,2,1,Remittance,business,21,2,4,9,mobile_ios,Globe postpaid telecom monthly plan,True,legit,False,False,641,1,False,False,False,False,False,False,True,False,False,False,MEETS_DEVICE,70,pin,91,0,1291,False,21,14.2,False,False,False,1.71,1.71,250.0,0.41,False
TX-C3-001845,usr-C3-0148,C3,False,ALLOW,492.19,1447.61,0.34,0.17,492.19,904.52,1,False,56,1,Remittance,business,11,2,2,9,mobile_ios,,False,none,False,False,240,1,False,False,False,False,False,False,False,False,False,False,MEETS_STRONG,122,biometric,557,0,274,True,32,12.0,False,False,False,0.99,0.99,103.4,0.57,False
TX-C3-001846,usr-C3-0269,C3,False,ALLOW,1876.73,1690.75,1.11,0.07,1876.73,3854.24,1,False,45,1,Funds Transfer,own_account,23,4,2,10,mobile_ios,,False,none,False,False,587,1,False,False,False,False,False,False,True,False,False,False,MEETS_DEVICE,70,biometric,164,0,1692,False,29,23.1,False,False,False,0.18,0.18,63.6,0.17,False
TX-C3-001847,usr-C3-0033,C3,False,ALLOW,2208.52,11623.8,0.19,0.21,2208.52,6891.39,1,False,516,1,Bills Payment,registered_biller,18,4,3,5,mobile_android,,False,none,False,False,640,1,False,False,False,False,False,False,False,False,False,False,MISSING,60,biometric,90,0,720,False,25,10.0,False,False,False,2.62,2.62,54.7,2.87,False
TX-C3-001848,usr-C3-0118,C3,False,ALLOW,5624.39,6113.47,0.92,0.32,5624.39,15023.18,1,False,202,1,Remittance,business,20,4,7,14,mobile_ios,Contract agreement payment,True,neutral,False,False,399,1,False,False,False,False,False,False,False,False,False,False,MEETS_STRONG,168,biometric,114,0,1191,False,18,17.4,False,False,False,2.3,2.3,86.6,1.59,False
TX-C3-001849,usr-C3-0100,C3,False,ALLOW,1257.7,8983.54,0.14,0.28,1257.7,2079.92,1,False,155,1,Funds Transfer,own_account,8,6,2,2,mobile_ios,Subdivision Vehicle Rfid Sticker Purchase,True,legit,False,False,437,1,False,False,False,False,False,False,False,False,False,False,MISSING,60,biometric,90,0,720,False,25,10.0,False,False,False,1.34,1.34,41.5,1.94,False
TX-C3-001850,usr-C3-0135,C3,False,ALLOW,3300.69,2276.34,1.45,0.21,3300.69,11135.61,1,False,49,1,Savings,own_account,0,0,15,3,mobile_ios,Subdivision vehicle RFID sticker purchase,True,legit,False,False,845,1,False,False,False,False,False,False,False,False,False,False,MEETS_DEVICE,120,biometric,63,0,1143,False,14,8.1,False,True,True,2.61,2.61,40.1,3.91,False
TX-C3-001851,usr-C3-0202,C3,False,ALLOW,13146.52,2504.1,5.25,0.16,13146.52,34577.05,2,True,0,1,Remittance,business,5,3,6,1,mobile_ios,Deposit,True,neutral,False,False,840,1,False,False,False,False,False,False,False,False,False,False,MEETS_DEVICE,56,biometric,142,0,1191,False,25,20.6,False,False,False,2.18,2.18,285.9,0.46,False
TX-C3-001852,usr-C3-0109,C3,False,ALLOW,4831.05,3000.65,1.61,0.48,4831.05,7043.65,1,False,232,1,Remittance,business,15,3,5,13,mobile_ios,,False,none,False,False,187,1,False,False,False,False,False,False,False,False,False,False,MEETS_STRONG,180,biometric,428,0,882,False,25,8.7,False,False,False,1.26,1.26,161.2,0.47,False
TX-C3-001853,usr-C3-0226,C3,False,ALLOW,2548.86,2178.51,1.17,0.39,2548.86,5298.91,1,True,2,1,Remittance,business,2,3,7,6,mobile_android,,False,none,False,False,75,1,False,False,False,False,False,False,True,False,False,False,MEETS_STRONG,60,biometric,153,0,1894,False,19,18.4,False,False,False,0.69,0.69,242.9,0.17,False
TX-C3-001854,usr-C3-0098,C3,False,ALLOW,197.0,1407.12,0.14,0.17,197.0,371.8,1,False,317,1,Funds Transfer,registered_biller,8,1,5,2,mobile_android,,False,none,False,False,730,1,False,False,False,False,False,False,False,False,False,False,MEETS_DEVICE,72,biometric,508,0,951,False,31,17.5,False,True,True,1.64,1.64,210.0,0.47,False
TX-C3-001855,usr-C3-0162,C3,False,ALLOW,58.06,967.7,0.06,0.35,58.06,82.42,1,True,1,1,Savings,own_account,23,4,2,6,mobile_ios,Ambag sa birthday cake ni boss,True,legit,False,False,844,1,False,False,False,False,False,False,False,False,False,False,MEETS_STRONG,154,biometric,51,0,1746,True,36,11.2,False,False,False,0.91,0.91,21.2,2.58,False
TX-C3-001856,usr-C3-0240,C3,False,ALLOW,715.79,1883.65,0.38,0.01,715.79,891.32,1,True,0,1,Bills Payment,registered_biller,3,6,12,0,mobile_ios,,False,none,False,False,273,1,False,False,True,False,False,False,True,False,False,False,FAILED,79,biometric,150,0,1150,False,42,7.9,False,False,False,2.25,2.25,80.7,1.67,False
TX-C3-001857,usr-C3-0177,C3,False,ALLOW,273.57,1609.26,0.17,0.22,273.57,452.94,1,False,404,1,Remittance,business,9,4,6,10,mobile_android,,False,none,False,False,722,1,False,False,False,False,False,False,False,False,False,False,MEETS_STRONG,17,pin,206,0,1529,True,26,16.5,False,False,False,2.23,2.23,218.3,0.61,False
TX-C3-001858,usr-C3-0143,C3,False,ALLOW,686.48,2542.53,0.27,0.47,686.48,1701.16,1,False,269,1,Savings,own_account,15,4,4,12,mobile_android,,False,none,False,False,141,1,False,False,False,False,False,False,False,False,False,False,MEETS_DEVICE,127,pin,556,0,1251,False,43,19.5,False,False,False,1.96,1.96,233.6,0.5,False
TX-C3-001859,usr-C3-0025,C3,False,ALLOW,760.65,1855.24,0.41,0.37,760.65,2544.59,1,False,251,1,Savings,own_account,13,1,2,5,mobile_android,,False,none,False,False,219,1,False,False,False,False,False,False,True,False,False,False,MEETS_STRONG,161,pin,269,0,316,False,17,24.2,False,True,True,2.07,2.07,110.5,1.12,False
TX-C3-001860,usr-C3-0291,C3,False,ALLOW,651.81,2414.1,0.27,0.26,651.81,934.01,1,False,586,1,Savings,own_account,0,4,11,9,mobile_ios,,False,none,False,False,538,1,False,False,False,False,False,False,False,False,False,False,MISSING,60,biometric,90,0,720,False,25,10.0,False,False,False,1.26,1.26,194.7,0.39,False
TX-C3-001861,usr-C3-0114,C3,False,ALLOW,385.52,3504.72,0.11,0.21,385.52,961.56,1,False,297,1,Savings,own_account,2,1,13,6,mobile_android,Profesional engineering consultancy service billing,True,legit,False,True,4,1,True,False,False,False,False,False,True,False,False,False,MEETS_BASIC,38,biometric,190,0,542,True,27,13.9,False,False,False,1.18,1.18,158.8,0.45,False
TX-C3-001862,usr-C3-0130,C3,False,ALLOW,1783.2,4146.97,0.43,0.31,1783.2,5084.89,1,True,1,1,Funds Transfer,own_account,18,6,3,9,mobile_ios,,False,none,False,False,838,1,False,False,False,False,False,False,False,False,False,False,MEETS_STRONG,36,biometric,105,0,217,False,27,23.9,False,False,False,2.32,2.32,209.5,0.66,False
TX-C3-001863,usr-C3-0127,C3,False,ALLOW,3503.66,2871.85,1.22,0.46,3503.66,8064.04,1,False,113,1,Bills Payment,registered_biller,20,4,8,2,mobile_ios,,False,none,False,False,755,1,False,False,False,False,False,False,False,False,False,False,MEETS_DEVICE,122,biometric,594,0,1263,True,12,6.7,False,False,False,2.87,2.87,280.9,0.61,False
TX-C3-001864,usr-C3-0093,C3,False,ALLOW,4360.57,2642.77,1.65,0.43,4360.57,5894.88,1,False,474,1,Funds Transfer,business,17,4,7,13,mobile_android,,False,none,False,False,730,1,False,False,False,False,False,False,False,False,False,False,MEETS_DEVICE,100,biometric,67,0,1826,True,27,21.5,False,False,False,1.59,1.59,217.7,0.44,False
TX-C3-001865,usr-C3-0293,C3,False,ALLOW,1012.98,1066.29,0.95,0.14,1012.98,3378.4,1,False,159,1,Bills Payment,registered_biller,4,2,10,2,mobile_android,,False,none,False,False,776,1,False,False,False,False,False,False,False,False,False,False,MISSING,60,biometric,90,0,720,False,25,10.0,False,False,False,2.62,2.62,243.5,0.65,False
TX-C3-001866,usr-C3-0240,C3,False,ALLOW,1431.57,1883.65,0.76,0.2,1431.57,2176.78,1,False,229,1,Funds Transfer,registered_biller,5,2,10,6,mobile_android,Emergency financial assistance for cousin,True,legit,False,False,273,1,False,False,False,False,False,False,True,False,False,False,MEETS_DEVICE,48,pin,100,0,928,True,38,16.8,False,False,False,1.74,1.74,39.9,2.62,False
TX-C3-001867,usr-C3-0029,C3,False,ALLOW,7143.77,5953.14,1.2,0.43,7143.77,20529.59,2,False,525,1,Remittance,business,0,2,17,12,mobile_ios,,False,none,False,False,732,1,False,False,False,False,False,False,False,False,False,False,MEETS_STRONG,139,biometric,448,0,1038,False,18,20.9,False,False,False,1.69,1.69,146.0,0.69,False
TX-C3-001868,usr-C3-0215,C3,False,ALLOW,3331.67,1903.81,1.75,0.34,3331.67,6429.14,1,True,2,1,Funds Transfer,business,20,2,1,7,mobile_ios,,False,none,False,False,679,1,True,False,False,False,False,False,True,False,False,False,MEETS_BASIC,76,biometric,217,0,572,False,22,6.2,False,False,False,2.12,2.12,298.2,0.43,False
TX-C3-001869,usr-C3-0167,C3,False,ALLOW,1475.82,952.14,1.55,0.37,1475.82,2279.68,1,False,585,1,Savings,own_account,17,3,3,11,mobile_ios,,False,none,False,False,134,1,False,False,False,False,False,False,False,False,False,False,MEETS_STRONG,139,pin,280,0,718,False,21,19.7,False,False,False,2.44,2.44,88.0,1.66,False
TX-C3-001870,usr-C3-0145,C3,False,ALLOW,4112.13,5014.79,0.82,0.3,4112.13,11548.08,1,False,304,1,Remittance,business,1,2,11,3,mobile_ios,Meralco electricity bill payment for eptember,True,legit,False,False,503,1,False,False,False,False,False,False,False,False,False,False,MEETS_DEVICE,121,biometric,453,0,847,False,16,11.6,False,False,False,1.58,1.58,109.5,0.87,False
TX-C3-001871,usr-C3-0112,C3,False,ALLOW,5218.82,1149.52,4.54,0.01,5218.82,6270.89,1,False,385,1,Bills Payment,registered_biller,4,5,11,14,mobile_ios,University tuition matriculation fee installment 1,True,legit,False,False,554,1,False,False,False,False,False,False,True,False,False,False,MEETS_DEVICE,26,pin,111,0,1586,False,40,19.8,False,False,False,0.53,0.53,105.6,0.3,False
TX-C3-001872,usr-C3-0045,C3,False,ALLOW,509.15,998.34,0.51,0.02,509.15,1301.63,1,False,120,1,Savings,own_account,15,1,4,8,mobile_android,,False,none,False,True,3,1,False,False,True,False,False,False,False,False,False,False,FAILED,27,pin,255,0,406,False,43,11.8,False,False,False,1.57,1.57,170.1,0.55,False
TX-C3-001873,usr-C3-0093,C3,False,ALLOW,1294.96,2642.77,0.49,0.46,1294.96,3578.32,2,False,518,1,Remittance,third_party_individual,10,2,0,2,mobile_android,,False,none,False,False,730,1,False,False,False,False,False,False,False,False,False,False,MEETS_DEVICE,89,pin,330,0,1437,False,14,11.5,False,False,False,1.24,1.24,198.2,0.38,False
TX-C3-001874,usr-C3-0139,C3,False,ALLOW,135.27,901.83,0.15,0.31,135.27,266.99,1,True,2,1,Funds Transfer,third_party_individual,2,0,18,8,mobile_ios,Ambag sa birthday cake ni boss,True,legit,False,False,881,1,False,False,False,False,False,False,False,False,False,False,MEETS_STRONG,160,biometric,551,0,245,False,24,20.3,False,False,False,1.7,1.7,225.4,0.45,False
TX-C3-001875,usr-C3-0254,C3,False,ALLOW,3600.2,851.11,4.23,0.15,3600.2,9517.1,1,False,76,1,Funds Transfer,registered_biller,17,3,8,7,mobile_ios,,False,none,False,False,208,1,False,False,False,False,False,False,False,False,False,False,MEETS_STRONG,102,biometric,460,0,314,True,22,20.2,False,False,False,2.14,2.14,241.5,0.53,False
TX-C3-001876,usr-C3-0068,C3,False,ALLOW,4752.02,3443.49,1.38,0.44,4752.02,6115.55,1,False,62,1,Savings,own_account,1,2,16,4,mobile_android,,False,none,False,False,717,1,False,False,False,False,False,False,False,False,False,False,MEETS_DEVICE,12,biometric,77,0,162,False,29,18.4,False,False,False,1.14,1.14,247.0,0.28,False
TX-C3-001877,usr-C3-0143,C3,False,ALLOW,3584.97,2542.53,1.41,0.14,3584.97,9930.8,1,False,462,1,Funds Transfer,business,22,4,3,4,mobile_android,certified public accountant audit engagement deposit,True,legit,False,False,141,1,False,False,False,False,False,False,True,False,False,False,MEETS_DEVICE,125,pin,66,0,1141,False,29,15.9,False,False,False,1.58,1.58,91.0,1.04,False
TX-C3-001878,usr-C3-0094,C3,False,ALLOW,1344.11,2278.15,0.59,0.08,1344.11,2927.63,1,False,324,1,Remittance,business,0,4,16,10,mobile_ios,Coffee and pastry meeting at UCC Cafe,True,legit,False,False,595,1,False,False,False,False,False,False,False,False,False,False,MEETS_STRONG,158,pin,438,0,341,True,14,13.7,False,False,False,0.87,0.87,78.5,0.66,False
TX-C3-001879,usr-C3-0082,C3,False,ALLOW,1398.54,4994.78,0.28,0.14,1398.54,4760.85,2,False,211,1,Remittance,third_party_individual,15,0,4,7,mobile_android,,False,none,False,False,585,1,False,False,False,False,False,False,False,False,False,False,MEETS_STRONG,19,biometric,76,0,1664,True,33,17.2,False,False,False,1.9,1.9,212.0,0.54,False
TX-C3-001880,usr-C3-0182,C3,False,ALLOW,5704.46,1537.59,3.71,0.21,5704.46,7227.3,1,False,417,1,Remittance,third_party_individual,9,0,11,2,mobile_android,Art Workshop Materialss Cash Allowance,True,legit,False,False,710,1,False,False,False,False,False,False,False,False,False,False,MEETS_STRONG,48,biometric,543,0,1204,False,24,14.5,False,False,False,2.75,2.75,73.3,2.25,False
TX-C3-001881,usr-C3-0018,C3,False,ALLOW,1182.31,1037.11,1.14,0.24,1182.31,3972.02,1,False,429,1,Funds Transfer,registered_biller,1,6,17,4,mobile_android,,False,none,False,False,611,1,True,False,False,False,False,False,True,False,False,False,MEETS_BASIC,75,pin,312,0,848,False,38,22.1,False,False,False,1.19,1.19,267.1,0.27,False
TX-C3-001882,usr-C3-0210,C3,False,ALLOW,770.0,500.0,1.54,0.5,770.0,934.84,1,False,114,1,Remittance,third_party_individual,13,5,3,6,mobile_ios,samgyupsal team dinner split payment - Ref #16402,True,legit,False,False,818,1,False,False,False,False,False,False,False,False,False,False,MEETS_STRONG,147,pin,81,0,1122,True,41,14.9,False,False,False,212.23,212.23,260.0,48.98,False
TX-C3-001883,usr-C3-0180,C3,False,ALLOW,230.08,589.95,0.39,0.35,230.08,554.46,2,False,126,1,Bills Payment,registered_biller,4,6,12,2,mobile_ios,,False,none,False,False,407,1,False,False,False,False,False,False,False,False,False,False,MEETS_STRONG,39,biometric,565,0,1029,True,25,14.0,False,False,False,1.01,1.01,94.2,0.64,False
TX-C3-001884,usr-C3-0209,C3,False,ALLOW,1836.57,1061.6,1.73,0.22,1836.57,3111.16,1,True,1,1,Funds Transfer,registered_biller,19,4,5,12,mobile_android,Christmas pamasko for odchildren - Ref #7216,True,legit,False,False,460,1,False,False,False,False,False,False,False,False,False,False,MEETS_STRONG,178,biometric,245,0,887,False,32,13.6,False,False,False,2.71,2.71,180.0,0.9,False
TX-C3-001885,usr-C3-0142,C3,False,ALLOW,5102.27,3188.92,1.6,0.25,5102.27,7621.31,1,False,75,1,Remittance,business,4,5,16,5,mobile_ios,christmas pamasko for godchildren - Ref #39765,True,legit,False,False,859,1,False,False,False,False,False,False,False,False,False,False,MEETS_STRONG,119,biometric,325,0,1326,False,14,17.5,False,False,False,2.76,2.76,146.8,1.13,False
TX-C3-001886,usr-C3-0184,C3,False,ALLOW,2053.36,1477.24,1.39,0.4,2053.36,5702.59,2,False,158,1,Remittance,business,21,5,8,8,mobile_android,,False,none,False,False,360,1,False,False,False,False,False,False,False,False,False,False,MEETS_STRONG,32,biometric,203,0,1218,False,32,18.7,False,False,False,2.72,2.72,119.7,1.36,False
TX-C3-001887,usr-C3-0144,C3,False,ALLOW,701.13,1322.89,0.53,0.09,701.13,2173.66,1,False,127,1,Remittance,business,3,0,8,14,mobile_android,,False,none,False,False,558,1,False,False,False,False,False,False,False,False,False,False,MEETS_STRONG,115,pin,198,0,1140,False,25,12.5,False,False,False,1.02,1.02,94.0,0.65,False
TX-C3-001888,usr-C3-0209,C3,False,ALLOW,477.72,1061.6,0.45,0.21,477.72,707.82,1,False,400,1,Remittance,third_party_individual,15,6,1,12,mobile_ios,,False,none,False,False,460,1,False,False,False,False,False,False,False,False,False,False,MEETS_DEVICE,106,biometric,525,0,163,True,38,20.4,False,False,False,0.29,0.29,296.0,0.06,False
TX-C3-001889,usr-C3-0223,C3,False,ALLOW,10843.54,12608.77,0.86,0.46,10843.54,24833.47,1,False,497,1,Savings,own_account,3,1,16,13,mobile_android,,False,none,False,False,620,1,False,False,False,False,False,False,True,False,False,False,MEETS_STRONG,117,biometric,539,0,868,False,42,20.4,False,False,False,0.47,0.47,25.7,1.1,False
TX-C3-001890,usr-C3-0057,C3,False,ALLOW,7088.24,5716.32,1.24,0.41,7088.24,9769.1,1,False,481,1,Savings,own_account,16,4,1,2,mobile_ios,,False,none,False,True,1,1,False,False,False,False,False,False,False,False,False,False,MEETS_STRONG,34,biometric,505,0,865,False,45,24.4,False,False,False,2.21,2.21,294.5,0.45,False
TX-C3-001891,usr-C3-0251,C3,False,ALLOW,2149.2,4572.77,0.47,0.2,2149.2,4677.41,1,True,1,1,Remittance,business,19,4,0,8,mobile_ios,,False,none,False,False,856,1,False,False,False,False,False,False,False,False,False,False,MEETS_DEVICE,55,biometric,236,0,1160,False,20,11.4,False,False,False,2.02,2.02,79.9,1.52,False
TX-C3-001892,usr-C3-0013,C3,False,ALLOW,3867.81,2197.62,1.76,0.12,3867.81,11029.57,1,False,552,1,Remittance,third_party_individual,7,2,9,13,mobile_android,,False,none,False,False,517,1,False,False,False,False,False,False,False,False,False,False,MEETS_DEVICE,56,biometric,530,0,1969,False,14,5.3,False,False,False,2.2,2.2,225.2,0.59,False
TX-C3-001893,usr-C3-0041,C3,False,ALLOW,752.96,3137.33,0.24,0.07,752.96,1830.14,1,False,486,1,Remittance,third_party_individual,11,5,6,8,mobile_android,,False,none,False,False,95,1,False,False,False,False,False,False,False,False,False,False,MEETS_STRONG,24,pin,394,0,1173,False,29,20.2,False,False,False,1.46,1.46,275.4,0.32,False
TX-C3-001894,usr-C3-0221,C3,False,ALLOW,1107.59,738.39,1.5,0.25,1107.59,3163.17,1,False,567,1,Remittance,business,20,6,7,5,mobile_android,,False,none,False,False,829,1,False,False,False,False,False,False,False,False,False,False,MEETS_STRONG,33,biometric,309,0,1859,True,40,6.8,False,False,False,2.13,2.13,113.7,1.12,False
TX-C3-001895,usr-C3-0298,C3,False,ALLOW,5702.75,4224.26,1.35,0.32,5702.75,13042.9,1,False,405,1,Remittance,business,19,1,0,10,mobile_android,,False,none,False,False,806,1,False,False,False,False,False,False,False,False,False,False,MEETS_STRONG,153,pin,84,0,958,False,29,5.7,False,False,False,2.31,2.31,272.2,0.51,False
TX-C3-001896,usr-C3-0221,C3,False,ALLOW,1329.1,738.39,1.8,0.36,1329.1,3851.59,1,False,181,1,Bills Payment,registered_biller,8,4,5,6,mobile_android,,False,none,False,False,829,1,False,False,False,False,False,False,False,False,False,False,MEETS_STRONG,27,biometric,263,0,163,True,14,23.5,False,False,False,1.16,1.16,226.0,0.31,False
TX-C3-001897,usr-C3-0130,C3,False,ALLOW,5930.17,4146.97,1.43,0.16,5930.17,17930.5,1,True,2,1,Funds Transfer,own_account,23,3,8,1,mobile_android,,False,none,False,False,838,1,False,False,False,False,False,False,False,False,False,False,MEETS_DEVICE,33,biometric,331,0,1427,False,12,10.9,False,False,False,2.24,2.24,261.5,0.51,False
TX-C3-001898,usr-C3-0253,C3,False,ALLOW,441.19,1378.71,0.32,0.28,441.19,1213.13,1,False,470,1,Remittance,business,9,4,6,8,mobile_ios,,False,none,False,False,394,1,False,False,False,False,False,False,True,False,False,False,MEETS_STRONG,62,pin,484,0,403,False,39,18.7,False,False,False,2.45,2.45,97.3,1.51,False
TX-C3-001899,usr-C3-0202,C3,False,ALLOW,1677.75,2504.1,0.67,0.48,1677.75,2260.36,1,False,569,1,Bills Payment,registered_biller,14,1,3,3,mobile_ios,Attorney Legal Document Notarization Service Fee,True,legit,False,False,840,1,False,False,False,False,False,False,True,False,False,False,MEETS_STRONG,46,biometric,330,0,626,False,21,17.4,False,False,False,1.42,1.42,56.3,1.51,False
TX-C3-001900,usr-C3-0241,C3,False,ALLOW,277.4,630.45,0.44,0.08,277.4,877.21,1,False,278,1,Remittance,third_party_individual,10,0,10,3,mobile_ios,youth fellowship camp registration allowance - Ref #29291,True,legit,False,False,175,1,False,False,False,False,False,False,False,False,False,False,MEETS_STRONG,74,biometric,265,0,207,False,45,19.1,False,False,False,2.46,2.46,223.1,0.66,False
TX-C3-001901,usr-C3-0125,C3,False,ALLOW,278.99,1992.8,0.14,0.26,278.99,791.89,2,False,399,1,Bills Payment,registered_biller,12,5,6,4,mobile_ios,,False,none,False,False,146,1,False,False,False,False,False,False,False,False,False,False,MEETS_STRONG,23,biometric,201,0,1099,False,24,5.2,False,False,False,2.27,2.27,80.3,1.7,False
TX-C3-001902,usr-C3-0189,C3,False,ALLOW,285.15,633.67,0.45,0.33,285.15,394.39,2,False,488,1,Bills Payment,registered_biller,14,0,4,3,mobile_ios,,False,none,False,False,310,1,False,False,True,False,False,False,False,False,False,False,FAILED,17,biometric,478,0,1408,False,20,9.4,False,False,False,0.75,0.75,265.7,0.17,False
TX-C3-001903,usr-C3-0165,C3,False,ALLOW,1253.44,4322.19,0.29,0.06,1253.44,4367.63,2,True,3,1,Remittance,third_party_individual,5,0,8,12,mobile_android,Monthly allowance for college daughter,True,legit,False,False,146,1,False,False,False,False,False,False,True,False,False,False,MEETS_DEVICE,112,biometric,417,0,470,False,25,24.9,False,False,False,2.3,2.3,163.0,0.85,False
TX-C3-001904,usr-C3-0241,C3,False,ALLOW,113.48,630.45,0.18,0.44,113.48,360.58,1,False,218,1,Bills Payment,registered_biller,0,3,20,10,mobile_ios,,False,none,False,False,175,1,False,False,False,False,False,False,False,False,False,False,MEETS_DEVICE,149,pin,184,0,1715,True,17,5.3,False,False,False,667.94,667.94,296.1,135.35,False
TX-C3-001905,usr-C3-0275,C3,False,ALLOW,6172.58,1259.71,4.9,0.47,6172.58,10668.34,1,False,476,1,Bills Payment,registered_biller,2,5,12,5,mobile_android,Birthday monetary gift for niece,True,legit,False,False,427,1,False,False,False,False,False,False,False,False,False,False,MEETS_STRONG,129,pin,188,0,1973,True,18,20.2,False,False,False,2.42,2.42,189.9,0.76,False
TX-C3-001906,usr-C3-0257,C3,False,ALLOW,12805.38,16417.15,0.78,0.44,12805.38,18207.52,2,False,453,1,Remittance,business,23,1,12,0,mobile_ios,,False,none,False,False,257,1,False,False,False,False,False,False,False,False,False,False,MEETS_STRONG,25,biometric,59,0,1938,False,45,23.0,False,False,False,2.21,2.21,53.5,2.48,False
TX-C3-001907,usr-C3-0149,C3,False,ALLOW,1589.61,3784.78,0.42,0.04,1589.61,3999.13,1,False,364,1,Bills Payment,registered_biller,15,5,4,4,mobile_android,,False,none,False,False,579,1,False,False,False,False,False,False,False,False,False,False,MEETS_DEVICE,76,biometric,88,0,1636,False,32,12.7,False,False,False,1.49,1.49,293.5,0.3,False
TX-C3-001908,usr-C3-0157,C3,False,ALLOW,2061.26,7107.81,0.29,0.03,2061.26,7130.65,1,False,66,1,Bills Payment,registered_biller,9,1,2,2,mobile_ios,,False,none,False,False,690,1,False,False,False,False,False,False,False,False,False,False,MEETS_STRONG,180,biometric,398,0,838,False,12,9.3,False,False,False,1.84,1.84,84.9,1.3,False
TX-C3-001909,usr-C3-0245,C3,False,ALLOW,1326.11,2286.39,0.58,0.3,1326.11,2721.51,1,False,501,1,Bills Payment,registered_biller,6,1,7,13,mobile_ios,,False,none,False,False,272,1,False,False,False,False,False,False,False,False,False,False,MEETS_STRONG,16,pin,318,0,509,True,41,23.7,False,False,False,2.19,2.19,102.7,1.28,False
TX-C3-001910,usr-C3-0226,C3,False,ALLOW,1960.66,2178.51,0.9,0.31,1960.66,2801.68,1,False,443,1,Remittance,third_party_individual,1,5,8,11,mobile_ios,,False,none,False,False,75,1,False,False,False,False,False,False,False,False,False,False,MEETS_STRONG,120,biometric,545,0,1219,False,40,6.5,False,False,False,2.17,2.17,89.1,1.46,False
TX-C3-001911,usr-C3-0233,C3,False,ALLOW,3985.19,9267.88,0.43,0.05,3985.19,6135.61,2,False,506,1,Funds Transfer,business,23,3,11,13,mobile_ios,,False,none,False,False,407,1,False,False,False,False,False,False,False,False,False,False,MEETS_DEVICE,153,pin,38,0,433,False,31,13.2,False,False,False,1.6,1.6,120.8,0.79,False
TX-C3-001912,usr-C3-0058,C3,False,ALLOW,881.03,978.92,0.9,0.18,881.03,2636.7,1,False,555,1,Bills Payment,registered_biller,2,2,16,7,mobile_android,,False,none,False,False,600,1,False,False,False,False,False,True,False,False,False,False,MEETS_STRONG,66,pin,451,0,1684,False,29,16.7,False,False,False,2.49,2.49,153.0,0.98,False
TX-C3-001913,usr-C3-0286,C3,False,ALLOW,983.78,1117.93,0.88,0.46,983.78,3214.6,1,False,223,1,Remittance,third_party_individual,13,4,5,7,mobile_android,,False,none,False,False,740,1,False,False,False,False,False,False,True,False,False,False,MEETS_STRONG,32,pin,460,0,389,False,28,14.4,False,False,False,0.34,0.34,178.7,0.11,False
TX-C3-001914,usr-C3-0223,C3,False,ALLOW,9078.31,12608.77,0.72,0.06,9078.31,20432.84,1,False,185,1,Bills Payment,registered_biller,22,6,3,13,mobile_android,,False,none,False,False,620,1,False,False,False,False,False,False,False,False,False,False,MEETS_STRONG,10,biometric,62,0,566,False,20,11.1,False,True,True,1.78,1.78,30.2,3.54,False
TX-C3-001915,usr-C3-0214,C3,False,ALLOW,621.95,518.29,1.2,0.02,621.95,1669.99,1,True,1,1,Funds Transfer,third_party_individual,12,3,0,9,mobile_android,Aircon cleaning and preventive maintenance service,True,legit,False,False,553,1,False,False,False,False,False,False,False,False,False,False,MEETS_STRONG,104,pin,502,0,1539,True,19,21.5,False,False,False,2.93,2.93,27.0,6.51,False
TX-C3-001916,usr-C3-0023,C3,False,ALLOW,5803.12,3260.18,1.78,0.26,5803.12,13864.79,1,True,2,1,Funds Transfer,registered_biller,23,0,11,12,mobile_android,,False,none,False,False,805,1,False,False,False,False,False,False,False,False,False,False,MEETS_DEVICE,37,biometric,207,0,1201,False,33,12.5,False,False,False,1.93,1.93,126.5,0.92,False
TX-C3-001917,usr-C3-0060,C3,False,ALLOW,30614.06,19499.4,1.57,0.1,30614.06,105392.61,2,False,588,1,Bills Payment,registered_biller,17,6,0,11,mobile_ios,Law office consultaiton retainer balance,True,legit,False,False,834,1,False,False,False,False,False,False,False,False,False,False,MEETS_DEVICE,136,biometric,390,0,1412,True,36,9.6,False,False,False,0.95,0.95,183.2,0.31,False
TX-C3-001918,usr-C3-0278,C3,False,ALLOW,1749.95,1129.0,1.55,0.41,1749.95,4801.3,1,False,440,1,Remittance,business,0,2,16,1,mobile_android,,False,none,False,False,859,1,False,False,False,False,False,False,False,False,False,False,MEETS_STRONG,30,biometric,588,0,1814,False,45,12.9,False,False,False,1.31,1.31,82.5,0.95,False
TX-C3-001919,usr-C3-0044,C3,False,ALLOW,55.0,500.0,0.11,0.25,55.0,162.95,1,False,171,1,Savings,own_account,17,1,2,11,mobile_ios,,False,none,False,False,489,1,False,False,False,False,False,False,False,False,False,False,MEETS_STRONG,99,biometric,257,0,177,True,42,10.9,False,False,False,1.12,1.12,81.1,0.83,False
TX-C3-001920,usr-C3-0044,C3,False,ALLOW,295.0,500.0,0.59,0.02,295.0,625.86,1,False,350,1,Savings,own_account,18,1,3,4,mobile_android,,False,none,False,False,489,1,False,False,False,False,False,False,False,False,False,False,MEETS_STRONG,13,pin,549,0,1607,False,20,23.6,False,False,False,2.06,2.06,152.0,0.81,False
TX-C3-001921,usr-C3-0098,C3,False,ALLOW,1083.48,1407.12,0.77,0.09,1083.48,2925.8,1,True,2,1,Remittance,third_party_individual,3,6,10,4,mobile_android,,False,none,False,False,730,1,False,False,False,False,False,False,False,False,False,False,MEETS_STRONG,48,biometric,140,0,237,False,39,18.7,False,False,False,1.58,1.58,263.1,0.36,False
TX-C3-001922,usr-C3-0179,C3,False,ALLOW,2161.62,2961.13,0.73,0.07,2161.62,5546.42,1,True,1,1,Savings,own_account,0,5,10,11,mobile_ios,Reff 982341,True,neutral,False,False,817,1,False,False,False,False,False,False,False,False,False,False,MEETS_STRONG,158,biometric,387,0,1974,True,28,14.7,False,False,False,1.24,1.24,192.2,0.39,False
TX-C3-001923,usr-C3-0062,C3,False,ALLOW,691.34,7681.51,0.09,0.49,691.34,1827.66,1,False,20,1,Funds Transfer,business,1,0,11,9,mobile_ios,,False,none,False,False,899,1,False,False,False,False,False,False,True,False,False,False,MEETS_STRONG,88,biometric,237,0,971,False,13,7.5,False,False,False,0.67,0.67,145.6,0.28,False
TX-C3-001924,usr-C3-0053,C3,False,ALLOW,252.72,1944.01,0.13,0.46,252.72,700.81,1,True,3,1,Bills Payment,registered_biller,22,2,10,12,mobile_ios,,False,none,False,False,79,1,False,False,False,False,False,False,False,False,False,False,MEETS_STRONG,133,biometric,574,0,497,True,26,15.9,False,False,False,1.75,1.75,171.1,0.61,False
TX-C3-001925,usr-C3-0017,C3,False,ALLOW,206.99,1592.21,0.13,0.43,206.99,270.65,1,False,27,1,Bills Payment,registered_biller,20,4,9,1,mobile_ios,,False,none,False,False,537,1,False,False,False,False,False,False,False,False,False,False,MISSING,60,biometric,90,0,720,False,25,10.0,False,False,False,209.24,209.24,262.5,47.83,False
TX-C3-001926,usr-C3-0115,C3,False,ALLOW,1213.51,697.42,1.74,0.42,1213.51,4062.6,1,False,598,1,Savings,own_account,16,1,2,7,mobile_android,,False,none,False,False,278,1,False,False,False,False,False,False,False,False,False,False,MEETS_STRONG,25,biometric,372,0,163,False,20,15.2,False,False,False,2.47,2.47,111.1,1.33,False
TX-C3-001927,usr-C3-0109,C3,False,ALLOW,3270.71,3000.65,1.09,0.31,3270.71,11066.46,1,False,156,1,Savings,own_account,22,3,2,12,mobile_android,Condominium association dues and garbage fee,True,legit,False,False,187,1,False,False,False,False,False,False,False,False,False,False,MEETS_STRONG,159,biometric,127,0,381,True,39,17.6,False,False,False,2.07,2.07,45.0,2.76,False
TX-C3-001928,usr-C3-0221,C3,False,ALLOW,996.83,738.39,1.35,0.15,996.83,3218.97,1,False,396,1,Funds Transfer,business,3,5,10,14,mobile_ios,,False,none,False,False,829,1,False,False,False,False,False,False,False,False,False,False,MEETS_STRONG,84,pin,355,0,979,False,36,14.9,False,False,False,2.27,2.27,121.2,1.12,False
TX-C3-001929,usr-C3-0116,C3,False,ALLOW,7071.74,4064.22,1.74,0.11,7071.74,23054.14,1,True,3,1,Bills Payment,registered_biller,18,0,5,10,mobile_ios,,False,none,False,False,305,1,False,False,False,False,False,False,False,False,False,False,MISSING,60,biometric,90,0,720,False,25,10.0,False,False,False,2.35,2.35,54.7,2.58,False
TX-C3-001930,usr-C3-0088,C3,False,ALLOW,2384.74,3456.14,0.69,0.04,2384.74,7456.91,1,True,1,1,Savings,own_account,7,1,10,4,mobile_android,bills payment,True,neutral,False,False,311,1,False,False,False,False,False,False,False,False,False,False,MEETS_STRONG,97,biometric,297,0,933,True,37,7.1,False,False,False,2.13,2.13,275.2,0.46,False
TX-C3-001931,usr-C3-0008,C3,False,ALLOW,16532.93,9668.38,1.71,0.21,16532.93,51651.71,1,False,214,1,Funds Transfer,registered_biller,3,6,9,2,mobile_ios,,False,none,False,False,249,1,False,False,False,False,False,False,False,False,False,False,MEETS_DEVICE,44,biometric,239,0,521,False,24,5.8,False,False,False,666.08,666.08,356.6,112.07,False
TX-C3-001932,usr-C3-0078,C3,False,ALLOW,2892.19,1865.93,1.55,0.01,2892.19,7305.9,1,False,558,1,Funds Transfer,business,18,2,3,5,mobile_ios,Condominium Association Dues And Garbage Fee,True,legit,False,False,265,1,False,False,False,False,False,False,False,False,False,False,MEETS_STRONG,42,biometric,205,0,1824,True,12,16.1,False,False,False,0.99,0.99,137.4,0.43,False
TX-C3-001933,usr-C3-0197,C3,False,ALLOW,2160.1,4320.2,0.5,0.03,2160.1,7217.11,1,False,172,1,Bills Payment,registered_biller,14,5,3,14,mobile_ios,Dog veterinary shampoo and tick medicine,True,legit,False,False,801,1,False,False,False,False,False,False,False,False,False,False,MISSING,60,biometric,90,0,720,False,25,10.0,False,False,False,2.24,2.24,241.8,0.56,False
TX-C3-001934,usr-C3-0283,C3,False,ALLOW,1551.4,1069.93,1.45,0.39,1551.4,5035.14,1,False,88,1,Savings,own_account,11,4,3,13,mobile_ios,dentist tooth extraction and cleaning procedure,True,legit,False,False,104,1,False,False,False,False,False,False,False,False,False,False,MEETS_STRONG,96,biometric,250,0,183,False,44,17.5,False,False,False,1.45,1.45,296.0,0.29,False
TX-C3-001935,usr-C3-0081,C3,False,ALLOW,12644.46,7266.93,1.74,0.4,12644.46,20915.91,2,False,230,1,Funds Transfer,business,8,4,3,7,mobile_ios,,False,none,False,False,390,1,False,False,False,False,False,False,False,False,False,False,MEETS_STRONG,105,biometric,224,0,1524,False,41,17.5,False,False,False,2.6,2.6,131.6,1.19,False
TX-C3-001936,usr-C3-0152,C3,False,ALLOW,1132.6,2311.42,0.49,0.18,1132.6,2339.97,1,False,538,1,Savings,own_account,8,1,8,7,mobile_android,For Safe Keeping,True,neutral,False,True,3,1,False,False,False,False,False,False,False,False,False,False,MEETS_DEVICE,121,biometric,395,0,753,True,45,16.2,False,False,False,1.64,1.64,136.8,0.72,False
TX-C3-001937,usr-C3-0004,C3,False,ALLOW,522.64,746.63,0.7,0.19,522.64,1616.27,1,True,1,1,Bills Payment,registered_biller,13,4,7,12,mobile_ios,,False,none,False,False,844,1,False,False,False,False,False,False,False,False,False,False,MEETS_DEVICE,120,pin,53,0,1571,False,43,14.6,False,False,False,1.89,1.89,296.0,0.38,False
TX-C3-001938,usr-C3-0192,C3,False,ALLOW,1531.95,2946.05,0.52,0.41,1531.95,3286.91,1,False,528,1,Remittance,third_party_individual,11,3,2,4,mobile_ios,,False,none,False,False,127,1,False,False,False,False,False,False,False,False,False,False,MEETS_STRONG,30,biometric,440,0,1291,False,36,23.9,False,False,False,0.32,0.32,259.4,0.07,False
TX-C3-001939,usr-C3-0103,C3,False,ALLOW,8242.4,7105.52,1.16,0.22,8242.4,23889.09,1,False,475,1,Savings,own_account,14,5,4,14,mobile_ios,Archtectural house renovation plan blueprint fee,True,legit,False,False,84,1,False,False,False,False,False,False,False,False,False,False,MEETS_STRONG,94,biometric,167,0,763,False,33,14.4,False,False,False,2.45,2.45,85.2,1.73,False
TX-C3-001940,usr-C3-0108,C3,False,ALLOW,2169.05,2711.31,0.8,0.4,2169.05,4794.25,1,False,480,1,Savings,own_account,9,6,4,9,mobile_android,Meraco electricity bill payment for September - Ref #26833,True,legit,False,False,114,1,False,False,False,False,False,False,False,False,False,False,MEETS_DEVICE,165,pin,133,0,1512,False,42,19.3,False,False,False,2.77,2.77,128.0,1.3,False
TX-C3-001941,usr-C3-0072,C3,False,ALLOW,5660.94,3272.22,1.73,0.28,5660.94,16070.24,1,False,194,1,Savings,own_account,16,3,3,14,mobile_android,,False,none,False,False,824,1,False,False,False,False,False,False,False,False,False,False,MEETS_DEVICE,109,biometric,282,0,1084,False,14,7.0,False,False,False,2.26,2.26,21.6,6.28,False
TX-C3-001942,usr-C3-0180,C3,False,ALLOW,206.48,589.95,0.35,0.25,206.48,369.52,1,True,0,1,Funds Transfer,own_account,21,5,5,3,mobile_android,Globe postpaid telecom monthly plan - Ref #62335,True,legit,False,False,407,1,False,False,False,False,False,False,False,False,False,False,MEETS_STRONG,142,biometric,548,0,989,False,41,13.1,False,False,False,1.08,1.08,143.3,0.45,False
TX-C3-001943,usr-C3-0262,C3,True,BLOCK,35653.97,4024.15,8.86,0.34,47756.9,74553.56,3,True,3,7,Remittance,business,8,3,10,174,mobile_android,Bills payment,True,neutral,False,True,1,5,False,False,False,False,False,False,False,False,False,False,MEETS_DEVICE,420,password,10,0,1730,False,4,12.2,False,False,False,1.43,1.43,41.9,2.05,False
TX-C3-001944,usr-C3-0109,C3,False,ALLOW,4861.05,3000.65,1.62,0.15,4861.05,6792.21,1,False,545,1,Funds Transfer,registered_biller,0,4,20,14,mobile_android,,False,none,False,False,187,1,False,False,False,False,False,False,False,False,False,False,MEETS_DEVICE,23,pin,449,0,1063,False,16,12.9,False,False,False,1.71,1.71,171.4,0.6,False
TX-C3-001945,usr-C3-0110,C3,False,ALLOW,9472.37,8533.67,1.11,0.48,9472.37,22234.35,1,False,539,1,Savings,own_account,5,6,8,4,mobile_android,,False,none,False,False,35,1,False,False,False,False,False,False,False,False,False,False,MEETS_STRONG,35,biometric,553,0,1495,False,40,8.8,False,False,False,2.19,2.19,237.8,0.55,False
TX-C3-001946,usr-C3-0005,C3,False,ALLOW,359.79,1199.3,0.3,0.25,359.79,908.32,2,False,230,1,Funds Transfer,business,14,6,1,2,mobile_android,,False,none,False,False,586,1,False,False,False,False,False,False,False,False,False,False,MEETS_STRONG,130,biometric,150,0,541,False,19,21.2,False,False,False,1.32,1.32,195.4,0.41,False
TX-C3-001947,usr-C3-0289,C3,False,ALLOW,1942.01,2044.22,0.95,0.45,1942.01,4308.54,1,True,2,1,Savings,own_account,3,0,18,13,mobile_android,,False,none,False,False,430,1,False,False,False,False,False,False,False,False,False,False,MISSING,60,biometric,90,0,720,False,25,10.0,False,False,False,1.82,1.82,77.9,1.4,False
TX-C3-001948,usr-C3-0230,C3,False,ALLOW,1553.65,1785.81,0.87,0.13,1553.65,2775.67,1,False,453,1,Savings,own_account,12,5,5,2,mobile_ios,,False,none,False,False,152,1,False,False,False,False,False,False,False,False,False,False,MEETS_STRONG,134,pin,449,0,1235,False,26,9.0,False,False,False,1.44,1.44,237.1,0.36,False
TX-C3-001949,usr-C3-0183,C3,False,ALLOW,8659.55,6765.27,1.28,0.28,8659.55,19230.81,1,False,577,1,Funds Transfer,business,12,0,0,4,mobile_ios,,False,none,False,False,437,1,False,False,False,False,False,False,False,False,False,False,MEETS_STRONG,162,biometric,304,0,1061,True,33,22.0,False,False,False,1.68,1.68,245.0,0.41,False
TX-C3-001950,usr-C3-0076,C3,False,ALLOW,4849.17,5158.69,0.94,0.35,4849.17,11552.13,1,False,80,1,Bills Payment,registered_biller,21,2,1,0,mobile_android,MANILA WATER MONTHLY BILL SETTLEMENT,True,legit,False,False,256,1,False,False,False,False,False,False,False,False,False,False,MEETS_STRONG,49,pin,373,0,948,False,12,16.8,False,False,False,1.27,1.27,82.5,0.92,False
TX-C3-001951,usr-C3-0241,C3,False,ALLOW,3990.75,630.45,6.33,0.39,3990.75,9025.36,1,False,231,1,Savings,own_account,8,5,12,12,mobile_ios,,False,none,False,False,175,1,False,False,False,False,False,False,True,False,False,False,MEETS_STRONG,159,biometric,79,0,478,False,17,5.6,False,False,False,1.31,1.31,122.3,0.64,False
TX-C3-001952,usr-C3-0069,C3,False,ALLOW,4112.32,1234.93,3.33,0.48,4112.32,10623.18,1,True,1,1,Funds Transfer,registered_biller,22,2,9,2,mobile_ios,Pang allowance ni bunso sa UST - Ref #1687,True,legit,False,False,370,1,False,False,False,False,False,False,False,False,False,False,MEETS_STRONG,96,biometric,527,0,1250,False,42,17.3,False,False,False,1.79,1.79,80.7,1.33,False
TX-C3-001953,usr-C3-0010,C3,False,ALLOW,2472.92,3341.79,0.74,0.26,2472.92,5010.41,1,False,112,1,Remittance,third_party_individual,14,3,2,5,mobile_android,Christmas pamasko for godchildren,True,legit,False,False,573,1,False,False,False,False,False,False,False,False,False,False,MEETS_STRONG,113,pin,386,0,301,False,40,24.9,False,False,False,208.4,208.4,273.1,45.79,False
TX-C3-001954,usr-C3-0214,C3,False,ALLOW,269.51,518.29,0.52,0.36,269.51,519.83,2,False,101,1,Bills Payment,registered_biller,4,6,8,4,mobile_ios,Plumbing repair service and replacement parts - Ref #12799,True,legit,False,False,553,1,False,False,False,False,False,False,False,False,False,False,MEETS_STRONG,132,biometric,469,0,1461,False,26,17.9,False,False,False,2.09,2.09,38.9,3.22,False
TX-C3-001955,usr-C3-0136,C3,False,ALLOW,1832.64,1909.0,0.96,0.09,1832.64,5408.42,1,True,2,1,Savings,own_account,8,3,12,4,mobile_ios,,False,none,False,False,552,1,False,False,False,False,False,False,False,False,False,False,MEETS_STRONG,29,biometric,390,0,1211,False,22,14.5,False,False,False,196.41,196.41,329.0,35.82,False
TX-C3-001956,usr-C3-0268,C3,False,ALLOW,12138.83,8092.55,1.5,0.12,12138.83,22470.63,2,False,233,1,Bills Payment,registered_biller,2,0,7,1,mobile_ios,,False,none,False,True,5,1,False,False,False,False,False,False,False,False,False,False,MEETS_STRONG,37,pin,73,0,1038,False,21,9.7,False,False,False,0.64,0.64,46.3,0.83,False
TX-C3-001957,usr-C3-0024,C3,False,ALLOW,6458.47,7020.08,0.92,0.16,6458.47,19503.25,1,True,0,1,Bills Payment,registered_biller,0,6,15,6,mobile_ios,,False,none,False,False,445,1,False,False,False,False,False,False,False,False,False,False,MEETS_STRONG,79,biometric,158,0,896,False,13,11.8,False,False,False,1.35,1.35,264.9,0.31,False
TX-C3-001958,usr-C3-0120,C3,False,ALLOW,1157.73,1300.82,0.89,0.25,1157.73,2004.52,1,False,258,1,Bills Payment,registered_biller,10,5,4,12,mobile_ios,,False,none,False,False,435,1,False,False,False,False,False,False,False,False,False,False,MEETS_STRONG,23,pin,428,0,1434,False,34,22.7,False,False,False,665.42,665.42,290.3,137.53,False
TX-C3-001959,usr-C3-0090,C3,False,ALLOW,3469.83,3540.64,0.98,0.14,3469.83,10307.89,2,False,88,1,Savings,own_account,18,2,6,8,mobile_android,,False,none,False,False,182,1,False,False,False,False,False,False,False,False,False,False,MEETS_STRONG,133,pin,118,0,1088,False,37,8.9,False,False,False,1.96,1.96,203.1,0.58,False
TX-C3-001960,usr-C3-0233,C3,False,ALLOW,11028.78,9267.88,1.19,0.49,11028.78,25064.09,2,False,125,1,Funds Transfer,own_account,5,2,7,4,mobile_ios,Payment for services rendered,True,neutral,False,False,407,1,False,False,False,False,False,False,False,False,False,False,MEETS_DEVICE,154,biometric,74,0,1713,False,44,9.0,False,False,False,2.16,2.16,273.4,0.47,False
TX-C3-001961,usr-C3-0017,C3,False,ALLOW,366.21,1592.21,0.23,0.29,366.21,927.03,1,False,302,1,Funds Transfer,business,22,0,11,11,mobile_android,Pambayad,True,neutral,False,False,537,1,False,False,False,False,False,False,False,False,False,False,MEETS_STRONG,124,pin,209,0,1492,True,24,19.5,False,False,False,0.8,0.8,262.0,0.18,False
TX-C3-001962,usr-C3-0115,C3,True,REQUIRE_2FA,2880.34,697.42,4.13,0.32,3416.62,10447.67,3,False,108,1,Bills Payment,third_party_individual,21,5,3,6,mobile_android,Transit remittance to distribute to designated recipient,True,scam,False,True,2,2,False,False,False,False,True,False,False,False,False,False,FAILED,362,biometric,40,3,784,False,9,7.7,False,True,False,1.02,1.02,292.6,0.21,False
TX-C3-001963,usr-C3-0241,C3,False,ALLOW,113.48,630.45,0.18,0.02,113.48,173.9,2,False,526,1,Bills Payment,registered_biller,1,6,19,2,mobile_ios,CYBERSECURITY RISK ANALYSIS HANDBOOK TEXTBOOK,True,legit,False,False,175,1,False,False,False,False,False,False,False,False,False,False,MEETS_DEVICE,136,biometric,251,0,203,False,37,6.3,False,False,False,1.89,1.89,95.4,1.19,False
TX-C3-001964,usr-C3-0069,C3,False,ALLOW,345.78,1234.93,0.28,0.12,345.78,818.1,1,False,356,1,Savings,own_account,10,4,3,4,mobile_ios,,False,none,False,False,370,1,False,False,False,False,False,False,False,False,False,False,MEETS_STRONG,166,biometric,233,0,1083,False,35,16.4,False,False,False,2.47,2.47,297.5,0.5,False
TX-C3-001965,usr-C3-0001,C3,False,ALLOW,3678.18,2627.27,1.4,0.3,3678.18,10139.27,1,False,517,1,Savings,own_account,20,3,7,10,mobile_android,Electrical rewiring installation labor cost,True,legit,False,False,282,1,False,False,False,False,False,False,True,False,False,False,MEETS_STRONG,67,biometric,398,0,1461,False,24,13.1,False,False,False,1.93,1.93,288.0,0.4,False
TX-C3-001966,usr-C3-0079,C3,False,ALLOW,560.0,500.0,1.12,0.35,560.0,1449.04,2,False,134,1,Bills Payment,registered_biller,5,4,9,5,mobile_ios,,False,none,False,False,731,1,True,False,False,False,False,False,True,False,False,False,MEETS_BASIC,89,pin,199,0,1232,False,44,8.2,False,False,False,1.44,1.44,90.5,0.95,False
TX-C3-001967,usr-C3-0261,C3,False,ALLOW,3471.41,4691.09,0.74,0.12,3471.41,8738.89,1,True,0,1,Savings,own_account,2,4,12,7,mobile_android,,False,none,False,False,858,1,False,False,False,False,False,False,False,False,False,False,MEETS_DEVICE,135,biometric,52,0,1097,False,29,13.1,False,False,False,1.79,1.79,86.9,1.24,False
TX-C3-001968,usr-C3-0042,C3,False,ALLOW,1152.77,1253.01,0.92,0.4,1152.77,3007.36,1,False,328,1,Remittance,third_party_individual,12,3,3,13,mobile_ios,,False,none,False,False,513,1,False,False,False,False,False,False,False,False,False,False,MEETS_STRONG,173,pin,587,0,501,False,41,22.4,False,False,False,0.75,0.75,226.1,0.2,False
TX-C3-001969,usr-C3-0050,C3,False,ALLOW,1469.52,1130.4,1.3,0.39,1469.52,1766.5,1,False,296,1,Bills Payment,registered_biller,8,1,13,8,mobile_android,,False,none,False,False,772,1,False,False,True,False,False,False,False,False,False,False,FAILED,39,pin,87,0,985,True,25,11.6,False,False,False,0.55,0.55,180.2,0.18,False
TX-C3-001970,usr-C3-0240,C3,False,ALLOW,113.02,1883.65,0.06,0.43,113.02,292.45,1,True,1,1,Remittance,business,10,0,5,0,mobile_ios,,False,none,False,False,273,1,False,False,False,False,False,False,False,False,False,False,MEETS_STRONG,50,pin,563,0,1267,False,23,18.8,False,False,False,2.75,2.75,199.0,0.83,False
TX-C3-001971,usr-C3-0263,C3,False,ALLOW,5314.73,6643.41,0.8,0.07,5314.73,10637.03,2,False,336,1,Bills Payment,registered_biller,16,5,1,10,mobile_ios,,False,none,False,False,60,1,False,False,False,False,False,False,False,False,False,False,MEETS_STRONG,48,biometric,144,0,1156,False,32,21.2,False,False,False,2.02,2.02,103.6,1.17,False
TX-C3-001972,usr-C3-0178,C3,False,ALLOW,4628.7,4675.45,0.99,0.28,4628.7,5712.48,1,False,460,1,Bills Payment,registered_biller,7,5,8,9,mobile_android,,False,none,False,False,672,1,False,False,False,False,False,False,True,False,False,False,MEETS_DEVICE,59,pin,570,0,1457,False,14,9.1,False,False,False,666.58,666.58,288.5,138.63,False
TX-C3-001973,usr-C3-0175,C3,False,ALLOW,560.52,875.81,0.64,0.28,560.52,1006.39,2,False,102,1,Remittance,third_party_individual,0,3,13,6,mobile_ios,,False,none,False,False,90,1,False,False,False,False,False,False,False,False,False,False,MEETS_STRONG,100,biometric,401,0,1753,False,34,8.3,False,False,False,2.1,2.1,240.2,0.52,False
TX-C3-001974,usr-C3-0199,C3,False,ALLOW,2479.06,1493.41,1.66,0.33,2479.06,3886.95,1,False,367,1,Bills Payment,registered_biller,15,3,5,12,mobile_ios,attorney legal document notarization service fee,True,legit,False,False,673,1,False,False,False,False,False,False,False,False,False,False,MEETS_STRONG,86,biometric,216,0,1467,True,44,5.6,False,False,False,1.73,1.73,235.7,0.44,False
TX-C3-001975,usr-C3-0218,C3,False,ALLOW,1532.36,1001.54,1.53,0.17,1532.36,2002.86,2,False,262,1,Savings,own_account,0,2,11,7,mobile_android,,False,none,False,False,788,1,False,False,False,False,False,False,False,False,False,False,MEETS_STRONG,57,pin,99,0,1656,False,36,15.6,False,False,False,1.42,1.42,107.6,0.79,False
TX-C3-001976,usr-C3-0051,C3,False,ALLOW,1128.16,3223.32,0.35,0.19,1128.16,3351.97,1,False,123,1,Remittance,third_party_individual,5,5,16,0,mobile_ios,,False,none,False,False,659,1,False,False,False,False,False,False,False,False,False,False,MEETS_DEVICE,38,pin,202,0,1011,True,37,12.1,False,False,False,1.32,1.32,118.6,0.67,False
TX-C3-001977,usr-C3-0092,C3,False,ALLOW,1750.8,1923.96,0.91,0.11,1750.8,4638.52,1,True,1,1,Funds Transfer,own_account,17,6,1,5,mobile_android,Transaction reimbursement - Ref #11625,True,neutral,False,False,500,1,False,False,False,False,False,False,True,False,False,False,MEETS_STRONG,46,biometric,565,0,245,False,26,8.7,False,False,False,1.87,1.87,238.8,0.47,False
TX-C3-001978,usr-C3-0180,C3,False,ALLOW,955.72,589.95,1.62,0.35,955.72,2046.16,2,True,1,1,Funds Transfer,third_party_individual,5,2,11,8,mobile_ios,,False,none,False,False,407,1,False,False,False,False,False,False,False,False,False,False,MEETS_STRONG,27,biometric,188,0,588,False,24,18.7,False,False,False,1.87,1.87,132.5,0.85,False
TX-C3-001979,usr-C3-0051,C3,False,ALLOW,3416.72,3223.32,1.06,0.42,3416.72,5052.47,1,False,29,1,Remittance,business,6,6,15,13,mobile_ios,,False,none,False,False,659,1,False,False,False,False,False,False,False,False,False,False,MEETS_STRONG,11,pin,145,0,712,False,23,5.5,False,False,False,2.72,2.72,118.9,1.37,False
TX-C3-001980,usr-C3-0274,C3,False,ALLOW,65.0,500.0,0.13,0.21,65.0,186.2,1,False,540,1,Funds Transfer,business,12,2,3,2,mobile_ios,,False,none,False,False,784,1,False,False,False,False,False,False,False,False,False,False,MEETS_STRONG,80,pin,351,0,786,False,29,5.1,False,False,False,1.53,1.53,38.7,2.37,False
TX-C3-001981,usr-C3-0263,C3,False,ALLOW,5912.63,6643.41,0.89,0.04,5912.63,13255.37,1,False,587,1,Funds Transfer,own_account,2,5,13,12,mobile_ios,staff housing dormitory room share,True,legit,False,False,60,1,False,False,False,False,False,False,False,False,False,False,MEETS_STRONG,71,pin,65,0,800,False,25,8.7,False,False,False,1.84,1.84,230.9,0.48,False
TX-C3-001982,usr-C3-0067,C3,False,ALLOW,2250.12,1308.21,1.72,0.36,2250.12,3140.64,2,False,319,1,Remittance,business,4,4,6,14,mobile_android,,False,none,False,False,70,1,False,False,False,False,False,False,False,False,False,False,MEETS_STRONG,154,pin,362,0,1787,False,42,12.1,False,True,True,1.75,1.75,203.7,0.52,False
TX-C3-001983,usr-C3-0207,C3,False,ALLOW,579.42,1755.82,0.33,0.48,579.42,1769.79,1,False,311,1,Savings,own_account,14,3,4,8,mobile_android,Pest ocntrol termite treatment service,True,legit,False,False,683,1,False,False,False,False,False,False,False,False,False,False,MEETS_STRONG,136,biometric,507,0,1155,False,36,11.3,False,False,False,1.24,1.24,79.7,0.93,False
TX-C3-001984,usr-C3-0096,C3,False,ALLOW,4340.83,3215.43,1.35,0.28,4340.83,10766.5,1,False,476,1,Bills Payment,registered_biller,12,0,5,11,mobile_android,,False,none,False,False,127,1,False,False,False,False,False,False,False,False,False,False,MEETS_STRONG,66,biometric,467,0,1345,True,40,16.0,False,True,True,2.71,2.71,223.4,0.73,False
TX-C3-001985,usr-C3-0276,C3,False,ALLOW,626.47,1305.14,0.48,0.08,626.47,885.47,1,False,172,1,Bills Payment,registered_biller,7,0,13,6,mobile_ios,,False,none,False,False,855,1,False,False,False,False,False,False,False,False,False,False,MEETS_DEVICE,73,pin,101,0,438,False,12,21.9,False,True,True,0.62,0.62,283.8,0.13,False
TX-C3-001986,usr-C3-0169,C3,False,ALLOW,3712.54,2946.46,1.26,0.35,3712.54,7832.32,1,False,186,1,Funds Transfer,third_party_individual,17,5,4,14,mobile_ios,Dentist tooth extraction and claening procedure,True,legit,False,False,150,1,False,False,False,False,False,False,False,False,False,False,MEETS_STRONG,37,biometric,543,0,737,False,32,8.5,False,False,False,0.95,0.95,187.2,0.3,False
TX-C3-001987,usr-C3-0141,C3,False,ALLOW,2237.24,2306.43,0.97,0.14,2237.24,7268.27,1,False,34,1,Remittance,third_party_individual,9,4,11,5,mobile_android,,False,none,False,False,769,1,False,False,False,False,False,False,False,False,False,False,MEETS_STRONG,125,biometric,231,0,136,False,35,12.3,False,False,False,1.96,1.96,26.6,4.42,False
TX-C3-001988,usr-C3-0121,C3,False,ALLOW,208.96,633.22,0.33,0.18,208.96,478.47,1,False,400,1,Bills Payment,registered_biller,10,5,5,12,mobile_ios,,False,none,False,False,372,1,False,False,False,False,False,False,True,False,False,False,MEETS_DEVICE,123,biometric,317,0,1682,True,15,17.2,False,False,False,1.04,1.04,132.8,0.47,False
TX-C3-001989,usr-C3-0177,C3,False,ALLOW,96.56,1609.26,0.06,0.48,96.56,223.03,1,False,548,1,Funds Transfer,own_account,16,2,1,8,mobile_android,robinsons supermarket fresh fruits and meat,True,legit,False,False,722,1,False,False,False,False,False,False,False,False,False,False,MEETS_DEVICE,24,pin,532,0,569,False,25,17.6,False,False,False,2.66,2.66,259.2,0.62,False
TX-C3-001990,usr-C3-0120,C3,False,ALLOW,1600.01,1300.82,1.23,0.32,1600.01,2069.92,1,True,1,1,Remittance,business,4,5,10,14,mobile_ios,Water refilling station 10 gallons delivery,True,legit,False,False,435,1,False,False,False,False,False,False,False,False,False,False,MEETS_DEVICE,177,pin,173,0,1070,False,28,10.0,False,False,False,1.46,1.46,81.0,1.08,False
TX-C3-001991,usr-C3-0069,C3,False,ALLOW,1790.65,1234.93,1.45,0.45,1790.65,4851.06,1,False,23,1,Remittance,business,19,2,6,9,mobile_android,,False,none,False,False,370,1,False,False,False,False,False,False,False,False,False,False,MEETS_DEVICE,145,biometric,538,0,1895,False,19,6.7,False,False,False,1.37,1.37,183.9,0.45,False
TX-C3-001992,usr-C3-0294,C3,False,ALLOW,2755.52,2417.12,1.14,0.37,2755.52,3895.38,1,False,96,1,Funds Transfer,registered_biller,22,3,12,6,mobile_android,,False,none,False,False,739,1,True,False,False,False,False,False,True,False,False,False,MEETS_BASIC,31,pin,132,0,511,False,25,19.6,False,False,False,1.98,1.98,131.8,0.9,False
TX-C3-001993,usr-C3-0193,C3,False,ALLOW,1312.65,781.34,1.68,0.16,1312.65,1760.11,1,False,416,1,Remittance,business,1,3,16,0,mobile_ios,,False,none,False,False,261,1,False,False,False,False,False,False,False,False,False,False,MEETS_STRONG,88,biometric,419,0,1531,True,26,11.5,False,False,False,1.61,1.61,18.7,5.17,False
TX-C3-001994,usr-C3-0285,C3,False,ALLOW,5988.57,5649.59,1.06,0.11,5988.57,18755.01,1,True,1,1,Remittance,third_party_individual,8,3,8,2,mobile_ios,Commercial stall lease payment monthly,True,legit,False,False,684,1,False,False,False,False,False,False,False,False,False,False,MEETS_STRONG,158,biometric,492,0,1313,True,13,17.0,False,False,False,2.1,2.1,52.8,2.39,False
TX-C3-001995,usr-C3-0187,C3,False,ALLOW,5751.41,4493.29,1.28,0.31,5751.41,10418.49,1,False,188,1,Remittance,third_party_individual,23,2,7,6,mobile_android,dog veterinary shampoo and tick medicine,True,legit,False,False,191,1,False,False,False,False,False,False,False,False,False,False,MEETS_STRONG,167,biometric,181,0,1898,False,27,19.3,False,False,False,1.82,1.82,210.2,0.52,False
TX-C3-001996,usr-C3-0112,C3,False,ALLOW,344.86,1149.52,0.3,0.35,344.86,1022.22,1,False,78,1,Bills Payment,registered_biller,19,2,4,13,mobile_ios,,False,none,False,False,554,1,False,False,False,False,False,False,False,False,False,False,MISSING,60,biometric,90,0,720,False,25,10.0,False,False,False,2.71,2.71,159.7,1.02,False
TX-C3-001997,usr-C3-0047,C3,False,ALLOW,945.86,1930.33,0.49,0.19,945.86,1686.5,1,True,1,1,Savings,own_account,1,5,20,6,mobile_ios,DINNER DELIVERY FOODPANDA BILL SHARE,True,legit,False,False,33,1,False,False,False,False,False,False,False,False,False,False,MEETS_STRONG,124,pin,211,0,725,True,37,24.4,False,False,False,1.1,1.1,257.7,0.26,False
TX-C3-001998,usr-C3-0196,C3,False,ALLOW,1469.51,874.71,1.68,0.08,1469.51,2724.91,1,False,229,1,Bills Payment,registered_biller,9,5,5,6,mobile_ios,,False,none,False,False,350,1,False,False,False,False,False,False,False,False,False,False,MEETS_STRONG,69,biometric,200,0,741,False,35,12.6,False,False,False,2.19,2.19,208.9,0.63,False
TX-C3-001999,usr-C3-0093,C3,False,ALLOW,1559.23,2642.77,0.59,0.32,1559.23,4087.34,1,False,165,1,Remittance,third_party_individual,15,6,5,8,mobile_ios,,False,none,False,False,730,1,False,False,False,False,False,False,False,False,False,False,MEETS_DEVICE,43,biometric,571,0,315,False,36,20.5,False,False,False,1.89,1.89,84.8,1.34,False
TX-C3-002000,usr-C3-0283,C3,False,ALLOW,1540.7,1069.93,1.44,0.27,1540.7,4766.18,2,False,508,1,Bills Payment,registered_biller,16,0,2,13,mobile_android,Dog veterinary shampoo and tick mediicne,True,legit,False,False,104,1,False,False,False,False,False,False,False,False,False,False,MEETS_STRONG,51,biometric,420,0,1671,False,39,13.5,False,False,False,2.12,2.12,182.2,0.7,False
TX-C3-002001,usr-C3-0261,C3,False,ALLOW,7787.21,4691.09,1.66,0.09,7787.21,10443.8,1,False,464,1,Funds Transfer,own_account,13,6,1,12,mobile_ios,,False,none,False,False,858,1,False,False,False,False,False,False,False,False,False,False,MEETS_DEVICE,98,biometric,554,0,719,False,39,8.9,False,False,False,2.22,2.22,62.6,2.13,False
TX-C3-002002,usr-C3-0247,C3,False,ALLOW,817.56,670.13,1.22,0.48,817.56,1071.71,2,False,581,1,Funds Transfer,own_account,15,6,3,9,mobile_ios,,False,none,False,False,106,1,False,False,False,False,False,False,False,False,False,False,MEETS_DEVICE,162,biometric,142,0,948,False,36,18.8,False,False,False,0.93,0.93,123.2,0.45,False
TX-C3-002003,usr-C3-0087,C3,False,ALLOW,23520.69,16921.36,1.39,0.45,23520.69,64637.83,1,False,381,1,Bills Payment,registered_biller,13,6,4,6,mobile_ios,,False,none,False,False,574,1,True,False,False,False,False,False,True,False,False,False,MEETS_BASIC,118,pin,170,0,1906,False,28,8.1,False,False,False,1.84,1.84,265.9,0.42,False
TX-C3-002004,usr-C3-0172,C3,False,ALLOW,565.95,2978.66,0.19,0.27,565.95,1286.78,1,True,2,1,Remittance,business,13,2,4,10,mobile_android,S&R membership shopping items,True,legit,False,False,641,1,False,False,False,False,False,False,False,False,False,False,MEETS_STRONG,147,biometric,147,0,1471,False,40,20.4,False,False,False,2.64,2.64,249.0,0.64,False
TX-C3-002005,usr-C3-0220,C3,False,ALLOW,1039.65,3713.04,0.28,0.26,1039.65,2861.3,1,False,519,1,Bills Payment,registered_biller,17,4,3,11,mobile_ios,,False,none,False,False,831,1,False,False,False,False,False,False,True,False,False,False,MEETS_STRONG,73,pin,78,0,1635,False,16,17.8,False,False,False,2.93,2.93,293.3,0.6,False
TX-C3-002006,usr-C3-0077,C3,False,ALLOW,975.55,563.9,1.73,0.32,975.55,3165.42,2,False,147,1,Savings,own_account,10,2,8,8,mobile_ios,,False,none,False,False,628,1,False,True,False,False,False,False,False,False,False,False,FAILED,55,biometric,436,0,606,True,43,11.3,False,False,False,1.92,1.92,106.3,1.08,False
TX-C3-002007,usr-C3-0167,C3,False,ALLOW,1532.95,952.14,1.61,0.45,1532.95,3741.54,1,False,461,1,Bills Payment,registered_biller,5,1,15,8,mobile_ios,Designing Data Intensive Applications Technical Textbook - Ref #91877,True,legit,False,False,134,1,False,False,False,False,False,False,True,False,False,False,MEETS_STRONG,162,pin,464,0,1847,False,35,9.4,False,False,False,2.31,2.31,17.2,8.06,False
TX-C3-002008,usr-C3-0031,C3,False,ALLOW,1977.78,2197.53,0.9,0.19,1977.78,4544.06,2,False,495,1,Savings,own_account,1,1,15,12,mobile_android,,False,none,False,False,186,1,False,False,False,False,False,False,False,False,False,False,MEETS_STRONG,165,pin,259,0,351,False,33,18.3,False,False,False,2.02,2.02,31.0,3.91,False
TX-C3-002009,usr-C3-0285,C3,False,ALLOW,4124.2,5649.59,0.73,0.43,4124.2,8984.82,1,False,454,1,Savings,own_account,18,4,2,11,mobile_android,Savinggs transfer - Ref #50320,True,neutral,False,False,684,1,False,False,False,False,False,False,False,False,False,False,MEETS_STRONG,176,biometric,37,0,651,True,21,8.3,False,False,False,2.69,2.69,241.8,0.67,False
TX-C3-002010,usr-C3-0136,C3,False,ALLOW,1660.83,1909.0,0.87,0.28,1660.83,4873.42,1,False,26,1,Funds Transfer,registered_biller,6,0,14,3,mobile_ios,,False,none,False,False,552,1,False,False,False,False,False,False,True,False,False,False,MEETS_STRONG,102,biometric,186,0,1283,False,28,15.5,False,False,False,1.28,1.28,241.8,0.32,False
TX-C3-002011,usr-C3-0209,C3,False,ALLOW,1677.33,1061.6,1.58,0.07,1677.33,2802.46,1,False,308,1,Funds Transfer,own_account,8,5,6,10,mobile_android,,False,none,False,False,460,1,False,False,False,False,False,False,False,False,False,False,MEETS_DEVICE,162,biometric,518,0,1960,False,41,20.3,False,False,False,1.32,1.32,15.5,5.11,False
TX-C3-002012,usr-C3-0109,C3,False,ALLOW,5101.11,3000.65,1.7,0.47,5101.11,13321.21,1,True,0,1,Funds Transfer,third_party_individual,18,3,2,3,mobile_android,,False,none,False,False,187,1,False,False,False,False,False,False,False,False,False,False,MEETS_DEVICE,91,biometric,123,0,166,False,45,5.8,False,False,False,1.11,1.11,231.9,0.29,False
TX-C3-002013,usr-C3-0004,C3,False,ALLOW,276.25,746.63,0.37,0.16,276.25,507.9,1,False,175,1,Bills Payment,registered_biller,8,4,12,2,mobile_android,,False,none,False,False,844,1,False,False,False,False,False,False,False,False,False,False,MEETS_STRONG,100,pin,565,0,1001,False,17,17.4,False,False,False,1.99,1.99,245.7,0.49,False
TX-C3-002014,usr-C3-0061,C3,False,ALLOW,2800.75,2917.45,0.96,0.28,2800.75,8545.06,1,False,120,1,Bills Payment,registered_biller,18,2,3,11,mobile_ios,,False,none,False,False,337,1,False,False,False,False,False,False,False,False,False,False,MEETS_STRONG,166,pin,155,0,968,False,31,9.7,False,True,True,1.41,1.41,24.5,3.45,False
TX-C3-002015,usr-C3-0090,C3,False,ALLOW,6089.9,3540.64,1.72,0.4,6089.9,19370.45,1,True,0,1,Funds Transfer,own_account,1,3,11,3,mobile_android,bayad,True,neutral,False,False,182,1,False,False,False,False,False,False,True,False,False,False,MEETS_STRONG,101,biometric,69,0,1163,False,41,10.0,False,False,False,1.69,1.69,98.1,1.03,False
TX-C3-002016,usr-C3-0005,C3,False,ALLOW,923.46,1199.3,0.77,0.36,923.46,3091.67,1,False,274,1,Funds Transfer,registered_biller,13,1,2,2,mobile_ios,,False,none,False,False,586,1,False,False,False,False,False,False,False,False,False,False,MEETS_STRONG,63,biometric,158,0,1539,False,22,14.1,False,False,False,2.28,2.28,153.1,0.89,False
TX-C3-002017,usr-C3-0024,C3,False,ALLOW,9828.11,7020.08,1.4,0.29,9828.11,20999.31,1,False,184,1,Remittance,business,9,4,6,5,mobile_android,,False,none,False,False,445,1,False,False,False,False,False,False,False,False,False,False,MEETS_STRONG,178,biometric,286,0,1813,False,21,24.0,False,False,False,2.23,2.23,185.1,0.72,False
TX-C3-002018,usr-C3-0284,C3,False,ALLOW,582.97,2331.89,0.25,0.11,582.97,1694.96,1,False,537,1,Remittance,third_party_individual,4,6,7,12,mobile_android,Emergency financial assistane for cousin,True,legit,False,False,360,1,False,False,False,False,False,False,True,False,False,False,MEETS_STRONG,134,pin,450,0,177,False,34,21.4,False,False,False,1.2,1.2,229.0,0.31,False
TX-C3-002019,usr-C3-0214,C3,False,ALLOW,772.25,518.29,1.49,0.16,772.25,1675.3,1,False,67,1,Savings,own_account,15,1,3,0,mobile_ios,Payment,True,neutral,False,False,553,1,False,False,False,False,False,False,False,False,False,False,MEETS_DEVICE,157,biometric,260,0,1081,False,40,19.3,False,False,False,1.59,1.59,298.8,0.32,False
TX-C3-002020,usr-C3-0250,C3,False,ALLOW,295.0,500.0,0.59,0.47,295.0,701.94,1,False,321,1,Bills Payment,registered_biller,11,0,5,8,mobile_ios,Financial allowance support for mama and papa,True,legit,False,False,345,1,False,False,False,False,False,False,False,False,False,False,MEETS_STRONG,165,biometric,575,0,263,False,45,22.9,False,False,False,2.57,2.57,63.2,2.44,False
TX-C3-002021,usr-C3-0165,C3,False,ALLOW,3587.42,4322.19,0.83,0.01,3587.42,9825.54,1,False,514,1,Funds Transfer,third_party_individual,17,5,4,8,mobile_android,,False,none,False,False,146,1,False,False,False,False,False,False,False,False,False,False,MEETS_DEVICE,62,pin,210,0,503,False,19,13.0,False,False,False,2.17,2.17,75.5,1.72,False
TX-C3-002022,usr-C3-0082,C3,False,ALLOW,1598.33,4994.78,0.32,0.35,1598.33,3045.6,1,False,225,1,Bills Payment,registered_biller,17,2,2,5,mobile_android,,False,none,False,False,585,1,False,False,False,False,False,False,False,False,False,False,MEETS_DEVICE,142,biometric,240,0,580,False,24,20.3,False,False,False,1.83,1.83,50.0,2.2,False
TX-C3-002023,usr-C3-0169,C3,False,ALLOW,4301.83,2946.46,1.46,0.48,4301.83,10417.04,1,False,512,1,Funds Transfer,business,9,6,12,13,mobile_ios,,False,none,False,True,1,1,False,False,False,False,False,False,False,False,False,False,MEETS_DEVICE,70,biometric,102,0,324,True,33,5.3,False,False,False,2.08,2.08,99.1,1.26,False
TX-C3-002024,usr-C3-0262,C3,False,ALLOW,845.07,4024.15,0.21,0.06,845.07,1166.55,1,False,367,1,Savings,own_account,16,4,2,4,mobile_android,,False,none,False,False,202,1,False,False,False,False,False,False,False,False,False,False,MEETS_STRONG,108,biometric,340,0,1912,False,43,14.2,False,False,False,2.15,2.15,230.7,0.56,False
TX-C3-002025,usr-C3-0177,C3,False,ALLOW,2558.72,1609.26,1.59,0.19,2558.72,3437.29,1,False,348,1,Bills Payment,registered_biller,14,6,1,0,mobile_ios,,False,none,False,False,722,1,False,False,False,False,False,False,False,False,False,False,MEETS_DEVICE,179,biometric,568,0,1978,False,41,17.7,False,False,False,2.99,2.99,205.1,0.87,False
TX-C3-002026,usr-C3-0226,C3,False,ALLOW,2875.63,2178.51,1.32,0.39,2875.63,7677.99,1,False,140,1,Remittance,third_party_individual,15,2,6,14,mobile_ios,AWS certified solutions rchitect study guide,True,legit,False,False,75,1,False,False,False,False,False,False,False,False,False,False,MISSING,60,biometric,90,0,720,False,25,10.0,False,False,False,1.19,1.19,43.1,1.66,False
TX-C3-002027,usr-C3-0038,C3,False,ALLOW,1029.82,1240.75,0.83,0.41,1029.82,2186.74,1,False,559,1,Remittance,business,23,2,5,14,mobile_android,,False,none,False,False,497,1,False,False,False,False,False,False,False,False,False,False,MEETS_STRONG,100,pin,347,0,1904,False,14,15.0,False,False,False,1.34,1.34,222.7,0.36,False
TX-C3-002028,usr-C3-0062,C3,False,ALLOW,11138.19,7681.51,1.45,0.35,11138.19,30122.32,1,True,0,1,Remittance,business,14,0,2,8,mobile_ios,Shared expenses,True,neutral,False,False,899,1,False,False,False,False,False,False,False,False,False,False,MEETS_STRONG,20,biometric,503,0,661,False,41,7.0,False,False,False,1.84,1.84,106.5,1.04,False
TX-C3-002029,usr-C3-0175,C3,False,ALLOW,5316.17,875.81,6.07,0.34,5316.17,11254.72,1,False,499,1,Bills Payment,registered_biller,19,3,6,10,mobile_ios,,False,none,False,False,90,1,False,False,False,False,False,False,True,False,False,False,MEETS_STRONG,81,biometric,366,0,1024,True,41,9.5,False,False,False,2.03,2.03,195.8,0.62,False
TX-C3-002030,usr-C3-0185,C3,False,ALLOW,2023.92,1466.61,1.38,0.32,2023.92,3258.38,1,True,0,1,Funds Transfer,registered_biller,0,4,21,14,mobile_android,,False,none,False,False,526,1,False,False,False,False,False,False,False,False,False,False,MEETS_STRONG,45,biometric,98,0,388,False,28,21.0,False,False,False,1.97,1.97,277.2,0.43,False
TX-C3-002031,usr-C3-0218,C3,False,ALLOW,1201.85,1001.54,1.2,0.2,1201.85,3255.07,1,False,533,1,Bills Payment,registered_biller,23,0,12,7,mobile_ios,Wet market seafood purchase,True,legit,False,False,788,1,False,False,False,False,False,False,False,False,False,False,MEETS_STRONG,49,pin,465,0,299,True,40,7.4,False,False,False,2.03,2.03,172.8,0.7,False
TX-C3-002032,usr-C3-0067,C3,False,ALLOW,1792.25,1308.21,1.37,0.43,1792.25,5508.31,1,False,395,1,Savings,own_account,15,1,5,8,mobile_ios,Dessert milk tea afternoon snack,True,legit,False,False,70,1,True,False,False,False,False,False,True,False,False,False,MEETS_BASIC,67,pin,254,0,1597,False,16,8.0,False,False,False,2.33,2.33,253.6,0.55,False
TX-C3-002033,usr-C3-0011,C3,False,ALLOW,1284.57,1061.63,1.21,0.26,1284.57,3637.24,1,False,589,1,Remittance,third_party_individual,11,5,5,9,mobile_ios,,False,none,False,False,764,1,False,False,False,False,False,False,False,False,False,False,MEETS_STRONG,95,biometric,460,0,320,False,26,21.8,False,False,False,1.87,1.87,286.7,0.39,False
TX-C3-002034,usr-C3-0094,C3,False,ALLOW,2164.24,2278.15,0.95,0.4,2164.24,3694.34,1,False,434,1,Savings,own_account,11,0,5,4,mobile_ios,,False,none,False,False,595,1,False,False,False,False,False,False,False,False,False,False,MEETS_STRONG,173,biometric,130,0,1784,False,38,14.1,False,False,False,1.42,1.42,230.2,0.37,False
TX-C3-002035,usr-C3-0099,C3,False,ALLOW,6306.68,5005.3,1.26,0.04,6306.68,11396.76,2,False,571,1,Remittance,business,1,0,11,4,mobile_ios,,False,none,False,False,46,1,False,False,False,False,False,False,False,False,False,False,MEETS_STRONG,179,pin,600,0,1729,True,21,15.9,False,False,False,210.56,210.56,315.9,39.99,False
TX-C3-002036,usr-C3-0079,C3,False,ALLOW,865.0,500.0,1.73,0.2,865.0,2714.32,1,False,35,1,Bills Payment,registered_biller,5,3,9,3,mobile_ios,,False,none,False,False,731,1,False,False,False,False,False,False,False,False,False,False,MEETS_STRONG,143,biometric,398,0,1723,False,29,24.2,False,False,False,0.99,0.99,168.5,0.35,False
TX-C3-002037,usr-C3-0133,C3,False,ALLOW,4826.23,3093.74,1.56,0.44,4826.23,9782.16,2,False,593,1,Remittance,business,10,2,4,5,mobile_android,Fastfood breakfast drive-thru share,True,legit,False,False,710,1,False,False,False,False,False,False,False,False,False,False,MEETS_DEVICE,165,pin,316,0,810,False,41,10.3,False,True,True,1.3,1.3,215.9,0.36,False
TX-C3-002038,usr-C3-0205,C3,False,ALLOW,4376.14,3557.84,1.23,0.43,4376.14,10918.08,2,False,242,1,Bills Payment,registered_biller,20,1,0,12,mobile_android,,False,none,False,False,223,1,False,False,False,False,False,False,True,False,False,False,MEETS_STRONG,58,biometric,240,0,938,False,24,18.9,False,False,False,1.45,1.45,45.3,1.92,False
TX-C3-002039,usr-C3-0253,C3,False,ALLOW,193.02,1378.71,0.14,0.31,193.02,646.91,1,False,493,1,Bills Payment,registered_biller,14,5,1,10,mobile_ios,,False,none,False,True,3,1,False,False,False,False,False,False,False,False,False,False,MEETS_STRONG,55,biometric,489,0,878,False,29,7.7,False,False,False,2.22,2.22,41.8,3.19,False
TX-C3-002040,usr-C3-0272,C3,False,ALLOW,3288.17,2004.98,1.64,0.24,3288.17,9763.55,1,False,421,1,Bills Payment,registered_biller,2,4,12,13,mobile_android,,False,none,False,False,572,1,False,False,False,False,False,False,False,False,False,False,MEETS_STRONG,80,biometric,538,0,816,False,40,22.6,False,False,False,2.44,2.44,121.9,1.2,False
TX-C3-002041,usr-C3-0257,C3,False,ALLOW,12805.38,16417.15,0.78,0.03,12805.38,21624.68,1,False,107,1,Remittance,third_party_individual,9,0,2,0,mobile_android,University tuition matriculation fee installment 1,True,legit,False,False,257,1,False,False,False,False,False,False,False,False,False,False,MEETS_DEVICE,145,pin,78,0,1399,False,28,15.6,False,False,False,2.62,2.62,265.4,0.59,False
TX-C3-002042,usr-C3-0105,C3,False,ALLOW,11854.72,7502.99,1.58,0.21,11854.72,22050.16,1,True,1,1,Remittance,third_party_individual,20,1,7,14,mobile_android,,False,none,False,False,679,1,False,False,False,False,False,False,False,False,False,False,MEETS_DEVICE,80,biometric,35,0,1811,False,16,7.7,False,False,False,2.12,2.12,282.8,0.45,False
TX-C3-002043,usr-C3-0250,C3,False,ALLOW,770.0,500.0,1.54,0.48,770.0,1825.53,1,False,560,1,Funds Transfer,own_account,6,3,10,7,mobile_ios,,False,none,False,False,345,1,False,False,False,False,False,False,False,False,False,False,MEETS_DEVICE,165,biometric,89,0,535,True,26,23.6,False,False,False,0.43,0.43,263.3,0.1,False
TX-C3-002044,usr-C3-0051,C3,True,REQUIRE_2FA,14472.71,3223.32,4.49,0.75,18790.12,31500.41,4,True,1,5,Bills Payment,registered_biller,13,6,8,5,mobile_ios,BPI online account security update compliance fee,True,scam,False,False,659,1,False,False,False,False,False,False,True,False,False,False,MEETS_STRONG,203,password,59,0,13,True,4,14.3,False,True,False,2.09,2.09,226.6,0.55,False
TX-C3-002045,usr-C3-0160,C3,False,ALLOW,2382.85,3264.18,0.73,0.33,2382.85,4173.6,1,False,201,1,Savings,own_account,1,2,18,14,mobile_ios,,False,none,False,True,2,1,False,False,False,False,False,False,False,False,False,False,MEETS_DEVICE,175,biometric,406,0,394,True,31,23.6,False,False,False,1.11,1.11,43.1,1.55,False
TX-C3-002046,usr-C3-0298,C3,False,ALLOW,3801.83,4224.26,0.9,0.25,3801.83,11526.32,1,False,435,1,Remittance,business,23,6,4,0,mobile_ios,,False,none,False,False,806,1,False,False,False,False,False,False,False,False,False,False,MEETS_STRONG,153,biometric,391,0,1956,False,27,7.0,False,False,False,0.91,0.91,84.2,0.65,False
TX-C3-002047,usr-C3-0095,C3,False,ALLOW,3629.77,4594.64,0.79,0.09,3629.77,10931.88,1,False,560,1,Bills Payment,registered_biller,17,6,1,13,mobile_ios,,False,none,False,False,114,1,False,False,False,False,False,False,False,False,False,False,MEETS_DEVICE,29,biometric,325,0,497,True,15,11.4,False,False,False,2.14,2.14,78.8,1.63,False
TX-C3-002048,usr-C3-0054,C3,False,ALLOW,2887.26,2830.65,1.02,0.42,2887.26,7174.32,1,False,63,1,Remittance,business,17,5,4,12,mobile_android,,False,none,False,False,252,1,False,False,False,False,False,False,False,False,False,False,MEETS_STRONG,148,biometric,204,0,733,False,23,23.8,False,False,False,1.16,1.16,41.0,1.7,False
TX-C3-002049,usr-C3-0188,C3,False,ALLOW,4855.09,3492.87,1.39,0.19,4855.09,12113.38,1,False,366,1,Savings,own_account,5,6,15,3,mobile_ios,,False,none,False,False,237,1,False,False,False,False,False,False,False,False,False,False,MEETS_STRONG,164,biometric,471,0,1888,False,22,5.9,False,False,False,2.08,2.08,51.8,2.41,False
TX-C3-002050,usr-C3-0120,C3,False,ALLOW,676.43,1300.82,0.52,0.34,676.43,1327.71,1,False,301,1,Funds Transfer,registered_biller,20,3,6,10,mobile_android,,False,none,False,False,435,1,False,False,False,False,False,False,False,False,False,False,MEETS_STRONG,23,biometric,391,0,1483,False,18,18.9,False,False,False,0.51,0.51,151.7,0.2,False
TX-C3-002051,usr-C3-0300,C3,False,ALLOW,807.94,1077.26,0.75,0.4,807.94,1281.18,1,False,566,1,Funds Transfer,third_party_individual,3,0,7,12,mobile_android,,False,none,False,False,137,1,False,False,False,False,False,False,False,False,False,False,MEETS_DEVICE,110,biometric,268,0,1166,True,13,7.4,False,False,False,0.1,0.1,151.3,0.04,False
TX-C3-002052,usr-C3-0119,C3,False,ALLOW,210.0,500.0,0.42,0.05,210.0,595.32,1,True,0,1,Bills Payment,registered_biller,22,1,10,11,mobile_ios,,False,none,False,False,661,1,False,False,False,False,False,False,False,False,False,False,MEETS_STRONG,103,pin,268,0,476,True,18,5.6,False,False,False,1.86,1.86,118.4,0.94,False
TX-C3-002053,usr-C3-0101,C3,False,ALLOW,202.17,1123.14,0.18,0.41,202.17,445.54,2,True,0,1,Savings,own_account,18,2,3,0,mobile_ios,Cignal Tv Prepaid Reload Package,True,legit,False,False,884,1,False,False,False,False,False,True,False,False,False,False,MEETS_STRONG,164,biometric,145,0,927,False,36,13.7,False,False,False,1.62,1.62,119.4,0.81,False
TX-C3-002054,usr-C3-0045,C3,False,ALLOW,1128.12,998.34,1.13,0.14,1128.12,2828.83,1,False,577,1,Remittance,third_party_individual,7,3,4,13,mobile_ios,,False,none,False,False,582,1,False,False,False,False,False,False,True,False,False,False,MEETS_DEVICE,161,pin,189,0,1093,False,37,18.3,False,False,False,2.23,2.23,242.4,0.55,False
TX-C3-002055,usr-C3-0163,C3,False,ALLOW,1215.53,1929.42,0.63,0.23,1215.53,2626.16,1,False,133,1,Savings,own_account,12,1,1,13,mobile_android,,False,none,False,False,580,1,False,False,False,False,False,False,False,False,False,False,MEETS_STRONG,95,pin,468,0,574,True,45,14.8,False,False,False,0.18,0.18,288.9,0.04,False
TX-C3-002056,usr-C3-0092,C3,False,ALLOW,1269.81,1923.96,0.66,0.3,1269.81,4342.71,1,False,533,1,Savings,own_account,1,2,17,13,mobile_android,,False,none,False,False,500,1,False,False,False,False,False,False,False,False,False,False,MEETS_DEVICE,102,pin,556,0,652,False,20,15.5,False,False,False,1.51,1.51,221.8,0.41,False
TX-C3-002057,usr-C3-0024,C3,False,ALLOW,7862.49,7020.08,1.12,0.4,7862.49,27278.7,1,False,177,1,Remittance,business,1,5,14,4,mobile_android,,False,none,False,False,445,1,False,False,False,False,False,False,False,False,False,False,MEETS_STRONG,61,pin,599,0,855,False,33,13.1,False,True,True,0.85,0.85,54.4,0.94,False
TX-C3-002058,usr-C3-0195,C3,False,ALLOW,1805.0,1280.14,1.41,0.2,1805.0,4682.88,1,True,2,1,Funds Transfer,business,17,6,2,5,mobile_ios,Bills payment,True,neutral,False,False,264,1,False,False,False,False,False,False,False,False,False,False,MEETS_STRONG,67,biometric,548,0,923,False,27,17.5,False,False,False,1.21,1.21,68.3,1.06,False
TX-C3-002059,usr-C3-0122,C3,False,ALLOW,7573.74,1260.19,6.01,0.45,7573.74,16423.49,1,False,520,1,Remittance,third_party_individual,9,2,3,1,mobile_ios,,False,none,False,False,741,1,False,False,False,False,False,False,False,False,False,False,MEETS_DEVICE,152,biometric,86,0,454,False,25,9.0,False,False,False,2.37,2.37,172.4,0.82,False
TX-C3-002060,usr-C3-0109,C3,False,ALLOW,3600.78,3000.65,1.2,0.14,3600.78,5195.73,1,False,90,1,Savings,own_account,17,2,3,5,mobile_ios,,False,none,False,False,187,1,False,False,False,False,False,False,False,False,False,False,MEETS_STRONG,24,biometric,222,0,1577,False,13,21.6,False,False,False,1.99,1.99,179.6,0.66,False
TX-C3-002061,usr-C3-0290,C3,False,ALLOW,5530.83,4096.91,1.35,0.31,5530.83,12579.15,1,False,243,1,Funds Transfer,own_account,23,4,5,13,mobile_ios,Condominium association dues and garbage fee,True,legit,False,False,858,1,False,False,False,False,False,False,False,False,False,False,MISSING,60,biometric,90,0,720,False,25,10.0,False,False,False,2.56,2.56,187.0,0.82,False
TX-C3-002062,usr-C3-0024,C3,False,ALLOW,12355.34,7020.08,1.76,0.49,12355.34,35620.18,1,True,3,1,Remittance,third_party_individual,12,6,3,6,mobile_android,,False,none,False,False,445,1,False,False,False,False,False,False,True,False,False,False,MEETS_STRONG,40,pin,283,0,1813,True,38,5.8,False,False,False,1.6,1.6,113.5,0.85,False
TX-C3-002063,usr-C3-0231,C3,False,ALLOW,8562.23,10702.79,0.8,0.26,8562.23,28801.89,1,False,157,1,Savings,own_account,14,4,1,5,mobile_android,family driver semi-monthly wages,True,legit,False,False,77,1,False,False,False,False,False,False,False,False,False,False,MEETS_STRONG,180,pin,527,0,1771,False,40,22.8,False,False,False,2.44,2.44,101.4,1.44,False
TX-C3-002064,usr-C3-0252,C3,False,ALLOW,3914.87,3034.78,1.29,0.07,3914.87,12888.29,1,False,130,1,Savings,own_account,18,4,6,7,mobile_ios,,False,none,False,False,71,1,False,False,False,False,False,False,False,False,False,False,MEETS_STRONG,159,biometric,600,0,1529,False,17,12.3,False,False,False,0.8,0.8,15.9,3.02,False
TX-C3-002065,usr-C3-0053,C3,False,ALLOW,2643.85,1944.01,1.36,0.5,2643.85,4078.75,1,False,34,1,Remittance,third_party_individual,15,4,3,5,mobile_android,Notarial fee for deed of absolute sale,True,legit,False,False,79,1,False,False,False,False,False,False,True,False,False,False,MEETS_STRONG,123,biometric,448,0,1810,False,31,23.2,False,False,False,666.99,666.99,355.2,112.67,False
TX-C3-002066,usr-C3-0229,C3,False,ALLOW,890.76,2783.63,0.32,0.27,890.76,2122.43,1,False,159,1,Funds Transfer,own_account,15,4,1,5,mobile_ios,Medical clinic consultation and diagnostic blood test,True,legit,False,False,767,1,False,False,False,False,False,False,True,False,False,False,MEETS_STRONG,54,biometric,496,0,1066,False,40,21.4,False,False,False,1.85,1.85,186.7,0.59,False
TX-C3-002067,usr-C3-0255,C3,False,ALLOW,5334.63,4763.06,1.12,0.15,5334.63,9532.96,2,True,3,1,Funds Transfer,registered_biller,1,1,11,6,mobile_ios,,False,none,False,False,593,1,False,False,False,False,False,False,True,False,False,False,MEETS_DEVICE,83,biometric,163,0,1109,False,25,11.5,False,False,False,2.06,2.06,164.2,0.75,False
TX-C3-002068,usr-C3-0060,C3,False,ALLOW,121676.26,19499.4,6.24,0.28,121676.26,148845.25,1,False,71,1,Funds Transfer,registered_biller,14,3,3,3,mobile_ios,,False,none,False,False,834,1,False,False,False,False,False,False,False,False,False,False,MEETS_DEVICE,79,pin,101,0,726,False,17,10.1,False,True,True,2.93,2.93,201.4,0.87,False
TX-C3-002069,usr-C3-0268,C3,False,ALLOW,6312.19,8092.55,0.78,0.37,6312.19,16152.09,1,False,330,1,Savings,own_account,10,4,1,5,mobile_android,,False,none,False,True,1,1,False,False,False,False,False,False,False,False,False,False,MEETS_DEVICE,57,biometric,600,0,1663,False,42,21.8,False,False,False,2.43,2.43,155.8,0.94,False
TX-C3-002070,usr-C3-0004,C3,False,ALLOW,1217.01,746.63,1.63,0.27,1217.01,2049.69,1,False,463,1,Bills Payment,registered_biller,20,2,0,1,mobile_android,Designing data inetnsive applications technical textbook,True,legit,False,False,844,1,False,False,False,False,False,False,True,True,False,False,MEETS_DEVICE,109,biometric,490,0,1473,True,40,38.7,False,False,False,1.62,1.62,242.1,0.4,False
TX-C3-002071,usr-C3-0195,C3,False,ALLOW,1292.94,1280.14,1.01,0.2,1292.94,3988.04,2,True,3,1,Funds Transfer,registered_biller,2,1,13,11,mobile_ios,,False,none,False,False,264,1,False,False,False,False,False,False,False,False,False,False,MISSING,60,biometric,90,0,720,False,25,10.0,False,False,False,1.11,1.11,84.9,0.78,False
TX-C3-002072,usr-C3-0116,C3,False,ALLOW,6299.54,4064.22,1.55,0.27,6299.54,8295.55,2,False,199,1,Bills Payment,registered_biller,7,2,6,5,mobile_ios,,False,none,False,False,305,1,False,False,False,False,False,False,False,False,False,False,MEETS_STRONG,38,biometric,255,0,420,False,25,17.6,False,False,False,1.04,1.04,37.1,1.68,False
TX-C3-002073,usr-C3-0110,C3,False,ALLOW,1194.71,8533.67,0.14,0.37,1194.71,2364.94,1,True,1,1,Remittance,third_party_individual,22,3,9,6,mobile_android,Pang Matrikula At School Projects,True,legit,False,False,35,1,False,False,False,False,False,False,False,False,False,False,MEETS_STRONG,162,biometric,389,0,1468,False,12,20.6,False,False,False,1.73,1.73,177.9,0.58,False
TX-C3-002074,usr-C3-0023,C3,False,ALLOW,749.84,3260.18,0.23,0.22,749.84,1020.72,1,False,520,1,Funds Transfer,business,9,2,3,6,mobile_android,,False,none,False,False,805,1,False,False,False,False,False,False,False,False,False,False,MEETS_STRONG,119,biometric,188,0,415,True,29,18.3,False,False,False,1.85,1.85,294.8,0.38,False
TX-C3-002075,usr-C3-0240,C3,False,ALLOW,339.06,1883.65,0.18,0.04,339.06,684.29,1,False,584,1,Bills Payment,registered_biller,5,2,10,11,mobile_ios,,False,none,False,False,273,1,False,False,False,False,False,False,False,False,False,False,MEETS_STRONG,74,biometric,64,0,1650,False,42,10.6,False,False,False,1.09,1.09,89.7,0.73,False
TX-C3-002076,usr-C3-0282,C3,False,ALLOW,882.69,2006.11,0.44,0.43,882.69,1870.98,2,False,181,1,Funds Transfer,own_account,13,0,2,5,mobile_android,Ophthalmology prescription glasses lenses payment,True,legit,False,False,751,1,False,False,False,False,False,False,False,False,False,False,MEETS_STRONG,164,pin,453,0,1988,False,43,15.9,False,False,False,1.94,1.94,29.1,4.0,False
TX-C3-002077,usr-C3-0224,C3,False,ALLOW,1764.34,2800.54,0.63,0.33,1764.34,5776.45,1,False,424,1,Bills Payment,registered_biller,1,3,15,2,mobile_ios,Smart Communications Postpaid Cellular Bill,True,legit,False,False,86,1,False,False,False,False,False,False,False,False,False,False,MEETS_STRONG,152,biometric,91,0,1019,False,43,10.7,False,False,False,2.34,2.34,54.3,2.59,False
TX-C3-002078,usr-C3-0127,C3,False,ALLOW,4537.52,2871.85,1.58,0.11,4537.52,15461.86,2,False,403,1,Savings,own_account,18,0,6,9,mobile_ios,,False,none,False,False,755,1,False,False,False,False,False,False,False,False,False,False,MEETS_STRONG,75,pin,348,0,1026,True,37,14.9,False,False,False,0.97,0.97,160.4,0.36,False
TX-C3-002079,usr-C3-0157,C3,False,ALLOW,7321.04,7107.81,1.03,0.4,7321.04,21050.33,1,False,70,1,Funds Transfer,own_account,10,0,1,10,mobile_ios,,False,none,False,False,690,1,False,False,False,False,False,False,False,False,False,False,MEETS_STRONG,155,biometric,356,0,285,False,35,14.1,False,False,False,0.87,0.87,122.9,0.42,False
TX-C3-002080,usr-C3-0167,C3,False,ALLOW,742.67,952.14,0.78,0.17,742.67,1547.51,1,False,486,1,Savings,own_account,17,5,3,12,mobile_android,,False,none,False,False,134,1,False,False,False,False,False,False,False,False,False,False,MEETS_DEVICE,93,pin,48,0,1515,True,14,12.9,False,False,False,1.92,1.92,244.5,0.47,False
TX-C3-002081,usr-C3-0058,C3,False,ALLOW,1331.33,978.92,1.36,0.39,1331.33,2671.23,1,False,413,1,Bills Payment,registered_biller,17,2,1,11,mobile_ios,,False,none,False,False,600,1,False,False,False,False,False,False,False,False,False,False,MEETS_DEVICE,22,biometric,574,0,1946,True,18,23.8,False,False,False,1.17,1.17,228.5,0.31,False
TX-C3-002082,usr-C3-0223,C3,False,ALLOW,58504.69,12608.77,4.64,0.08,58504.69,132695.0,1,True,0,1,Bills Payment,registered_biller,19,3,0,10,mobile_android,,False,none,False,True,3,1,False,False,False,False,False,False,False,False,False,False,MEETS_STRONG,129,biometric,100,0,1835,False,21,17.9,False,False,False,1.51,1.51,94.4,0.96,False
TX-C3-002083,usr-C3-0290,C3,False,ALLOW,6555.06,4096.91,1.6,0.44,6555.06,19836.82,1,False,346,1,Savings,own_account,17,3,1,9,mobile_ios,Transaction Reimbursement,True,neutral,False,False,858,1,False,False,False,False,False,False,True,False,False,False,MEETS_STRONG,147,biometric,217,0,1636,False,15,17.6,False,False,False,1.84,1.84,252.0,0.44,False
TX-C3-002084,usr-C3-0215,C3,False,ALLOW,1884.77,1903.81,0.99,0.49,1884.77,5080.48,1,False,504,1,Remittance,third_party_individual,14,2,7,7,mobile_android,,False,none,False,False,679,1,False,False,False,False,False,False,False,False,False,False,MEETS_STRONG,121,pin,143,0,1396,True,40,21.1,False,False,False,2.46,2.46,237.8,0.62,False
TX-C3-002085,usr-C3-0080,C3,False,ALLOW,774.91,738.01,1.05,0.26,774.91,2574.28,2,False,202,1,Funds Transfer,registered_biller,22,3,3,2,mobile_ios,,False,none,False,False,770,1,False,False,False,False,False,False,False,False,False,False,MEETS_STRONG,34,biometric,422,0,1197,False,18,22.1,False,False,False,2.53,2.53,116.9,1.3,False
TX-C3-002086,usr-C3-0040,C3,False,ALLOW,3538.12,2390.62,1.48,0.37,3538.12,7750.18,1,True,0,1,Funds Transfer,own_account,12,1,0,1,mobile_ios,GCASH AMLA COMPLIANCE LEARANCE BOND PAYMENT,True,scam,False,False,793,1,False,False,False,False,False,False,False,False,False,False,MEETS_STRONG,32,biometric,155,0,1112,False,22,6.1,False,False,False,0.66,0.66,272.4,0.15,False
TX-C3-002087,usr-C3-0232,C3,False,ALLOW,679.41,2123.16,0.32,0.16,679.41,860.16,2,False,540,1,Remittance,business,5,6,8,9,mobile_ios,,False,none,False,False,822,1,False,False,False,False,False,False,False,False,False,False,MEETS_DEVICE,127,pin,40,0,1218,False,25,18.1,False,False,False,1.8,1.8,122.2,0.88,False
TX-C3-002088,usr-C3-0183,C3,False,ALLOW,6968.23,6765.27,1.03,0.35,6968.23,16801.99,2,False,371,1,Funds Transfer,registered_biller,10,2,2,6,mobile_ios,,False,none,False,True,1,1,False,False,False,False,False,False,False,False,False,False,MEETS_STRONG,96,biometric,568,0,441,False,40,18.8,False,False,False,1.57,1.57,235.7,0.4,False
TX-C3-002089,usr-C3-0265,C3,False,ALLOW,1705.51,1722.74,0.99,0.2,1705.51,5193.03,1,False,492,1,Savings,own_account,10,2,8,0,mobile_ios,,False,none,False,False,658,1,False,False,False,False,False,False,False,False,False,False,MEETS_STRONG,76,biometric,158,0,1188,False,42,5.1,False,True,True,2.1,2.1,176.6,0.71,False
TX-C3-002090,usr-C3-0064,C3,False,ALLOW,815.64,3884.0,0.21,0.36,815.64,1573.62,2,False,225,1,Bills Payment,registered_biller,19,2,4,7,mobile_ios,,False,none,False,True,5,1,False,False,False,False,False,False,False,False,True,False,MEETS_DEVICE,150,biometric,55,0,1678,False,29,23.1,False,False,False,2.04,2.04,248.1,0.49,False
TX-C3-002091,usr-C3-0115,C3,False,ALLOW,676.5,697.42,0.97,0.23,676.5,1786.93,1,False,325,1,Remittance,business,8,3,10,12,mobile_android,,False,none,False,False,278,1,False,False,False,False,False,False,False,False,False,False,MEETS_STRONG,90,biometric,512,0,124,False,14,17.6,False,False,False,2.21,2.21,47.1,2.82,False
TX-C3-002092,usr-C3-0268,C3,False,ALLOW,11248.64,8092.55,1.39,0.25,11248.64,13725.33,1,False,162,1,Funds Transfer,own_account,16,4,7,7,mobile_android,Baby  diapers and milk formula supply,True,legit,False,True,5,1,False,False,False,False,False,False,False,False,False,False,MEETS_STRONG,33,biometric,539,0,1958,False,31,17.1,False,False,False,1.92,1.92,285.2,0.4,False
TX-C3-002093,usr-C3-0254,C3,False,ALLOW,374.49,851.11,0.44,0.49,374.49,673.75,1,False,389,1,Bills Payment,registered_biller,12,4,3,13,mobile_android,,False,none,False,False,208,1,False,False,False,False,False,False,False,False,False,False,MEETS_STRONG,150,biometric,316,0,1283,False,16,16.9,False,False,False,2.87,2.87,16.0,10.76,False
TX-C3-002094,usr-C3-0192,C3,False,ALLOW,4949.36,2946.05,1.68,0.36,4949.36,11036.52,1,False,292,1,Bills Payment,registered_biller,20,5,11,4,mobile_ios,cignal tv prepaid reload package,True,legit,False,False,127,1,False,False,False,False,False,False,False,False,False,False,MEETS_STRONG,89,pin,193,0,133,True,29,13.4,False,False,False,1.87,1.87,112.6,1.0,False
TX-C3-002095,usr-C3-0147,C3,False,ALLOW,2727.93,2147.98,1.27,0.39,2727.93,9060.97,1,True,2,1,Remittance,third_party_individual,5,5,11,9,mobile_android,,False,none,False,False,232,1,False,False,False,False,False,False,False,False,False,False,MEETS_STRONG,142,pin,319,0,756,False,26,5.5,False,False,False,0.62,0.62,298.5,0.12,False
TX-C3-002096,usr-C3-0162,C3,False,ALLOW,638.68,967.7,0.66,0.48,638.68,1166.96,1,False,593,1,Savings,own_account,13,2,8,0,mobile_android,,False,none,False,False,844,1,False,False,False,False,False,False,True,False,False,False,MEETS_STRONG,175,biometric,101,0,791,False,35,6.3,False,False,False,2.08,2.08,296.6,0.42,False
TX-C3-002097,usr-C3-0169,C3,False,ALLOW,4567.01,2946.46,1.55,0.42,4567.01,6352.4,1,False,527,1,Savings,own_account,12,3,9,2,mobile_ios,,False,none,False,True,3,1,False,False,False,False,False,False,False,False,False,False,MEETS_STRONG,25,biometric,245,0,1698,False,19,18.5,False,False,False,0.54,0.54,287.3,0.11,False
TX-C3-002098,usr-C3-0026,C3,False,ALLOW,366.93,748.83,0.49,0.36,366.93,553.47,1,False,359,1,Savings,own_account,8,6,7,9,mobile_android,,False,none,False,False,297,1,False,False,False,False,False,False,False,False,False,False,MEETS_STRONG,98,pin,514,0,443,False,16,20.4,False,False,False,2.28,2.28,152.5,0.9,False
TX-C3-002099,usr-C3-0109,C3,False,ALLOW,570.12,3000.65,0.19,0.04,570.12,1803.4,1,False,561,1,Funds Transfer,own_account,23,6,3,6,mobile_android,Warehouse storager oom monthly lease,True,legit,False,False,187,1,False,False,False,False,False,False,False,False,False,False,MISSING,60,biometric,90,0,720,False,25,10.0,False,False,False,2.07,2.07,245.7,0.51,False
TX-C3-002100,usr-C3-0276,C3,False,ALLOW,404.59,1305.14,0.31,0.36,404.59,1289.03,1,False,398,1,Bills Payment,registered_biller,17,2,3,1,mobile_android,pampanga mmeat tocino and longganisa order - Ref #41812,True,legit,False,False,855,1,False,False,False,False,False,False,False,False,False,False,MEETS_STRONG,67,pin,32,0,1375,False,27,13.8,False,False,False,1.32,1.32,275.3,0.29,False
TX-C3-002101,usr-C3-0103,C3,False,ALLOW,426.33,7105.52,0.06,0.01,426.33,1381.41,1,False,45,1,Remittance,business,17,1,7,7,mobile_ios,,False,none,False,False,84,1,False,False,False,False,False,False,False,False,False,False,MEETS_STRONG,142,biometric,376,0,1582,False,19,14.0,False,False,False,0.33,0.33,19.0,1.04,False
TX-C3-002102,usr-C3-0105,C3,False,ALLOW,6827.72,7502.99,0.91,0.15,6827.72,15255.06,1,False,373,1,Bills Payment,registered_biller,19,3,6,14,mobile_ios,college laboratory fee and textbbook package,True,legit,False,False,679,1,False,False,False,False,False,False,False,True,False,False,MEETS_DEVICE,149,biometric,229,0,905,False,30,45.3,False,False,False,2.09,2.09,33.3,3.77,False
TX-C3-002103,usr-C3-0016,C3,False,ALLOW,2421.71,1504.17,1.61,0.33,2421.71,3502.02,1,True,1,1,Remittance,business,6,3,5,9,mobile_ios,,False,none,False,False,887,1,False,False,False,False,False,False,True,False,False,False,MEETS_STRONG,43,biometric,131,0,1456,False,23,23.2,False,True,True,2.34,2.34,266.4,0.53,False
TX-C3-002104,usr-C3-0151,C3,False,ALLOW,3524.7,766.24,4.6,0.07,3524.7,4949.33,1,False,141,1,Bills Payment,registered_biller,10,4,5,6,mobile_ios,Advance one month rent deposit for renewal,True,legit,False,False,641,1,False,False,False,False,False,False,False,False,False,False,MEETS_DEVICE,65,biometric,371,0,1311,False,35,14.5,False,False,False,1.66,1.66,155.5,0.64,False
TX-C3-002105,usr-C3-0132,C3,False,ALLOW,1257.1,3809.4,0.33,0.37,1257.1,3861.53,1,True,3,1,Funds Transfer,third_party_individual,8,0,12,8,mobile_android,,False,none,False,False,398,1,False,False,False,False,False,False,False,False,False,False,MEETS_STRONG,139,pin,573,0,1765,False,27,10.3,False,False,False,2.55,2.55,222.7,0.69,False
TX-C3-002106,usr-C3-0002,C3,False,ALLOW,1698.61,1248.98,1.36,0.27,1698.61,4321.06,1,True,0,1,Bills Payment,registered_biller,8,2,13,5,mobile_ios,,False,none,False,False,334,1,False,False,False,False,False,False,False,False,False,False,MEETS_STRONG,172,pin,84,0,1768,False,34,13.3,False,False,False,1.34,1.34,25.6,3.14,False
TX-C3-002107,usr-C3-0280,C3,False,ALLOW,1101.29,2077.91,0.53,0.07,1101.29,2918.22,1,True,0,1,Remittance,business,22,6,4,1,mobile_ios,,False,none,False,False,369,1,False,False,False,False,False,False,False,False,False,False,MEETS_STRONG,68,biometric,183,0,1024,False,18,6.6,False,False,False,1.79,1.79,45.8,2.34,False
TX-C3-002108,usr-C3-0033,C3,False,ALLOW,8136.66,11623.8,0.7,0.03,8136.66,19270.96,1,False,489,1,Savings,own_account,17,1,4,14,mobile_ios,,False,none,False,False,640,1,False,False,False,False,False,False,False,False,False,False,MEETS_DEVICE,82,biometric,261,0,1361,False,40,19.7,False,True,True,1.14,1.14,114.5,0.6,False
TX-C3-002109,usr-C3-0256,C3,False,ALLOW,1646.06,3227.56,0.51,0.14,1646.06,3249.78,1,False,527,1,Savings,own_account,15,4,5,2,mobile_android,,False,none,False,False,173,1,False,False,False,False,False,False,False,False,False,False,MEETS_STRONG,28,biometric,400,0,1085,False,26,8.1,False,False,False,1.34,1.34,46.2,1.74,False
TX-C3-002110,usr-C3-0028,C3,False,ALLOW,1666.16,1872.09,0.89,0.48,1666.16,4633.01,1,False,433,1,Bills Payment,registered_biller,15,5,6,5,mobile_ios,,False,none,False,False,271,1,False,False,False,False,False,False,False,False,False,False,MEETS_STRONG,16,biometric,386,0,1316,False,44,19.9,False,False,False,1.95,1.95,43.1,2.71,False
TX-C3-002111,usr-C3-0041,C3,False,ALLOW,847.08,3137.33,0.27,0.46,847.08,2422.97,1,False,216,1,Savings,own_account,0,4,17,2,mobile_ios,,False,none,False,False,95,1,False,False,False,False,False,False,False,False,False,False,MEETS_STRONG,21,pin,245,0,322,False,26,15.2,False,False,False,1.48,1.48,41.7,2.13,False
TX-C3-002112,usr-C3-0170,C3,False,ALLOW,6907.98,8856.38,0.78,0.21,6907.98,21366.84,1,False,350,1,Funds Transfer,own_account,8,6,6,14,mobile_ios,PAMYENT,True,neutral,False,False,735,1,False,False,False,False,False,False,False,False,False,False,MEETS_STRONG,65,pin,426,0,1523,False,43,8.9,False,False,False,1.03,1.03,126.7,0.49,False
TX-C3-002113,usr-C3-0266,C3,False,ALLOW,1730.1,1663.56,1.04,0.43,1730.1,4669.06,1,True,3,1,Funds Transfer,third_party_individual,10,1,6,2,mobile_android,,False,none,False,False,593,1,False,False,False,False,False,False,False,False,False,False,MEETS_STRONG,56,biometric,284,0,1648,True,29,8.3,False,False,False,1.62,1.62,116.8,0.83,False
TX-C3-002114,usr-C3-0200,C3,False,ALLOW,11611.12,7792.7,1.49,0.1,11611.12,34447.22,1,False,123,1,Savings,own_account,10,1,2,8,mobile_android,Sibling contribution for mother hospital bill,True,legit,False,False,483,1,False,False,False,False,False,False,False,False,False,False,MEETS_STRONG,68,pin,597,0,1156,False,31,18.8,False,False,False,2.76,2.76,131.3,1.26,False
TX-C3-002115,usr-C3-0007,C3,False,ALLOW,3620.64,4641.85,0.78,0.22,3620.64,11319.63,1,False,391,1,Remittance,business,21,1,7,9,mobile_ios,,False,none,False,False,110,1,False,False,False,False,False,False,False,False,False,False,MEETS_DEVICE,105,pin,223,0,1236,False,30,20.3,False,False,False,1.45,1.45,83.0,1.05,False
TX-C3-002116,usr-C3-0112,C3,False,ALLOW,747.19,1149.52,0.65,0.41,747.19,1745.37,1,False,140,1,Bills Payment,registered_biller,3,5,12,7,mobile_ios,,False,none,False,False,554,1,False,False,False,False,False,False,False,False,False,False,MEETS_STRONG,152,biometric,196,0,1957,False,30,5.9,False,False,False,2.2,2.2,215.5,0.61,False
TX-C3-002117,usr-C3-0180,C3,False,ALLOW,64.89,589.95,0.11,0.22,64.89,217.12,1,True,0,1,Savings,own_account,6,1,10,14,mobile_ios,,False,none,False,False,407,1,False,False,False,False,False,False,False,False,False,False,MEETS_STRONG,17,biometric,185,0,699,False,25,5.5,False,False,False,2.15,2.15,157.7,0.82,False
TX-C3-002118,usr-C3-0141,C3,False,ALLOW,853.38,2306.43,0.37,0.48,853.38,2833.13,1,False,553,1,Bills Payment,registered_biller,15,5,5,12,mobile_ios,,False,none,False,False,769,1,False,False,False,False,False,False,False,False,False,False,MEETS_STRONG,122,biometric,453,0,1629,True,17,17.8,False,False,False,1.76,1.76,216.6,0.49,False
TX-C3-002119,usr-C3-0044,C3,False,ALLOW,740.0,500.0,1.48,0.32,740.0,1491.96,1,True,3,1,Funds Transfer,third_party_individual,4,2,11,3,mobile_android,,False,none,False,False,489,1,False,False,False,False,False,False,False,False,False,False,MISSING,60,biometric,90,0,720,False,25,10.0,False,False,False,1.08,1.08,161.9,0.4,False
TX-C3-002120,usr-C3-0124,C3,False,ALLOW,1099.59,2114.6,0.52,0.49,1099.59,2779.76,1,False,278,1,Funds Transfer,third_party_individual,14,3,1,4,mobile_ios,,False,none,False,False,363,1,False,False,False,False,False,False,False,False,False,False,MISSING,60,biometric,90,0,720,False,25,10.0,False,False,False,1.12,1.12,212.3,0.32,False
TX-C3-002121,usr-C3-0115,C3,False,ALLOW,418.45,697.42,0.6,0.26,418.45,1320.92,2,True,2,1,Remittance,third_party_individual,5,6,13,10,mobile_ios,Pang boundary ng tricycle driver - Ref #13465,True,legit,False,False,278,1,False,False,False,False,False,False,False,False,False,False,MEETS_DEVICE,110,pin,445,0,969,False,24,5.6,False,False,False,0.8,0.8,57.4,0.84,False
TX-C3-002122,usr-C3-0282,C3,False,ALLOW,341.04,2006.11,0.17,0.23,341.04,1081.44,1,False,312,1,Funds Transfer,third_party_individual,13,3,2,1,mobile_ios,,False,none,False,True,3,1,False,False,False,False,False,False,True,False,True,False,MEETS_STRONG,37,pin,75,0,414,False,21,17.9,False,False,False,0.77,0.77,189.4,0.24,False
TX-C3-002123,usr-C3-0043,C3,False,ALLOW,307.92,684.27,0.45,0.02,307.92,971.2,2,True,0,1,Bills Payment,registered_biller,5,4,14,14,mobile_ios,,False,none,False,False,814,1,False,False,False,False,False,False,True,False,False,False,MEETS_DEVICE,160,biometric,90,0,1406,True,23,7.6,False,False,False,0.93,0.93,75.2,0.74,False
TX-C3-002124,usr-C3-0134,C3,False,ALLOW,16908.02,12432.37,1.36,0.16,16908.02,45200.1,1,False,126,1,Funds Transfer,registered_biller,3,0,16,14,mobile_android,Personal transfer,True,neutral,False,False,690,1,True,False,False,False,False,False,True,False,False,False,MEETS_BASIC,140,pin,37,0,1117,False,34,12.2,False,False,False,2.26,2.26,232.4,0.58,False
TX-C3-002125,usr-C3-0156,C3,False,ALLOW,228.64,762.15,0.3,0.15,228.64,466.37,1,False,226,1,Funds Transfer,registered_biller,8,0,3,9,mobile_android,Canteen lunch cerdit settlement,True,legit,False,False,463,1,False,False,False,False,False,False,False,False,False,False,MEETS_DEVICE,11,pin,130,0,203,False,37,7.6,False,False,False,1.94,1.94,255.2,0.46,False
TX-C3-002126,usr-C3-0199,C3,False,ALLOW,1239.53,1493.41,0.83,0.43,1239.53,3580.84,1,True,0,1,Savings,own_account,8,2,12,1,mobile_android,subdivision clubhouse dues and guard fee,True,legit,False,False,673,1,False,False,False,False,False,False,False,False,False,False,MEETS_STRONG,162,biometric,553,0,1162,True,44,17.8,False,False,False,2.02,2.02,148.8,0.81,False
TX-C3-002127,usr-C3-0011,C3,False,ALLOW,276.02,1061.63,0.26,0.24,276.02,713.18,1,False,542,1,Remittance,business,13,2,3,12,mobile_android,Real estate property appraisal fee,True,legit,False,False,764,1,False,False,False,False,False,False,False,False,False,False,MEETS_STRONG,161,biometric,44,0,501,False,30,19.5,False,False,False,2.0,2.0,144.3,0.83,False
TX-C3-002128,usr-C3-0004,C3,False,ALLOW,1336.47,746.63,1.79,0.27,1336.47,3185.59,2,True,0,1,Savings,own_account,6,2,14,7,mobile_android,Ref 982341,True,neutral,False,False,844,1,False,False,False,False,False,False,False,False,False,False,MEETS_STRONG,34,biometric,446,0,1427,False,17,16.4,False,False,False,1.83,1.83,41.8,2.63,False
TX-C3-002129,usr-C3-0004,C3,False,ALLOW,574.91,746.63,0.77,0.31,574.91,1675.22,1,False,435,1,Remittance,third_party_individual,15,4,5,6,mobile_android,,False,none,False,False,844,1,False,False,False,False,False,False,False,False,False,False,MEETS_STRONG,163,biometric,255,0,1678,False,37,6.5,False,False,False,1.06,1.06,166.9,0.38,False
TX-C3-002130,usr-C3-0258,C3,False,ALLOW,2391.02,3415.74,0.7,0.45,2391.02,4564.02,1,False,138,1,Bills Payment,registered_biller,8,6,11,1,mobile_ios,Canteen lunch credit settlement,True,legit,False,False,675,1,False,False,False,False,False,False,False,False,False,False,MEETS_DEVICE,173,biometric,320,0,985,False,31,19.6,False,False,False,2.3,2.3,93.6,1.47,False
TX-C3-002131,usr-C3-0085,C3,False,ALLOW,145.0,500.0,0.29,0.43,145.0,449.43,1,False,446,1,Funds Transfer,own_account,14,2,3,13,mobile_android,,False,none,False,False,253,1,False,False,False,False,False,False,False,False,False,False,MEETS_DEVICE,154,pin,470,0,1000,False,31,17.7,False,False,False,1.58,1.58,38.2,2.48,False
TX-C3-002132,usr-C3-0231,C3,False,ALLOW,18408.8,10702.79,1.72,0.39,18408.8,28983.68,1,False,526,1,Remittance,third_party_individual,16,4,1,13,mobile_android,,False,none,False,False,77,1,False,False,False,False,False,False,False,False,False,False,MEETS_STRONG,169,biometric,497,0,1423,False,18,22.6,False,False,False,0.64,0.64,240.2,0.16,False
TX-C3-002133,usr-C3-0047,C3,False,ALLOW,2393.61,1930.33,1.24,0.02,2393.61,3661.78,1,False,584,1,Funds Transfer,third_party_individual,0,4,21,8,mobile_android,,False,none,False,False,33,1,False,False,False,False,False,False,False,False,False,False,MEETS_STRONG,180,biometric,422,0,779,False,33,13.5,False,False,False,0.34,0.34,94.4,0.22,False
TX-C3-002134,usr-C3-0223,C3,False,ALLOW,21813.17,12608.77,1.73,0.19,21813.17,39643.0,1,False,182,1,Bills Payment,registered_biller,10,6,9,0,mobile_android,Pang matrikula atschool projects,True,legit,False,False,620,1,False,False,False,False,False,False,False,False,False,False,MEETS_STRONG,47,pin,557,0,1767,False,40,8.0,False,False,False,2.27,2.27,245.1,0.56,False
TX-C3-002135,usr-C3-0019,C3,False,ALLOW,607.33,1446.02,0.42,0.1,607.33,1248.92,1,False,90,1,Bills Payment,registered_biller,9,6,10,0,mobile_android,S&R Membership Shopping Items,True,legit,False,False,495,1,False,False,False,False,False,False,True,False,False,False,MEETS_STRONG,162,biometric,82,0,1646,False,44,15.5,False,False,False,196.51,196.51,348.0,33.88,False
TX-C3-002136,usr-C3-0046,C3,False,ALLOW,2908.47,1690.97,1.72,0.09,2908.47,6216.46,1,False,213,1,Bills Payment,registered_biller,21,2,4,7,mobile_ios,,False,none,False,False,432,1,False,False,False,False,False,False,False,False,False,False,MEETS_STRONG,155,biometric,316,0,775,True,26,17.3,False,False,False,0.59,0.59,168.1,0.21,False
TX-C3-002137,usr-C3-0238,C3,False,ALLOW,5006.69,2812.75,1.78,0.31,5006.69,16762.66,1,False,549,1,Remittance,business,6,1,8,6,mobile_ios,,False,none,False,False,39,1,False,False,False,False,False,False,False,False,False,False,MEETS_DEVICE,90,pin,470,0,1230,False,40,15.7,False,True,True,1.17,1.17,115.7,0.61,False
TX-C3-002138,usr-C3-0026,C3,False,ALLOW,599.06,748.83,0.8,0.03,599.06,1644.32,1,False,349,1,Bills Payment,registered_biller,16,5,1,13,mobile_ios,,False,none,False,False,297,1,False,False,False,False,False,False,False,False,False,False,MEETS_STRONG,122,biometric,564,0,1893,False,20,8.3,False,False,False,2.25,2.25,234.9,0.57,False
TX-C3-002139,usr-C3-0108,C3,False,ALLOW,623.6,2711.31,0.23,0.08,623.6,1676.35,2,True,2,1,Bills Payment,registered_biller,7,6,6,13,mobile_android,corporate legal secretarial compliance fees,True,legit,False,False,114,1,False,False,False,False,False,False,False,False,False,False,MEETS_DEVICE,169,pin,559,0,238,False,30,18.7,False,False,False,1.54,1.54,68.1,1.36,False
TX-C3-002140,usr-C3-0008,C3,False,ALLOW,1740.31,9668.38,0.18,0.45,1740.31,3808.2,1,False,355,1,Remittance,third_party_individual,4,6,8,8,mobile_android,,False,none,False,True,2,1,False,False,False,False,False,False,False,False,False,False,MEETS_STRONG,37,biometric,340,0,752,False,35,21.2,False,False,False,2.05,2.05,197.7,0.62,False
TX-C3-002141,usr-C3-0220,C3,False,ALLOW,21869.81,3713.04,5.89,0.24,21869.81,51506.21,2,True,1,1,Remittance,business,20,2,0,3,mobile_android,,False,none,False,False,831,1,False,False,False,False,False,False,False,False,False,False,MEETS_STRONG,150,pin,483,0,1390,False,35,16.4,False,False,False,2.49,2.49,176.8,0.85,False
TX-C3-002142,usr-C3-0270,C3,False,ALLOW,1494.22,1737.46,0.86,0.2,1494.22,3827.64,1,True,2,1,Savings,own_account,19,6,4,14,mobile_android,,False,none,False,False,359,1,False,False,False,False,False,False,False,False,False,False,MEETS_STRONG,104,pin,586,0,1587,False,41,7.0,False,False,False,1.37,1.37,288.5,0.28,False
TX-C3-002143,usr-C3-0004,C3,False,ALLOW,970.62,746.63,1.3,0.07,970.62,3267.21,1,False,232,1,Remittance,third_party_individual,16,1,4,12,mobile_ios,,False,none,False,False,844,1,True,False,False,False,False,False,True,False,False,False,MEETS_BASIC,145,pin,201,0,1899,False,42,18.7,False,False,False,665.99,665.99,258.0,154.88,False
TX-C3-002144,usr-C3-0030,C3,False,ALLOW,5804.09,3316.62,1.75,0.17,5804.09,12833.94,1,False,292,1,Remittance,third_party_individual,11,4,3,10,mobile_ios,,False,none,False,False,332,1,False,False,False,False,False,False,False,False,False,False,MEETS_STRONG,53,biometric,343,0,1868,False,39,8.9,False,False,False,1.96,1.96,61.4,1.92,False
TX-C3-002145,usr-C3-0216,C3,False,ALLOW,1164.67,1941.12,0.6,0.32,1164.67,3695.29,1,False,23,1,Savings,own_account,2,1,10,8,mobile_ios,Bills paymet,True,neutral,False,False,896,1,False,False,False,False,False,False,False,False,False,False,MEETS_DEVICE,169,biometric,267,0,1521,True,28,10.7,False,False,False,2.15,2.15,213.7,0.6,False
TX-C3-002146,usr-C3-0201,C3,False,ALLOW,2916.4,1715.53,1.7,0.24,2916.4,6085.7,1,False,15,1,Savings,own_account,16,0,2,4,mobile_android,,False,none,False,False,156,1,False,False,False,False,False,False,False,False,False,False,MEETS_DEVICE,122,biometric,573,0,524,False,42,18.3,False,False,False,2.37,2.37,172.7,0.82,False
TX-C3-002147,usr-C3-0029,C3,False,ALLOW,2976.57,5953.14,0.5,0.15,2976.57,4392.96,1,False,508,1,Bills Payment,registered_biller,2,2,15,4,mobile_android,,False,none,False,False,732,1,False,False,False,False,False,False,False,False,False,False,MEETS_STRONG,145,biometric,332,0,1156,True,35,10.9,False,False,False,2.19,2.19,272.2,0.48,False
TX-C3-002148,usr-C3-0266,C3,False,ALLOW,2828.05,1663.56,1.7,0.26,2828.05,3493.02,1,False,265,1,Remittance,business,3,0,13,7,mobile_android,,False,none,False,False,593,1,False,False,False,False,False,False,False,False,False,False,MEETS_STRONG,77,biometric,434,0,1150,True,27,10.8,False,False,False,2.33,2.33,273.7,0.51,False
TX-C3-002149,usr-C3-0070,C3,False,ALLOW,3325.33,4156.66,0.8,0.06,3325.33,10585.61,1,True,1,1,Funds Transfer,own_account,10,4,0,0,mobile_ios,,False,none,False,False,789,1,False,False,False,False,False,False,False,False,False,False,MISSING,60,biometric,90,0,720,False,25,10.0,False,False,False,1.91,1.91,172.1,0.67,False
TX-C3-002150,usr-C3-0293,C3,False,ALLOW,223.92,1066.29,0.21,0.07,223.92,655.75,1,False,271,1,Remittance,business,21,0,7,9,mobile_ios,,False,none,False,False,776,1,False,False,False,False,False,False,True,False,False,False,MEETS_STRONG,65,biometric,570,0,681,True,16,24.1,False,False,False,1.18,1.18,182.5,0.39,False
TX-C3-002151,usr-C3-0298,C3,False,ALLOW,14362.48,4224.26,3.4,0.03,14362.48,37090.98,1,False,53,1,Funds Transfer,registered_biller,7,6,12,2,mobile_ios,,False,none,False,False,806,1,False,False,False,False,False,False,False,False,False,False,MEETS_DEVICE,137,biometric,331,0,1338,False,33,23.7,False,False,False,1.73,1.73,15.3,6.78,False
TX-C3-002152,usr-C3-0275,C3,False,ALLOW,2015.54,1259.71,1.6,0.02,2015.54,4941.16,2,False,386,1,Savings,own_account,12,1,2,3,mobile_ios,,False,none,False,False,427,1,False,False,False,False,False,False,False,False,False,False,MEETS_STRONG,124,pin,225,0,1974,False,12,21.0,False,False,False,1.02,1.02,182.9,0.33,False
TX-C3-002153,usr-C3-0262,C3,False,ALLOW,13843.08,4024.15,3.44,0.39,13843.08,24742.48,1,False,164,1,Bills Payment,registered_biller,10,4,8,0,mobile_ios,,False,none,False,False,202,1,False,False,False,False,False,False,False,False,False,False,MEETS_DEVICE,76,biometric,572,0,841,False,45,15.3,False,False,False,2.23,2.23,62.8,2.13,False
TX-C3-002154,usr-C3-0216,C3,False,ALLOW,3028.15,1941.12,1.56,0.39,3028.15,8937.53,2,False,277,1,Remittance,third_party_individual,16,0,4,7,mobile_ios,Samgyupsal team dinner split payment,True,legit,False,False,896,1,False,False,False,False,False,False,False,False,False,False,MEETS_DEVICE,129,pin,448,0,676,False,18,11.9,False,False,False,1.57,1.57,108.9,0.87,False
TX-C3-002155,usr-C3-0179,C3,False,ALLOW,4264.03,2961.13,1.44,0.49,4264.03,9729.0,1,False,311,1,Remittance,business,5,5,5,10,mobile_ios,,False,none,False,False,817,1,False,False,False,False,False,False,False,False,False,False,MEETS_STRONG,11,pin,166,0,1336,False,13,9.7,False,False,False,1.46,1.46,151.0,0.58,False
TX-C3-002156,usr-C3-0187,C3,False,ALLOW,1437.85,4493.29,0.32,0.41,1437.85,4556.97,1,False,160,1,Funds Transfer,own_account,18,3,2,4,mobile_android,,False,none,False,False,191,1,False,False,False,False,False,False,True,False,False,False,MEETS_DEVICE,167,biometric,166,0,226,False,21,19.8,False,False,False,0.95,0.95,168.4,0.34,False
TX-C3-002157,usr-C3-0065,C3,False,ALLOW,4128.01,2332.21,1.77,0.14,4128.01,8526.57,1,False,579,1,Remittance,business,20,2,4,0,mobile_android,,False,none,False,False,110,1,False,False,False,False,False,False,False,False,False,False,MEETS_STRONG,170,pin,289,0,1592,False,22,8.8,False,False,False,2.13,2.13,136.3,0.94,False
TX-C3-002158,usr-C3-0134,C3,False,ALLOW,18275.58,12432.37,1.47,0.11,18275.58,31280.29,1,False,111,1,Funds Transfer,business,1,1,18,13,mobile_ios,,False,none,False,False,690,1,True,False,False,False,False,False,True,False,False,False,MEETS_BASIC,177,biometric,350,0,1659,True,29,15.1,False,False,False,2.63,2.63,128.9,1.22,False
TX-C3-002159,usr-C3-0173,C3,False,ALLOW,11630.65,10478.06,1.11,0.3,11630.65,18961.69,2,False,492,1,Remittance,third_party_individual,23,1,5,14,mobile_android,,False,none,False,False,326,1,False,False,False,False,False,False,True,False,False,False,MEETS_STRONG,117,biometric,394,0,1152,False,45,20.3,False,False,False,1.73,1.73,166.7,0.62,False
TX-C3-002160,usr-C3-0299,C3,False,ALLOW,331.77,1843.16,0.18,0.06,331.77,704.53,2,True,0,1,Bills Payment,registered_biller,10,4,1,5,mobile_ios,,False,none,False,True,0,1,False,False,False,False,False,False,False,False,False,False,MEETS_STRONG,75,pin,340,0,1626,False,35,9.0,False,False,False,1.29,1.29,135.4,0.57,False
TX-C3-002161,usr-C3-0174,C3,False,ALLOW,201.83,651.05,0.31,0.47,201.83,436.8,2,False,152,1,Bills Payment,registered_biller,17,1,7,12,mobile_android,,False,none,False,False,725,1,False,False,False,False,False,False,False,False,False,False,MISSING,60,biometric,90,0,720,False,25,10.0,False,False,False,2.27,2.27,241.0,0.57,False
TX-C3-002162,usr-C3-0286,C3,False,ALLOW,570.14,1117.93,0.51,0.38,570.14,1404.45,1,True,2,1,Bills Payment,registered_biller,15,6,3,8,mobile_ios,sm supermarket grocer yhaul,True,legit,False,False,740,1,False,False,False,False,False,False,False,False,False,False,MEETS_STRONG,90,pin,234,0,845,True,27,15.4,False,False,False,2.32,2.32,199.5,0.7,False
TX-C3-002163,usr-C3-0174,C3,False,ALLOW,585.94,651.05,0.9,0.36,585.94,1784.97,1,False,394,1,Funds Transfer,third_party_individual,19,1,9,2,mobile_ios,south star drug vitamins and prescription medicines,True,legit,False,False,725,1,False,False,False,False,False,False,True,False,False,False,MEETS_STRONG,18,pin,571,0,401,True,32,23.9,False,True,True,2.05,2.05,268.2,0.46,False
TX-C3-002164,usr-C3-0130,C3,False,ALLOW,787.92,4146.97,0.19,0.38,787.92,1202.87,1,False,274,1,Remittance,business,23,0,8,10,mobile_ios,,False,none,False,False,838,1,False,False,False,False,False,False,False,False,False,False,MEETS_DEVICE,107,biometric,167,0,1237,False,37,21.4,False,False,False,2.23,2.23,257.9,0.52,False
TX-C3-002165,usr-C3-0005,C3,False,ALLOW,5612.72,1199.3,4.68,0.48,5612.72,19191.29,1,False,419,1,Remittance,third_party_individual,23,6,8,5,mobile_android,Cybersecurity risk analysis handbook textbook,True,legit,False,False,586,1,False,False,False,False,False,False,True,False,False,False,MEETS_STRONG,77,biometric,328,0,1284,True,32,10.1,False,False,False,2.2,2.2,120.8,1.09,False
TX-C3-002166,usr-C3-0223,C3,False,ALLOW,12230.51,12608.77,0.97,0.25,12230.51,25815.23,1,False,75,1,Bills Payment,registered_biller,11,2,8,11,mobile_android,,False,none,False,False,620,1,False,False,False,False,False,False,False,False,False,False,MEETS_STRONG,119,biometric,330,0,319,False,23,5.7,False,False,False,2.28,2.28,256.2,0.53,False
TX-C3-002167,usr-C3-0160,C3,False,ALLOW,1240.39,3264.18,0.38,0.18,1240.39,2619.58,1,False,42,1,Remittance,third_party_individual,7,2,12,1,mobile_android,,False,none,False,False,547,1,False,False,False,False,False,False,False,False,False,False,MEETS_STRONG,172,pin,45,0,122,False,34,12.7,False,False,False,2.18,2.18,165.9,0.79,False
TX-C3-002168,usr-C3-0082,C3,False,ALLOW,5194.57,4994.78,1.04,0.06,5194.57,7974.37,1,False,194,1,Savings,own_account,3,3,16,7,mobile_android,,False,none,False,False,585,1,False,False,False,False,False,False,False,False,False,False,MEETS_STRONG,27,biometric,194,0,517,False,34,9.8,False,False,False,0.71,0.71,188.1,0.23,False
TX-C3-002169,usr-C3-0173,C3,False,ALLOW,7229.86,10478.06,0.69,0.4,7229.86,17770.36,1,False,120,1,Remittance,business,15,6,3,3,mobile_ios,Dog Veterinary Shampoo And Tick Medicine,True,legit,False,False,326,1,False,False,False,False,False,False,False,True,False,False,MEETS_STRONG,70,pin,132,0,1792,True,20,32.5,False,False,False,0.92,0.92,288.7,0.19,False
TX-C3-002170,usr-C3-0122,C3,False,ALLOW,667.9,1260.19,0.53,0.12,667.9,1201.29,1,True,3,1,Bills Payment,registered_biller,6,1,6,12,mobile_ios,,False,none,False,False,741,1,False,False,False,False,False,False,False,False,False,False,MEETS_STRONG,122,biometric,314,0,1596,True,21,10.1,False,False,False,2.47,2.47,30.9,4.8,False
TX-C3-002171,usr-C3-0145,C3,False,ALLOW,6418.93,5014.79,1.28,0.08,6418.93,11601.21,2,True,0,1,Funds Transfer,own_account,9,0,3,2,mobile_android,,False,none,False,False,503,1,False,False,False,False,False,False,False,False,False,False,MEETS_STRONG,57,biometric,555,0,546,False,15,5.6,False,False,False,1.26,1.26,167.9,0.45,False
TX-C3-002172,usr-C3-0060,C3,False,ALLOW,31394.03,19499.4,1.61,0.46,31394.03,43951.09,2,False,374,1,Funds Transfer,business,9,3,8,13,mobile_ios,,False,none,False,False,834,1,False,False,False,False,False,False,False,False,False,False,MEETS_DEVICE,84,biometric,275,0,979,True,45,10.2,False,False,False,1.58,1.58,217.9,0.44,False
TX-C3-002173,usr-C3-0163,C3,False,ALLOW,1022.59,1929.42,0.53,0.39,1022.59,1303.56,1,True,0,1,Remittance,business,10,0,3,3,mobile_android,,False,none,False,False,580,1,False,False,False,False,False,False,False,False,False,False,MEETS_STRONG,82,biometric,444,0,1173,False,37,9.5,False,False,False,0.92,0.92,270.3,0.2,False
TX-C3-002174,usr-C3-0107,C3,False,ALLOW,1407.03,7816.85,0.18,0.46,1407.03,2647.14,1,False,16,1,Bills Payment,registered_biller,11,6,10,2,mobile_ios,fastfood breakfast drive-thru share,True,legit,False,False,117,1,False,False,False,False,False,False,False,False,False,False,MEETS_DEVICE,173,biometric,49,0,120,False,36,24.9,False,True,True,2.58,2.58,107.5,1.44,False
TX-C3-002175,usr-C3-0047,C3,False,ALLOW,791.44,1930.33,0.41,0.23,791.44,1829.31,1,True,3,1,Savings,own_account,23,4,2,7,mobile_ios,,False,none,False,False,33,1,False,False,False,False,False,False,True,False,False,False,MEETS_DEVICE,146,biometric,405,0,740,False,42,19.5,False,False,False,211.87,211.87,267.9,47.45,False
TX-C3-002176,usr-C3-0005,C3,False,ALLOW,215.87,1199.3,0.18,0.27,215.87,372.48,2,True,2,1,Savings,own_account,5,3,10,7,mobile_ios,,False,none,False,False,586,1,False,False,False,False,False,False,True,False,False,False,MEETS_DEVICE,138,pin,177,0,619,False,39,9.0,False,False,False,1.15,1.15,187.8,0.37,False
TX-C3-002177,usr-C3-0031,C3,False,ALLOW,1384.44,2197.53,0.63,0.18,1384.44,2688.33,1,False,133,1,Savings,own_account,17,1,1,13,mobile_android,,False,none,False,False,186,1,False,False,False,False,False,False,False,False,False,False,MEETS_DEVICE,175,pin,144,0,1668,False,21,22.3,False,False,False,2.33,2.33,50.1,2.79,False
TX-C3-002178,usr-C3-0156,C3,False,ALLOW,167.67,762.15,0.22,0.24,167.67,271.02,2,False,541,1,Bills Payment,registered_biller,1,6,10,0,mobile_ios,,False,none,False,False,463,1,False,False,False,False,False,False,False,False,False,False,MEETS_DEVICE,173,biometric,517,0,1614,True,31,6.4,False,False,False,1.38,1.38,87.8,0.94,False
TX-C3-002179,usr-C3-0068,C3,False,ALLOW,3512.36,3443.49,1.02,0.4,3512.36,5412.65,1,False,224,1,Remittance,business,19,6,2,14,mobile_android,,False,none,False,False,717,1,False,False,False,False,False,False,False,True,False,False,MEETS_DEVICE,17,biometric,372,0,1933,False,23,94.9,False,False,False,0.6,0.6,22.7,1.59,False
TX-C3-002180,usr-C3-0194,C3,False,ALLOW,1046.37,3487.91,0.3,0.3,1046.37,2189.14,1,False,297,1,Savings,own_account,8,3,2,9,mobile_android,,False,none,False,False,866,1,False,False,False,False,False,False,False,False,False,False,MEETS_STRONG,131,pin,343,0,646,True,19,5.9,False,False,False,2.24,2.24,80.1,1.68,False
TX-C3-002181,usr-C3-0030,C3,False,ALLOW,5406.09,3316.62,1.63,0.03,5406.09,13302.51,1,False,417,1,Bills Payment,registered_biller,2,2,12,8,mobile_ios,Advance one month rent deposit forr enewal - Ref #71116,True,legit,False,False,332,1,False,False,False,False,False,False,True,False,False,False,MEETS_STRONG,179,biometric,66,0,1146,False,27,14.5,False,False,False,2.65,2.65,137.6,1.16,False
TX-C3-002182,usr-C3-0274,C3,False,ALLOW,295.0,500.0,0.59,0.34,295.0,715.3,2,False,75,1,Remittance,third_party_individual,2,6,7,8,mobile_android,,False,none,False,False,784,1,False,False,False,False,False,False,False,False,False,False,MEETS_DEVICE,108,biometric,103,0,1855,True,39,6.0,False,False,False,2.17,2.17,153.5,0.85,False
TX-C3-002183,usr-C3-0116,C3,False,ALLOW,2194.68,4064.22,0.54,0.08,2194.68,4928.57,1,True,1,1,Remittance,business,7,6,6,12,mobile_ios,,False,none,False,False,305,1,False,False,False,False,False,False,False,False,True,False,MEETS_STRONG,126,biometric,252,0,819,True,38,22.4,False,False,False,0.88,0.88,210.5,0.25,False
TX-C3-002184,usr-C3-0213,C3,False,ALLOW,2029.51,1764.79,1.15,0.1,2029.51,4645.86,2,False,372,1,Funds Transfer,third_party_individual,0,3,17,11,mobile_android,designing data intensive applications technical textbook,True,legit,False,False,685,1,False,False,False,False,False,False,True,False,False,False,MEETS_STRONG,145,biometric,357,0,1305,False,29,13.0,False,False,False,1.32,1.32,269.5,0.29,False
TX-C3-002185,usr-C3-0141,C3,False,ALLOW,3413.52,2306.43,1.48,0.43,3413.52,7766.57,1,False,77,1,Savings,own_account,8,2,12,7,mobile_android,Subdivision vehicle RFID sticker purchase - Ref #83578,True,legit,False,False,769,1,False,False,False,False,False,False,False,False,False,False,MISSING,60,biometric,90,0,720,False,25,10.0,False,False,False,1.98,1.98,119.5,0.99,False
TX-C3-002186,usr-C3-0297,C3,False,ALLOW,216.6,698.7,0.31,0.33,216.6,555.44,1,False,509,1,Savings,own_account,3,1,7,6,mobile_ios,,False,none,False,True,0,1,False,False,True,False,True,False,False,False,False,False,FAILED,123,biometric,269,0,1847,False,29,11.7,False,False,False,1.57,1.57,88.4,1.07,False
TX-C3-002187,usr-C3-0250,C3,True,REQUIRE_2FA,1390.0,500.0,2.78,0.49,1437.52,4819.32,7,False,369,1,Bills Payment,registered_biller,7,0,9,3,mobile_android,Deposit advance fee to claim grand priz promo winning - Ref #8526,True,scam,False,False,345,1,False,False,False,False,False,False,False,False,False,False,MEETS_STRONG,449,pin,6,0,11,True,7,15.5,False,True,True,1.58,1.58,183.0,0.52,False
TX-C3-002188,usr-C3-0214,C3,False,ALLOW,367.99,518.29,0.71,0.1,367.99,917.94,2,False,502,1,Remittance,business,22,1,10,14,mobile_android,,False,none,False,False,553,1,False,False,False,False,False,False,False,False,False,False,MEETS_DEVICE,127,biometric,252,0,1861,False,37,6.7,False,False,False,1.08,1.08,19.3,3.36,False
TX-C3-002189,usr-C3-0229,C3,False,ALLOW,3423.86,2783.63,1.23,0.32,3423.86,10177.67,1,False,412,1,Funds Transfer,third_party_individual,3,3,11,2,mobile_ios,,False,none,False,False,767,1,False,False,False,False,False,False,False,False,False,False,MEETS_STRONG,174,biometric,286,0,1828,True,12,6.8,False,False,False,1.54,1.54,196.3,0.47,False
TX-C3-002190,usr-C3-0158,C3,False,ALLOW,10332.46,6623.37,1.56,0.07,10332.46,23338.73,1,False,247,1,Funds Transfer,registered_biller,18,1,2,4,mobile_android,,False,none,False,False,352,1,False,False,False,False,False,False,False,False,False,False,MEETS_STRONG,16,pin,424,0,1386,True,40,18.5,False,False,False,0.58,0.58,261.0,0.13,False
TX-C3-002191,usr-C3-0130,C3,False,ALLOW,3359.05,4146.97,0.81,0.39,3359.05,8893.69,1,False,17,1,Savings,own_account,14,4,1,0,mobile_android,Monthly rent payment for Studio Unit 12B - Ref #74305,True,legit,False,False,838,1,False,False,False,False,False,False,False,False,False,False,MISSING,60,biometric,90,0,720,False,25,10.0,False,False,False,2.25,2.25,69.5,1.94,False
TX-C3-002192,usr-C3-0042,C3,False,ALLOW,1503.61,1253.01,1.2,0.49,1503.61,3906.72,2,True,0,1,Remittance,business,0,2,9,12,mobile_ios,,False,none,False,False,513,1,False,False,False,False,False,False,False,False,False,False,MEETS_STRONG,12,pin,303,0,289,False,36,24.8,False,False,False,0.66,0.66,84.9,0.47,False
TX-C3-002193,usr-C3-0299,C3,False,ALLOW,681.97,1843.16,0.37,0.09,681.97,1676.58,1,False,151,1,Remittance,third_party_individual,23,4,14,7,mobile_android,Sports Training Uniform And Gear Allowance - Ref #93959,True,legit,False,False,896,1,False,False,False,False,False,False,False,False,False,False,MEETS_STRONG,16,biometric,403,0,436,False,43,13.1,False,False,False,2.09,2.09,47.9,2.62,False
TX-C3-002194,usr-C3-0204,C3,False,ALLOW,1382.57,1486.63,0.93,0.35,1382.57,3245.46,1,False,505,1,Savings,own_account,2,5,17,14,mobile_android,,False,none,False,False,898,1,False,False,False,False,False,False,False,False,False,False,MEETS_DEVICE,119,pin,307,0,824,False,34,7.3,False,False,False,2.54,2.54,97.9,1.56,False
TX-C3-002195,usr-C3-0226,C3,False,ALLOW,3616.33,2178.51,1.66,0.29,3616.33,7114.79,1,False,267,1,Funds Transfer,third_party_individual,23,6,14,10,mobile_android,,False,none,False,False,75,1,False,False,False,False,False,False,False,False,False,False,MEETS_STRONG,13,biometric,332,0,1585,False,14,6.9,False,False,False,1.42,1.42,87.3,0.98,False
TX-C3-002196,usr-C3-0220,C3,False,ALLOW,1225.3,3713.04,0.33,0.32,1225.3,2598.3,2,False,378,1,Funds Transfer,registered_biller,18,4,2,7,mobile_android,Deposit,True,neutral,False,False,831,1,False,False,False,False,False,False,False,False,False,False,MEETS_DEVICE,34,pin,442,0,565,True,21,16.4,False,False,False,1.89,1.89,59.1,1.92,False
TX-C3-002197,usr-C3-0060,C3,False,ALLOW,23789.27,19499.4,1.22,0.33,23789.27,36823.28,2,False,207,1,Funds Transfer,third_party_individual,10,4,7,13,mobile_ios,,False,none,False,False,834,1,False,False,False,False,False,False,False,False,False,False,MEETS_STRONG,15,pin,483,0,1856,False,32,6.3,False,False,False,2.94,2.94,189.1,0.93,False
TX-C3-002198,usr-C3-0238,C3,False,ALLOW,2306.45,2812.75,0.82,0.32,2306.45,5694.98,1,False,543,1,Bills Payment,registered_biller,21,6,7,12,mobile_ios,Solar energy crowdfunding certificate guaranteed dividend,True,scam,False,False,39,1,False,False,False,False,False,False,False,False,False,False,MEETS_STRONG,153,biometric,177,0,891,True,42,12.6,False,False,False,0.18,0.18,230.0,0.05,False
TX-C3-002199,usr-C3-0262,C3,False,ALLOW,5432.6,4024.15,1.35,0.13,5432.6,6955.19,2,True,0,1,Savings,own_account,1,5,17,13,mobile_ios,Real estate property appraisa lfee,True,legit,False,False,202,1,False,False,False,False,False,False,True,False,False,False,MEETS_DEVICE,88,pin,62,0,324,True,37,19.3,False,False,False,1.51,1.51,177.8,0.51,False
TX-C3-002200,usr-C3-0140,C3,False,ALLOW,635.29,1198.66,0.53,0.23,635.29,1766.14,1,False,593,1,Funds Transfer,business,10,2,2,9,mobile_android,commercial stall lease payment monthly,True,legit,False,False,833,1,False,False,False,False,False,False,False,False,False,False,MEETS_STRONG,175,pin,583,0,597,False,39,11.1,False,False,False,1.26,1.26,187.6,0.4,False
TX-C3-002201,usr-C3-0296,C3,False,ALLOW,1199.48,922.68,1.3,0.38,1199.48,4193.97,1,False,466,1,Funds Transfer,third_party_individual,17,1,2,0,mobile_android,,False,none,False,False,200,1,False,False,False,False,False,False,False,False,False,False,MEETS_DEVICE,110,biometric,310,0,554,True,20,24.8,False,False,False,1.3,1.3,116.8,0.67,False
TX-C3-002202,usr-C3-0066,C3,False,ALLOW,3811.93,2129.57,1.79,0.08,3811.93,12804.47,1,False,152,1,Bills Payment,registered_biller,13,0,4,3,mobile_android,,False,none,False,False,225,1,False,False,False,False,False,False,False,False,False,False,MEETS_STRONG,134,pin,508,0,275,False,41,10.0,False,False,False,2.24,2.24,49.4,2.72,False
TX-C3-002203,usr-C3-0063,C3,False,ALLOW,393.9,2626.0,0.15,0.45,393.9,911.43,1,False,117,1,Savings,own_account,11,6,2,6,mobile_android,,False,none,False,False,504,1,False,False,False,False,False,False,False,False,False,False,MEETS_STRONG,95,biometric,503,0,1737,False,20,7.6,False,False,False,1.76,1.76,109.2,0.97,False
TX-C3-002204,usr-C3-0281,C3,False,ALLOW,6064.31,5945.4,1.02,0.03,6064.31,20405.12,1,False,175,1,Funds Transfer,registered_biller,8,3,13,14,mobile_android,,False,none,False,False,211,1,False,False,False,False,False,False,False,False,False,False,MEETS_DEVICE,80,biometric,563,0,1395,False,41,23.1,False,True,True,0.87,0.87,252.0,0.21,False
TX-C3-002205,usr-C3-0201,C3,False,ALLOW,754.83,1715.53,0.44,0.3,754.83,1863.43,1,False,528,1,Bills Payment,registered_biller,17,6,1,9,mobile_android,,False,none,False,False,156,1,False,False,False,False,False,True,True,False,False,False,MEETS_DEVICE,72,biometric,346,0,1907,False,14,19.7,False,False,False,198.47,198.47,317.0,37.57,False
TX-C3-002206,usr-C3-0071,C3,False,ALLOW,3082.06,5815.2,0.53,0.42,3082.06,8651.91,1,False,249,1,Bills Payment,registered_biller,16,1,4,7,mobile_ios,Fastfood Breakfast Drive-Thru Share,True,legit,False,False,750,1,False,False,False,False,False,False,False,False,False,False,MEETS_STRONG,114,pin,157,0,1217,True,33,23.6,False,False,False,1.49,1.49,122.5,0.73,False
TX-C3-002207,usr-C3-0047,C3,False,ALLOW,1370.53,1930.33,0.71,0.15,1370.53,2787.08,1,False,102,1,Savings,own_account,11,2,10,3,mobile_android,,False,none,False,False,33,1,False,False,False,False,False,False,False,False,False,False,MEETS_STRONG,43,biometric,455,0,1928,True,32,5.0,False,False,False,2.62,2.62,179.8,0.87,False
TX-C3-002208,usr-C3-0244,C3,False,ALLOW,1670.31,1855.9,0.9,0.21,1670.31,2823.89,1,False,222,1,Bills Payment,registered_biller,6,5,4,11,mobile_android,,False,none,False,False,433,1,False,False,False,False,False,False,False,False,False,False,MEETS_STRONG,86,biometric,473,0,1693,False,44,8.5,False,False,False,2.12,2.12,235.2,0.54,False
TX-C3-002209,usr-C3-0279,C3,False,ALLOW,927.18,1173.65,0.79,0.37,927.18,1292.72,1,False,466,1,Bills Payment,registered_biller,8,4,4,11,mobile_android,,False,none,False,False,87,1,True,False,False,False,False,False,True,False,False,False,MEETS_BASIC,99,pin,201,0,1382,False,15,16.9,False,False,False,1.86,1.86,153.5,0.73,False
TX-C3-002210,usr-C3-0105,C3,False,ALLOW,9678.86,7502.99,1.29,0.33,9678.86,30708.42,1,False,264,1,Funds Transfer,registered_biller,7,3,6,5,mobile_ios,,False,none,False,False,679,1,False,False,False,False,False,False,False,False,False,False,MEETS_STRONG,24,biometric,274,0,1102,False,23,12.2,False,False,False,1.91,1.91,156.5,0.73,False
TX-C3-002211,usr-C3-0067,C3,False,ALLOW,1085.81,1308.21,0.83,0.16,1085.81,1427.84,1,False,335,1,Savings,own_account,16,2,6,11,mobile_ios,,False,none,False,False,70,1,False,False,False,False,False,False,False,False,False,False,MEETS_DEVICE,171,pin,465,0,1919,True,43,15.1,False,False,False,0.11,0.11,70.7,0.09,False
TX-C3-002212,usr-C3-0156,C3,False,ALLOW,914.58,762.15,1.2,0.26,914.58,1240.0,1,True,3,1,Bills Payment,registered_biller,18,5,7,3,mobile_android,,False,none,False,False,463,1,False,False,False,False,False,False,True,False,False,False,MEETS_STRONG,97,biometric,224,0,1889,False,45,21.8,False,False,False,2.27,2.27,264.5,0.51,False
TX-C3-002213,usr-C3-0054,C3,False,ALLOW,2632.5,2830.65,0.93,0.27,2632.5,8894.41,1,True,1,1,Savings,own_account,15,2,6,6,mobile_android,Converge ICT fiber internet connection,True,legit,False,True,3,1,False,False,False,False,False,False,True,False,False,False,MEETS_STRONG,130,biometric,299,0,1245,True,25,10.8,False,False,False,2.41,2.41,191.4,0.76,False
TX-C3-002214,usr-C3-0040,C3,False,ALLOW,3920.62,2390.62,1.64,0.04,3920.62,4775.33,1,True,0,1,Funds Transfer,registered_biller,21,1,9,6,mobile_android,,False,none,False,False,793,1,False,False,False,False,False,False,False,False,False,False,MEETS_STRONG,59,biometric,137,0,1408,True,37,13.4,False,False,False,1.98,1.98,70.6,1.68,False
TX-C3-002215,usr-C3-0165,C3,False,ALLOW,5964.62,4322.19,1.38,0.36,5964.62,14122.7,1,False,257,1,Remittance,business,17,5,4,9,mobile_android,,False,none,False,False,146,1,False,False,False,False,False,False,False,False,False,False,MEETS_STRONG,64,pin,240,0,1820,False,27,22.9,False,False,False,1.5,1.5,144.6,0.62,False
TX-C3-002216,usr-C3-0295,C3,False,ALLOW,2330.09,2062.03,1.13,0.49,2330.09,6990.86,1,False,366,1,Remittance,business,3,4,6,7,mobile_android,,False,none,False,False,31,1,False,False,False,False,False,False,False,False,False,False,MEETS_STRONG,30,pin,116,0,1849,False,28,5.7,False,False,False,2.09,2.09,172.6,0.73,False
TX-C3-002217,usr-C3-0105,C3,False,ALLOW,1200.48,7502.99,0.16,0.03,1200.48,3777.51,1,False,383,1,Savings,own_account,7,3,6,7,mobile_android,,False,none,False,False,679,1,False,False,False,False,False,False,True,False,False,False,MEETS_DEVICE,54,biometric,233,0,428,False,31,10.7,False,False,False,1.69,1.69,62.2,1.63,False
TX-C3-002218,usr-C3-0242,C3,False,ALLOW,1155.14,2406.55,0.48,0.42,1155.14,3201.71,1,False,269,1,Savings,own_account,12,2,5,1,mobile_android,,False,none,False,False,895,1,False,False,False,False,False,False,False,False,False,False,MISSING,60,biometric,90,0,720,False,25,10.0,False,False,False,1.8,1.8,79.8,1.35,False
TX-C3-002219,usr-C3-0117,C3,False,ALLOW,2093.55,1586.02,1.32,0.12,2093.55,2853.39,1,False,128,1,Bills Payment,registered_biller,9,0,4,6,mobile_android,,False,none,False,False,475,1,False,False,False,False,False,False,False,False,False,False,MEETS_STRONG,24,pin,165,0,1212,False,18,15.4,False,False,False,1.68,1.68,180.1,0.56,False
TX-C3-002220,usr-C3-0138,C3,False,ALLOW,438.16,1068.69,0.41,0.4,438.16,1184.9,1,False,210,1,Savings,own_account,17,0,4,2,mobile_android,,False,none,False,False,137,1,True,False,False,False,False,False,True,False,False,False,MEETS_BASIC,28,biometric,262,0,1763,False,22,12.7,False,False,False,0.69,0.69,106.3,0.39,False
TX-C3-002221,usr-C3-0126,C3,False,ALLOW,12441.38,2148.77,5.79,0.18,12441.38,27819.86,1,True,2,1,Remittance,business,14,5,7,1,mobile_ios,,False,none,False,False,728,1,False,False,False,False,False,False,False,False,False,False,MEETS_STRONG,85,biometric,444,0,363,False,16,9.2,False,False,False,1.69,1.69,134.2,0.76,False
TX-C3-002222,usr-C3-0291,C3,False,ALLOW,1400.18,2414.1,0.58,0.22,1400.18,2647.47,1,False,487,1,Remittance,third_party_individual,0,3,11,14,mobile_android,,False,none,False,False,538,1,False,False,False,False,False,False,False,False,False,False,MEETS_STRONG,131,biometric,180,0,888,False,39,11.2,False,False,False,2.18,2.18,76.1,1.72,False
TX-C3-002223,usr-C3-0153,C3,False,ALLOW,13303.32,3009.8,4.42,0.3,13303.32,20880.62,1,False,266,1,Funds Transfer,registered_biller,3,0,15,7,mobile_android,,False,none,False,False,334,1,False,False,False,False,False,False,False,False,False,False,MEETS_STRONG,93,biometric,387,0,667,True,28,13.7,False,True,True,0.95,0.95,164.0,0.35,False
TX-C3-002224,usr-C3-0249,C3,False,ALLOW,1526.19,1606.52,0.95,0.46,1526.19,3582.1,2,False,484,1,Funds Transfer,business,12,1,5,2,mobile_android,,False,none,False,False,153,1,False,False,False,False,False,False,False,False,False,False,MEETS_STRONG,56,biometric,41,0,1168,False,27,7.7,False,False,False,1.12,1.12,288.2,0.23,False
TX-C3-002225,usr-C3-0272,C3,False,ALLOW,2706.72,2004.98,1.35,0.1,2706.72,8052.84,2,False,389,1,Funds Transfer,registered_biller,2,5,12,11,mobile_android,manila water monthly bill settlement,True,legit,False,False,572,1,False,False,False,False,False,False,False,False,False,False,MEETS_STRONG,161,pin,593,0,1206,True,27,18.0,False,False,False,1.73,1.73,133.8,0.78,False
TX-C3-002226,usr-C3-0186,C3,False,ALLOW,3348.85,3762.75,0.89,0.06,3348.85,4195.52,2,False,544,1,Bills Payment,registered_biller,8,3,2,9,mobile_android,,False,none,False,False,77,1,False,False,False,False,False,False,False,False,False,False,MEETS_STRONG,150,pin,220,0,880,False,18,18.8,False,False,False,1.9,1.9,53.2,2.14,False
TX-C3-002227,usr-C3-0193,C3,False,ALLOW,304.72,781.34,0.39,0.2,304.72,401.91,1,True,3,1,Bills Payment,registered_biller,10,5,7,3,mobile_ios,Gardener Landscaping Mainetnance Honorarium - Ref #16145,True,legit,False,False,261,1,False,False,False,False,False,False,False,False,False,False,MEETS_STRONG,90,pin,190,0,1930,False,13,15.9,False,False,False,2.01,2.01,26.7,4.52,False
TX-C3-002228,usr-C3-0131,C3,False,ALLOW,3852.39,3321.03,1.16,0.46,3852.39,5379.71,1,False,397,1,Remittance,third_party_individual,18,5,3,6,mobile_ios,,False,none,False,False,626,1,False,False,False,False,False,False,False,False,False,False,MEETS_STRONG,12,biometric,158,0,353,False,23,9.2,False,False,False,0.56,0.56,223.9,0.15,False
TX-C3-002229,usr-C3-0283,C3,False,ALLOW,213.99,1069.93,0.2,0.14,213.99,513.1,2,True,2,1,Remittance,third_party_individual,13,3,1,6,mobile_ios,Bayad Sa Upa Para Sa Buwan Ng Oktubre,True,legit,False,False,104,1,False,False,False,False,False,False,False,False,False,False,MEETS_DEVICE,75,biometric,410,0,638,True,43,9.4,False,False,False,1.09,1.09,212.4,0.31,False
TX-C3-002230,usr-C3-0245,C3,False,ALLOW,1783.38,2286.39,0.78,0.11,1783.38,2719.38,1,True,3,1,Funds Transfer,business,3,1,10,5,mobile_ios,,False,none,False,False,272,1,False,False,False,False,False,False,False,False,False,False,MEETS_DEVICE,129,biometric,342,0,571,False,36,24.9,False,False,False,0.67,0.67,145.1,0.28,False
TX-C3-002231,usr-C3-0094,C3,False,ALLOW,2095.9,2278.15,0.92,0.12,2095.9,2787.87,1,False,453,1,Bills Payment,registered_biller,15,3,1,2,mobile_ios,,False,none,False,False,595,1,False,False,False,False,False,False,False,False,False,False,MEETS_STRONG,72,biometric,288,0,1905,True,28,17.1,False,False,False,2.21,2.21,86.1,1.54,False
TX-C3-002232,usr-C3-0075,C3,False,ALLOW,6901.78,1906.57,3.62,0.06,6901.78,23046.14,1,False,556,1,Savings,own_account,3,1,11,0,mobile_ios,,False,none,False,False,238,1,False,False,False,False,False,False,False,False,False,False,MEETS_STRONG,44,pin,295,0,257,False,39,20.8,False,False,False,2.23,2.23,252.4,0.53,False
TX-C3-002233,usr-C3-0197,C3,False,ALLOW,648.03,4320.2,0.15,0.38,648.03,2220.93,1,False,591,1,Savings,own_account,10,6,1,5,mobile_ios,canteen lunch credit ssettlement - Ref #78590,True,legit,False,False,801,1,False,False,False,False,False,False,False,False,False,False,MEETS_STRONG,55,biometric,229,0,859,False,29,9.0,False,False,False,2.23,2.23,141.9,0.94,False
TX-C3-002234,usr-C3-0163,C3,False,ALLOW,1755.77,1929.42,0.91,0.06,1755.77,4258.92,1,False,287,1,Savings,own_account,17,4,4,3,mobile_android,,False,none,False,False,580,1,False,False,False,False,False,False,False,False,False,False,MEETS_STRONG,161,biometric,246,0,1861,False,12,8.7,False,False,False,1.02,1.02,226.7,0.27,False
TX-C3-002235,usr-C3-0171,C3,False,ALLOW,541.57,917.91,0.59,0.17,541.57,1885.23,2,False,382,1,Remittance,third_party_individual,2,1,10,2,mobile_ios,,False,none,False,False,241,1,False,False,False,False,False,False,False,False,False,False,MEETS_STRONG,34,biometric,595,0,1427,False,22,14.0,False,False,False,1.95,1.95,124.0,0.94,False
TX-C3-002236,usr-C3-0155,C3,False,ALLOW,3437.49,2840.9,1.21,0.33,3437.49,5039.61,1,False,101,1,Savings,own_account,21,2,6,10,mobile_ios,,False,none,False,False,553,1,False,False,False,False,False,False,False,False,False,False,MISSING,60,biometric,90,0,720,False,25,10.0,False,False,False,0.19,0.19,297.3,0.04,False
TX-C3-002237,usr-C3-0196,C3,False,ALLOW,1250.84,874.71,1.43,0.23,1250.84,1687.77,1,False,481,1,Bills Payment,registered_biller,6,5,8,8,mobile_android,Balance settlement - Ref #58159,True,neutral,False,False,350,1,False,False,False,False,False,False,False,False,False,False,MEETS_STRONG,47,biometric,120,0,813,False,40,16.9,False,False,False,0.91,0.91,76.6,0.71,False
TX-C3-002238,usr-C3-0195,C3,False,ALLOW,1497.76,1280.14,1.17,0.07,1497.76,5036.45,1,False,530,1,Funds Transfer,own_account,9,6,6,9,mobile_android,,False,none,False,False,264,1,False,False,False,False,False,False,False,False,False,False,MEETS_STRONG,52,biometric,206,0,1592,False,25,20.8,False,False,False,2.13,2.13,252.1,0.51,False
TX-C3-002239,usr-C3-0059,C3,False,ALLOW,515.13,2453.01,0.21,0.44,515.13,1785.92,1,False,587,1,Savings,own_account,16,4,7,6,mobile_ios,,False,none,False,False,537,1,False,False,False,False,False,False,True,False,False,False,MEETS_STRONG,125,pin,278,0,1390,False,19,24.4,False,False,False,2.03,2.03,151.9,0.8,False
TX-C3-002240,usr-C3-0095,C3,False,ALLOW,321.62,4594.64,0.07,0.33,321.62,602.3,1,True,3,1,Funds Transfer,own_account,2,3,14,6,mobile_ios,,False,none,False,False,114,1,False,False,False,False,False,False,False,False,False,False,MEETS_STRONG,161,biometric,122,0,1350,True,44,6.7,False,False,False,1.55,1.55,161.0,0.58,False
TX-C3-002241,usr-C3-0214,C3,False,ALLOW,129.57,518.29,0.25,0.08,129.57,158.13,2,False,385,1,Savings,own_account,0,4,12,14,mobile_android,,False,none,False,True,4,1,False,False,False,False,False,False,False,False,False,False,MEETS_DEVICE,123,biometric,220,0,604,False,17,23.5,False,False,False,2.37,2.37,248.0,0.57,False
TX-C3-002242,usr-C3-0292,C3,False,ALLOW,3379.93,4278.39,0.79,0.35,3379.93,7510.33,1,False,305,1,Savings,own_account,17,2,6,6,mobile_ios,,False,none,False,False,357,1,False,False,False,False,False,False,False,False,False,False,MEETS_DEVICE,47,biometric,126,0,1979,True,13,11.6,False,False,False,0.41,0.41,157.0,0.16,False
TX-C3-002243,usr-C3-0119,C3,False,ALLOW,205.0,500.0,0.41,0.26,205.0,520.62,1,False,375,1,Remittance,business,19,3,7,2,mobile_android,,False,none,False,False,661,1,True,False,False,False,False,False,True,False,False,False,MEETS_BASIC,174,biometric,294,0,203,False,28,17.2,False,False,False,2.01,2.01,118.0,1.02,False
TX-C3-002244,usr-C3-0015,C3,False,ALLOW,3436.33,5128.85,0.67,0.32,3436.33,10953.75,1,False,248,1,Remittance,third_party_individual,20,3,8,0,mobile_android,,False,none,False,False,617,1,False,False,False,False,False,False,False,False,True,False,MEETS_STRONG,120,biometric,68,0,681,False,24,16.5,False,False,False,2.1,2.1,101.2,1.25,False
TX-C3-002245,usr-C3-0045,C3,False,ALLOW,608.99,998.34,0.61,0.07,608.99,906.87,1,False,164,1,Savings,own_account,10,6,1,14,mobile_android,,False,none,False,False,582,1,False,False,False,False,False,False,False,False,False,False,MEETS_STRONG,155,biometric,165,0,1693,False,17,11.5,False,False,False,1.95,1.95,231.0,0.51,False
TX-C3-002246,usr-C3-0233,C3,False,ALLOW,5838.76,9267.88,0.63,0.01,5838.76,13559.12,1,False,346,1,Funds Transfer,third_party_individual,17,0,5,14,mobile_ios,,False,none,False,False,407,1,True,False,False,False,False,False,True,False,False,False,MEETS_BASIC,89,biometric,124,0,1388,False,20,7.8,False,False,False,0.15,0.15,142.6,0.06,False
TX-C3-002247,usr-C3-0289,C3,False,ALLOW,245.31,2044.22,0.12,0.23,245.31,760.36,1,False,446,1,Funds Transfer,own_account,4,4,17,13,mobile_ios,,False,none,False,False,430,1,False,False,False,False,False,False,False,False,False,False,MEETS_DEVICE,152,biometric,82,0,1362,False,41,8.1,False,False,False,2.15,2.15,121.2,1.06,False
TX-C3-002248,usr-C3-0049,C3,False,ALLOW,9045.86,5912.33,1.53,0.08,9045.86,28726.17,1,False,124,1,Remittance,business,21,0,5,4,mobile_ios,Weekly school alllowance and bus fare,True,legit,False,False,283,1,False,False,False,False,False,False,False,False,False,False,MEETS_STRONG,47,biometric,138,0,108,False,42,13.1,False,False,False,1.25,1.25,162.7,0.46,False
TX-C3-002249,usr-C3-0110,C3,False,ALLOW,9984.39,8533.67,1.17,0.05,9984.39,33769.33,1,False,550,1,Funds Transfer,business,23,6,10,6,mobile_android,Electrical rewiring installation labor cost,True,legit,False,False,35,1,False,False,False,False,False,False,True,False,False,False,MEETS_STRONG,171,biometric,117,0,488,False,12,24.3,False,False,False,2.13,2.13,203.0,0.63,False
TX-C3-002250,usr-C3-0083,C3,False,ALLOW,1839.2,1372.54,1.34,0.13,1839.2,3148.82,1,False,104,1,Remittance,third_party_individual,19,2,0,9,mobile_android,Funds transsfer - Ref #53670,True,neutral,False,False,106,1,False,False,False,False,False,False,False,False,False,False,MEETS_STRONG,131,biometric,153,0,364,False,25,9.5,False,False,False,1.94,1.94,86.1,1.35,False
TX-C3-002251,usr-C3-0170,C3,False,ALLOW,44104.77,8856.38,4.98,0.13,44104.77,101904.89,2,True,0,1,Savings,own_account,6,4,8,8,mobile_android,,False,none,False,False,735,1,False,False,False,False,False,False,False,False,False,False,MEETS_STRONG,11,biometric,503,0,699,False,35,13.7,False,False,False,2.04,2.04,287.9,0.43,False
TX-C3-002252,usr-C3-0038,C3,False,ALLOW,161.3,1240.75,0.13,0.23,161.3,483.63,2,False,21,1,Bills Payment,registered_biller,16,6,2,3,mobile_ios,,False,none,False,False,497,1,False,False,False,False,False,False,False,False,False,False,MEETS_STRONG,91,pin,549,0,1927,False,19,17.9,False,False,False,1.49,1.49,112.9,0.79,False
TX-C3-002253,usr-C3-0219,C3,False,ALLOW,4539.87,3880.23,1.17,0.08,4539.87,9525.8,1,False,112,1,Remittance,third_party_individual,8,2,3,8,mobile_ios,,False,none,False,False,41,1,False,False,False,False,False,False,False,False,False,False,MEETS_STRONG,122,biometric,238,0,1055,False,25,11.2,False,False,False,1.12,1.12,18.3,3.67,False
TX-C3-002254,usr-C3-0008,C3,False,ALLOW,16919.66,9668.38,1.75,0.33,16919.66,47318.28,1,True,1,1,Bills Payment,registered_biller,10,6,2,10,mobile_ios,commercial stall lease payment monthly,True,legit,False,False,249,1,False,False,False,False,False,False,False,False,False,False,MEETS_STRONG,124,pin,137,0,1743,True,24,8.9,False,False,False,1.22,1.22,270.2,0.27,False
TX-C3-002255,usr-C3-0293,C3,False,ALLOW,1034.3,1066.29,0.97,0.23,1034.3,2862.36,1,False,79,1,Savings,own_account,11,5,3,8,mobile_ios,,False,none,False,False,776,1,False,False,False,False,False,False,False,False,False,False,MEETS_DEVICE,122,biometric,532,0,438,False,34,13.2,False,False,False,2.37,2.37,184.5,0.77,False
TX-C3-002256,usr-C3-0103,C3,False,ALLOW,994.77,7105.52,0.14,0.22,994.77,3046.47,1,False,93,1,Funds Transfer,registered_biller,15,5,5,0,mobile_ios,Professional engineering consultancy service billing,True,legit,False,False,84,1,False,False,False,False,False,False,False,False,False,False,MEETS_DEVICE,115,biometric,501,0,749,False,19,7.0,False,False,False,1.71,1.71,21.7,4.73,False
TX-C3-002257,usr-C3-0020,C3,False,ALLOW,4536.66,3436.86,1.32,0.48,4536.66,5778.4,2,False,252,1,Remittance,business,4,5,12,0,mobile_ios,,False,none,False,False,546,1,False,False,False,False,False,False,False,False,False,False,MEETS_STRONG,38,biometric,180,0,1458,True,20,14.7,False,False,False,1.61,1.61,232.7,0.42,False
TX-C3-002258,usr-C3-0197,C3,False,ALLOW,7646.75,4320.2,1.77,0.07,7646.75,20051.63,2,True,0,1,Remittance,business,18,3,7,1,mobile_ios,,False,none,False,False,801,1,False,False,False,False,False,False,False,False,False,False,MEETS_DEVICE,19,biometric,445,0,350,False,34,15.4,False,False,False,1.96,1.96,254.4,0.46,False
TX-C3-002259,usr-C3-0230,C3,False,ALLOW,1339.36,1785.81,0.75,0.06,1339.36,2207.57,1,False,570,1,Savings,own_account,14,6,3,4,mobile_ios,,False,none,False,False,152,1,False,False,False,False,False,False,False,False,False,False,MEETS_STRONG,155,biometric,100,0,1095,False,25,19.2,False,False,False,2.42,2.42,67.0,2.17,False
TX-C3-002260,usr-C3-0259,C3,False,ALLOW,2562.65,3328.12,0.77,0.27,2562.65,6117.21,1,True,1,1,Bills Payment,registered_biller,3,0,7,10,mobile_ios,,False,none,False,False,862,1,False,False,False,False,False,False,False,False,True,False,MEETS_STRONG,110,biometric,478,0,1276,True,33,14.3,False,False,False,1.91,1.91,171.5,0.67,False
TX-C3-002261,usr-C3-0099,C3,False,ALLOW,6456.84,5005.3,1.29,0.09,6456.84,11978.14,1,False,564,1,Savings,own_account,5,1,7,13,mobile_android,,False,none,False,False,46,1,False,False,False,False,False,False,False,True,False,False,MEETS_DEVICE,167,biometric,367,0,1724,True,34,35.7,False,False,False,2.29,2.29,60.4,2.27,False
TX-C3-002262,usr-C3-0087,C3,False,ALLOW,75638.48,16921.36,4.47,0.32,75638.48,258160.78,1,False,158,1,Savings,own_account,7,4,10,8,mobile_android,Bills payment,True,neutral,False,False,574,1,True,False,False,False,False,False,True,False,False,False,MEETS_BASIC,46,biometric,158,0,1772,True,44,6.8,False,False,False,2.84,2.84,24.1,7.07,False
TX-C3-002263,usr-C3-0240,C3,False,ALLOW,489.75,1883.65,0.26,0.4,489.75,629.97,1,False,99,1,Funds Transfer,third_party_individual,23,3,8,10,mobile_android,,False,none,False,False,273,1,False,False,False,False,False,False,False,False,False,False,MEETS_DEVICE,18,pin,427,0,1984,True,28,14.3,False,False,False,2.34,2.34,156.0,0.9,False
TX-C3-002264,usr-C3-0208,C3,False,ALLOW,4138.11,7259.85,0.57,0.07,4138.11,13528.84,1,True,2,1,Funds Transfer,registered_biller,4,1,10,0,mobile_android,manila water monthly bill settlement - Ref #51585,True,legit,False,False,399,1,False,False,False,False,False,False,False,False,False,False,MEETS_STRONG,37,pin,168,0,712,False,18,19.8,False,False,False,2.49,2.49,132.2,1.13,False
TX-C3-002265,usr-C3-0255,C3,False,ALLOW,2048.12,4763.06,0.43,0.22,2048.12,4966.83,1,True,1,1,Savings,own_account,8,2,4,3,mobile_android,,False,none,False,False,593,1,False,False,False,False,False,False,False,False,False,False,MEETS_DEVICE,140,biometric,392,0,579,False,19,12.1,False,False,False,2.08,2.08,203.8,0.61,False
TX-C3-002266,usr-C3-0283,C3,False,ALLOW,1358.81,1069.93,1.27,0.39,1358.81,4737.34,1,False,541,1,Funds Transfer,third_party_individual,23,4,9,6,mobile_android,,False,none,False,False,104,1,False,False,False,False,False,False,False,False,False,False,MEETS_STRONG,79,pin,402,0,533,True,41,6.9,False,False,False,1.07,1.07,241.7,0.27,False
TX-C3-002267,usr-C3-0098,C3,False,ALLOW,2026.25,1407.12,1.44,0.04,2026.25,6025.1,1,False,386,1,Funds Transfer,own_account,17,3,4,11,mobile_ios,,False,none,False,False,730,1,False,False,False,False,False,False,False,False,False,False,MISSING,60,biometric,90,0,720,False,25,10.0,False,False,False,2.41,2.41,158.0,0.92,False
TX-C3-002268,usr-C3-0077,C3,False,ALLOW,169.17,563.9,0.3,0.37,169.17,404.75,1,False,245,1,Remittance,third_party_individual,22,2,4,8,mobile_ios,,False,none,False,False,628,1,False,False,False,False,False,False,True,False,False,False,MEETS_DEVICE,152,pin,432,0,1809,False,45,12.0,False,False,False,2.44,2.44,65.7,2.23,False
TX-C3-002269,usr-C3-0081,C3,False,ALLOW,11699.76,7266.93,1.61,0.11,11699.76,35497.44,1,False,339,1,Savings,own_account,10,0,1,7,mobile_android,,False,none,False,False,390,1,False,False,False,False,False,False,False,False,False,False,MEETS_STRONG,77,pin,413,0,436,True,34,15.5,False,False,False,1.19,1.19,15.0,4.76,False
TX-C3-002270,usr-C3-0038,C3,False,ALLOW,347.41,1240.75,0.28,0.36,347.41,806.76,1,False,70,1,Funds Transfer,own_account,22,0,4,7,mobile_android,,False,none,False,False,497,1,False,False,False,False,False,False,False,False,False,False,MEETS_STRONG,39,biometric,445,0,115,True,28,7.8,False,False,False,0.89,0.89,52.1,1.02,False
TX-C3-002271,usr-C3-0206,C3,False,ALLOW,1465.36,1592.78,0.92,0.17,1465.36,3092.07,1,False,247,1,Funds Transfer,registered_biller,2,3,10,10,mobile_android,,False,none,False,True,0,1,False,False,False,False,False,False,False,False,False,False,MEETS_STRONG,171,biometric,88,0,1535,False,24,20.4,False,False,False,1.57,1.57,208.6,0.45,False
TX-C3-002272,usr-C3-0069,C3,False,ALLOW,135.84,1234.93,0.11,0.46,135.84,464.62,1,False,532,1,Bills Payment,registered_biller,20,3,7,13,mobile_android,,False,none,False,False,370,1,False,False,False,False,False,False,False,False,False,False,MEETS_STRONG,99,pin,171,0,1264,True,19,10.0,False,False,False,2.15,2.15,167.5,0.77,False
TX-C3-002273,usr-C3-0015,C3,False,ALLOW,2102.83,5128.85,0.41,0.42,2102.83,2698.13,1,False,445,1,Funds Transfer,third_party_individual,18,6,6,14,mobile_ios,CIGNAL TV PREPAID RELOAD PACKAGE - Ref #86306,True,legit,False,False,617,1,False,False,False,False,False,False,False,False,False,False,MEETS_DEVICE,53,biometric,487,0,1575,False,26,21.3,False,False,False,3.02,3.02,247.3,0.73,False
TX-C3-002274,usr-C3-0083,C3,False,ALLOW,1688.22,1372.54,1.23,0.28,1688.22,2480.18,1,False,336,1,Remittance,third_party_individual,0,0,19,2,mobile_android,,False,none,False,False,106,1,False,False,False,False,False,False,False,False,False,False,MEETS_STRONG,13,biometric,353,0,1602,False,22,8.3,False,True,True,1.95,1.95,270.3,0.43,False
TX-C3-002275,usr-C3-0065,C3,False,ALLOW,1026.17,2332.21,0.44,0.41,1026.17,2892.06,1,True,1,1,Funds Transfer,registered_biller,5,2,11,10,mobile_android,,False,none,False,False,110,1,False,False,False,False,False,False,True,False,False,False,MEETS_STRONG,80,biometric,346,0,1954,False,16,24.6,False,False,False,0.66,0.66,221.5,0.18,False
TX-C3-002276,usr-C3-0102,C3,False,ALLOW,1607.62,1199.72,1.34,0.44,1607.62,2692.66,1,True,3,1,Savings,own_account,19,1,1,1,mobile_ios,,False,none,False,False,839,1,False,False,False,False,False,False,False,False,False,False,MISSING,60,biometric,90,0,720,False,25,10.0,False,False,False,1.7,1.7,256.9,0.4,False
TX-C3-002277,usr-C3-0098,C3,False,ALLOW,492.49,1407.12,0.35,0.4,492.49,1096.72,1,False,372,1,Remittance,third_party_individual,22,6,9,10,mobile_ios,,False,none,False,True,0,1,False,False,False,False,False,False,True,False,False,False,MEETS_STRONG,81,biometric,562,0,670,True,43,16.0,False,False,False,2.53,2.53,143.5,1.06,False
TX-C3-002278,usr-C3-0246,C3,False,ALLOW,480.16,623.58,0.77,0.17,480.16,709.81,1,False,391,1,Funds Transfer,own_account,21,0,1,8,mobile_android,,False,none,False,False,432,1,False,False,False,False,False,False,False,False,False,False,MEETS_DEVICE,125,biometric,515,0,715,True,42,20.4,False,False,False,2.26,2.26,96.7,1.4,False
TX-C3-002279,usr-C3-0118,C3,False,ALLOW,7764.11,6113.47,1.27,0.03,7764.11,26070.48,1,False,108,1,Bills Payment,registered_biller,12,4,1,12,mobile_android,,False,none,False,False,399,1,False,False,False,False,False,False,False,False,False,False,MEETS_STRONG,57,biometric,87,0,136,False,21,17.3,False,False,False,0.65,0.65,265.7,0.15,False
TX-C3-002280,usr-C3-0225,C3,False,ALLOW,3055.93,1863.37,1.64,0.37,3055.93,4772.87,1,False,171,1,Bills Payment,registered_biller,14,3,4,5,mobile_ios,,False,none,False,False,135,1,False,False,False,False,False,False,True,False,False,False,MEETS_STRONG,102,biometric,379,0,1266,False,27,24.3,False,False,False,2.21,2.21,273.3,0.49,False
TX-C3-002281,usr-C3-0151,C3,False,ALLOW,574.68,766.24,0.75,0.35,574.68,1623.87,2,False,357,1,Savings,own_account,18,0,3,10,mobile_android,,False,none,False,False,641,1,False,False,False,False,False,False,True,False,False,False,MEETS_STRONG,165,biometric,559,0,452,False,41,24.1,False,False,False,1.93,1.93,295.9,0.39,False
TX-C3-002282,usr-C3-0262,C3,False,ALLOW,3702.22,4024.15,0.92,0.38,3702.22,11294.83,2,False,144,1,Funds Transfer,registered_biller,7,4,11,5,mobile_android,,False,none,False,False,202,1,False,False,False,False,False,False,False,False,False,False,MEETS_STRONG,136,biometric,353,0,1492,False,30,9.2,False,False,False,2.45,2.45,192.3,0.76,False
TX-C3-002283,usr-C3-0297,C3,False,ALLOW,377.3,698.7,0.54,0.43,377.3,729.06,1,True,2,1,Bills Payment,registered_biller,20,3,10,6,mobile_android,Internet router replacement hardware cost - Ref #37679,True,legit,False,False,414,1,False,False,False,False,False,False,False,False,False,False,MEETS_STRONG,95,pin,513,0,1203,False,34,20.9,False,False,False,2.76,2.76,278.7,0.59,False
TX-C3-002284,usr-C3-0259,C3,False,ALLOW,5424.84,3328.12,1.63,0.03,5424.84,11501.58,2,False,198,1,Remittance,business,19,5,9,3,mobile_android,pang allowance ni bunso sa ust,True,legit,False,False,862,1,False,False,False,False,False,False,False,False,False,False,MEETS_DEVICE,85,biometric,294,0,1906,False,28,14.9,False,False,False,2.45,2.45,192.5,0.76,False
TX-C3-002285,usr-C3-0152,C3,False,ALLOW,3628.93,2311.42,1.57,0.11,3628.93,10066.58,1,True,3,1,Funds Transfer,own_account,15,1,1,7,mobile_android,,False,none,False,False,895,1,False,False,False,False,False,False,False,False,False,False,MEETS_STRONG,129,biometric,85,0,994,True,42,18.1,False,False,False,1.79,1.79,277.6,0.39,False
TX-C3-002286,usr-C3-0135,C3,False,ALLOW,295.92,2276.34,0.13,0.48,295.92,842.21,1,False,534,1,Savings,own_account,5,1,10,9,mobile_android,,False,none,False,False,845,1,False,False,False,False,False,False,False,False,False,False,MEETS_STRONG,86,biometric,203,0,1881,False,25,12.0,False,False,False,2.19,2.19,19.3,6.81,False
TX-C3-002287,usr-C3-0151,C3,False,ALLOW,344.81,766.24,0.45,0.2,344.81,650.05,1,False,307,1,Remittance,business,1,0,14,4,mobile_android,,False,none,False,False,641,1,False,False,False,False,False,False,False,False,False,False,MEETS_STRONG,38,biometric,160,0,1344,False,37,10.9,False,True,True,1.86,1.86,293.7,0.38,False
TX-C3-002288,usr-C3-0242,C3,False,ALLOW,240.66,2406.55,0.1,0.12,240.66,473.16,1,False,384,1,Savings,own_account,16,3,1,12,mobile_ios,,False,none,False,False,895,1,False,False,False,False,False,False,False,False,False,False,MEETS_STRONG,38,pin,190,0,1334,False,45,9.7,False,False,False,766.12,766.12,312.4,147.14,False
TX-C3-002289,usr-C3-0212,C3,False,ALLOW,15382.9,18759.63,0.82,0.26,15382.9,26664.09,1,False,523,1,Remittance,business,18,1,1,1,mobile_ios,,False,none,False,False,323,1,False,False,False,False,False,False,True,False,False,False,MEETS_STRONG,150,biometric,49,0,717,False,38,22.2,False,False,False,1.58,1.58,110.5,0.86,False
TX-C3-002290,usr-C3-0284,C3,False,ALLOW,2285.25,2331.89,0.98,0.38,2285.25,6818.79,1,False,425,1,Bills Payment,registered_biller,7,5,4,4,mobile_android,South Star Drug Vitamin And Prescription Medicines,True,legit,False,False,360,1,False,False,False,False,False,False,False,False,False,False,MEETS_STRONG,116,biometric,339,0,1190,False,23,8.7,False,False,False,1.87,1.87,61.2,1.83,False
TX-C3-002291,usr-C3-0266,C3,False,ALLOW,2861.32,1663.56,1.72,0.28,2861.32,9014.33,1,False,391,1,Remittance,third_party_individual,10,4,6,2,mobile_ios,,False,none,False,True,2,1,False,False,False,False,False,False,False,False,False,False,MEETS_STRONG,103,biometric,413,0,1981,True,32,10.6,False,False,False,0.62,0.62,131.3,0.28,False
TX-C3-002292,usr-C3-0119,C3,False,ALLOW,640.0,500.0,1.28,0.27,640.0,781.54,1,False,261,1,Funds Transfer,own_account,23,3,11,13,mobile_ios,Fruits and vegetables from Baguio market,True,legit,False,False,661,1,False,False,False,False,False,False,False,False,False,False,MEETS_STRONG,13,biometric,520,0,715,False,45,13.0,False,False,False,2.11,2.11,16.2,7.81,False
TX-C3-002293,usr-C3-0197,C3,False,ALLOW,6912.32,4320.2,1.6,0.44,6912.32,9469.29,1,False,272,1,Funds Transfer,own_account,7,3,4,6,mobile_ios,Watsons Skincare And Hygiene Supplies,True,legit,False,False,801,1,False,False,False,False,False,False,False,False,False,False,MEETS_DEVICE,162,pin,258,0,654,False,19,24.2,False,False,False,2.4,2.4,98.5,1.46,False
TX-C3-002294,usr-C3-0167,C3,False,ALLOW,618.89,952.14,0.65,0.39,618.89,1425.27,1,False,100,1,Funds Transfer,registered_biller,20,2,0,14,mobile_android,,False,none,False,False,134,1,False,False,False,False,False,False,True,False,False,False,MEETS_STRONG,69,biometric,136,0,1959,False,28,18.8,False,False,False,2.29,2.29,26.8,5.13,False
TX-C3-002295,usr-C3-0030,C3,False,ALLOW,3913.61,3316.62,1.18,0.36,3913.61,6913.67,1,False,207,1,Remittance,business,14,6,0,10,mobile_ios,,False,none,False,False,332,1,False,False,False,False,False,False,True,False,False,False,MEETS_DEVICE,34,pin,112,0,1607,True,37,16.7,False,False,False,2.61,2.61,127.7,1.23,False
TX-C3-002296,usr-C3-0002,C3,False,ALLOW,2085.8,1248.98,1.67,0.45,2085.8,2663.05,2,False,539,1,Savings,own_account,10,1,11,6,mobile_ios,,False,none,False,False,334,1,False,False,False,False,False,False,False,False,False,False,MEETS_STRONG,144,biometric,280,0,944,False,34,13.4,False,False,False,2.06,2.06,127.9,0.97,False
TX-C3-002297,usr-C3-0024,C3,False,ALLOW,7160.48,7020.08,1.02,0.09,7160.48,14057.14,1,False,415,1,Savings,own_account,13,4,2,8,mobile_ios,,False,none,False,False,445,1,False,False,False,False,False,False,False,False,False,False,MEETS_STRONG,78,pin,209,0,1655,False,16,18.4,False,True,True,0.74,0.74,129.2,0.34,False
TX-C3-002298,usr-C3-0151,C3,False,ALLOW,804.55,766.24,1.05,0.49,804.55,1334.65,1,True,1,1,Funds Transfer,own_account,20,6,5,6,mobile_ios,Pang allowance ni bunso sa UST,True,legit,False,False,641,1,False,False,False,False,False,False,False,False,False,False,MEETS_STRONG,139,pin,438,0,1446,True,19,19.4,False,False,False,1.78,1.78,216.4,0.49,False
TX-C3-002299,usr-C3-0026,C3,False,ALLOW,1198.13,748.83,1.6,0.42,1198.13,1624.53,2,False,330,1,Funds Transfer,business,21,0,6,13,mobile_ios,Pang boundary ng tricycle driver,True,legit,False,True,2,1,False,False,False,False,False,False,True,False,False,False,MEETS_STRONG,38,biometric,468,0,1133,False,26,6.9,False,False,False,2.76,2.76,82.2,2.01,False
TX-C3-002300,usr-C3-0080,C3,False,ALLOW,1321.04,738.01,1.79,0.14,1321.04,2920.14,1,False,40,1,Savings,own_account,6,1,13,1,mobile_ios,,False,none,False,False,770,1,False,False,False,False,False,False,False,False,False,False,MEETS_DEVICE,128,biometric,193,0,1797,False,40,5.5,False,False,False,0.98,0.98,219.8,0.27,False
TX-C3-002301,usr-C3-0101,C3,False,ALLOW,1999.19,1123.14,1.78,0.16,1999.19,6966.32,1,False,330,1,Funds Transfer,registered_biller,18,3,3,14,mobile_ios,Pang requirements sa board examination,True,legit,False,False,884,1,False,False,False,False,False,False,False,False,False,False,MEETS_STRONG,11,biometric,505,0,669,False,18,10.7,False,False,False,1.55,1.55,282.8,0.33,False
TX-C3-002302,usr-C3-0062,C3,False,ALLOW,8680.11,7681.51,1.13,0.11,8680.11,13959.2,1,False,323,1,Funds Transfer,business,8,6,4,1,mobile_android,,False,none,False,False,899,1,False,False,False,False,False,False,False,False,False,False,MEETS_STRONG,115,pin,378,0,1553,False,23,11.5,False,False,False,1.5,1.5,114.1,0.79,False
TX-C3-002303,usr-C3-0095,C3,True,BLOCK,44705.85,4594.64,9.73,0.56,46389.09,106637.56,7,True,0,16,Bills Payment,third_party_individual,2,1,14,3,mobile_ios,,False,none,False,False,114,1,False,False,False,False,False,False,False,False,False,False,MEETS_DEVICE,362,password,11,2,1717,True,6,13.0,False,True,True,1.64,1.64,152.0,0.65,False
TX-C3-002304,usr-C3-0288,C3,False,ALLOW,6257.5,3815.55,1.64,0.23,6257.5,14011.9,1,True,3,1,Savings,own_account,17,6,3,1,mobile_android,,False,none,False,False,211,1,False,False,False,False,False,False,True,False,False,False,MEETS_STRONG,108,biometric,319,0,141,False,22,18.6,False,False,False,2.53,2.53,251.7,0.6,False
TX-C3-002305,usr-C3-0084,C3,False,ALLOW,828.99,733.62,1.13,0.45,828.99,2032.35,1,False,158,1,Remittance,business,16,0,3,6,mobile_ios,Bpi Express Online Transfer,True,neutral,False,False,892,1,False,False,False,False,False,False,False,False,False,False,MEETS_STRONG,58,biometric,339,0,1837,False,18,20.2,False,False,False,1.67,1.67,89.6,1.12,False
TX-C3-002306,usr-C3-0203,C3,False,ALLOW,3661.96,3026.41,1.21,0.49,3661.96,11921.17,1,False,260,1,Bills Payment,registered_biller,0,3,18,6,mobile_ios,,False,none,False,False,596,1,False,False,False,False,False,False,False,False,False,False,MEETS_STRONG,60,biometric,502,0,152,True,14,20.7,False,False,False,1.7,1.7,179.8,0.57,False
TX-C3-002307,usr-C3-0143,C3,False,ALLOW,2084.87,2542.53,0.82,0.26,2084.87,6223.74,1,False,301,1,Savings,own_account,23,1,4,1,mobile_ios,,False,none,False,False,141,1,False,False,False,False,False,False,True,False,False,False,MEETS_STRONG,130,biometric,141,0,181,False,44,8.8,False,False,False,2.56,2.56,205.2,0.75,False
TX-C3-002308,usr-C3-0264,C3,False,ALLOW,2299.88,1608.31,1.43,0.18,2299.88,6067.96,1,False,152,1,Bills Payment,registered_biller,23,2,10,4,mobile_ios,Pang matrikula at school projects - Ref #9399,True,legit,False,False,221,1,False,False,False,False,False,False,False,False,False,False,MEETS_STRONG,11,pin,233,0,1433,False,27,12.7,False,False,False,1.96,1.96,212.2,0.55,False
TX-C3-002309,usr-C3-0096,C3,False,ALLOW,5144.69,3215.43,1.6,0.04,5144.69,7557.23,2,False,565,1,Funds Transfer,registered_biller,19,4,2,0,mobile_android,Bayad s upa para sa buwan ng Oktubre,True,legit,False,False,127,1,False,False,False,False,False,False,False,False,False,False,MEETS_STRONG,73,pin,208,0,680,True,21,11.4,False,False,False,2.8,2.8,73.9,2.27,False
TX-C3-002310,usr-C3-0030,C3,False,ALLOW,3018.12,3316.62,0.91,0.23,3018.12,6582.86,1,False,99,1,Remittance,business,2,1,12,5,mobile_android,Apartment monthly rental fee and water share - Ref #80700,True,legit,False,False,332,1,False,False,False,False,False,False,False,False,False,False,MEETS_STRONG,152,biometric,70,0,909,True,25,19.6,False,False,False,1.99,1.99,73.8,1.62,False
TX-C3-002311,usr-C3-0276,C3,False,ALLOW,2088.22,1305.14,1.6,0.02,2088.22,5677.56,1,False,96,1,Funds Transfer,business,5,0,15,5,mobile_android,,False,none,False,False,855,1,False,False,False,False,False,False,False,False,True,False,MEETS_STRONG,37,biometric,455,0,284,True,12,22.4,False,False,False,0.99,0.99,277.1,0.21,False
TX-C3-002312,usr-C3-0191,C3,False,ALLOW,85.36,1066.94,0.08,0.49,85.36,297.84,1,False,362,1,Funds Transfer,own_account,13,0,8,5,mobile_ios,Christmas pamasko for godchildren,True,legit,False,False,746,1,False,False,False,False,True,False,False,False,False,False,FAILED,121,biometric,234,0,763,True,44,8.2,False,True,True,2.16,2.16,172.0,0.75,False
TX-C3-002313,usr-C3-0093,C3,False,ALLOW,2272.78,2642.77,0.86,0.42,2272.78,7238.73,1,True,3,1,Savings,own_account,15,4,5,8,mobile_android,,False,none,False,False,730,1,False,False,False,False,False,False,False,False,False,False,MEETS_STRONG,131,pin,504,0,1145,False,31,18.2,False,False,False,1.89,1.89,104.1,1.09,False
TX-C3-002314,usr-C3-0271,C3,False,ALLOW,2227.8,3137.75,0.71,0.32,2227.8,2781.46,1,False,261,1,Savings,own_account,14,4,5,4,mobile_android,,False,none,False,False,254,1,False,False,False,False,False,False,False,False,False,False,MEETS_STRONG,102,pin,90,0,1848,True,43,7.6,False,False,False,1.78,1.78,66.9,1.6,False
TX-C3-002315,usr-C3-0152,C3,False,ALLOW,1687.34,2311.42,0.73,0.44,1687.34,2375.26,1,False,279,1,Funds Transfer,third_party_individual,6,5,10,6,mobile_ios,,False,none,False,False,895,1,False,False,False,False,False,False,True,False,False,False,MEETS_DEVICE,98,biometric,174,0,819,True,27,17.8,False,False,False,1.52,1.52,22.3,4.09,False
TX-C3-002316,usr-C3-0127,C3,False,ALLOW,17489.57,2871.85,6.09,0.32,17489.57,47437.22,1,False,335,1,Savings,own_account,20,4,8,7,mobile_android,invoice 2026-089,True,neutral,False,False,755,1,False,False,False,False,False,False,False,False,False,False,MEETS_STRONG,146,biometric,90,0,1026,False,17,11.9,False,False,False,2.49,2.49,185.1,0.81,False
TX-C3-002317,usr-C3-0192,C3,False,ALLOW,1590.87,2946.05,0.54,0.43,1590.87,4983.21,1,False,493,1,Remittance,third_party_individual,16,3,7,6,mobile_android,Sky Cable Televisionn Monthly Subscription - Ref #7778,True,legit,False,False,127,1,False,False,False,False,False,False,False,False,False,False,MEETS_DEVICE,123,biometric,593,0,1022,True,28,11.0,False,False,False,2.18,2.18,55.1,2.37,False
TX-C3-002318,usr-C3-0240,C3,False,ALLOW,3032.68,1883.65,1.61,0.2,3032.68,7223.84,1,False,416,1,Remittance,third_party_individual,18,0,3,11,mobile_android,,False,none,False,False,273,1,False,False,False,False,False,False,False,False,False,False,MEETS_STRONG,155,biometric,490,0,1568,False,13,10.9,False,False,False,1.65,1.65,224.7,0.44,False
TX-C3-002319,usr-C3-0299,C3,True,REQUIRE_2FA,6100.86,1843.16,3.31,0.83,8092.18,12007.4,5,False,327,10,Bills Payment,registered_biller,0,4,9,96,mobile_android,,False,none,False,False,896,1,True,False,False,False,False,False,True,False,False,True,MEETS_BASIC,468,pin,54,0,427,True,10,24.9,False,True,True,2.03,2.03,190.9,0.64,False
TX-C3-002320,usr-C3-0226,C3,False,ALLOW,1699.24,2178.51,0.78,0.13,1699.24,5110.79,1,False,484,1,Bills Payment,registered_biller,8,1,1,7,mobile_android,,False,none,False,False,75,1,False,False,False,False,False,False,False,False,False,False,MEETS_STRONG,85,biometric,101,0,1608,False,18,11.6,False,False,False,2.42,2.42,212.5,0.68,False
TX-C3-002321,usr-C3-0026,C3,False,ALLOW,861.15,748.83,1.15,0.14,861.15,1803.78,1,True,1,1,Funds Transfer,registered_biller,10,4,5,0,mobile_ios,,False,none,False,False,297,1,False,False,False,False,False,False,True,False,False,False,MEETS_STRONG,29,biometric,342,0,1300,True,28,20.6,False,False,False,1.22,1.22,296.5,0.25,False
TX-C3-002322,usr-C3-0147,C3,False,ALLOW,150.36,2147.98,0.07,0.3,150.36,360.29,1,False,377,1,Bills Payment,registered_biller,19,1,3,1,mobile_android,,False,none,False,False,232,1,False,False,False,False,False,False,False,False,False,False,MEETS_STRONG,127,pin,153,0,1186,True,23,11.9,False,False,False,1.9,1.9,289.0,0.39,False
TX-C3-002323,usr-C3-0187,C3,False,ALLOW,5347.02,4493.29,1.19,0.39,5347.02,16301.14,1,False,270,1,Funds Transfer,registered_biller,4,2,12,3,mobile_android,,False,none,False,False,191,1,False,False,False,False,False,False,False,False,False,False,MEETS_DEVICE,24,biometric,102,0,180,False,28,8.0,False,False,False,1.93,1.93,292.9,0.4,False
TX-C3-002324,usr-C3-0258,C3,False,ALLOW,4372.15,3415.74,1.28,0.42,4372.15,8796.73,1,False,79,1,Bills Payment,registered_biller,18,5,1,2,mobile_android,,False,none,False,False,675,1,False,False,False,False,False,False,False,False,False,False,MEETS_DEVICE,144,pin,526,0,1203,True,31,13.1,False,False,False,0.64,0.64,86.6,0.44,False
TX-C3-002325,usr-C3-0162,C3,False,ALLOW,551.59,967.7,0.57,0.12,551.59,1715.47,1,True,0,1,Bills Payment,registered_biller,17,3,4,14,mobile_ios,AMBAG SA BIRTHDAY CAKE NI BOSS,True,legit,False,False,844,1,False,False,False,False,False,False,False,False,False,False,MEETS_STRONG,80,biometric,43,0,1115,False,21,8.9,False,False,False,1.1,1.1,139.1,0.47,False
TX-C3-002326,usr-C3-0278,C3,False,ALLOW,1874.14,1129.0,1.66,0.12,1874.14,5461.26,1,False,79,1,Savings,own_account,21,5,5,9,mobile_android,,False,none,False,False,859,1,False,False,False,False,False,False,False,False,False,False,MEETS_STRONG,85,biometric,432,0,931,False,18,6.6,False,False,False,1.86,1.86,73.6,1.52,False
TX-C3-002327,usr-C3-0248,C3,False,ALLOW,2691.82,3589.09,0.75,0.06,2691.82,4053.85,1,False,265,1,Funds Transfer,own_account,10,3,0,9,mobile_ios,Townhouse security maintenance monthly dues,True,legit,False,False,189,1,False,False,False,False,False,False,False,False,False,False,MEETS_DEVICE,135,biometric,64,0,1044,False,21,19.3,False,False,False,1.24,1.24,64.6,1.15,False
TX-C3-002328,usr-C3-0194,C3,False,ALLOW,3174.0,3487.91,0.91,0.42,3174.0,7594.22,1,True,2,1,Funds Transfer,registered_biller,2,6,8,0,mobile_android,,False,none,False,False,866,1,False,False,False,False,False,False,False,False,False,False,MEETS_STRONG,132,pin,449,0,724,False,24,17.5,False,False,False,2.82,2.82,182.2,0.93,False
TX-C3-002329,usr-C3-0065,C3,False,ALLOW,1959.06,2332.21,0.84,0.39,1959.06,2856.57,2,False,303,1,Funds Transfer,business,2,4,14,9,mobile_android,Wedding gfit cash transfer for newlywed couple,True,legit,False,False,110,1,False,False,False,False,False,False,False,False,False,False,MEETS_STRONG,117,pin,119,0,643,True,25,23.0,False,False,False,2.61,2.61,84.9,1.84,False
TX-C3-002330,usr-C3-0053,C3,False,ALLOW,2216.17,1944.01,1.14,0.26,2216.17,5061.92,1,True,1,1,Remittance,business,10,5,2,6,mobile_android,pambaayad,True,neutral,False,False,79,1,False,False,False,False,False,False,False,False,False,False,MEETS_STRONG,120,pin,559,0,1218,False,43,20.0,False,False,False,1.25,1.25,139.7,0.54,False
TX-C3-002331,usr-C3-0013,C3,False,ALLOW,2461.33,2197.62,1.12,0.16,2461.33,4442.81,2,False,521,1,Funds Transfer,own_account,17,4,1,0,mobile_ios,,False,none,False,False,517,1,False,False,False,False,False,False,False,False,False,False,MEETS_DEVICE,50,biometric,461,0,598,False,24,20.6,False,False,False,0.96,0.96,215.7,0.27,False
TX-C3-002332,usr-C3-0031,C3,False,ALLOW,857.04,2197.53,0.39,0.34,857.04,1797.72,1,False,45,1,Savings,own_account,22,5,6,8,mobile_android,,False,none,False,False,186,1,False,False,False,False,False,False,False,False,False,False,MEETS_STRONG,82,biometric,395,0,231,False,44,13.2,False,False,False,1.77,1.77,220.7,0.48,False
TX-C3-002333,usr-C3-0204,C3,False,ALLOW,2378.61,1486.63,1.6,0.13,2378.61,3320.0,1,False,260,1,Bills Payment,registered_biller,21,2,2,6,mobile_ios,Payment for services rendered - Ref #15986,True,neutral,False,False,898,1,False,False,False,False,False,False,False,False,False,False,MISSING,60,biometric,90,0,720,False,25,10.0,False,False,False,0.99,0.99,84.4,0.7,False
TX-C3-002334,usr-C3-0163,C3,False,ALLOW,2431.07,1929.42,1.26,0.22,2431.07,4895.18,2,True,0,1,Savings,own_account,1,1,12,10,mobile_android,,False,none,False,False,580,1,False,False,False,False,False,False,False,False,False,False,MEETS_STRONG,87,biometric,567,0,1462,False,30,6.8,False,False,False,1.97,1.97,134.9,0.88,False
TX-C3-002335,usr-C3-0186,C3,False,ALLOW,3198.34,3762.75,0.85,0.03,3198.34,7920.17,1,False,542,1,Funds Transfer,own_account,11,4,1,9,mobile_ios,,False,none,False,False,77,1,False,False,False,False,False,False,False,False,False,False,MEETS_STRONG,117,biometric,95,0,949,False,16,22.1,False,False,False,1.3,1.3,287.9,0.27,False
TX-C3-002336,usr-C3-0280,C3,False,ALLOW,1038.95,2077.91,0.5,0.32,1038.95,1459.23,2,False,381,1,Savings,own_account,2,4,16,13,mobile_ios,,False,none,False,False,369,1,False,False,False,False,False,False,False,False,False,False,MEETS_DEVICE,179,biometric,444,0,740,False,45,15.1,False,False,False,0.76,0.76,256.1,0.18,False
TX-C3-002337,usr-C3-0079,C3,False,ALLOW,590.0,500.0,1.18,0.26,590.0,961.56,1,False,374,1,Funds Transfer,own_account,1,6,13,0,mobile_android,,False,none,False,False,731,1,False,False,False,False,False,False,True,False,False,False,MEETS_STRONG,123,biometric,174,0,1158,False,33,21.8,False,False,False,0.78,0.78,255.9,0.18,False
TX-C3-002338,usr-C3-0291,C3,False,ALLOW,2776.21,2414.1,1.15,0.24,2776.21,8018.74,1,False,54,1,Funds Transfer,third_party_individual,4,3,7,3,mobile_ios,,False,none,False,False,538,1,False,False,False,False,False,False,False,False,False,False,MEETS_STRONG,139,biometric,313,0,1688,False,20,7.7,False,False,False,1.6,1.6,271.9,0.35,False
TX-C3-002339,usr-C3-0017,C3,False,ALLOW,573.2,1592.21,0.36,0.25,573.2,1050.86,1,False,67,1,Savings,own_account,22,5,11,0,mobile_ios,,False,none,False,False,537,1,False,False,False,False,False,False,False,False,False,False,MEETS_DEVICE,35,biometric,179,0,496,False,20,23.3,False,False,False,211.04,211.04,356.9,35.48,False
TX-C3-002340,usr-C3-0186,C3,False,ALLOW,3311.22,3762.75,0.88,0.08,3311.22,7194.88,1,False,593,1,Funds Transfer,registered_biller,19,4,9,0,mobile_ios,,False,none,False,False,77,1,False,False,False,False,False,False,False,False,False,False,MEETS_DEVICE,117,biometric,83,0,174,True,16,12.2,False,False,False,1.58,1.58,94.5,1.0,False
TX-C3-002341,usr-C3-0061,C3,False,ALLOW,3471.77,2917.45,1.19,0.1,3471.77,6986.53,1,False,165,1,Savings,own_account,23,6,8,4,mobile_ios,,False,none,False,False,337,1,False,True,False,False,False,False,False,False,False,False,FAILED,78,biometric,444,0,1339,True,31,21.7,False,False,False,1.74,1.74,147.3,0.71,False
TX-C3-002342,usr-C3-0169,C3,False,ALLOW,942.87,2946.46,0.32,0.38,942.87,3162.87,1,False,212,1,Savings,own_account,12,5,9,14,mobile_android,,False,none,False,False,150,1,False,False,False,False,False,False,True,False,False,False,MEETS_STRONG,125,biometric,480,0,856,False,26,7.0,False,False,False,0.39,0.39,146.0,0.16,False
TX-C3-002343,usr-C3-0092,C3,False,ALLOW,384.79,1923.96,0.2,0.22,384.79,501.04,1,False,218,1,Savings,own_account,18,5,0,14,mobile_ios,,False,none,False,False,500,1,False,False,False,False,False,False,False,False,False,False,MEETS_STRONG,120,biometric,521,0,1051,True,25,24.8,False,False,False,1.78,1.78,290.6,0.37,False
TX-C3-002344,usr-C3-0156,C3,False,ALLOW,853.61,762.15,1.12,0.27,853.61,1176.47,2,False,246,1,Funds Transfer,business,18,6,7,10,mobile_ios,WATSONS SKINCAARE AND HYGIENE SUPPLIES,True,legit,False,False,463,1,False,False,False,False,False,False,False,False,False,False,MEETS_STRONG,66,pin,398,0,545,False,29,22.2,False,False,False,0.43,0.43,227.3,0.11,False
TX-C3-002345,usr-C3-0202,C3,False,ALLOW,2128.48,2504.1,0.85,0.4,2128.48,5062.39,2,False,572,1,Savings,own_account,14,0,3,9,mobile_ios,,False,none,False,False,840,1,False,False,False,False,False,False,False,False,False,False,MEETS_DEVICE,112,biometric,181,0,556,True,22,22.0,False,False,False,1.72,1.72,207.0,0.5,False
TX-C3-002346,usr-C3-0060,C3,False,ALLOW,20084.38,19499.4,1.03,0.05,20084.38,40475.92,2,False,286,1,Savings,own_account,12,5,5,9,mobile_ios,,False,none,False,False,834,1,False,False,False,False,False,False,False,False,False,False,MEETS_STRONG,21,biometric,345,0,1374,False,43,22.2,False,False,False,2.02,2.02,139.0,0.87,False
TX-C3-002347,usr-C3-0065,C3,False,ALLOW,1959.06,2332.21,0.84,0.32,1959.06,2555.24,1,True,3,1,Remittance,third_party_individual,9,1,7,2,mobile_ios,Ophthalmology prescription glasses lenses paymeent,True,legit,False,False,110,1,False,False,False,False,False,False,False,False,False,False,MEETS_STRONG,175,biometric,363,0,1151,False,15,24.7,False,False,False,1.26,1.26,201.5,0.38,False
TX-C3-002348,usr-C3-0188,C3,False,ALLOW,5518.73,3492.87,1.58,0.27,5518.73,16471.42,1,True,3,1,Funds Transfer,own_account,11,1,9,2,mobile_ios,,False,none,False,False,237,1,False,False,False,False,False,False,False,False,False,False,MEETS_STRONG,84,biometric,137,0,1883,False,41,13.5,False,False,False,0.74,0.74,77.2,0.58,False
TX-C3-002349,usr-C3-0017,C3,False,ALLOW,6957.96,1592.21,4.37,0.26,6957.96,19390.57,1,False,199,1,Bills Payment,registered_biller,23,6,12,13,mobile_android,,False,none,False,False,537,1,False,False,False,False,False,False,False,False,False,False,MEETS_DEVICE,71,pin,348,0,417,False,27,16.9,False,False,False,0.56,0.56,219.7,0.15,False
TX-C3-002350,usr-C3-0277,C3,False,ALLOW,770.0,500.0,1.54,0.26,770.0,1834.56,1,True,3,1,Bills Payment,registered_biller,14,5,0,3,mobile_ios,,False,none,False,False,747,1,True,False,False,False,False,False,True,False,False,False,MEETS_BASIC,93,pin,358,0,807,False,21,20.8,False,False,False,1.91,1.91,112.5,1.02,False
TX-C3-002351,usr-C3-0103,C3,False,ALLOW,7318.69,7105.52,1.03,0.25,7318.69,14213.14,2,False,160,1,Remittance,third_party_individual,17,1,7,4,mobile_android,,False,none,False,False,84,1,False,False,False,False,False,False,False,False,False,False,MEETS_DEVICE,93,pin,395,0,133,False,18,13.5,False,False,False,1.36,1.36,153.7,0.53,False
TX-C3-002352,usr-C3-0022,C3,False,ALLOW,5682.5,3174.58,1.79,0.46,5682.5,13675.54,1,False,285,1,Bills Payment,registered_biller,19,6,1,5,mobile_android,,False,none,False,False,44,1,False,False,False,False,False,False,False,False,False,False,MEETS_STRONG,73,biometric,351,0,134,False,34,15.5,False,False,False,1.28,1.28,194.3,0.4,False
TX-C3-002353,usr-C3-0203,C3,False,ALLOW,5356.75,3026.41,1.77,0.07,5356.75,14049.31,1,False,377,1,Bills Payment,registered_biller,14,6,4,13,mobile_ios,,False,none,False,False,596,1,False,False,False,False,False,False,False,False,False,False,MEETS_STRONG,87,pin,203,0,1369,True,41,15.7,False,False,False,1.87,1.87,270.9,0.41,False
TX-C3-002354,usr-C3-0041,C3,False,ALLOW,1882.4,3137.33,0.6,0.01,1882.4,2995.02,1,False,245,1,Savings,own_account,13,4,4,4,mobile_ios,,False,none,False,False,95,1,False,False,False,False,False,False,False,False,False,False,MEETS_STRONG,39,pin,345,0,763,False,39,8.1,False,False,False,0.59,0.59,283.9,0.12,False
TX-C3-002355,usr-C3-0196,C3,False,ALLOW,629.79,874.71,0.72,0.43,629.79,1948.26,2,False,15,1,Funds Transfer,registered_biller,17,2,3,10,mobile_ios,bayad sa upa para sa buwan ng oktubre,True,legit,False,False,350,1,False,False,False,False,False,False,False,False,False,False,MISSING,60,biometric,90,0,720,False,25,10.0,False,False,False,2.06,2.06,143.8,0.86,False
TX-C3-002356,usr-C3-0093,C3,False,ALLOW,1585.66,2642.77,0.6,0.08,1585.66,5519.82,1,True,0,1,Savings,own_account,15,1,5,8,mobile_android,Financial allowance support for mama and papa,True,legit,False,False,730,1,False,False,False,False,False,False,False,False,False,False,MEETS_STRONG,169,biometric,128,0,204,True,30,17.3,False,False,False,1.49,1.49,185.7,0.48,False
TX-C3-002357,usr-C3-0072,C3,False,ALLOW,3828.5,3272.22,1.17,0.18,3828.5,6653.62,1,False,507,1,Bills Payment,registered_biller,5,4,8,10,mobile_android,,False,none,False,False,824,1,False,False,False,False,False,False,False,False,False,False,MEETS_DEVICE,64,biometric,367,0,758,False,30,10.9,False,False,False,1.18,1.18,167.5,0.42,False
TX-C3-002358,usr-C3-0040,C3,False,ALLOW,956.25,2390.62,0.4,0.37,956.25,2164.22,1,False,448,1,Savings,own_account,3,0,9,3,mobile_android,padala,True,neutral,False,False,793,1,False,False,False,False,False,False,False,False,False,False,MEETS_DEVICE,77,biometric,573,0,1315,True,32,16.6,False,False,False,1.55,1.55,33.0,2.82,False
TX-C3-002359,usr-C3-0056,C3,False,ALLOW,3218.65,1860.49,1.73,0.37,3218.65,6105.31,1,True,2,1,Savings,own_account,17,3,3,12,mobile_ios,,False,none,False,True,3,1,False,False,False,False,False,False,False,False,False,False,MEETS_STRONG,91,biometric,36,0,1554,True,21,10.9,False,False,False,1.54,1.54,50.1,1.84,False
TX-C3-002360,usr-C3-0180,C3,False,ALLOW,802.33,589.95,1.36,0.22,802.33,2511.65,1,True,2,1,Remittance,third_party_individual,6,1,10,4,mobile_android,Certified public accountant audit engagement deposit,True,legit,False,False,407,1,False,False,False,False,False,False,False,False,False,False,MEETS_DEVICE,86,biometric,514,0,585,False,38,19.5,False,False,False,2.1,2.1,285.1,0.44,False
TX-C3-002361,usr-C3-0239,C3,False,ALLOW,8047.84,6438.27,1.25,0.4,8047.84,27526.63,1,True,2,1,Bills Payment,registered_biller,8,6,12,14,mobile_android,Financial Allwoance Support For Mama And Papa,True,legit,False,False,785,1,False,False,False,False,False,False,False,False,False,False,MEETS_STRONG,135,biometric,437,0,1184,False,26,10.9,False,False,False,0.7,0.7,262.7,0.16,False
TX-C3-002362,usr-C3-0137,C3,False,ALLOW,1255.52,1335.66,0.94,0.29,1255.52,1653.99,1,False,44,1,Bills Payment,registered_biller,17,3,2,12,mobile_ios,,False,none,False,False,820,1,False,False,False,False,False,False,True,False,False,False,MEETS_STRONG,156,pin,412,0,1451,True,18,5.1,False,False,False,1.63,1.63,219.9,0.44,False
TX-C3-002363,usr-C3-0179,C3,False,ALLOW,3879.08,2961.13,1.31,0.18,3879.08,5609.14,2,False,512,1,Bills Payment,registered_biller,1,0,9,2,mobile_android,pang boundary ng tricycle driver,True,legit,False,False,817,1,False,False,False,False,False,False,False,False,False,False,MEETS_DEVICE,110,biometric,206,0,1934,False,24,13.0,False,False,False,0.42,0.42,113.8,0.22,False
TX-C3-002364,usr-C3-0054,C3,False,ALLOW,4415.81,2830.65,1.56,0.1,4415.81,5517.37,1,True,0,1,Bills Payment,registered_biller,5,5,16,6,mobile_ios,sports training uniform and gear allowance,True,legit,False,False,252,1,False,False,False,False,False,False,False,False,False,False,MEETS_STRONG,101,biometric,392,0,164,False,39,6.9,False,False,False,0.81,0.81,161.4,0.3,False
TX-C3-002365,usr-C3-0295,C3,False,ALLOW,226.82,2062.03,0.11,0.43,226.82,595.48,1,False,485,1,Funds Transfer,third_party_individual,20,4,11,12,mobile_ios,,False,none,False,False,31,1,False,False,False,False,False,False,False,False,False,False,MEETS_STRONG,80,biometric,273,0,641,False,21,24.0,False,False,False,2.2,2.2,120.5,1.1,False
TX-C3-002366,usr-C3-0080,C3,True,BLOCK,8833.98,738.01,11.97,0.74,12720.53,37004.51,4,True,3,1,Savings,own_account,6,3,13,12,mobile_ios,online hotel boking review task collateral deposit - Ref #13114,True,scam,False,False,770,1,False,False,False,False,False,False,False,False,False,False,MEETS_STRONG,389,pin,21,2,1662,False,10,20.0,False,False,False,3238.44,3238.44,12.8,15180.19,True
TX-C3-002367,usr-C3-0075,C3,False,ALLOW,2745.46,1906.57,1.44,0.18,2745.46,9122.66,1,False,599,1,Bills Payment,registered_biller,4,2,10,13,mobile_ios,Bottled Mineral Water Office Supply,True,legit,False,False,238,1,False,False,False,False,False,False,False,False,False,False,MEETS_DEVICE,107,biometric,77,0,904,False,32,15.9,False,False,False,0.77,0.77,212.5,0.22,False
TX-C3-002368,usr-C3-0186,C3,False,ALLOW,3386.47,3762.75,0.9,0.18,3386.47,10051.84,1,False,320,1,Savings,own_account,2,0,8,14,mobile_ios,,False,none,False,False,77,1,False,False,False,False,True,False,False,False,False,False,FAILED,104,biometric,589,0,260,True,39,23.0,False,False,False,1.76,1.76,123.2,0.86,False
TX-C3-002369,usr-C3-0095,C3,False,ALLOW,7489.26,4594.64,1.63,0.29,7489.26,20716.12,1,False,342,1,Savings,own_account,18,1,2,13,mobile_android,Snacks and refreshments for bible study - Ref #12437,True,legit,False,False,114,1,False,False,False,False,False,False,False,False,False,False,MEETS_STRONG,35,biometric,166,0,861,False,42,22.6,False,False,False,1.58,1.58,238.5,0.4,False
TX-C3-002370,usr-C3-0275,C3,False,ALLOW,1221.92,1259.71,0.97,0.45,1221.92,2391.13,1,False,213,1,Remittance,business,5,1,9,2,mobile_ios,Monthly allowance for college daughter,True,legit,False,False,427,1,True,False,False,False,False,False,True,False,False,False,MEETS_BASIC,38,pin,119,0,190,False,12,20.4,False,False,False,2.17,2.17,28.9,4.51,False
TX-C3-002371,usr-C3-0246,C3,False,ALLOW,685.94,623.58,1.1,0.45,685.94,2044.72,1,True,1,1,Savings,own_account,9,3,11,1,mobile_android,,False,none,False,False,432,1,False,False,False,False,False,False,False,False,False,False,MEETS_STRONG,107,biometric,255,0,1536,False,27,19.7,False,False,False,1.89,1.89,243.7,0.47,False
TX-C3-002372,usr-C3-0130,C3,False,ALLOW,1244.09,4146.97,0.3,0.37,1244.09,1580.41,1,True,0,1,Funds Transfer,own_account,13,5,2,11,mobile_ios,Parking slot rental payment B2 slot 45 - Ref #35919,True,legit,False,False,838,1,False,False,False,False,False,False,False,False,False,False,MEETS_STRONG,134,pin,562,0,1520,False,38,15.2,False,False,False,1.85,1.85,276.8,0.4,False
TX-C3-002373,usr-C3-0203,C3,False,ALLOW,1119.77,3026.41,0.37,0.08,1119.77,2746.14,1,True,3,1,Funds Transfer,own_account,15,0,3,8,mobile_android,,False,none,False,False,596,1,False,False,False,False,False,False,False,False,False,False,MEETS_STRONG,178,biometric,300,0,1669,True,12,6.0,False,False,False,2.1,2.1,206.5,0.61,False
TX-C3-002374,usr-C3-0226,C3,False,ALLOW,3158.84,2178.51,1.45,0.31,3158.84,8105.45,1,False,131,1,Funds Transfer,third_party_individual,0,1,9,5,mobile_android,,False,none,False,False,75,1,False,False,False,False,False,False,True,False,False,False,MEETS_STRONG,12,pin,534,0,683,True,21,9.9,False,False,False,2.21,2.21,194.0,0.68,False
TX-C3-002375,usr-C3-0032,C3,False,ALLOW,4516.5,3226.07,1.4,0.29,4516.5,12783.62,1,False,453,1,Savings,own_account,7,1,14,1,mobile_android,,False,none,False,False,512,1,True,False,False,False,False,False,True,False,False,False,MEETS_BASIC,160,biometric,359,0,875,True,24,21.2,False,False,False,0.99,0.99,126.4,0.47,False
TX-C3-002376,usr-C3-0273,C3,False,ALLOW,5540.9,5227.26,1.06,0.07,5540.9,14456.56,1,False,566,1,Bills Payment,registered_biller,17,1,5,1,mobile_android,,False,none,False,False,702,1,False,False,False,False,False,False,False,False,False,False,MEETS_STRONG,163,biometric,565,0,625,False,24,11.8,False,False,False,2.26,2.26,207.1,0.65,False
TX-C3-002377,usr-C3-0221,C3,False,ALLOW,767.93,738.39,1.04,0.48,767.93,1733.49,1,False,505,1,Funds Transfer,business,4,5,9,13,mobile_ios,,False,none,False,False,829,1,False,False,False,False,False,False,False,False,False,False,MEETS_STRONG,174,biometric,313,0,194,False,20,18.7,False,False,False,1.9,1.9,208.7,0.55,False
TX-C3-002378,usr-C3-0239,C3,False,ALLOW,39530.98,6438.27,6.14,0.48,39530.98,99475.79,1,False,133,1,Remittance,business,5,3,15,5,mobile_android,,False,none,False,False,785,1,False,False,False,False,False,False,False,False,False,False,MEETS_DEVICE,95,biometric,584,0,1440,False,13,24.6,False,False,False,2.24,2.24,113.0,1.19,False
TX-C3-002379,usr-C3-0040,C3,False,ALLOW,2247.18,2390.62,0.94,0.39,2247.18,4461.88,2,False,329,1,Funds Transfer,registered_biller,9,1,3,14,mobile_ios,,False,none,False,True,0,1,False,False,False,False,False,False,False,False,False,False,MEETS_STRONG,175,biometric,341,0,601,False,17,6.1,False,False,False,1.81,1.81,48.9,2.22,False
TX-C3-002380,usr-C3-0205,C3,False,ALLOW,2490.49,3557.84,0.7,0.15,2490.49,3527.94,1,False,359,1,Funds Transfer,business,6,6,14,14,mobile_ios,,False,none,False,False,223,1,False,False,False,False,False,False,True,False,False,False,MEETS_DEVICE,164,pin,228,0,1253,True,22,6.1,False,False,False,1.95,1.95,32.7,3.58,False
TX-C3-002381,usr-C3-0085,C3,False,ALLOW,690.0,500.0,1.38,0.06,690.0,990.17,2,False,344,1,Remittance,third_party_individual,15,0,2,2,mobile_android,,False,none,False,False,253,1,False,False,False,False,False,False,True,False,False,False,MEETS_DEVICE,118,pin,178,0,157,False,45,12.4,False,False,False,1.74,1.74,25.6,4.08,False
TX-C3-002382,usr-C3-0100,C3,False,ALLOW,2335.72,8983.54,0.26,0.38,2335.72,3685.02,1,True,3,1,Remittance,business,1,1,9,1,mobile_ios,,False,none,False,False,437,1,False,False,False,False,False,False,False,False,False,False,MEETS_STRONG,28,biometric,405,0,790,True,22,11.3,False,False,False,2.89,2.89,100.8,1.72,False
TX-C3-002383,usr-C3-0076,C3,False,ALLOW,6138.84,5158.69,1.19,0.49,6138.84,19355.27,1,True,2,1,Bills Payment,registered_biller,13,1,7,6,mobile_android,,False,none,False,False,256,1,False,False,False,False,False,False,False,False,False,False,MEETS_DEVICE,94,biometric,32,0,1391,False,40,23.2,False,False,False,0.86,0.86,54.4,0.95,False
TX-C3-002384,usr-C3-0108,C3,False,ALLOW,4310.98,2711.31,1.59,0.11,4310.98,14618.66,1,False,447,1,Funds Transfer,third_party_individual,9,1,4,4,mobile_android,,False,none,False,False,114,1,False,False,False,False,False,False,False,False,False,False,MEETS_STRONG,167,pin,362,0,1852,False,12,14.0,False,False,False,1.96,1.96,118.2,0.99,False
TX-C3-002385,usr-C3-0225,C3,False,ALLOW,2012.44,1863.37,1.08,0.06,2012.44,6043.93,1,False,310,1,Savings,own_account,9,5,9,6,mobile_ios,,False,none,False,True,4,1,False,False,False,False,False,False,False,False,False,False,MEETS_DEVICE,180,pin,192,0,911,False,25,22.1,False,False,False,2.26,2.26,243.0,0.56,False
TX-C3-002386,usr-C3-0169,C3,False,ALLOW,1090.19,2946.46,0.37,0.04,1090.19,2341.15,1,False,343,1,Remittance,third_party_individual,2,3,19,9,mobile_ios,,False,none,False,False,150,1,False,False,False,False,False,False,False,False,False,False,MEETS_STRONG,166,biometric,278,0,514,True,26,24.2,False,False,False,1.06,1.06,297.6,0.21,False
TX-C3-002387,usr-C3-0040,C3,False,ALLOW,3299.06,2390.62,1.38,0.24,3299.06,4177.99,1,True,0,1,Funds Transfer,own_account,17,0,5,12,mobile_android,,False,none,False,False,793,1,False,False,False,False,False,False,True,False,False,False,MEETS_STRONG,62,biometric,281,0,1954,True,16,23.3,False,True,True,1.09,1.09,298.0,0.22,False
TX-C3-002388,usr-C3-0123,C3,False,ALLOW,3749.0,2975.4,1.26,0.34,3749.0,5384.63,1,False,223,1,Remittance,third_party_individual,5,3,8,3,mobile_android,,False,none,False,False,356,1,False,False,False,False,False,False,False,False,False,False,MISSING,60,biometric,90,0,720,False,25,10.0,False,False,False,1.97,1.97,233.2,0.51,False
TX-C3-002389,usr-C3-0004,C3,False,ALLOW,1119.94,746.63,1.5,0.3,1119.94,3709.91,1,False,499,1,Savings,own_account,1,5,19,2,mobile_ios,,False,none,False,False,844,1,True,False,False,False,False,False,True,False,False,False,MEETS_BASIC,53,biometric,197,0,976,False,32,13.3,False,False,False,2.38,2.38,170.3,0.84,False
TX-C3-002390,usr-C3-0273,C3,False,ALLOW,3659.08,5227.26,0.7,0.4,3659.08,8048.35,2,False,481,1,Savings,own_account,10,1,2,13,mobile_ios,,False,none,False,False,702,1,False,False,False,False,False,False,False,False,False,False,MEETS_STRONG,141,pin,264,0,149,False,26,19.2,False,False,False,2.13,2.13,252.3,0.51,False
TX-C3-002391,usr-C3-0254,C3,False,ALLOW,3489.55,851.11,4.1,0.04,3489.55,9022.58,1,False,418,1,Savings,own_account,1,3,8,11,mobile_android,,False,none,False,False,208,1,False,False,False,False,False,False,False,False,False,False,MEETS_STRONG,84,biometric,546,0,1929,False,20,12.2,False,False,False,1.53,1.53,107.0,0.86,False
TX-C3-002392,usr-C3-0043,C3,False,ALLOW,1012.72,684.27,1.48,0.26,1012.72,2737.44,1,False,220,1,Funds Transfer,third_party_individual,8,0,11,0,mobile_android,Subdivision clubhouse dues and guard fee - Ref #54638,True,legit,False,False,814,1,False,False,False,False,False,False,False,False,False,False,MEETS_STRONG,91,pin,270,0,1848,True,28,15.5,False,False,False,1.99,1.99,114.4,1.04,False
TX-C3-002393,usr-C3-0285,C3,False,ALLOW,5649.59,5649.59,1.0,0.46,5649.59,10081.84,2,False,278,1,Bills Payment,registered_biller,23,1,7,0,mobile_ios,University tuition matriculation fee installment 1,True,legit,False,False,684,1,False,False,False,False,False,False,False,False,False,False,MEETS_STRONG,163,pin,311,0,1461,False,45,20.0,False,False,False,2.52,2.52,214.2,0.71,False
TX-C3-002394,usr-C3-0010,C3,False,ALLOW,668.36,3341.79,0.2,0.21,668.36,848.12,1,False,276,1,Savings,own_account,12,2,0,9,mobile_ios,Bakery bread and morning pandessal treat,True,legit,False,False,573,1,False,False,False,False,False,False,False,False,False,False,MEETS_STRONG,59,pin,482,0,1679,True,30,9.5,False,False,False,1.79,1.79,241.0,0.45,False
TX-C3-002395,usr-C3-0144,C3,False,ALLOW,383.64,1322.89,0.29,0.29,383.64,1163.64,1,False,570,1,Funds Transfer,registered_biller,18,5,7,3,mobile_ios,,False,none,False,False,558,1,False,False,False,False,False,False,True,False,False,False,MEETS_STRONG,81,biometric,75,0,1803,False,25,22.8,False,False,False,1.32,1.32,210.9,0.38,False
TX-C3-002396,usr-C3-0248,C3,False,ALLOW,4342.8,3589.09,1.21,0.13,4342.8,10273.04,1,False,194,1,Savings,own_account,15,0,5,4,mobile_android,Staff housing dormitory room share - Ref #42194,True,legit,False,False,189,1,False,False,False,False,False,False,False,False,False,False,MEETS_DEVICE,109,biometric,127,0,1556,False,37,22.9,False,False,False,1.79,1.79,287.9,0.37,False
TX-C3-002397,usr-C3-0118,C3,False,ALLOW,6358.01,6113.47,1.04,0.36,6358.01,10666.91,1,True,1,1,Savings,own_account,3,2,10,7,mobile_ios,,False,none,False,False,399,1,False,False,False,False,False,False,False,False,False,False,MEETS_STRONG,177,biometric,44,0,327,True,43,7.5,False,False,False,1.08,1.08,37.7,1.72,False
TX-C3-002398,usr-C3-0272,C3,False,ALLOW,2786.92,2004.98,1.39,0.28,2786.92,7236.06,2,False,513,1,Bills Payment,registered_biller,5,0,9,12,mobile_android,,False,none,False,False,572,1,False,False,False,False,False,False,False,False,False,False,MEETS_DEVICE,116,biometric,535,0,665,True,45,6.7,False,True,True,2.48,2.48,175.6,0.85,False
TX-C3-002399,usr-C3-0284,C3,False,ALLOW,1492.41,2331.89,0.64,0.46,1492.41,3605.52,1,True,3,1,Remittance,third_party_individual,20,0,9,13,mobile_ios,,False,none,False,False,360,1,False,False,False,False,False,False,False,False,False,False,MEETS_DEVICE,69,biometric,336,0,595,False,33,18.2,False,False,False,0.76,0.76,115.5,0.39,False
TX-C3-002400,usr-C3-0135,C3,False,ALLOW,1320.28,2276.34,0.58,0.24,1320.28,2138.82,1,True,0,1,Bills Payment,registered_biller,6,6,9,14,mobile_ios,,False,none,False,False,845,1,False,False,False,False,False,False,True,False,False,False,MEETS_DEVICE,121,biometric,157,0,477,True,21,15.7,False,False,False,1.57,1.57,38.0,2.48,False
