transaction_id,user_id,split,is_fraud,action_label,amount_php,user_avg_amount_php,spike_ratio,balance_drain_ratio,cum_outflow_1h,cum_outflow_24h,payees_24h,new_payee,payee_age_days,senders_to_payee_24h,transfer_purpose,payee_type,hour,dow,usual_hour_gap,dormant_days,channel,memo,memo_present,memo_signal,typology_novel,device_id_new,device_age_days,accounts_per_device,rooted,hooking,emulator,debugger,tampered,unofficial_store,dev_options,mock_location,accessibility_active,screen_sharing,attestation_verdict,os_patch_age_days,login_method,seconds_since_login,failed_logins_1h,credential_change_hours_ago,payee_pasted,form_seconds,gps_accuracy_m,tz_mismatch,ip_gps_mismatch,is_vpn,distance_from_home_km,distance_from_prev_km,elapsed_minutes,velocity_kmh,is_gate0_trivial
TX-T-000001,usr-T-0108,T,True,BLOCK,19668.87,1860.82,10.57,0.48,29145.27,100030.38,5,False,156,1,Remittance,business,22,5,10,10,mobile_android,,False,none,False,False,671,1,False,False,False,False,False,False,False,False,False,False,MEETS_STRONG,393,biometric,52,0,1897,True,3,15.5,True,True,False,1.52,1.52,228.8,0.4,False
TX-T-000002,usr-T-0065,T,True,REQUIRE_2FA,9182.94,4311.24,2.13,0.43,11667.72,23626.78,5,True,1,1,Bills Payment,registered_biller,16,6,6,11,mobile_ios,,False,none,False,False,709,1,True,False,False,False,False,False,True,False,False,False,MEETS_BASIC,295,biometric,50,0,1305,True,6,20.5,False,True,True,1.66,1.66,209.6,0.48,False
TX-T-000003,usr-T-0132,T,True,REQUIRE_2FA,1030.36,811.31,1.27,0.47,1113.27,3502.16,2,True,1,14,Remittance,business,18,4,4,12,mobile_ios,,False,none,False,False,72,1,False,False,False,False,False,False,False,False,False,False,MEETS_DEVICE,467,biometric,5,3,1952,True,6,24.2,False,False,False,2.66,2.66,125.0,1.28,False
TX-T-000004,usr-T-0133,T,False,ALLOW,2880.24,4056.68,0.71,0.4,2880.24,6407.9,1,False,212,1,Remittance,third_party_individual,3,1,11,12,mobile_android,Room rental balance settlement for mid-month - Ref #89250,True,legit,False,False,693,1,False,False,False,False,False,False,False,False,False,False,MEETS_DEVICE,49,biometric,500,0,1568,False,17,6.5,False,False,False,2.14,2.14,249.2,0.52,False
TX-T-000005,usr-T-0002,T,False,ALLOW,1200.18,1062.11,1.13,0.38,1200.18,3056.74,1,True,0,1,Remittance,business,19,0,1,4,mobile_ios,,False,none,False,False,119,1,False,False,False,False,False,False,False,False,False,False,MEETS_DEVICE,175,biometric,41,0,1233,False,21,7.5,False,False,False,198.24,198.24,353.6,33.64,False
TX-T-000006,usr-T-0089,T,False,ALLOW,5844.04,3585.3,1.63,0.43,5844.04,8927.63,1,False,273,1,Bills Payment,registered_biller,3,1,14,10,mobile_android,,False,none,False,False,337,1,False,False,False,False,False,False,False,False,False,False,MEETS_STRONG,35,biometric,101,0,1943,True,43,14.0,False,False,False,0.94,0.94,176.2,0.32,False
TX-T-000007,usr-T-0110,T,False,ALLOW,367.72,612.86,0.6,0.39,367.72,1043.61,1,False,383,1,Bills Payment,registered_biller,21,5,10,5,mobile_ios,,False,none,False,False,171,1,False,False,False,False,False,False,True,False,False,False,MEETS_DEVICE,29,biometric,549,0,1393,True,37,20.4,False,False,False,2.32,2.32,269.8,0.52,False
TX-T-000008,usr-T-0039,T,False,ALLOW,555.26,1261.95,0.44,0.39,555.26,1602.71,1,False,537,1,Funds Transfer,business,11,4,1,0,mobile_android,,False,none,False,False,90,1,False,False,False,False,False,False,False,False,False,False,MEETS_STRONG,66,biometric,267,0,228,False,26,5.9,False,False,False,1.91,1.91,148.9,0.77,False
TX-T-000009,usr-T-0167,T,False,ALLOW,6582.16,5142.31,1.28,0.27,6582.16,20458.59,2,False,572,1,Bills Payment,registered_biller,12,5,9,6,mobile_ios,,False,none,False,False,199,1,False,False,False,False,False,False,False,False,False,False,MEETS_STRONG,122,biometric,265,0,257,False,29,9.2,False,False,False,1.13,1.13,48.7,1.39,False
TX-T-000010,usr-T-0030,T,False,ALLOW,3065.98,3444.92,0.89,0.11,3065.98,4816.24,2,True,0,1,Bills Payment,registered_biller,18,4,3,2,mobile_android,,False,none,False,False,582,1,False,False,False,False,False,False,False,False,False,False,MEETS_STRONG,31,biometric,489,0,1342,False,42,8.4,False,False,False,1.35,1.35,248.8,0.33,False
TX-T-000011,usr-T-0068,T,False,ALLOW,2107.51,1686.01,1.25,0.46,2107.51,5420.57,1,False,150,1,Funds Transfer,third_party_individual,6,4,10,13,mobile_ios,,False,none,False,True,5,1,False,False,False,False,False,False,True,False,False,False,MEETS_STRONG,176,biometric,564,0,961,False,14,19.0,False,False,False,1.95,1.95,234.1,0.5,False
TX-T-000012,usr-T-0179,T,True,REQUIRE_2FA,7524.51,2219.62,3.39,0.8,10948.48,15248.83,6,False,433,4,Funds Transfer,third_party_individual,16,0,3,3,mobile_ios,,False,none,False,False,31,1,True,False,False,False,False,False,True,False,False,False,MEETS_BASIC,271,pin,40,0,728,True,9,19.7,False,False,False,1.13,1.13,214.3,0.32,False
TX-T-000013,usr-T-0103,T,False,ALLOW,2661.26,1835.35,1.45,0.31,2661.26,7383.66,1,False,20,1,Funds Transfer,registered_biller,15,4,5,6,mobile_android,,False,none,False,False,898,1,False,False,False,False,False,False,False,False,False,False,MEETS_DEVICE,122,biometric,236,0,1841,False,45,10.7,False,False,False,666.97,666.97,267.8,149.43,False
TX-T-000014,usr-T-0062,T,False,ALLOW,3285.94,1867.01,1.76,0.05,3285.94,6028.57,1,False,430,1,Bills Payment,registered_biller,16,0,6,11,mobile_android,,False,none,False,False,387,1,False,False,False,False,False,False,False,False,False,False,MEETS_STRONG,139,biometric,104,0,1130,False,19,21.1,False,False,False,2.15,2.15,178.8,0.72,False
TX-T-000015,usr-T-0145,T,False,ALLOW,611.36,1273.66,0.48,0.18,611.36,1824.22,1,False,43,1,Savings,own_account,3,2,10,1,mobile_ios,,False,none,False,False,279,1,False,False,False,False,False,False,False,False,False,False,MEETS_STRONG,29,pin,212,0,1075,False,25,22.9,False,True,True,2.14,2.14,274.3,0.47,False
TX-T-000016,usr-T-0062,T,True,REQUIRE_2FA,2128.39,1867.01,1.14,0.46,2786.7,4343.88,2,True,0,1,Funds Transfer,third_party_individual,15,2,5,7,mobile_ios,,False,none,False,True,0,1,False,False,False,False,False,False,False,True,False,False,MEETS_STRONG,415,pin,49,2,306,True,7,35.0,False,False,False,2.15,2.15,67.4,1.91,False
TX-T-000017,usr-T-0096,T,False,ALLOW,575.14,766.86,0.75,0.23,575.14,1446.04,2,False,117,1,Remittance,third_party_individual,17,3,3,13,mobile_ios,,False,none,False,False,664,1,False,False,False,False,False,False,False,False,False,False,MEETS_STRONG,155,biometric,437,0,302,False,15,9.3,False,False,False,2.3,2.3,227.2,0.61,False
TX-T-000018,usr-T-0143,T,False,ALLOW,250.0,500.0,0.5,0.02,250.0,369.71,2,False,218,1,Bills Payment,registered_biller,9,2,3,5,mobile_ios,Pang allowance ni bunso sa UST - Ref #4027,True,legit,False,False,806,1,False,False,False,False,False,False,False,False,False,False,MEETS_STRONG,30,biometric,381,0,567,False,30,19.2,False,False,False,1.73,1.73,237.6,0.44,False
TX-T-000019,usr-T-0061,T,False,ALLOW,1079.58,635.05,1.7,0.35,1079.58,1494.3,1,True,0,1,Savings,own_account,17,0,7,0,mobile_ios,Padala pambayad sa kuryente sa probinsya,True,legit,False,False,132,1,False,False,False,False,False,False,False,False,False,False,MEETS_STRONG,18,pin,395,0,1862,False,42,14.3,False,False,False,1.95,1.95,53.5,2.19,False
TX-T-000020,usr-T-0135,T,False,ALLOW,737.42,752.47,0.98,0.46,737.42,1701.82,1,True,2,1,Remittance,business,8,1,3,4,mobile_android,,False,none,False,False,754,1,False,False,False,False,False,False,False,False,False,False,MISSING,60,biometric,90,0,720,False,25,10.0,False,False,False,1.69,1.69,148.7,0.68,False
TX-T-000021,usr-T-0123,T,True,ALLOW,4045.26,2910.26,1.39,0.4,4045.26,10408.89,1,False,208,1,Savings,own_account,17,3,0,6,mobile_android,,False,none,False,False,797,1,False,False,False,False,False,False,False,False,False,False,MEETS_STRONG,78,biometric,222,0,1847,True,20,10.8,False,False,False,1.13,1.13,192.5,0.35,False
TX-T-000022,usr-T-0013,T,False,ALLOW,231.57,2572.99,0.09,0.49,231.57,428.14,1,False,23,1,Bills Payment,registered_biller,2,1,17,0,mobile_ios,Aircon cleanin and preventive maintenance service,True,legit,False,False,748,1,False,False,False,False,False,False,False,False,False,False,MEETS_STRONG,56,biometric,286,0,1773,False,12,7.4,False,False,False,1.64,1.64,141.2,0.7,False
TX-T-000023,usr-T-0080,T,False,ALLOW,628.83,1905.54,0.33,0.37,628.83,1831.7,1,True,3,1,Remittance,third_party_individual,11,0,3,13,mobile_android,Deposit,True,neutral,False,False,501,1,False,False,False,False,False,False,False,False,False,False,MEETS_STRONG,32,biometric,191,0,1123,True,33,23.6,False,False,False,2.0,2.0,198.7,0.6,False
TX-T-000024,usr-T-0089,T,False,ALLOW,2939.95,3585.3,0.82,0.1,2939.95,8188.57,1,True,0,1,Savings,own_account,22,3,5,8,mobile_ios,,False,none,False,False,337,1,False,False,False,False,False,False,False,False,False,False,MEETS_STRONG,148,biometric,494,0,101,False,44,12.6,False,False,False,2.66,2.66,236.2,0.68,False
TX-T-000025,usr-T-0169,T,False,ALLOW,3186.68,2153.16,1.48,0.1,3186.68,8831.61,1,True,2,1,Remittance,business,20,2,7,1,mobile_android,,False,none,False,False,442,1,False,False,False,False,False,False,False,False,False,False,MEETS_STRONG,75,biometric,405,0,552,False,16,5.3,False,False,False,1.97,1.97,252.1,0.47,False
TX-T-000026,usr-T-0093,T,False,ALLOW,2939.77,1739.51,1.69,0.21,2939.77,6023.17,1,False,287,1,Funds Transfer,third_party_individual,9,0,9,3,mobile_android,Smart Communications postpaid cellular bill,True,legit,False,False,623,1,False,False,False,False,False,False,False,False,False,False,MEETS_STRONG,180,biometric,136,0,441,False,37,15.1,False,False,False,0.46,0.46,281.1,0.1,False
TX-T-000027,usr-T-0083,T,False,ALLOW,1898.42,1825.4,1.04,0.11,1898.42,5621.47,2,False,478,1,Savings,own_account,12,0,5,11,mobile_android,,False,none,False,False,725,1,False,False,False,False,False,False,True,False,False,False,MEETS_STRONG,152,pin,188,0,293,True,34,8.1,False,False,False,2.05,2.05,88.0,1.4,False
TX-T-000028,usr-T-0146,T,True,REQUIRE_2FA,8805.52,1750.6,5.03,0.82,9566.77,29648.59,7,True,0,1,Bills Payment,third_party_individual,23,6,3,1,mobile_android,,False,none,False,False,465,1,False,False,False,False,False,False,False,False,False,False,MEETS_STRONG,469,password,25,0,2,True,9,24.4,False,False,False,1.85,1.85,239.1,0.46,False
TX-T-000029,usr-T-0122,T,False,ALLOW,394.38,2816.98,0.14,0.21,394.38,550.43,1,False,148,1,Bills Payment,registered_biller,15,4,0,3,mobile_ios,,False,none,False,False,800,1,False,False,False,False,False,False,False,False,False,False,MEETS_STRONG,58,biometric,382,0,1316,False,31,8.4,False,False,False,1.96,1.96,192.6,0.61,False
TX-T-000030,usr-T-0060,T,False,ALLOW,3706.88,5295.55,0.7,0.38,3706.88,11718.77,1,True,1,1,Remittance,third_party_individual,10,5,1,12,mobile_android,,False,none,False,False,104,1,False,False,False,False,False,False,False,False,False,False,MEETS_STRONG,179,pin,74,0,623,True,30,9.0,False,False,False,1.03,1.03,284.4,0.22,False
TX-T-000031,usr-T-0170,T,False,ALLOW,2858.38,2362.3,1.21,0.43,2858.38,3555.48,2,False,251,1,Savings,own_account,16,5,4,1,mobile_ios,Bpi Express Online Transfer,True,neutral,False,True,5,1,False,False,False,False,False,False,False,False,False,False,MEETS_DEVICE,100,biometric,339,0,583,False,44,10.5,False,True,True,1.19,1.19,300.0,0.24,False
TX-T-000032,usr-T-0098,T,False,ALLOW,1362.82,1099.05,1.24,0.44,1362.82,3787.28,1,False,451,1,Remittance,business,14,4,2,2,mobile_android,Ref 982341,True,neutral,False,False,77,1,False,False,False,False,False,False,False,False,False,False,MEETS_STRONG,50,biometric,99,0,1241,False,19,8.7,False,False,False,2.57,2.57,105.8,1.46,False
TX-T-000033,usr-T-0071,T,False,ALLOW,334.24,879.59,0.38,0.07,334.24,421.23,2,False,595,1,Bills Payment,registered_biller,19,1,3,3,mobile_android,,False,none,False,False,789,1,False,False,False,False,False,False,False,False,False,False,MEETS_STRONG,13,biometric,452,0,555,False,24,20.2,False,False,False,2.82,2.82,262.1,0.65,False
TX-T-000034,usr-T-0118,T,False,ALLOW,1986.91,2483.64,0.8,0.39,1986.91,5162.47,2,False,418,1,Funds Transfer,third_party_individual,14,3,3,13,mobile_android,,False,none,False,False,667,1,False,False,False,False,False,False,False,False,False,False,MEETS_DEVICE,52,biometric,331,0,1355,False,45,23.1,False,False,False,1.88,1.88,157.7,0.72,False
TX-T-000035,usr-T-0179,T,False,ALLOW,1642.52,2219.62,0.74,0.17,1642.52,2065.14,1,False,221,1,Savings,own_account,2,2,17,5,mobile_android,,False,none,False,False,31,1,False,False,False,False,False,False,False,False,False,False,MEETS_STRONG,95,pin,183,0,432,False,23,20.4,False,False,False,1.3,1.3,288.9,0.27,False
TX-T-000036,usr-T-0034,T,False,ALLOW,76.37,1272.81,0.06,0.39,76.37,93.79,1,False,20,1,Savings,own_account,7,1,4,9,mobile_ios,,False,none,False,False,592,1,False,False,False,False,False,False,False,False,False,False,MEETS_STRONG,18,pin,335,0,778,False,15,7.2,False,False,False,1.77,1.77,203.4,0.52,False
TX-T-000037,usr-T-0144,T,False,ALLOW,2569.97,3023.5,0.85,0.29,2569.97,8589.88,1,False,392,1,Savings,own_account,2,6,7,6,mobile_android,,False,none,False,False,841,1,False,False,False,False,False,False,True,False,False,False,MEETS_DEVICE,164,pin,324,0,974,False,32,10.2,False,False,False,1.95,1.95,190.1,0.62,False
TX-T-000038,usr-T-0128,T,False,ALLOW,339.45,942.93,0.36,0.31,339.45,960.56,2,True,0,1,Savings,own_account,20,6,10,1,mobile_android,,False,none,False,False,348,1,False,False,False,False,False,False,False,False,False,False,MEETS_STRONG,11,biometric,371,0,799,False,13,21.6,False,False,False,2.35,2.35,151.5,0.93,False
TX-T-000039,usr-T-0035,T,False,ALLOW,4594.18,3994.94,1.15,0.45,4594.18,11186.94,1,False,438,1,Funds Transfer,own_account,18,5,1,10,mobile_ios,,False,none,False,False,246,1,True,False,False,False,False,False,True,False,False,False,MEETS_BASIC,146,biometric,428,0,483,False,31,19.1,False,False,False,2.12,2.12,156.7,0.81,False
TX-T-000040,usr-T-0078,T,False,ALLOW,1606.97,2770.63,0.58,0.06,1606.97,4829.54,1,False,469,1,Funds Transfer,business,16,1,4,3,mobile_ios,,False,none,False,False,860,1,False,False,False,False,False,False,False,False,False,False,MEETS_STRONG,143,biometric,34,0,736,False,17,11.7,False,False,False,2.1,2.1,227.5,0.55,False
TX-T-000041,usr-T-0164,T,False,ALLOW,771.7,1265.08,0.61,0.1,771.7,1417.07,1,False,135,1,Remittance,third_party_individual,5,2,11,1,mobile_android,,False,none,False,False,749,1,False,False,False,False,False,False,False,False,False,False,MEETS_DEVICE,22,biometric,59,0,1064,False,15,7.1,False,False,False,1.42,1.42,184.9,0.46,False
TX-T-000042,usr-T-0180,T,False,ALLOW,2055.31,3067.63,0.67,0.17,2055.31,3403.06,1,False,95,1,Savings,own_account,18,1,0,1,mobile_ios,,False,none,False,False,400,1,False,False,False,False,False,False,False,False,False,False,MEETS_DEVICE,93,biometric,529,0,161,True,19,12.0,False,False,False,1.87,1.87,187.3,0.6,False
TX-T-000043,usr-T-0028,T,True,REQUIRE_2FA,17229.63,3269.38,5.27,0.65,20682.59,44486.52,6,True,1,1,Remittance,third_party_individual,22,4,9,6,mobile_ios,,False,none,False,False,766,2,False,False,True,False,False,False,False,False,False,False,FAILED,485,pin,25,0,285,True,5,22.7,False,False,False,2.69,2.69,57.5,2.81,False
TX-T-000044,usr-T-0148,T,False,ALLOW,894.06,2180.63,0.41,0.44,894.06,1689.23,1,False,460,1,Remittance,third_party_individual,18,0,2,9,mobile_ios,staff housing dormitory room share,True,legit,False,False,152,1,False,False,False,False,True,False,True,False,False,False,FAILED,161,biometric,355,0,1557,False,36,13.7,False,False,False,2.13,2.13,173.3,0.74,False
TX-T-000045,usr-T-0019,T,False,ALLOW,1478.51,4928.35,0.3,0.44,1478.51,4011.54,2,True,1,1,Savings,own_account,14,6,2,11,mobile_ios,Shared Expenses,True,neutral,False,False,688,1,False,False,False,False,False,False,False,False,False,False,MEETS_STRONG,157,biometric,64,0,177,False,35,7.3,False,True,True,1.76,1.76,223.4,0.47,False
TX-T-000046,usr-T-0063,T,False,ALLOW,3752.99,2779.99,1.35,0.48,3752.99,5177.58,1,False,334,1,Funds Transfer,own_account,17,6,0,0,mobile_ios,Bakery bread and morning pandesal treat,True,legit,False,False,883,1,False,False,False,False,False,False,False,False,False,False,MEETS_DEVICE,171,biometric,203,0,1273,True,30,21.2,False,False,False,2.03,2.03,159.1,0.77,False
TX-T-000047,usr-T-0155,T,False,ALLOW,2548.22,2337.82,1.09,0.08,2548.22,5675.66,2,False,256,1,Savings,own_account,5,6,5,8,mobile_android,,False,none,False,False,871,1,False,False,False,False,False,False,False,False,False,False,MEETS_STRONG,98,biometric,300,0,1647,False,15,8.4,False,False,False,1.39,1.39,229.4,0.36,False
TX-T-000048,usr-T-0100,T,True,REQUIRE_2FA,2696.72,1182.77,2.28,0.31,3946.95,8810.73,7,True,0,21,Savings,own_account,19,5,7,5,mobile_ios,,False,none,False,True,4,2,True,False,False,False,False,False,True,False,False,False,MEETS_BASIC,214,password,31,1,819,True,7,10.0,True,False,False,2.01,2.01,269.8,0.45,False
TX-T-000049,usr-T-0032,T,False,ALLOW,458.42,1763.17,0.26,0.43,458.42,687.07,1,False,594,1,Bills Payment,registered_biller,3,5,7,2,mobile_ios,,False,none,False,False,610,1,False,False,False,False,False,False,False,False,False,False,MEETS_STRONG,109,biometric,91,0,628,False,28,8.6,False,False,False,2.5,2.5,126.9,1.18,False
TX-T-000050,usr-T-0139,T,False,ALLOW,5184.43,12056.81,0.43,0.33,5184.43,17103.44,1,True,0,1,Funds Transfer,own_account,14,0,5,14,mobile_ios,,False,none,False,False,654,1,False,False,False,False,False,False,False,False,False,False,MEETS_STRONG,27,pin,261,0,106,False,42,7.4,False,False,False,2.3,2.3,101.3,1.36,False
TX-T-000051,usr-T-0166,T,False,ALLOW,1173.34,1185.19,0.99,0.48,1173.34,1625.14,1,False,222,1,Bills Payment,registered_biller,17,0,6,6,mobile_android,,False,none,False,False,693,1,False,False,False,False,False,False,True,False,False,False,MEETS_STRONG,148,pin,345,0,1123,False,40,24.3,False,False,False,207.41,207.41,326.5,38.12,False
TX-T-000052,usr-T-0168,T,False,ALLOW,2822.68,3320.8,0.85,0.34,2822.68,9063.03,1,False,88,1,Funds Transfer,registered_biller,15,5,1,0,mobile_ios,,False,none,False,False,325,1,False,False,False,False,False,False,True,False,False,False,MEETS_STRONG,39,biometric,255,0,229,False,39,11.7,False,False,False,1.14,1.14,49.4,1.38,False
TX-T-000053,usr-T-0083,T,False,ALLOW,2628.58,1825.4,1.44,0.38,2628.58,6739.93,1,True,1,1,Savings,own_account,5,5,12,5,mobile_android,,False,none,False,False,725,1,False,False,False,False,False,True,False,False,False,False,MEETS_STRONG,82,biometric,517,0,1517,True,21,17.8,False,True,True,1.96,1.96,189.0,0.62,False
TX-T-000054,usr-T-0128,T,False,ALLOW,188.59,942.93,0.2,0.41,188.59,356.96,1,False,211,1,Funds Transfer,third_party_individual,19,2,9,13,mobile_android,,False,none,False,False,348,1,False,False,False,False,False,False,False,False,False,False,MEETS_STRONG,63,biometric,287,0,784,False,41,5.9,False,False,False,2.35,2.35,238.9,0.59,False
TX-T-000055,usr-T-0061,T,False,ALLOW,692.2,635.05,1.09,0.17,692.2,1147.06,1,False,127,1,Remittance,third_party_individual,3,1,7,11,mobile_ios,,False,none,False,False,132,1,False,False,False,False,False,False,False,False,False,False,MEETS_DEVICE,79,biometric,373,0,360,True,15,10.6,False,False,False,0.39,0.39,231.7,0.1,False
TX-T-000056,usr-T-0041,T,True,ALLOW,5175.06,4423.13,1.17,0.31,5175.06,8232.75,2,False,103,1,Savings,own_account,16,3,5,13,mobile_android,,False,none,False,True,0,1,False,False,False,False,False,False,False,False,False,False,MEETS_STRONG,20,biometric,546,0,168,False,37,14.6,False,False,False,1.44,1.44,83.5,1.03,False
TX-T-000057,usr-T-0105,T,False,ALLOW,323.8,1156.44,0.28,0.15,323.8,870.88,1,False,327,1,Bills Payment,registered_biller,22,3,2,13,mobile_android,s&r membership shopping items,True,legit,False,False,657,1,False,False,False,False,False,False,True,False,False,False,MEETS_STRONG,85,biometric,306,0,1529,False,25,20.8,False,False,False,1.99,1.99,30.6,3.9,False
TX-T-000058,usr-T-0045,T,False,ALLOW,3429.63,2679.4,1.28,0.28,3429.63,10217.63,1,False,567,1,Funds Transfer,business,23,6,13,9,mobile_android,Pizza Party Chip-In For Project Celebration,True,legit,False,False,849,1,False,False,False,False,False,False,False,False,False,False,MEETS_STRONG,146,biometric,492,0,1371,False,16,8.8,False,False,False,1.89,1.89,66.0,1.72,False
TX-T-000059,usr-T-0134,T,False,ALLOW,183.88,2043.1,0.09,0.21,183.88,509.26,2,False,445,1,Savings,own_account,23,5,8,0,mobile_ios,,False,none,False,False,138,1,True,False,False,False,False,False,True,False,False,False,MEETS_BASIC,145,pin,485,0,1037,False,20,23.0,False,False,False,1.74,1.74,121.0,0.86,False
TX-T-000060,usr-T-0038,T,False,ALLOW,1059.3,1246.23,0.85,0.09,1059.3,3522.71,1,False,194,1,Bills Payment,registered_biller,5,1,7,1,mobile_android,,False,none,False,False,597,1,True,False,False,False,False,False,True,False,False,False,MEETS_BASIC,146,biometric,154,0,1985,True,43,20.4,False,False,False,2.41,2.41,291.5,0.5,False
TX-T-000061,usr-T-0166,T,False,ALLOW,1042.97,1185.19,0.88,0.15,1042.97,3516.08,2,False,165,1,Savings,own_account,10,5,1,1,mobile_ios,,False,none,False,False,693,1,False,False,False,False,False,False,True,False,False,False,MEETS_STRONG,81,biometric,53,0,271,False,40,18.5,False,False,False,2.16,2.16,154.8,0.84,False
TX-T-000062,usr-T-0015,T,False,ALLOW,2412.32,3547.53,0.68,0.08,2412.32,7631.98,1,False,306,1,Remittance,business,9,3,11,13,mobile_android,office lunch share jollibee chickenjoy bucket,True,legit,False,False,685,1,False,False,False,False,False,False,False,False,False,False,MEETS_STRONG,87,biometric,567,0,786,True,36,6.8,False,False,False,1.88,1.88,173.4,0.65,False
TX-T-000063,usr-T-0078,T,False,ALLOW,1606.97,2770.63,0.58,0.28,1606.97,3641.3,1,True,2,1,Remittance,business,3,5,9,10,mobile_ios,,False,none,False,False,860,1,False,False,False,False,False,False,False,False,False,False,MEETS_DEVICE,131,pin,152,0,864,False,13,21.9,False,False,False,2.11,2.11,265.3,0.48,False
TX-T-000064,usr-T-0070,T,False,ALLOW,2429.34,2094.26,1.16,0.48,2429.34,3187.4,1,False,93,1,Bills Payment,registered_biller,20,1,1,12,mobile_android,Payment for services rendered,True,neutral,False,False,371,1,True,False,False,False,False,False,True,False,False,False,MEETS_BASIC,46,biometric,170,0,1161,False,43,13.2,False,False,False,1.92,1.92,158.5,0.73,False
TX-T-000065,usr-T-0142,T,False,ALLOW,1603.48,1105.85,1.45,0.21,1603.48,5302.5,1,True,0,1,Savings,own_account,11,2,1,11,mobile_ios,Pantry food stocks replenishment - Ref #40537,True,legit,False,False,225,1,False,False,False,False,False,False,True,False,False,False,MEETS_STRONG,63,biometric,110,0,970,False,19,6.6,False,False,False,2.31,2.31,45.7,3.03,False
TX-T-000066,usr-T-0025,T,False,ALLOW,2876.0,1732.53,1.66,0.11,2876.0,9412.29,1,False,107,1,Bills Payment,registered_biller,23,2,6,9,mobile_ios,,False,none,False,False,287,1,False,False,False,False,False,False,False,False,False,False,MEETS_STRONG,11,pin,131,0,1992,True,44,22.0,False,False,False,1.61,1.61,207.0,0.47,False
TX-T-000067,usr-T-0098,T,False,ALLOW,1044.1,1099.05,0.95,0.21,1044.1,3081.39,1,False,547,1,Bills Payment,registered_biller,15,6,3,5,mobile_ios,,False,none,False,False,77,1,False,False,False,False,False,False,False,False,False,False,MEETS_DEVICE,27,biometric,406,0,467,True,43,18.4,False,False,False,0.77,0.77,49.0,0.94,False
TX-T-000068,usr-T-0027,T,True,REQUIRE_2FA,26191.39,3736.29,7.01,0.54,28798.56,47823.06,5,True,3,1,Bills Payment,third_party_individual,22,6,7,4,mobile_ios,,False,none,False,False,330,1,False,False,False,False,False,False,False,False,False,True,MEETS_DEVICE,193,password,29,0,720,True,4,20.2,False,True,True,0.1,0.1,147.8,0.04,False
TX-T-000069,usr-T-0130,T,False,ALLOW,755.94,1162.98,0.65,0.43,755.94,1857.52,2,True,3,1,Funds Transfer,business,14,2,2,13,mobile_ios,,False,none,False,False,672,1,False,False,False,False,False,False,False,False,False,False,MEETS_STRONG,151,pin,582,0,1271,False,22,15.1,False,False,False,2.03,2.03,190.8,0.64,False
TX-T-000070,usr-T-0083,T,False,ALLOW,1971.43,1825.4,1.08,0.07,1971.43,4027.13,2,False,364,1,Savings,own_account,3,3,14,5,mobile_ios,,False,none,False,False,725,1,False,False,False,False,False,False,True,False,False,False,MEETS_STRONG,118,pin,557,0,1946,False,13,18.9,False,False,False,2.23,2.23,126.2,1.06,False
TX-T-000071,usr-T-0026,T,False,ALLOW,754.98,1841.42,0.41,0.25,754.98,2315.03,1,True,2,1,Remittance,business,6,3,15,10,mobile_android,,False,none,False,False,579,1,False,False,False,False,False,False,True,False,False,False,MEETS_STRONG,145,biometric,467,0,529,False,16,18.0,False,False,False,1.38,1.38,168.9,0.49,False
TX-T-000072,usr-T-0160,T,False,ALLOW,1163.35,945.81,1.23,0.28,1163.35,3753.04,1,False,206,1,Savings,own_account,6,5,14,13,mobile_ios,,False,none,False,False,654,1,False,False,False,False,False,False,False,False,False,False,MEETS_DEVICE,121,biometric,356,0,1861,False,16,17.7,False,False,False,1.38,1.38,60.8,1.36,False
TX-T-000073,usr-T-0062,T,False,ALLOW,728.13,1867.01,0.39,0.13,728.13,2259.12,1,False,461,1,Savings,own_account,20,0,10,3,mobile_android,Birthday monetary gift for niece,True,legit,False,False,387,1,True,False,False,False,False,False,True,False,False,False,MEETS_BASIC,90,pin,335,0,1875,True,38,22.9,False,False,False,1.77,1.77,254.3,0.42,False
TX-T-000074,usr-T-0135,T,False,ALLOW,1203.95,752.47,1.6,0.13,1203.95,1783.33,2,False,414,1,Bills Payment,registered_biller,13,1,2,2,mobile_android,Notarial fee for deed of absolute sale,True,legit,False,False,754,1,False,False,False,False,False,False,False,False,False,False,MEETS_DEVICE,47,biometric,516,0,1565,False,31,5.4,False,False,False,1.58,1.58,203.7,0.47,False
TX-T-000075,usr-T-0180,T,False,ALLOW,4509.42,3067.63,1.47,0.07,4509.42,14403.05,2,False,417,1,Remittance,business,2,6,16,12,mobile_android,Aircon cleaning and preventive maintenance service,True,legit,False,False,400,1,False,False,False,False,False,False,False,False,False,False,MEETS_STRONG,95,pin,462,0,1895,False,18,21.5,False,False,False,0.65,0.65,186.6,0.21,False
TX-T-000076,usr-T-0114,T,False,ALLOW,222.58,767.51,0.29,0.21,222.58,588.74,1,True,1,1,Bills Payment,registered_biller,16,5,0,12,mobile_android,,False,none,False,False,419,1,False,False,False,False,False,False,False,False,False,False,MEETS_STRONG,106,pin,259,0,142,False,26,23.1,False,False,False,1.6,1.6,63.1,1.52,False
TX-T-000077,usr-T-0067,T,False,ALLOW,3194.36,1846.45,1.73,0.09,3194.36,8000.78,1,False,479,1,Savings,own_account,3,1,11,11,mobile_android,,False,none,False,False,764,1,False,False,False,False,False,False,False,False,False,False,MEETS_STRONG,47,biometric,327,0,636,True,40,23.1,False,False,False,0.84,0.84,17.9,2.82,False
TX-T-000078,usr-T-0178,T,False,ALLOW,1165.02,2773.85,0.42,0.2,1165.02,2532.25,1,True,0,1,Funds Transfer,own_account,7,3,3,14,mobile_ios,,False,none,False,False,361,1,False,False,False,False,False,False,False,False,False,False,MEETS_DEVICE,158,biometric,296,0,447,False,33,22.6,False,False,False,0.82,0.82,55.4,0.89,False
TX-T-000079,usr-T-0033,T,False,ALLOW,2835.07,1620.04,1.75,0.15,2835.07,5753.38,1,False,284,1,Remittance,business,13,1,4,5,mobile_ios,,False,none,False,False,808,1,False,False,False,False,False,False,True,False,False,False,MEETS_STRONG,136,biometric,482,0,830,False,43,14.2,False,False,False,1.8,1.8,114.6,0.94,False
TX-T-000080,usr-T-0044,T,False,ALLOW,4378.69,2938.72,1.49,0.29,4378.69,11932.88,1,False,19,1,Bills Payment,registered_biller,13,0,6,3,mobile_ios,contract agreement payment,True,neutral,False,False,699,1,False,False,False,False,False,False,False,False,False,False,MEETS_DEVICE,126,pin,305,0,1316,False,33,24.4,False,False,False,2.15,2.15,223.5,0.58,False
TX-T-000081,usr-T-0015,T,True,REQUIRE_2FA,16354.11,3547.53,4.61,0.36,18440.6,32311.33,5,True,1,16,Bills Payment,third_party_individual,20,1,0,155,mobile_ios,,False,none,False,False,685,1,False,False,False,False,False,False,False,False,False,False,MEETS_STRONG,275,pin,45,0,11,False,6,18.0,False,True,True,1.92,1.92,199.5,0.58,False
TX-T-000082,usr-T-0021,T,False,ALLOW,1873.52,2105.08,0.89,0.08,1873.52,2798.88,2,False,550,1,Savings,own_account,9,4,6,0,mobile_android,,False,none,False,False,627,1,False,False,False,False,False,False,False,False,False,False,MEETS_DEVICE,56,biometric,76,0,270,False,31,11.3,False,False,False,1.17,1.17,245.2,0.29,False
TX-T-000083,usr-T-0048,T,False,ALLOW,554.54,2918.65,0.19,0.49,554.54,996.19,1,False,33,1,Funds Transfer,business,3,0,6,2,mobile_ios,,False,none,False,False,886,1,False,False,False,False,False,False,False,False,False,False,MEETS_DEVICE,44,biometric,225,0,329,False,24,22.2,False,False,False,0.92,0.92,139.2,0.4,False
TX-T-000084,usr-T-0049,T,False,ALLOW,5881.71,4201.22,1.4,0.08,5881.71,12765.21,1,False,470,1,Savings,own_account,15,0,0,13,mobile_ios,,False,none,False,False,200,1,False,False,False,False,False,False,False,False,False,False,MEETS_STRONG,84,biometric,529,0,918,False,43,9.6,False,False,False,2.16,2.16,172.7,0.75,False
TX-T-000085,usr-T-0122,T,True,REQUIRE_2FA,13408.82,2816.98,4.76,0.59,16333.48,25660.99,7,True,2,1,Remittance,business,4,2,11,6,mobile_ios,,False,none,False,True,3,1,False,False,False,False,False,False,False,False,False,False,MEETS_STRONG,432,pin,20,1,834,False,8,18.5,False,False,False,1.35,1.35,111.3,0.73,False
TX-T-000086,usr-T-0144,T,False,ALLOW,1511.75,3023.5,0.5,0.18,1511.75,3049.28,1,False,288,1,Bills Payment,registered_biller,22,6,13,8,mobile_android,,False,none,False,False,841,1,False,False,False,False,False,False,False,False,False,False,MEETS_STRONG,171,biometric,240,0,1965,False,30,19.2,False,False,False,1.62,1.62,59.0,1.65,False
TX-T-000087,usr-T-0032,T,False,ALLOW,1445.8,1763.17,0.82,0.21,1445.8,4292.26,1,False,364,1,Remittance,third_party_individual,2,2,8,5,mobile_ios,,False,none,False,False,610,1,False,False,False,False,False,False,False,False,False,False,MEETS_DEVICE,17,biometric,179,0,1677,True,45,23.9,False,False,False,2.26,2.26,61.8,2.19,False
TX-T-000088,usr-T-0170,T,False,ALLOW,732.31,2362.3,0.31,0.29,732.31,2525.58,2,False,547,1,Remittance,business,12,5,8,11,mobile_ios,,False,none,False,False,472,1,False,False,False,False,False,False,False,False,False,False,MEETS_STRONG,98,pin,444,0,1688,True,31,6.7,False,False,False,1.07,1.07,265.8,0.24,False
TX-T-000089,usr-T-0055,T,False,ALLOW,1708.72,1675.22,1.02,0.27,1708.72,5025.7,1,True,2,1,Bills Payment,registered_biller,9,5,1,6,mobile_android,,False,none,False,False,220,1,False,False,False,False,False,True,False,False,False,False,MEETS_STRONG,158,pin,576,0,1829,False,34,11.0,False,False,False,1.44,1.44,54.9,1.57,False
TX-T-000090,usr-T-0027,T,False,ALLOW,3997.83,3736.29,1.07,0.41,3997.83,8119.25,1,False,436,1,Funds Transfer,third_party_individual,1,3,14,14,mobile_android,,False,none,False,False,330,1,False,False,False,False,False,False,False,False,False,False,MEETS_DEVICE,116,biometric,177,0,1135,True,41,7.6,False,False,False,2.32,2.32,75.6,1.84,False
TX-T-000091,usr-T-0144,T,False,ALLOW,5200.42,3023.5,1.72,0.3,5200.42,11127.99,1,False,56,1,Bills Payment,registered_biller,3,2,6,4,mobile_ios,Aircon cleaning and preventive maintenance service - Ref #96402,True,legit,False,False,841,1,False,False,False,False,False,False,False,False,False,False,MEETS_STRONG,21,biometric,522,0,1273,False,40,23.0,False,False,False,0.97,0.97,187.6,0.31,False
TX-T-000092,usr-T-0160,T,False,ALLOW,728.27,945.81,0.77,0.12,728.27,1536.22,1,False,468,1,Remittance,third_party_individual,5,5,15,0,mobile_ios,Ambag sa birthday cake ni boss,True,legit,False,False,654,1,False,False,False,False,False,False,False,False,False,False,MEETS_STRONG,56,biometric,311,0,1711,True,40,6.7,False,False,False,0.88,0.88,155.1,0.34,False
TX-T-000093,usr-T-0030,T,False,ALLOW,3444.92,3444.92,1.0,0.15,3444.92,5581.25,1,True,3,1,Bills Payment,registered_biller,1,4,20,5,mobile_android,,False,none,False,False,582,1,False,False,False,False,False,False,False,False,False,False,MISSING,60,biometric,90,0,720,False,25,10.0,False,False,False,0.92,0.92,132.7,0.42,False
TX-T-000094,usr-T-0031,T,False,ALLOW,6363.25,13538.84,0.47,0.3,6363.25,11097.06,1,False,132,1,Remittance,third_party_individual,10,3,4,8,mobile_ios,,False,none,False,False,144,1,True,False,False,False,False,False,True,False,False,False,MEETS_BASIC,155,biometric,486,0,271,False,44,9.1,False,False,False,2.16,2.16,237.9,0.54,False
TX-T-000095,usr-T-0143,T,False,ALLOW,50.0,500.0,0.05,0.24,50.0,155.38,1,False,15,1,Funds Transfer,business,8,4,4,4,mobile_ios,,False,none,False,False,806,1,False,False,False,False,False,False,True,False,False,False,MEETS_DEVICE,120,biometric,546,0,1742,False,33,17.7,False,False,False,1.34,1.34,203.7,0.39,False
TX-T-000096,usr-T-0154,T,True,REQUIRE_2FA,11247.2,1654.0,6.8,0.9,14670.77,17749.32,2,True,3,1,Savings,own_account,12,4,3,49,mobile_android,,False,none,False,True,0,2,False,False,False,False,False,False,False,False,False,False,MEETS_STRONG,323,biometric,50,0,20,True,6,9.7,False,False,False,2.02,2.02,216.5,0.56,False
TX-T-000097,usr-T-0164,T,False,ALLOW,1986.18,1265.08,1.57,0.29,1986.18,4640.17,1,False,594,1,Bills Payment,registered_biller,2,4,14,2,mobile_android,,False,none,False,False,749,1,False,False,False,False,False,False,False,False,False,False,MEETS_STRONG,10,biometric,83,0,1848,False,39,21.9,False,True,True,1.68,1.68,156.2,0.65,False
TX-T-000098,usr-T-0058,T,False,ALLOW,50116.94,8070.36,6.21,0.27,50116.94,96593.21,1,False,600,1,Funds Transfer,registered_biller,22,3,8,1,mobile_android,,False,none,False,False,763,1,False,False,False,False,False,False,False,False,False,False,MEETS_STRONG,23,biometric,562,0,1726,True,16,20.5,False,False,False,1.3,1.3,180.0,0.43,False
TX-T-000099,usr-T-0009,T,False,ALLOW,3876.91,2408.02,1.61,0.35,3876.91,11631.06,1,False,71,1,Remittance,business,2,0,16,10,mobile_android,Monthly Allowance For College Daughter,True,legit,False,False,673,1,False,False,False,False,False,False,True,False,False,False,MEETS_DEVICE,96,pin,56,0,1029,False,24,7.2,False,False,False,1.03,1.03,340.9,0.18,False
TX-T-000100,usr-T-0063,T,False,ALLOW,361.4,2779.99,0.13,0.07,361.4,919.55,1,False,381,1,Remittance,third_party_individual,4,3,13,4,mobile_ios,,False,none,False,False,883,1,False,False,False,False,False,False,True,False,False,False,MEETS_STRONG,27,biometric,223,0,1467,False,41,17.0,False,False,False,2.02,2.02,190.6,0.64,False
TX-T-000101,usr-T-0117,T,False,ALLOW,4821.49,2939.93,1.64,0.25,4821.49,15987.55,1,False,492,1,Bills Payment,registered_biller,7,3,13,11,mobile_ios,Fuds transfer,True,neutral,False,False,444,1,False,False,False,False,False,False,True,False,False,False,MEETS_DEVICE,17,biometric,232,0,681,True,28,19.4,False,False,False,1.39,1.39,21.1,3.95,False
TX-T-000102,usr-T-0117,T,False,ALLOW,4321.7,2939.93,1.47,0.33,4321.7,14541.1,2,False,459,1,Funds Transfer,third_party_individual,4,1,16,12,mobile_android,,False,none,False,False,444,1,False,False,False,False,False,False,False,False,False,False,MEETS_STRONG,81,biometric,550,0,1296,False,25,19.5,False,False,False,1.38,1.38,62.7,1.32,False
TX-T-000103,usr-T-0131,T,False,ALLOW,1715.28,1786.75,0.96,0.1,1715.28,4869.2,1,False,521,1,Savings,own_account,8,4,10,6,mobile_android,,False,none,False,False,730,1,False,False,False,False,False,False,False,False,False,False,MEETS_DEVICE,142,biometric,265,0,1295,True,44,17.4,False,False,False,0.42,0.42,244.3,0.1,False
TX-T-000104,usr-T-0046,T,False,ALLOW,1482.68,2907.22,0.51,0.05,1482.68,4853.4,1,False,574,1,Funds Transfer,own_account,7,0,8,1,mobile_android,,False,none,False,False,173,1,False,False,False,False,False,False,False,False,False,False,MEETS_DEVICE,149,biometric,38,0,1677,False,34,20.7,False,False,False,0.54,0.54,201.8,0.16,False
TX-T-000105,usr-T-0039,T,False,ALLOW,567.88,1261.95,0.45,0.36,567.88,955.58,1,False,580,1,Savings,own_account,23,6,11,7,mobile_ios,,False,none,False,True,5,1,False,False,False,False,False,False,False,False,False,False,MEETS_DEVICE,100,biometric,260,0,958,False,37,20.3,False,False,False,0.97,0.97,176.8,0.33,False
TX-T-000106,usr-T-0085,T,False,ALLOW,1359.52,937.6,1.45,0.46,1359.52,3425.88,1,False,415,1,Funds Transfer,business,6,3,14,1,mobile_ios,,False,none,False,False,383,1,False,False,False,False,False,False,False,False,False,False,MEETS_DEVICE,69,biometric,566,0,243,False,35,15.4,False,False,False,1.65,1.65,59.8,1.66,False
TX-T-000107,usr-T-0123,T,True,REQUIRE_2FA,6810.01,2910.26,2.34,0.43,9773.89,18691.99,7,True,1,1,Bills Payment,registered_biller,16,5,1,4,mobile_android,Contract agreement payment,True,neutral,False,False,797,1,False,False,False,False,False,False,False,False,False,False,MISSING,60,biometric,90,0,720,False,25,10.0,False,False,False,2.48,2.48,128.8,1.16,False
TX-T-000108,usr-T-0074,T,False,ALLOW,6030.27,3632.69,1.66,0.18,6030.27,18923.41,1,False,194,1,Savings,own_account,7,1,2,14,mobile_ios,,False,none,False,False,845,1,False,False,False,False,False,False,False,False,False,False,MEETS_DEVICE,65,biometric,451,0,1660,False,35,6.5,False,False,False,1.4,1.4,143.5,0.59,False
TX-T-000109,usr-T-0119,T,False,ALLOW,46062.06,8790.47,5.24,0.34,46062.06,104209.84,1,False,214,1,Savings,own_account,1,0,8,4,mobile_android,,False,none,False,False,708,1,False,False,False,False,False,False,False,False,False,False,MEETS_STRONG,165,biometric,211,0,702,True,37,8.4,False,False,False,2.38,2.38,140.6,1.02,False
TX-T-000110,usr-T-0173,T,False,ALLOW,1390.7,1695.98,0.82,0.03,1390.7,3699.29,1,False,120,1,Savings,own_account,22,2,3,7,mobile_android,townhouse security maiintenance monthly dues - Ref #53709,True,legit,False,False,561,1,False,False,False,False,False,False,True,False,False,False,MEETS_STRONG,34,pin,201,0,1582,True,38,15.3,False,True,True,0.96,0.96,193.0,0.3,False
TX-T-000111,usr-T-0004,T,False,ALLOW,4402.52,5179.44,0.85,0.04,4402.52,13536.41,1,False,83,1,Bills Payment,registered_biller,13,2,4,12,mobile_ios,,False,none,False,False,748,1,False,False,False,False,False,False,False,False,False,False,MEETS_DEVICE,95,biometric,355,0,1843,False,16,11.7,False,False,False,0.63,0.63,197.6,0.19,False
TX-T-000112,usr-T-0004,T,False,ALLOW,5852.77,5179.44,1.13,0.45,5852.77,11180.85,1,False,96,1,Funds Transfer,registered_biller,11,3,6,4,mobile_android,Organic eggs and fresh milk delivery,True,legit,False,False,748,1,False,False,False,False,False,False,False,False,False,False,MEETS_STRONG,175,biometric,54,0,569,False,33,11.9,False,False,False,2.68,2.68,296.7,0.54,False
TX-T-000113,usr-T-0002,T,True,BLOCK,9994.46,1062.11,9.41,0.98,10254.85,35703.58,3,True,1,1,Bills Payment,registered_biller,7,4,11,149,mobile_ios,,False,none,False,False,119,1,False,False,False,False,False,False,False,False,False,False,MEETS_STRONG,492,biometric,32,0,1725,True,9,13.5,True,True,True,10272.84,10272.84,21.9,28144.77,True
TX-T-000114,usr-T-0066,T,True,REQUIRE_2FA,5893.11,4603.99,1.28,0.67,7309.94,14374.55,7,True,1,1,Bills Payment,third_party_individual,16,5,1,7,mobile_ios,,False,none,False,False,790,4,False,False,False,False,False,False,True,False,False,False,MEETS_STRONG,440,biometric,36,0,218,True,9,19.7,False,True,False,1.5,1.5,207.8,0.43,False
TX-T-000115,usr-T-0067,T,False,ALLOW,3138.97,1846.45,1.7,0.08,3138.97,5553.01,1,False,180,1,Funds Transfer,third_party_individual,2,5,12,11,mobile_ios,,False,none,False,False,764,1,False,False,False,False,False,False,False,False,False,False,MEETS_STRONG,115,pin,121,0,323,False,34,21.3,False,False,False,1.68,1.68,214.2,0.47,False
TX-T-000116,usr-T-0126,T,False,ALLOW,10520.38,3247.03,3.24,0.35,10520.38,25326.9,1,False,189,1,Bills Payment,registered_biller,11,1,7,11,mobile_android,Botled mineral water office supply - Ref #69463,True,legit,False,False,147,1,False,False,False,False,False,False,False,False,False,False,MEETS_STRONG,169,biometric,200,0,263,False,36,7.5,False,False,False,2.38,2.38,153.3,0.93,False
TX-T-000117,usr-T-0097,T,True,BLOCK,8954.06,847.12,10.57,0.91,11072.73,21870.51,5,True,2,1,Remittance,business,12,4,1,121,mobile_ios,,False,none,False,True,3,1,True,False,False,False,False,False,True,True,False,False,MEETS_BASIC,423,biometric,31,0,21,False,8,21.3,False,True,True,2.42,2.42,107.8,1.35,False
TX-T-000118,usr-T-0103,T,True,REQUIRE_2FA,6827.5,1835.35,3.72,0.91,10041.47,23045.98,7,False,117,1,Bills Payment,third_party_individual,6,5,4,163,mobile_android,Urgent customs clearance fee for parcel package release,True,scam,False,False,898,5,False,False,False,False,False,False,True,False,False,False,MEETS_DEVICE,194,password,25,0,551,True,10,24.0,False,False,False,1.97,1.97,155.2,0.76,False
TX-T-000119,usr-T-0097,T,False,ALLOW,1143.61,847.12,1.35,0.37,1143.61,3092.34,1,False,462,1,Bills Payment,registered_biller,7,2,6,1,mobile_ios,,False,none,False,False,718,1,False,False,False,False,False,False,False,False,True,False,MEETS_STRONG,109,biometric,357,0,1679,False,20,15.4,False,False,False,1.32,1.32,168.4,0.47,False
TX-T-000120,usr-T-0076,T,False,ALLOW,3901.08,4240.3,0.92,0.23,3901.08,10077.93,1,False,50,1,Remittance,business,16,5,5,1,mobile_ios,Financial allowance support for mama and papa,True,legit,False,False,272,1,False,False,False,False,False,False,False,False,False,False,MEETS_DEVICE,23,biometric,529,0,1589,False,22,24.8,False,False,False,1.05,1.05,297.2,0.21,False
TX-T-000121,usr-T-0141,T,True,REQUIRE_2FA,7071.98,3399.99,2.08,0.68,9918.71,31289.19,7,True,1,1,Savings,own_account,9,1,4,12,mobile_android,Law office consultation reetainer balance,True,legit,False,True,3,2,True,False,False,False,False,False,True,False,False,False,MEETS_BASIC,240,biometric,46,0,404,True,9,9.9,True,False,False,0.97,0.97,64.2,0.91,False
TX-T-000122,usr-T-0095,T,True,ALLOW,2157.81,632.79,3.41,0.07,2157.81,5772.66,2,False,506,1,Remittance,third_party_individual,18,1,7,6,mobile_ios,,False,none,False,False,783,1,False,False,False,False,False,False,False,False,False,False,MEETS_DEVICE,145,biometric,95,0,1162,False,19,20.1,False,False,False,1.81,1.81,260.7,0.42,False
TX-T-000123,usr-T-0115,T,True,REQUIRE_2FA,2637.29,2585.58,1.02,0.43,2849.87,7106.84,2,True,0,1,Bills Payment,registered_biller,13,5,2,106,mobile_android,,False,none,False,False,429,3,False,False,False,False,False,False,False,False,False,False,MEETS_STRONG,252,pin,59,0,1333,True,8,10.5,False,False,False,1.05,1.05,200.2,0.31,False
TX-T-000124,usr-T-0066,T,False,ALLOW,7826.78,4603.99,1.7,0.08,7826.78,13060.19,1,False,212,1,Remittance,third_party_individual,13,6,4,2,mobile_ios,,False,none,False,False,790,1,False,False,False,False,False,False,True,False,False,False,MEETS_STRONG,67,biometric,40,0,300,False,26,12.6,False,False,False,2.35,2.35,222.6,0.63,False
TX-T-000125,usr-T-0126,T,False,ALLOW,2143.04,3247.03,0.66,0.29,2143.04,3961.61,1,True,0,1,Bills Payment,registered_biller,10,6,8,6,mobile_android,,False,none,False,False,147,1,False,False,False,False,False,False,True,False,False,False,MEETS_STRONG,78,biometric,409,0,1548,False,38,19.1,False,False,False,2.52,2.52,158.1,0.96,False
TX-T-000126,usr-T-0059,T,True,BLOCK,14260.0,1220.89,11.68,0.56,16489.81,23206.49,2,True,1,1,Bills Payment,third_party_individual,1,0,12,8,mobile_ios,,False,none,False,True,1,1,True,False,False,False,False,False,True,False,False,False,MEETS_BASIC,183,biometric,32,0,600,False,3,17.1,False,False,False,1.7,1.7,79.1,1.29,False
TX-T-000127,usr-T-0132,T,False,ALLOW,113.58,811.31,0.14,0.25,113.58,180.83,2,False,270,1,Funds Transfer,own_account,9,3,5,4,mobile_ios,,False,none,False,False,72,1,False,False,False,False,False,False,True,False,False,False,MEETS_STRONG,167,biometric,366,0,711,False,12,12.0,False,False,False,2.16,2.16,137.8,0.94,False
TX-T-000128,usr-T-0040,T,False,ALLOW,6776.73,4107.11,1.65,0.01,6776.73,20125.05,1,False,398,1,Remittance,business,13,1,4,8,mobile_ios,Warehouse storage room monthly lease,True,legit,False,False,102,1,False,False,False,False,False,False,False,False,False,False,MEETS_STRONG,18,biometric,233,0,1081,False,29,7.4,False,False,False,0.78,0.78,51.3,0.91,False
TX-T-000129,usr-T-0029,T,False,ALLOW,4889.42,3395.43,1.44,0.07,4889.42,9737.17,1,False,68,1,Remittance,business,19,5,6,0,mobile_ios,,False,none,False,False,670,1,False,False,False,False,False,False,True,False,False,False,MEETS_STRONG,131,pin,135,0,1535,False,23,8.8,False,False,False,1.62,1.62,49.3,1.97,False
TX-T-000130,usr-T-0050,T,False,ALLOW,2060.94,2576.18,0.8,0.31,2060.94,2904.18,1,False,328,1,Bills Payment,registered_biller,7,2,4,6,mobile_ios,,False,none,False,False,90,1,False,False,False,False,False,False,False,False,True,False,MEETS_STRONG,83,biometric,316,0,1960,False,39,8.7,False,False,False,1.05,1.05,42.6,1.48,False
TX-T-000131,usr-T-0034,T,False,ALLOW,1718.29,1272.81,1.35,0.19,1718.29,5139.85,1,False,297,1,Bills Payment,registered_biller,18,3,7,1,mobile_android,Forr safe keeping,True,neutral,False,False,592,1,False,False,False,False,False,False,False,False,False,False,MEETS_STRONG,61,pin,187,0,189,True,38,16.0,False,False,False,2.26,2.26,273.4,0.5,False
TX-T-000132,usr-T-0129,T,False,ALLOW,497.4,1462.93,0.34,0.14,497.4,1703.7,1,False,77,1,Bills Payment,registered_biller,23,6,8,6,mobile_ios,,False,none,False,False,414,1,False,False,False,False,False,False,False,False,False,False,MEETS_STRONG,141,biometric,545,0,1549,False,28,11.1,False,False,False,0.95,0.95,63.8,0.89,False
TX-T-000133,usr-T-0011,T,False,ALLOW,8384.55,4932.09,1.7,0.15,8384.55,12625.74,2,True,1,1,Bills Payment,registered_biller,17,0,7,0,mobile_ios,,False,none,False,False,268,1,False,False,False,False,False,False,False,False,False,False,MEETS_STRONG,81,biometric,292,0,132,False,18,19.5,False,False,False,2.24,2.24,193.5,0.69,False
TX-T-000134,usr-T-0114,T,True,ALLOW,399.11,767.51,0.52,0.3,399.11,1220.39,1,True,1,1,Savings,own_account,11,1,5,14,mobile_ios,,False,none,False,False,419,1,False,False,False,False,False,False,True,False,False,False,MEETS_STRONG,27,biometric,103,0,973,True,37,7.0,False,False,False,1.67,1.67,186.9,0.54,False
TX-T-000135,usr-T-0004,T,False,ALLOW,6111.74,5179.44,1.18,0.03,6111.74,10825.05,1,True,0,1,Funds Transfer,third_party_individual,17,5,0,13,mobile_ios,,False,none,False,True,0,1,False,False,False,False,False,False,False,False,False,False,MEETS_STRONG,36,pin,333,0,310,False,38,7.8,False,False,False,2.14,2.14,57.0,2.25,False
TX-T-000136,usr-T-0176,T,True,BLOCK,30653.33,2801.95,10.94,0.37,33252.1,48325.68,2,False,303,1,Funds Transfer,own_account,2,0,13,2,mobile_ios,,False,none,False,False,367,2,False,False,False,False,False,False,True,False,False,False,MEETS_DEVICE,256,biometric,14,0,1577,True,10,21.3,True,False,False,1.86,1.86,107.1,1.04,False
TX-T-000137,usr-T-0091,T,False,ALLOW,3283.24,4156.0,0.79,0.35,3283.24,7065.77,1,False,266,1,Savings,own_account,13,4,6,7,mobile_ios,Savings Transfer - Ref #19061,True,neutral,False,True,4,1,False,False,False,False,False,False,False,False,True,False,MEETS_DEVICE,131,biometric,142,0,222,False,35,22.0,False,False,False,1.67,1.67,56.1,1.79,False
TX-T-000138,usr-T-0179,T,False,ALLOW,1575.93,2219.62,0.71,0.02,1575.93,5388.58,1,False,90,1,Savings,own_account,19,6,0,2,mobile_android,Aircon cleaning and preventive maintenance service,True,legit,False,False,31,1,False,False,False,False,False,False,True,False,False,False,MEETS_STRONG,123,pin,43,0,687,True,15,22.6,False,False,False,1.12,1.12,241.3,0.28,False
TX-T-000139,usr-T-0059,T,False,ALLOW,390.68,1220.89,0.32,0.49,390.68,937.42,2,True,1,1,Savings,own_account,19,0,6,3,mobile_ios,Emergency Financial Assistance For Cousin,True,legit,False,False,690,1,False,False,False,False,False,False,False,False,False,False,MEETS_STRONG,37,biometric,109,0,842,False,33,5.6,False,False,False,1.88,1.88,185.2,0.61,False
TX-T-000140,usr-T-0146,T,False,ALLOW,1820.62,1750.6,1.04,0.4,1820.62,2376.03,1,False,23,1,Remittance,business,12,4,8,3,mobile_ios,,False,none,False,False,465,1,False,False,False,False,False,False,False,False,False,False,MEETS_STRONG,19,biometric,195,0,410,False,17,22.7,False,False,False,1.96,1.96,245.1,0.48,False
TX-T-000141,usr-T-0042,T,False,ALLOW,3505.02,3768.84,0.93,0.5,3505.02,9113.4,1,False,473,1,Bills Payment,registered_biller,10,2,2,5,mobile_ios,,False,none,False,False,446,1,False,False,False,False,False,False,False,False,False,False,MISSING,60,biometric,90,0,720,False,25,10.0,False,False,False,1.4,1.4,299.1,0.28,False
TX-T-000142,usr-T-0146,T,False,ALLOW,1610.55,1750.6,0.92,0.4,1610.55,2460.97,2,False,104,1,Savings,own_account,3,3,17,5,mobile_android,personal transfer,True,neutral,False,False,465,1,False,False,False,False,False,False,False,False,False,False,MEETS_STRONG,41,pin,529,0,181,False,30,13.0,False,False,False,2.47,2.47,119.5,1.24,False
TX-T-000143,usr-T-0175,T,False,ALLOW,5636.76,878.0,6.42,0.04,5636.76,17013.76,1,False,173,1,Funds Transfer,own_account,12,1,2,9,mobile_ios,,False,none,False,False,448,1,False,False,False,False,False,False,True,False,False,False,MEETS_DEVICE,120,biometric,441,0,773,True,33,24.9,False,False,False,0.91,0.91,94.3,0.58,False
TX-T-000144,usr-T-0121,T,False,ALLOW,452.01,1076.21,0.42,0.29,452.01,1569.36,1,True,2,1,Savings,own_account,15,1,1,0,mobile_android,,False,none,False,False,495,1,False,False,False,False,False,False,False,False,False,False,MEETS_STRONG,76,biometric,85,0,289,False,39,11.8,False,False,False,1.63,1.63,134.4,0.73,False
TX-T-000145,usr-T-0042,T,False,ALLOW,3052.76,3768.84,0.81,0.46,3052.76,7667.71,2,False,218,1,Funds Transfer,registered_biller,10,5,2,13,mobile_ios,Pampanga mmeat tocino and longganisa order,True,legit,False,False,446,1,False,False,False,False,False,False,False,False,False,False,MISSING,60,biometric,90,0,720,False,25,10.0,False,False,False,1.93,1.93,105.2,1.1,False
TX-T-000146,usr-T-0149,T,False,ALLOW,2462.21,5726.07,0.43,0.49,2462.21,5334.14,1,True,3,1,Bills Payment,registered_biller,11,1,9,3,mobile_android,,False,none,False,False,313,1,False,False,False,False,False,False,False,False,False,False,MEETS_STRONG,95,biometric,210,0,1039,False,23,16.1,False,False,False,0.97,0.97,203.0,0.29,False
TX-T-000147,usr-T-0180,T,False,ALLOW,5122.94,3067.63,1.67,0.43,5122.94,17875.66,2,True,0,1,Savings,own_account,3,3,15,11,mobile_android,SM Supermarket grocery haul - Ref #21103,True,legit,False,False,400,1,False,False,False,False,False,False,True,False,False,False,MEETS_STRONG,128,biometric,435,0,115,False,26,15.2,False,False,False,1.1,1.1,272.3,0.24,False
TX-T-000148,usr-T-0133,T,False,ALLOW,4462.35,4056.68,1.1,0.17,4462.35,15199.07,2,False,415,1,Bills Payment,registered_biller,19,5,5,6,mobile_android,,False,none,False,False,693,1,False,False,False,False,False,False,False,False,False,False,MEETS_STRONG,110,pin,296,0,1814,False,32,9.1,False,False,False,0.62,0.62,184.1,0.2,False
TX-T-000149,usr-T-0021,T,True,ALLOW,189.46,2105.08,0.09,0.37,189.46,655.88,1,False,206,1,Bills Payment,registered_biller,20,1,5,4,mobile_android,,False,none,False,False,627,1,False,False,False,False,False,False,False,False,False,False,MEETS_STRONG,162,biometric,139,0,390,False,23,6.9,False,False,False,1.6,1.6,126.4,0.76,False
TX-T-000150,usr-T-0019,T,True,REQUIRE_2FA,15967.85,4928.35,3.24,0.57,23071.26,61304.24,5,False,199,9,Funds Transfer,third_party_individual,10,2,6,9,mobile_android,,False,none,False,True,5,1,False,False,False,True,True,False,False,False,False,False,FAILED,244,pin,22,0,813,True,7,14.3,False,True,True,1.94,1.94,277.9,0.42,False
TX-T-000151,usr-T-0072,T,False,ALLOW,226.72,985.72,0.23,0.4,226.72,578.46,1,False,514,1,Savings,own_account,14,3,3,9,mobile_ios,,False,none,False,False,737,1,False,False,False,False,False,False,False,False,False,False,MEETS_STRONG,175,pin,390,0,915,True,23,21.2,False,False,False,1.77,1.77,76.3,1.39,False
TX-T-000152,usr-T-0081,T,False,ALLOW,2145.49,3517.2,0.61,0.02,2145.49,4197.44,1,False,253,1,Funds Transfer,business,9,4,0,3,mobile_android,,False,none,False,False,258,1,False,False,False,False,False,False,False,False,False,False,MEETS_STRONG,137,biometric,311,0,962,True,40,8.4,False,False,False,0.62,0.62,96.2,0.39,False
TX-T-000153,usr-T-0002,T,False,ALLOW,584.16,1062.11,0.55,0.42,584.16,1242.2,2,False,55,1,Remittance,third_party_individual,2,3,16,1,mobile_ios,,False,none,False,False,119,1,False,False,False,False,False,False,False,False,False,False,MEETS_DEVICE,105,pin,135,0,159,True,12,7.8,False,False,False,1.87,1.87,79.5,1.41,False
TX-T-000154,usr-T-0095,T,False,ALLOW,626.46,632.79,0.99,0.01,626.46,1743.41,1,False,59,1,Funds Transfer,third_party_individual,9,0,2,4,mobile_ios,,False,none,False,False,783,1,False,False,False,False,False,False,True,False,False,False,MEETS_DEVICE,41,pin,570,0,592,False,43,24.5,False,False,False,1.58,1.58,90.2,1.05,False
TX-T-000155,usr-T-0143,T,False,ALLOW,235.0,500.0,0.47,0.33,235.0,744.59,1,True,3,1,Funds Transfer,registered_biller,0,5,12,3,mobile_ios,cat food kibbles and litter sand,True,legit,False,False,806,1,False,False,False,False,False,False,False,False,False,False,MEETS_STRONG,66,biometric,424,0,1026,False,44,9.1,False,False,False,1.95,1.95,210.6,0.56,False
TX-T-000156,usr-T-0118,T,False,ALLOW,248.36,2483.64,0.1,0.33,248.36,556.59,1,False,101,1,Remittance,business,6,1,11,6,mobile_ios,WAREHOUSE STORAGE OOM MONTHLY LEASE,True,legit,False,False,667,1,False,False,False,False,False,False,False,False,False,False,MEETS_STRONG,22,pin,284,0,327,True,15,22.9,False,False,False,1.17,1.17,93.5,0.75,False
TX-T-000157,usr-T-0053,T,False,ALLOW,418.4,760.73,0.55,0.3,418.4,1208.31,1,False,503,1,Remittance,third_party_individual,5,2,13,10,mobile_android,,False,none,False,False,89,1,False,False,False,False,False,False,False,False,False,False,MEETS_STRONG,131,pin,31,0,1100,False,42,7.2,False,False,False,2.16,2.16,253.1,0.51,False
TX-T-000158,usr-T-0038,T,False,ALLOW,274.17,1246.23,0.22,0.4,274.17,540.68,1,False,573,1,Remittance,business,8,2,4,7,mobile_android,Condominium association dues and garbage fee,True,legit,False,False,597,1,True,False,False,False,False,False,True,False,False,False,MEETS_BASIC,47,biometric,255,0,1450,False,34,15.0,False,False,False,2.3,2.3,117.4,1.18,False
TX-T-000159,usr-T-0116,T,False,ALLOW,2524.59,1597.84,1.58,0.1,2524.59,8315.38,1,False,442,1,Remittance,business,6,0,3,9,mobile_ios,,False,none,False,False,527,1,False,False,False,False,False,False,False,False,False,False,MEETS_STRONG,152,pin,196,0,721,False,16,21.0,False,True,True,206.18,206.18,311.2,39.75,False
TX-T-000160,usr-T-0111,T,False,ALLOW,5216.85,3454.87,1.51,0.03,5216.85,7912.67,2,False,529,1,Bills Payment,registered_biller,2,5,8,4,mobile_android,,False,none,False,False,249,1,False,False,False,False,False,False,False,False,False,False,MEETS_STRONG,87,pin,348,0,454,False,32,21.1,False,False,False,1.6,1.6,133.6,0.72,False
TX-T-000161,usr-T-0077,T,False,ALLOW,1994.12,1734.02,1.15,0.28,1994.12,4117.3,2,False,156,1,Savings,own_account,22,2,8,8,mobile_ios,medicalclinic consultation and diagnostic blood test,True,legit,False,False,784,1,True,False,False,False,False,False,True,False,False,False,MEETS_BASIC,72,pin,554,0,864,True,30,6.1,False,False,False,1.82,1.82,146.9,0.74,False
TX-T-000162,usr-T-0075,T,False,ALLOW,3446.29,2735.15,1.26,0.43,3446.29,5098.16,1,False,69,1,Bills Payment,registered_biller,16,1,2,8,mobile_ios,Balance settlement,True,neutral,False,False,135,1,False,False,False,False,False,False,False,False,False,False,MEETS_STRONG,143,biometric,283,0,518,True,13,21.7,False,False,False,2.59,2.59,130.3,1.19,False
TX-T-000163,usr-T-0169,T,False,ALLOW,1744.06,2153.16,0.81,0.32,1744.06,2834.2,2,False,189,1,Bills Payment,registered_biller,15,3,2,4,mobile_ios,,False,none,False,True,2,1,False,False,False,False,False,False,False,False,False,False,MEETS_STRONG,18,pin,485,0,187,False,34,24.3,False,False,False,1.38,1.38,294.8,0.28,False
TX-T-000164,usr-T-0129,T,False,ALLOW,2384.58,1462.93,1.63,0.27,2384.58,5675.31,1,True,2,1,Savings,own_account,22,6,7,12,mobile_android,,False,none,False,False,414,1,False,False,False,False,False,False,False,False,False,False,MEETS_DEVICE,43,pin,361,0,1305,False,34,16.7,False,False,False,2.79,2.79,223.9,0.75,False
TX-T-000165,usr-T-0128,T,False,ALLOW,829.78,942.93,0.88,0.38,829.78,2868.6,2,False,257,1,Funds Transfer,registered_biller,23,3,13,12,mobile_ios,wedding gift cash transfer for newlywed couple - Ref #5356,True,legit,False,False,348,1,False,False,False,False,False,False,True,False,False,False,MEETS_STRONG,173,pin,599,0,509,True,43,13.8,False,False,False,1.97,1.97,246.9,0.48,False
TX-T-000166,usr-T-0002,T,False,ALLOW,807.2,1062.11,0.76,0.28,807.2,1102.25,1,False,555,1,Savings,own_account,6,6,12,3,mobile_ios,Birthday Monetary Gift For Niece,True,legit,False,False,119,1,False,False,False,False,False,False,False,False,False,False,MEETS_STRONG,23,pin,583,0,777,True,30,23.4,False,False,False,2.07,2.07,263.4,0.47,False
TX-T-000167,usr-T-0159,T,False,ALLOW,2078.88,1636.91,1.27,0.06,2078.88,4746.6,2,False,45,1,Funds Transfer,own_account,13,2,0,3,mobile_ios,,False,none,False,False,483,1,False,False,False,False,False,False,False,False,False,False,MEETS_STRONG,19,biometric,102,0,952,False,17,22.8,False,False,False,1.91,1.91,44.7,2.56,False
TX-T-000168,usr-T-0090,T,False,ALLOW,2023.32,3488.49,0.58,0.43,2023.32,6948.83,1,True,1,1,Savings,own_account,21,5,8,11,mobile_android,Maya digital wallet reload - Ref #6730,True,neutral,False,False,743,1,False,False,False,False,False,False,False,False,False,False,MEETS_STRONG,24,biometric,267,0,288,False,26,13.3,False,False,False,1.38,1.38,28.0,2.96,False
TX-T-000169,usr-T-0155,T,True,REQUIRE_2FA,3039.17,2337.82,1.3,0.69,3766.6,5580.09,2,True,1,1,Remittance,third_party_individual,14,5,4,5,mobile_ios,,False,none,False,False,871,1,False,False,False,False,False,False,False,False,False,False,MEETS_DEVICE,463,password,12,0,390,True,6,19.0,False,False,False,1.72,1.72,24.6,4.2,False
TX-T-000170,usr-T-0022,T,True,BLOCK,18968.1,1415.53,13.4,0.81,19146.86,39824.57,5,True,1,1,Funds Transfer,own_account,1,4,15,14,mobile_android,,False,none,False,False,551,1,False,False,False,False,False,False,False,False,False,False,MEETS_DEVICE,463,pin,51,0,1195,True,7,8.3,False,True,True,2497.98,2497.98,12.6,11895.14,True
TX-T-000171,usr-T-0071,T,True,BLOCK,5937.23,879.59,6.75,0.86,6939.23,14625.0,6,True,2,1,Funds Transfer,third_party_individual,9,4,7,13,mobile_ios,,False,none,False,False,789,1,False,True,True,True,False,False,False,False,False,False,FAILED,405,password,21,0,1879,True,6,17.6,True,False,False,2992.36,2992.36,14.7,12213.71,True
TX-T-000172,usr-T-0130,T,False,ALLOW,1232.76,1162.98,1.06,0.03,1232.76,3513.27,1,False,280,1,Remittance,third_party_individual,21,6,9,13,mobile_ios,,False,none,False,False,672,1,False,False,False,False,False,False,False,False,False,False,MEETS_STRONG,82,biometric,55,0,768,False,35,11.7,False,False,False,0.69,0.69,292.4,0.14,False
TX-T-000173,usr-T-0012,T,False,ALLOW,1409.59,4547.05,0.31,0.3,1409.59,2035.92,1,False,535,1,Remittance,third_party_individual,12,6,1,9,mobile_android,Maya digital wallet reload - Ref #32594,True,neutral,False,False,403,1,False,False,False,False,False,False,False,False,False,False,MEETS_STRONG,145,biometric,513,0,1450,False,40,11.3,False,False,False,1.79,1.79,108.7,0.99,False
TX-T-000174,usr-T-0105,T,True,REQUIRE_2FA,1919.69,1156.44,1.66,0.89,2546.79,6601.29,5,False,250,1,Bills Payment,registered_biller,17,1,3,6,mobile_android,,False,none,False,False,657,1,False,False,False,False,False,False,False,False,False,False,MEETS_STRONG,420,biometric,11,1,149,True,4,7.6,False,False,False,1.91,1.91,129.7,0.88,False
TX-T-000175,usr-T-0031,T,False,ALLOW,20172.87,13538.84,1.49,0.17,20172.87,52452.33,1,False,90,1,Remittance,business,13,5,1,7,mobile_ios,,False,none,False,False,144,1,False,False,False,False,False,False,False,False,False,False,MEETS_STRONG,122,biometric,550,0,1579,False,18,9.6,False,False,False,2.01,2.01,164.7,0.73,False
TX-T-000176,usr-T-0074,T,False,ALLOW,2215.94,3632.69,0.61,0.1,2215.94,3388.95,2,False,230,1,Savings,own_account,16,2,7,9,mobile_ios,,False,none,False,False,845,1,False,False,False,False,False,False,False,False,False,False,MEETS_STRONG,62,pin,550,0,1645,True,14,24.2,False,False,False,2.51,2.51,252.3,0.6,False
TX-T-000177,usr-T-0147,T,False,ALLOW,1241.4,1495.66,0.83,0.07,1241.4,2785.52,2,False,137,1,Savings,own_account,13,3,0,4,mobile_android,Elderly caregiver allowane and groceries,True,legit,False,False,343,1,False,False,False,False,False,False,False,False,False,False,MEETS_STRONG,28,pin,352,0,1927,False,39,7.0,False,False,False,1.37,1.37,174.1,0.47,False
TX-T-000178,usr-T-0051,T,False,ALLOW,984.23,3075.72,0.32,0.41,984.23,2841.66,1,True,0,1,Bills Payment,registered_biller,0,3,21,1,mobile_ios,Staff housing dormitory room share,True,legit,False,False,832,1,False,False,False,False,False,False,False,False,False,False,MEETS_STRONG,84,pin,526,0,1103,False,37,17.0,False,False,False,1.51,1.51,289.4,0.31,False
TX-T-000179,usr-T-0119,T,False,ALLOW,10636.47,8790.47,1.21,0.18,10636.47,22502.57,1,False,515,1,Savings,own_account,21,1,12,0,mobile_ios,,False,none,False,False,708,1,False,False,False,False,False,False,False,False,False,False,MEETS_STRONG,66,biometric,76,0,731,False,26,16.5,False,False,False,1.41,1.41,285.1,0.3,False
TX-T-000180,usr-T-0155,T,True,REQUIRE_2FA,14330.84,2337.82,6.13,0.55,19922.97,39179.77,4,False,581,5,Remittance,third_party_individual,5,6,5,13,mobile_android,deposit,True,neutral,False,True,0,3,False,False,False,False,False,False,False,True,False,False,MEETS_STRONG,197,pin,52,4,368,True,7,89.0,True,False,False,1.36,1.36,20.7,3.94,False
TX-T-000181,usr-T-0080,T,False,ALLOW,1505.38,1905.54,0.79,0.37,1505.38,2852.63,1,True,3,1,Savings,own_account,9,3,5,1,mobile_android,,False,none,False,False,501,1,False,False,False,False,False,False,False,False,False,False,MEETS_STRONG,16,biometric,267,0,1015,False,18,17.9,False,False,False,2.49,2.49,42.2,3.54,False
TX-T-000182,usr-T-0126,T,False,ALLOW,649.41,3247.03,0.2,0.21,649.41,2031.07,1,False,253,1,Funds Transfer,business,8,3,10,4,mobile_ios,,False,none,False,False,147,1,False,False,False,False,False,False,False,False,False,False,MEETS_STRONG,133,pin,598,0,1858,False,17,23.4,False,False,False,2.47,2.47,18.9,7.84,False
TX-T-000183,usr-T-0051,T,False,ALLOW,5382.51,3075.72,1.75,0.03,5382.51,11710.29,1,False,513,1,Bills Payment,registered_biller,23,6,2,8,mobile_ios,,False,none,False,False,832,1,False,False,False,False,False,False,False,False,False,False,MEETS_STRONG,167,pin,410,0,1163,False,42,14.3,False,False,False,2.12,2.12,257.9,0.49,False
TX-T-000184,usr-T-0122,T,False,ALLOW,12563.73,2816.98,4.46,0.08,12563.73,17013.93,2,False,207,1,Bills Payment,registered_biller,22,0,7,8,mobile_ios,,False,none,False,False,800,1,False,False,False,False,False,False,False,False,False,False,MEETS_DEVICE,88,biometric,442,0,621,False,24,6.5,False,False,False,1.41,1.41,89.9,0.94,False
TX-T-000185,usr-T-0151,T,True,REQUIRE_2FA,3826.5,2149.72,1.78,0.85,4983.59,17060.4,7,False,499,4,Bills Payment,registered_biller,2,6,9,2,mobile_android,,False,none,False,True,3,1,True,False,False,False,False,False,True,False,False,False,MEETS_BASIC,361,pin,58,0,1908,True,6,24.1,False,False,False,1.77,1.77,174.7,0.61,False
TX-T-000186,usr-T-0176,T,False,ALLOW,4539.16,2801.95,1.62,0.33,4539.16,7305.45,2,False,369,1,Savings,own_account,6,4,9,8,mobile_android,,False,none,False,False,367,1,False,False,False,False,False,False,True,True,False,False,MEETS_DEVICE,18,pin,311,0,1414,False,14,99.7,False,False,False,2.2,2.2,178.1,0.74,False
TX-T-000187,usr-T-0121,T,False,ALLOW,1248.4,1076.21,1.16,0.25,1248.4,2857.5,2,False,121,1,Funds Transfer,own_account,0,4,14,14,mobile_android,,False,none,False,False,495,1,False,False,False,False,False,False,False,False,False,False,MEETS_DEVICE,14,biometric,354,0,1938,False,35,15.3,False,False,False,1.52,1.52,205.8,0.44,False
TX-T-000188,usr-T-0129,T,False,ALLOW,760.72,1462.93,0.52,0.09,760.72,990.74,1,False,434,1,Bills Payment,registered_biller,20,5,5,13,mobile_android,Python machine learning book and online course access,True,legit,False,False,414,1,False,False,False,False,False,False,False,False,False,False,MEETS_STRONG,15,biometric,40,0,545,False,41,6.6,False,False,False,1.84,1.84,198.1,0.56,False
TX-T-000189,usr-T-0072,T,False,ALLOW,591.43,985.72,0.6,0.12,591.43,965.78,2,True,2,1,Remittance,business,8,0,3,7,mobile_ios,,False,none,False,False,737,1,False,False,False,False,False,False,False,False,False,False,MEETS_DEVICE,83,biometric,380,0,1532,False,29,6.8,False,False,False,1.08,1.08,24.0,2.7,False
TX-T-000190,usr-T-0048,T,False,ALLOW,2539.23,2918.65,0.87,0.17,2539.23,6339.62,1,False,345,1,Funds Transfer,own_account,0,1,9,6,mobile_ios,,False,none,False,False,886,1,False,False,False,False,False,False,False,False,False,False,MEETS_STRONG,72,biometric,412,0,1330,False,37,11.0,False,True,True,2.02,2.02,271.7,0.45,False
TX-T-000191,usr-T-0069,T,False,ALLOW,3636.22,4848.29,0.75,0.02,3636.22,8647.19,2,False,551,1,Bills Payment,registered_biller,18,6,1,2,mobile_android,,False,none,False,False,124,1,False,False,False,False,False,False,False,False,False,False,MEETS_STRONG,57,biometric,238,0,994,True,27,8.1,False,False,False,2.49,2.49,60.4,2.47,False
TX-T-000192,usr-T-0101,T,False,ALLOW,2975.73,1803.47,1.65,0.34,2975.73,9260.76,1,False,113,1,Savings,own_account,4,2,17,12,mobile_android,,False,none,False,True,4,1,True,False,False,False,False,False,True,False,False,False,MEETS_BASIC,55,biometric,407,0,841,False,12,17.2,False,False,False,1.95,1.95,54.4,2.15,False
TX-T-000193,usr-T-0112,T,False,ALLOW,2125.33,2951.85,0.72,0.1,2125.33,3287.29,1,False,507,1,Funds Transfer,own_account,13,1,4,2,mobile_ios,,False,none,False,False,455,1,False,False,False,False,False,False,True,False,False,False,MEETS_STRONG,134,pin,441,0,965,False,31,13.5,False,False,False,2.15,2.15,273.8,0.47,False
TX-T-000194,usr-T-0086,T,False,ALLOW,6305.6,3603.2,1.75,0.06,6305.6,10160.41,1,False,96,1,Bills Payment,registered_biller,0,2,15,14,mobile_ios,Commercia lStall Lease Payment Monthly,True,legit,False,False,148,1,False,False,False,False,False,False,False,False,False,False,MEETS_STRONG,85,biometric,585,0,647,True,34,13.3,False,False,False,2.24,2.24,46.8,2.87,False
TX-T-000195,usr-T-0111,T,True,REQUIRE_2FA,5458.69,3454.87,1.58,0.7,7966.34,26115.54,7,False,597,1,Bills Payment,third_party_individual,11,0,1,55,mobile_ios,,False,none,False,False,249,1,False,False,False,False,False,False,False,False,False,False,MEETS_DEVICE,335,biometric,37,0,1521,True,8,16.5,False,False,False,1.29,1.29,67.9,1.14,False
TX-T-000196,usr-T-0103,T,False,ALLOW,2275.83,1835.35,1.24,0.14,2275.83,4862.36,1,False,147,1,Remittance,business,14,4,4,12,mobile_ios,,False,none,False,False,898,1,False,False,False,False,False,False,False,False,False,False,MEETS_STRONG,97,biometric,357,0,809,False,21,14.2,False,False,False,1.55,1.55,206.8,0.45,False
TX-T-000197,usr-T-0147,T,False,ALLOW,1720.01,1495.66,1.15,0.29,1720.01,3430.02,1,False,393,1,Remittance,business,10,3,3,10,mobile_ios,Maynilad water services residential account,True,legit,False,False,343,1,False,False,False,False,False,False,False,False,False,False,MISSING,60,biometric,90,0,720,False,25,10.0,False,False,False,1.62,1.62,138.0,0.7,False
TX-T-000198,usr-T-0034,T,True,REQUIRE_2FA,8578.74,1272.81,6.74,0.56,9485.11,13795.67,4,True,1,1,Savings,own_account,17,3,6,3,mobile_ios,,False,none,False,True,3,3,False,False,False,False,False,False,False,False,False,False,MEETS_DEVICE,384,pin,5,0,1050,True,4,12.7,False,False,False,0.71,0.71,191.4,0.22,False
TX-T-000199,usr-T-0021,T,False,ALLOW,2799.76,2105.08,1.33,0.47,2799.76,5452.66,1,False,498,1,Funds Transfer,own_account,0,5,15,9,mobile_ios,,False,none,False,False,627,1,False,False,False,False,False,False,False,False,False,False,MEETS_DEVICE,128,biometric,280,0,1500,False,27,20.9,False,False,False,1.7,1.7,187.1,0.55,False
TX-T-000200,usr-T-0041,T,False,ALLOW,5794.3,4423.13,1.31,0.04,5794.3,16929.78,1,False,547,1,Savings,own_account,12,0,1,12,mobile_ios,PIZZA PARTY CHIP-IN FOR PROJECT CELEBRATION - Ref #32859,True,legit,False,False,582,1,False,False,False,False,False,False,False,False,False,False,MEETS_DEVICE,20,biometric,439,0,1567,False,40,13.6,False,False,False,1.88,1.88,250.2,0.45,False
TX-T-000201,usr-T-0054,T,False,ALLOW,1190.62,1889.87,0.63,0.35,1190.62,2683.61,1,False,281,1,Remittance,business,22,3,6,5,mobile_ios,,False,none,False,False,628,1,False,False,False,False,False,False,False,False,False,False,MEETS_STRONG,131,pin,480,0,1478,False,20,7.9,False,False,False,0.78,0.78,23.0,2.03,False
TX-T-000202,usr-T-0150,T,False,ALLOW,11816.5,2767.33,4.27,0.26,11816.5,37830.94,1,False,189,1,Remittance,third_party_individual,18,6,6,8,mobile_ios,Sunday family brunch at Mary Grace - Ref #83103,True,legit,False,False,333,1,False,False,False,False,False,False,False,False,False,False,MEETS_STRONG,165,pin,152,0,1431,True,43,14.2,False,False,False,2.34,2.34,256.0,0.55,False
TX-T-000203,usr-T-0085,T,False,ALLOW,496.93,937.6,0.53,0.48,496.93,1563.93,1,True,0,1,Savings,own_account,18,4,2,3,mobile_android,,False,none,False,False,383,1,False,False,False,False,False,False,False,False,False,False,MEETS_STRONG,26,biometric,565,0,720,True,26,9.9,False,False,False,1.76,1.76,266.3,0.4,False
TX-T-000204,usr-T-0019,T,False,ALLOW,1232.09,4928.35,0.25,0.05,1232.09,2037.89,1,False,513,1,Remittance,third_party_individual,18,3,2,13,mobile_android,Sm Supermarket Grocery Haul,True,legit,False,False,688,1,False,False,False,False,False,False,False,False,False,False,MEETS_STRONG,82,pin,336,0,641,False,27,11.8,False,False,False,0.54,0.54,46.8,0.69,False
TX-T-000205,usr-T-0017,T,False,ALLOW,4031.99,3278.04,1.23,0.06,4031.99,12832.49,1,False,202,1,Bills Payment,registered_biller,3,6,10,3,mobile_android,,False,none,False,False,440,1,False,False,False,False,False,False,False,False,False,False,MEETS_STRONG,179,biometric,363,0,1157,False,38,20.6,False,False,False,1.93,1.93,259.0,0.45,False
TX-T-000206,usr-T-0086,T,True,REQUIRE_2FA,28429.25,3603.2,7.89,0.5,36436.16,107639.67,2,False,428,17,Bills Payment,registered_biller,14,6,1,13,mobile_android,,False,none,False,True,2,1,False,False,False,False,False,False,False,False,False,False,MEETS_STRONG,483,pin,7,0,1961,True,6,10.6,False,False,False,1.88,1.88,93.7,1.2,False
TX-T-000207,usr-T-0029,T,False,ALLOW,5398.73,3395.43,1.59,0.05,5398.73,18612.18,1,False,169,1,Remittance,third_party_individual,17,0,4,7,mobile_android,Water refilling station 10 gallons delivery,True,legit,False,False,670,1,False,False,False,False,False,False,False,False,False,False,MEETS_DEVICE,124,pin,249,0,477,False,26,14.2,False,False,False,1.18,1.18,87.8,0.81,False
TX-T-000208,usr-T-0136,T,False,ALLOW,1927.83,1083.05,1.78,0.19,1927.83,4821.78,2,False,349,1,Savings,own_account,9,4,4,5,mobile_android,,False,none,False,False,696,1,False,False,False,False,False,False,False,False,False,False,MEETS_DEVICE,120,biometric,506,0,1024,False,21,18.0,False,False,False,0.95,0.95,165.4,0.34,False
TX-T-000209,usr-T-0111,T,False,ALLOW,2591.15,3454.87,0.75,0.15,2591.15,6826.35,1,True,2,1,Savings,own_account,4,2,6,13,mobile_android,,False,none,False,False,249,1,False,False,False,False,False,False,False,False,False,False,MEETS_STRONG,35,biometric,576,0,1332,False,14,20.6,False,False,False,2.15,2.15,104.9,1.23,False
TX-T-000210,usr-T-0078,T,True,REQUIRE_2FA,20502.66,2770.63,7.4,0.9,28420.23,35888.55,5,True,3,10,Savings,own_account,14,3,2,127,mobile_android,,False,none,False,False,860,1,False,False,False,False,False,False,False,False,False,False,MEETS_DEVICE,310,biometric,12,0,13,True,9,24.2,True,False,False,2.04,2.04,284.6,0.43,False
TX-T-000211,usr-T-0180,T,False,ALLOW,3619.8,3067.63,1.18,0.2,3619.8,8268.1,2,False,346,1,Funds Transfer,registered_biller,7,1,11,9,mobile_android,Pambili ng bigas at ulam sa palengke,True,legit,False,False,400,1,False,False,False,False,False,False,False,False,False,False,MEETS_STRONG,48,pin,215,0,847,False,19,20.7,False,False,False,665.46,665.46,284.8,140.2,False
TX-T-000212,usr-T-0037,T,True,REQUIRE_2FA,3208.26,2227.96,1.44,0.69,4050.76,6334.57,2,True,1,6,Bills Payment,third_party_individual,15,3,3,13,mobile_ios,Contract agreement payment,True,neutral,False,False,153,3,False,False,False,False,False,False,False,False,False,False,MEETS_DEVICE,443,password,56,0,3,True,9,10.6,False,False,False,1.5,1.5,100.8,0.89,False
TX-T-000213,usr-T-0034,T,False,ALLOW,903.7,1272.81,0.71,0.08,903.7,2615.08,2,False,409,1,Funds Transfer,registered_biller,5,0,6,2,mobile_android,,False,none,False,False,592,1,False,False,False,False,False,False,False,False,False,False,MEETS_STRONG,122,biometric,316,0,1442,False,33,11.7,False,False,False,1.71,1.71,153.9,0.67,False
TX-T-000214,usr-T-0172,T,False,ALLOW,4847.22,3487.21,1.39,0.14,4847.22,14534.36,1,True,1,1,Funds Transfer,registered_biller,14,6,4,1,mobile_android,,False,none,False,False,305,1,False,False,False,False,False,False,False,False,False,False,MEETS_DEVICE,66,biometric,233,0,1602,False,45,17.0,False,False,False,1.6,1.6,243.1,0.39,False
TX-T-000215,usr-T-0136,T,True,REQUIRE_2FA,2122.78,1083.05,1.96,0.71,3034.45,5220.44,7,True,3,1,Bills Payment,third_party_individual,12,2,1,8,mobile_ios,bdo account reactivation fee to release locked incoming remittance,True,scam,False,True,1,1,False,False,False,True,False,False,False,False,False,False,MEETS_STRONG,304,pin,55,4,496,True,8,6.4,False,False,False,2.37,2.37,225.8,0.63,False
TX-T-000216,usr-T-0134,T,False,ALLOW,469.91,2043.1,0.23,0.32,469.91,1073.06,1,False,142,1,Savings,own_account,4,0,11,14,mobile_ios,,False,none,False,False,138,1,False,False,False,False,False,False,False,False,False,False,MEETS_STRONG,32,pin,401,0,594,False,43,21.7,False,False,False,0.69,0.69,261.6,0.16,False
TX-T-000217,usr-T-0071,T,False,ALLOW,1029.12,879.59,1.17,0.17,1029.12,2813.67,1,False,28,1,Funds Transfer,business,7,4,9,7,mobile_android,Notarial fee for deed of absolute sale,True,legit,False,False,789,1,False,False,False,False,False,False,False,False,False,False,MEETS_STRONG,174,biometric,127,0,340,False,27,12.2,False,False,False,1.83,1.83,127.2,0.86,False
TX-T-000218,usr-T-0103,T,False,ALLOW,2110.65,1835.35,1.15,0.39,2110.65,5780.77,1,False,39,1,Remittance,third_party_individual,9,3,1,12,mobile_android,,False,none,False,False,898,1,False,False,False,False,False,False,True,False,False,False,MEETS_STRONG,63,pin,590,0,1427,False,37,20.1,False,False,False,1.46,1.46,40.3,2.17,False
TX-T-000219,usr-T-0059,T,False,ALLOW,720.33,1220.89,0.59,0.46,720.33,1014.22,1,False,205,1,Savings,own_account,6,2,7,13,mobile_ios,,False,none,False,False,690,1,False,False,False,False,False,False,False,False,False,False,MEETS_DEVICE,111,pin,107,0,506,True,37,22.0,False,False,False,0.95,0.95,52.9,1.08,False
TX-T-000220,usr-T-0076,T,False,ALLOW,7420.53,4240.3,1.75,0.17,7420.53,12741.77,2,False,173,1,Remittance,third_party_individual,15,1,4,13,mobile_android,,False,none,False,False,272,1,False,False,False,False,False,False,False,False,False,False,MEETS_STRONG,142,pin,439,0,1384,False,36,19.9,False,False,False,2.5,2.5,90.1,1.66,False
TX-T-000221,usr-T-0061,T,False,ALLOW,425.48,635.05,0.67,0.48,425.48,642.19,2,False,267,1,Bills Payment,registered_biller,3,6,7,8,mobile_ios,,False,none,False,False,132,1,False,False,False,False,False,False,False,False,False,False,MEETS_STRONG,161,biometric,96,0,450,True,40,16.2,False,False,False,1.74,1.74,57.1,1.83,False
TX-T-000222,usr-T-0071,T,False,ALLOW,1504.1,879.59,1.71,0.37,1504.1,4273.61,1,False,151,1,Savings,own_account,6,5,10,7,mobile_ios,ambag sa birthday cake ni boss,True,legit,False,False,789,1,False,False,False,False,False,False,False,False,True,False,MEETS_STRONG,101,pin,152,0,1686,False,16,15.6,False,False,False,1.5,1.5,186.4,0.48,False
TX-T-000223,usr-T-0025,T,True,REQUIRE_2FA,10083.32,1732.53,5.82,0.55,12138.17,34008.17,3,False,202,15,Bills Payment,third_party_individual,13,2,4,2,mobile_ios,,False,none,False,False,287,1,False,False,False,False,False,False,False,False,True,False,MEETS_STRONG,182,pin,29,0,1263,True,4,24.1,False,True,True,1.46,1.46,77.2,1.13,False
TX-T-000224,usr-T-0040,T,False,ALLOW,4312.47,4107.11,1.05,0.45,4312.47,12181.2,2,True,1,1,Savings,own_account,0,4,17,0,mobile_android,,False,none,False,False,102,1,False,False,False,False,False,False,False,False,False,False,MEETS_DEVICE,150,biometric,488,0,338,False,16,11.8,False,False,False,1.79,1.79,68.7,1.56,False
TX-T-000225,usr-T-0123,T,False,ALLOW,4772.83,2910.26,1.64,0.36,4772.83,14938.21,1,False,343,1,Savings,own_account,17,5,0,3,mobile_ios,,False,none,False,False,797,1,False,False,False,False,False,False,True,False,False,False,MEETS_STRONG,83,pin,86,0,1180,False,24,23.9,False,True,True,1.79,1.79,169.7,0.63,False
TX-T-000226,usr-T-0137,T,False,ALLOW,20009.85,3136.34,6.38,0.2,20009.85,40201.01,1,False,459,1,Bills Payment,registered_biller,16,2,3,10,mobile_android,,False,none,False,False,636,1,False,False,False,False,False,False,False,False,False,False,MEETS_STRONG,84,biometric,276,0,1450,False,33,24.7,False,False,False,1.56,1.56,253.8,0.37,False
TX-T-000227,usr-T-0064,T,False,ALLOW,1950.48,3900.96,0.5,0.46,1950.48,5392.9,1,False,332,1,Bills Payment,registered_biller,20,5,3,14,mobile_ios,Bayad,True,neutral,False,True,3,1,True,False,False,False,False,False,True,False,False,False,MEETS_BASIC,42,pin,258,0,244,False,19,8.2,False,False,False,1.93,1.93,62.7,1.85,False
TX-T-000228,usr-T-0146,T,False,ALLOW,2415.83,1750.6,1.38,0.2,2415.83,7819.75,1,True,3,1,Bills Payment,registered_biller,4,4,16,0,mobile_ios,,False,none,False,False,465,1,False,False,False,False,False,False,False,False,False,False,MEETS_DEVICE,138,biometric,245,0,1584,False,12,24.0,False,False,False,2.74,2.74,114.8,1.43,False
TX-T-000229,usr-T-0101,T,False,ALLOW,3083.93,1803.47,1.71,0.26,3083.93,5298.32,1,False,464,1,Funds Transfer,business,2,6,19,3,mobile_ios,,False,none,False,False,798,1,True,False,False,False,False,False,True,False,False,False,MEETS_BASIC,46,biometric,269,0,112,False,15,21.3,False,False,False,2.07,2.07,194.1,0.64,False
TX-T-000230,usr-T-0167,T,True,REQUIRE_2FA,23140.4,5142.31,4.5,0.55,31073.04,64929.12,7,True,3,1,Bills Payment,third_party_individual,20,3,1,14,mobile_android,,False,none,False,False,199,1,False,False,False,False,False,False,False,False,False,False,MEETS_STRONG,296,pin,13,0,931,True,9,14.2,False,False,False,0.73,0.73,204.6,0.21,False
TX-T-000231,usr-T-0063,T,False,ALLOW,1056.4,2779.99,0.38,0.11,1056.4,3390.3,1,False,489,1,Savings,own_account,11,5,6,4,mobile_android,,False,none,False,False,883,1,False,False,False,False,False,False,False,False,False,False,MEETS_STRONG,120,biometric,483,0,148,False,36,16.3,False,False,False,2.29,2.29,234.2,0.59,False
TX-T-000232,usr-T-0051,T,False,ALLOW,1845.43,3075.72,0.6,0.13,1845.43,5348.93,1,False,558,1,Funds Transfer,third_party_individual,2,0,19,0,mobile_android,,False,none,False,False,832,1,False,False,False,False,False,False,False,False,False,False,MEETS_STRONG,124,biometric,376,0,1540,True,31,7.0,False,False,False,2.32,2.32,133.3,1.04,False
TX-T-000233,usr-T-0041,T,False,ALLOW,5086.6,4423.13,1.15,0.35,5086.6,9394.13,2,False,131,1,Bills Payment,registered_biller,14,0,3,12,mobile_android,GCash cash in transaction,True,neutral,False,False,582,1,False,False,False,False,False,False,False,False,False,False,MEETS_DEVICE,155,biometric,377,0,274,False,16,8.5,False,False,False,1.96,1.96,46.6,2.52,False
TX-T-000234,usr-T-0022,T,False,ALLOW,2505.49,1415.53,1.77,0.25,2505.49,6590.15,1,False,388,1,Remittance,third_party_individual,16,2,0,8,mobile_android,,False,none,False,False,551,1,False,False,False,False,False,False,False,False,False,False,MEETS_STRONG,43,pin,40,0,1604,False,31,12.6,False,False,False,2.12,2.12,206.5,0.62,False
TX-T-000235,usr-T-0132,T,False,ALLOW,1152.06,811.31,1.42,0.21,1152.06,2289.02,2,False,580,1,Bills Payment,registered_biller,15,2,1,4,mobile_android,,False,none,False,False,72,1,False,False,False,False,False,False,False,False,False,False,MEETS_STRONG,70,biometric,107,0,119,False,33,22.4,False,False,False,1.62,1.62,263.3,0.37,False
TX-T-000236,usr-T-0171,T,False,ALLOW,375.81,1445.44,0.26,0.36,375.81,623.43,1,True,0,1,Funds Transfer,third_party_individual,13,6,6,10,mobile_android,,False,none,False,False,264,1,True,False,False,False,False,False,True,False,False,False,MEETS_BASIC,161,biometric,483,0,478,False,17,8.5,False,False,False,1.59,1.59,292.2,0.33,False
TX-T-000237,usr-T-0020,T,True,BLOCK,24716.72,2345.04,10.54,0.45,29594.17,92419.42,4,True,2,12,Bills Payment,registered_biller,16,0,1,10,mobile_ios,processing charge to release brand new suv raffle prize,True,scam,False,False,604,1,False,False,False,False,True,False,False,False,False,False,FAILED,365,biometric,48,0,1265,True,8,14.0,False,False,False,1.13,1.13,104.3,0.65,False
TX-T-000238,usr-T-0104,T,False,ALLOW,7132.65,4402.87,1.62,0.23,7132.65,10890.06,1,False,40,1,Bills Payment,registered_biller,10,3,7,13,mobile_android,,False,none,False,False,573,1,True,False,False,False,False,False,True,False,False,False,MEETS_BASIC,15,biometric,431,0,424,False,29,9.6,False,False,False,1.04,1.04,285.0,0.22,False
TX-T-000239,usr-T-0016,T,False,ALLOW,294.55,1227.29,0.24,0.48,294.55,831.77,1,True,3,1,Bills Payment,registered_biller,13,3,4,0,mobile_ios,,False,none,False,False,824,1,False,False,False,False,False,False,False,False,False,False,MEETS_STRONG,14,biometric,408,0,954,True,32,18.8,False,False,False,1.88,1.88,272.0,0.41,False
TX-T-000240,usr-T-0088,T,True,REQUIRE_2FA,2785.59,2465.12,1.13,0.38,3233.84,8586.39,3,True,1,1,Bills Payment,third_party_individual,18,3,4,5,mobile_android,Vip Member Fee To Release Daily Crpyto Arbitrage Returns,True,scam,False,False,710,1,True,False,False,False,False,True,True,False,False,False,MEETS_BASIC,366,password,35,1,1789,True,5,20.7,False,False,False,1.85,1.85,72.0,1.54,False
TX-T-000241,usr-T-0097,T,False,ALLOW,1253.74,847.12,1.48,0.02,1253.74,2257.07,1,True,3,1,Funds Transfer,own_account,14,6,1,14,mobile_android,Maynilad Water Services Residential Account - Ref #68070,True,legit,False,True,0,1,False,False,False,False,False,False,False,False,False,False,MEETS_STRONG,93,pin,518,0,855,True,36,16.0,False,False,False,0.79,0.79,108.1,0.44,False
TX-T-000242,usr-T-0034,T,False,ALLOW,2125.59,1272.81,1.67,0.08,2125.59,3050.61,1,False,109,1,Remittance,business,10,0,1,6,mobile_ios,,False,none,False,False,592,1,False,False,False,False,False,False,False,False,False,False,MEETS_DEVICE,71,biometric,54,0,207,False,26,14.6,False,False,False,2.25,2.25,287.0,0.47,False
TX-T-000243,usr-T-0100,T,False,ALLOW,1442.98,1182.77,1.22,0.02,1442.98,4272.28,1,False,439,1,Funds Transfer,third_party_individual,6,4,6,0,mobile_android,,False,none,False,False,439,1,False,False,False,False,False,True,False,False,False,False,MEETS_STRONG,105,pin,427,0,427,False,28,11.7,False,False,False,1.96,1.96,96.3,1.22,False
TX-T-000244,usr-T-0167,T,False,ALLOW,7199.23,5142.31,1.4,0.11,7199.23,10505.08,1,True,1,1,Bills Payment,registered_biller,18,5,3,11,mobile_ios,,False,none,False,False,199,1,False,False,False,False,False,False,False,False,False,False,MEETS_STRONG,56,biometric,241,0,1123,False,36,19.4,False,False,False,1.21,1.21,277.4,0.26,False
TX-T-000245,usr-T-0171,T,True,ALLOW,693.81,1445.44,0.48,0.31,693.81,2243.88,2,False,26,1,Remittance,third_party_individual,9,3,10,6,mobile_android,dog veterinary shampoo and tick mediine,True,legit,False,False,264,1,True,False,False,False,False,False,True,False,False,False,MEETS_BASIC,46,biometric,497,0,1917,False,25,7.4,False,False,False,2.39,2.39,265.9,0.54,False
TX-T-000246,usr-T-0145,T,False,ALLOW,1693.97,1273.66,1.33,0.09,1693.97,2286.63,1,True,3,1,Savings,own_account,14,3,1,2,mobile_android,,False,none,False,False,279,1,False,False,False,False,False,False,True,False,False,False,MEETS_STRONG,10,pin,75,0,1888,False,39,16.2,False,False,False,1.6,1.6,226.6,0.42,False
TX-T-000247,usr-T-0095,T,False,ALLOW,556.86,632.79,0.88,0.09,556.86,1511.75,1,False,164,1,Remittance,business,13,1,2,9,mobile_ios,,False,none,False,False,783,1,False,False,False,False,False,False,False,False,False,False,MEETS_STRONG,175,biometric,491,0,1643,False,22,22.8,False,False,False,2.81,2.81,56.3,2.99,False
TX-T-000248,usr-T-0041,T,False,ALLOW,4644.29,4423.13,1.05,0.49,4644.29,14036.15,2,False,444,1,Funds Transfer,third_party_individual,16,0,5,9,mobile_android,Reimbursement,True,neutral,False,False,582,1,False,False,False,False,False,False,False,False,False,False,MEETS_STRONG,66,pin,389,0,1635,False,18,9.5,False,False,False,1.74,1.74,229.7,0.45,False
TX-T-000249,usr-T-0079,T,False,ALLOW,3059.59,4025.77,0.76,0.41,3059.59,7485.36,1,False,39,1,Funds Transfer,third_party_individual,9,0,0,3,mobile_android,Townhouse security maintenance monthly dues,True,legit,False,False,421,1,False,False,False,False,False,False,False,False,False,False,MEETS_STRONG,132,pin,72,0,1490,False,14,15.0,False,True,True,1.09,1.09,242.4,0.27,False
TX-T-000250,usr-T-0126,T,False,ALLOW,2305.39,3247.03,0.71,0.48,2305.39,6791.25,1,False,109,1,Funds Transfer,registered_biller,23,6,5,11,mobile_android,,False,none,False,False,147,1,False,False,False,False,False,False,False,False,False,False,MEETS_STRONG,17,pin,485,0,241,False,41,10.5,False,False,False,1.35,1.35,221.4,0.37,False
TX-T-000251,usr-T-0133,T,False,ALLOW,6612.39,4056.68,1.63,0.15,6612.39,10409.99,1,False,127,1,Bills Payment,registered_biller,2,1,12,7,mobile_ios,,False,none,False,False,693,1,False,False,False,False,False,False,False,False,False,False,MEETS_DEVICE,39,biometric,198,0,385,True,13,13.8,False,False,False,2.23,2.23,164.7,0.81,False
TX-T-000252,usr-T-0028,T,True,REQUIRE_2FA,5034.85,3269.38,1.54,0.76,5203.36,7288.13,7,True,3,1,Bills Payment,third_party_individual,4,0,9,52,mobile_android,,False,none,False,True,5,1,False,False,False,False,True,False,False,False,False,False,FAILED,370,password,37,0,22,True,3,11.1,False,True,True,1.36,1.36,151.9,0.54,False
TX-T-000253,usr-T-0123,T,False,ALLOW,640.26,2910.26,0.22,0.2,640.26,1701.05,1,False,164,1,Bills Payment,registered_biller,16,1,1,13,mobile_android,,False,none,False,False,797,1,False,False,False,False,False,False,False,False,False,False,MEETS_STRONG,111,biometric,227,0,1475,False,35,12.8,False,False,False,1.96,1.96,51.3,2.29,False
TX-T-000254,usr-T-0105,T,False,ALLOW,1584.32,1156.44,1.37,0.09,1584.32,4083.82,1,False,458,1,Funds Transfer,business,2,4,18,1,mobile_android,Thank you,True,neutral,False,False,657,1,False,False,False,False,False,False,False,False,False,False,MEETS_STRONG,160,pin,170,0,1061,False,43,24.5,False,False,False,2.0,2.0,194.3,0.62,False
TX-T-000255,usr-T-0145,T,False,ALLOW,2228.91,1273.66,1.75,0.1,2228.91,4392.06,1,False,449,1,Bills Payment,registered_biller,19,6,6,2,mobile_ios,,False,none,False,False,279,1,False,False,False,False,False,False,False,False,False,False,MEETS_STRONG,96,biometric,538,0,867,True,42,19.3,False,False,False,0.71,0.71,87.6,0.49,False
TX-T-000256,usr-T-0097,T,False,ALLOW,1499.4,847.12,1.77,0.01,1499.4,2450.82,2,False,480,1,Remittance,business,6,2,7,0,mobile_ios,,False,none,False,False,718,1,False,False,False,False,False,False,False,False,False,False,MEETS_STRONG,42,biometric,463,0,519,True,15,5.2,False,False,False,1.11,1.11,137.5,0.48,False
TX-T-000257,usr-T-0147,T,False,ALLOW,2497.75,1495.66,1.67,0.18,2497.75,4355.16,1,False,240,1,Bills Payment,registered_biller,12,1,1,8,mobile_android,,False,none,False,False,343,1,False,False,False,False,False,False,False,False,False,False,MEETS_STRONG,37,biometric,274,0,1474,False,36,13.9,False,False,False,1.6,1.6,141.6,0.68,False
TX-T-000258,usr-T-0158,T,True,ALLOW,482.15,5357.17,0.09,0.38,482.15,806.06,1,False,551,1,Remittance,business,0,3,18,8,mobile_ios,,False,none,False,False,650,1,False,False,False,False,False,False,False,False,False,False,MEETS_STRONG,69,biometric,510,0,149,False,27,17.9,False,False,False,2.27,2.27,177.9,0.77,False
TX-T-000259,usr-T-0112,T,False,ALLOW,4841.03,2951.85,1.64,0.05,4841.03,8647.67,1,False,281,1,Savings,own_account,5,1,4,3,mobile_android,pambayad,True,neutral,False,False,455,1,False,False,False,False,False,False,True,False,False,False,MEETS_STRONG,121,biometric,220,0,569,False,22,15.4,False,False,False,2.63,2.63,201.6,0.78,False
TX-T-000260,usr-T-0061,T,False,ALLOW,4038.92,635.05,6.36,0.31,4038.92,5562.44,1,False,198,1,Funds Transfer,business,17,6,7,5,mobile_android,condominium association dues and garbage fee,True,legit,False,False,132,1,False,False,False,False,False,False,False,False,False,False,MEETS_STRONG,43,biometric,406,0,1275,False,41,9.9,False,True,True,2.05,2.05,197.4,0.62,False
TX-T-000261,usr-T-0102,T,True,REQUIRE_2FA,38713.1,6900.73,5.61,0.6,51243.63,122739.21,6,True,3,1,Savings,own_account,5,4,15,2,mobile_android,Anti money laundering certificate fee for crypto release,True,scam,False,True,4,1,False,False,False,False,False,False,False,False,True,False,MEETS_STRONG,251,biometric,55,0,1,False,10,10.1,False,False,False,1.39,1.39,52.2,1.6,False
TX-T-000262,usr-T-0120,T,True,BLOCK,22631.59,2015.28,11.23,0.35,25957.88,80171.35,6,True,3,14,Bills Payment,third_party_individual,16,1,5,55,mobile_android,,False,none,False,False,502,1,False,True,False,False,False,False,False,False,False,False,FAILED,404,pin,32,0,18,True,4,25.0,False,False,False,1.19,1.19,223.5,0.32,False
TX-T-000263,usr-T-0051,T,False,ALLOW,2214.52,3075.72,0.72,0.2,2214.52,2870.79,1,False,214,1,Savings,own_account,18,1,3,6,mobile_android,Youth Fellowship Camp Registration Allwance,True,legit,False,False,832,1,False,False,False,False,False,False,False,False,False,False,MEETS_STRONG,39,biometric,500,0,1762,False,35,22.0,False,False,False,1.1,1.1,268.4,0.25,False
TX-T-000264,usr-T-0153,T,False,ALLOW,306.83,639.22,0.48,0.41,306.83,674.38,1,False,322,1,Savings,own_account,23,3,14,0,mobile_ios,,False,none,False,False,135,1,False,False,False,False,False,False,False,False,False,False,MEETS_STRONG,117,pin,369,0,712,True,22,17.5,False,False,False,1.39,1.39,278.9,0.3,False
TX-T-000265,usr-T-0111,T,False,ALLOW,3040.29,3454.87,0.88,0.02,3040.29,10204.63,1,False,518,1,Savings,own_account,18,1,8,6,mobile_ios,,False,none,False,False,249,1,False,False,False,False,False,False,True,False,True,False,MEETS_STRONG,33,pin,185,0,205,True,23,5.7,False,False,False,1.71,1.71,276.7,0.37,False
TX-T-000266,usr-T-0023,T,True,BLOCK,89693.18,6490.1,13.82,0.8,91439.61,232310.2,2,True,1,1,Savings,own_account,3,2,16,9,mobile_android,,False,none,False,False,186,1,False,False,False,False,False,False,False,False,True,False,MEETS_STRONG,363,biometric,24,4,581,True,7,18.3,False,True,True,6272.41,6272.41,13.0,28949.58,True
TX-T-000267,usr-T-0151,T,False,ALLOW,666.41,2149.72,0.31,0.5,666.41,992.99,1,False,355,1,Remittance,third_party_individual,22,3,11,6,mobile_ios,Real Estate Property Appraisal Fee,True,legit,False,False,576,1,True,False,False,False,False,False,True,False,False,False,MEETS_BASIC,26,biometric,62,0,1822,False,28,12.8,False,False,False,2.07,2.07,238.4,0.52,False
TX-T-000268,usr-T-0146,T,False,ALLOW,647.72,1750.6,0.37,0.44,647.72,1021.85,1,True,2,1,Bills Payment,registered_biller,1,1,19,3,mobile_ios,,False,none,False,False,465,1,False,False,False,False,False,True,False,False,False,False,MEETS_DEVICE,64,biometric,370,0,1493,False,44,10.5,False,False,False,0.42,0.42,279.1,0.09,False
TX-T-000269,usr-T-0011,T,True,ALLOW,6461.04,4932.09,1.31,0.28,6461.04,15759.91,1,True,2,1,Funds Transfer,business,18,5,8,12,mobile_android,BPI express online transfer,True,neutral,False,False,268,1,False,False,False,False,False,False,False,False,False,False,MEETS_STRONG,158,biometric,434,0,643,True,26,5.8,False,False,False,0.5,0.5,137.6,0.22,False
TX-T-000270,usr-T-0164,T,False,ALLOW,1771.11,1265.08,1.4,0.34,1771.11,4148.4,1,False,580,1,Remittance,third_party_individual,7,3,9,8,mobile_ios,,False,none,False,False,749,1,False,False,False,False,False,False,False,False,False,False,MEETS_STRONG,51,biometric,238,0,1593,True,18,20.3,False,False,False,2.36,2.36,197.1,0.72,False
TX-T-000271,usr-T-0032,T,False,ALLOW,105.79,1763.17,0.06,0.13,105.79,316.41,1,False,198,1,Funds Transfer,business,10,0,0,8,mobile_ios,,False,none,False,False,610,1,False,False,False,False,False,False,False,False,False,False,MEETS_DEVICE,32,biometric,196,0,398,False,45,21.3,False,False,False,1.86,1.86,195.0,0.57,False
TX-T-000272,usr-T-0111,T,False,ALLOW,3282.13,3454.87,0.95,0.41,3282.13,5541.64,1,False,83,1,Bills Payment,registered_biller,21,6,11,7,mobile_ios,House helper monthly salary and allowance,True,legit,False,False,249,1,False,False,False,False,False,False,False,False,False,False,MEETS_DEVICE,128,biometric,167,0,1826,True,45,16.2,False,False,False,1.62,1.62,298.9,0.33,False
TX-T-000273,usr-T-0138,T,False,ALLOW,2672.27,4771.91,0.56,0.43,2672.27,3544.23,1,False,155,1,Remittance,business,4,2,9,5,mobile_ios,,False,none,False,False,118,1,False,False,False,False,False,False,False,False,False,False,MEETS_STRONG,35,biometric,146,0,294,False,33,11.4,False,False,False,0.5,0.5,37.5,0.8,False
TX-T-000274,usr-T-0141,T,True,REQUIRE_2FA,22031.94,3399.99,6.48,0.76,32334.18,103524.05,6,True,2,16,Funds Transfer,own_account,13,0,0,4,mobile_android,,False,none,False,False,378,4,True,False,True,False,True,False,True,False,False,False,FAILED,266,password,46,0,312,True,3,14.4,False,True,False,1.76,1.76,209.5,0.5,False
TX-T-000275,usr-T-0175,T,False,ALLOW,465.34,878.0,0.53,0.4,465.34,1389.23,1,False,75,1,Savings,own_account,6,4,8,10,mobile_ios,Canteen lunch credit settlement,True,legit,False,False,448,1,False,False,False,False,False,False,False,False,False,False,MEETS_STRONG,39,biometric,225,0,1629,False,20,16.5,False,False,False,2.07,2.07,85.9,1.45,False
TX-T-000276,usr-T-0056,T,True,REQUIRE_2FA,1171.17,1463.96,0.8,0.44,1236.04,3462.54,5,True,1,1,Bills Payment,third_party_individual,20,6,2,124,mobile_ios,,False,none,False,True,0,5,False,False,False,False,False,False,False,False,False,False,MEETS_STRONG,417,password,8,0,1632,True,7,9.1,True,False,False,1.69,1.69,234.2,0.43,False
TX-T-000277,usr-T-0017,T,False,ALLOW,2163.51,3278.04,0.66,0.33,2163.51,4832.18,1,False,503,1,Savings,own_account,8,1,5,7,mobile_android,Pang bili ng gamot at gatas ni lolo,True,legit,False,False,440,1,False,False,False,False,False,False,True,False,False,False,MEETS_STRONG,178,pin,347,0,1628,False,16,16.3,False,False,False,1.48,1.48,245.8,0.36,False
TX-T-000278,usr-T-0161,T,False,ALLOW,1093.84,1127.67,0.97,0.08,1093.84,1361.84,1,False,444,1,Remittance,third_party_individual,15,1,2,2,mobile_android,,False,none,False,False,246,1,False,False,False,False,False,False,False,False,False,False,MEETS_STRONG,72,biometric,76,0,1856,False,42,20.2,False,False,False,0.3,0.3,175.3,0.1,False
TX-T-000279,usr-T-0036,T,False,ALLOW,9454.57,6022.02,1.57,0.11,9454.57,20312.46,2,True,3,1,Bills Payment,registered_biller,7,5,12,3,mobile_android,Office co-working space dedicated deskfee,True,legit,False,False,717,1,False,False,False,False,False,False,False,False,False,False,MEETS_STRONG,163,pin,276,0,190,False,29,15.8,False,False,False,2.3,2.3,255.0,0.54,False
TX-T-000280,usr-T-0001,T,False,ALLOW,2055.46,3114.34,0.66,0.18,2055.46,4605.09,1,True,0,1,Funds Transfer,own_account,6,1,5,13,mobile_android,aws certtified solutions architect study guide,True,legit,False,False,258,1,False,False,False,False,False,False,False,False,False,False,MEETS_DEVICE,86,pin,472,0,415,False,22,14.5,False,False,False,197.28,197.28,322.1,36.75,False
TX-T-000281,usr-T-0043,T,False,ALLOW,1375.78,1433.1,0.96,0.28,1375.78,3793.61,2,False,352,1,Savings,own_account,5,6,10,9,mobile_android,O'Reilly mastering cryptocurrency book tutorial,True,legit,False,False,463,1,False,False,False,False,False,False,False,False,False,False,MEETS_STRONG,33,pin,148,0,1731,False,15,9.6,False,False,False,2.6,2.6,151.6,1.03,False
TX-T-000282,usr-T-0062,T,False,ALLOW,1754.99,1867.01,0.94,0.31,1754.99,5675.93,1,False,362,1,Funds Transfer,own_account,8,2,2,8,mobile_android,Mercury Drug Maintenance Pills For Lola,True,legit,False,False,387,1,False,False,False,False,False,False,True,False,False,False,MEETS_STRONG,92,biometric,198,0,1495,False,33,5.6,False,False,False,1.72,1.72,211.9,0.49,False
TX-T-000283,usr-T-0022,T,False,ALLOW,1259.82,1415.53,0.89,0.4,1259.82,2783.76,2,False,73,1,Funds Transfer,registered_biller,11,2,5,6,mobile_android,Elderly Caregiver Allowance And Groceries,True,legit,False,False,551,1,False,False,False,False,False,False,False,False,False,False,MEETS_DEVICE,83,pin,73,0,743,False,14,15.1,False,False,False,2.84,2.84,203.7,0.84,False
TX-T-000284,usr-T-0104,T,False,ALLOW,1188.77,4402.87,0.27,0.21,1188.77,3607.57,1,False,393,1,Funds Transfer,own_account,9,6,8,2,mobile_ios,Pampanga meat tocino and longganisa order,True,legit,False,False,573,1,False,False,False,False,False,False,False,False,False,False,MEETS_DEVICE,144,biometric,158,0,232,True,15,23.6,False,False,False,1.11,1.11,268.7,0.25,False
TX-T-000285,usr-T-0122,T,True,BLOCK,25606.35,2816.98,9.09,0.55,35386.09,85462.33,2,True,1,6,Bills Payment,third_party_individual,12,4,3,11,mobile_android,,False,none,False,True,2,2,False,False,False,False,True,False,True,False,False,False,FAILED,379,pin,45,0,1636,True,7,22.3,True,False,False,1.43,1.43,111.9,0.77,False
TX-T-000286,usr-T-0006,T,False,ALLOW,749.19,861.14,0.87,0.16,749.19,2263.91,2,False,558,1,Funds Transfer,registered_biller,23,0,11,5,mobile_android,miscellaneous pyment,True,neutral,False,False,189,1,False,False,False,False,False,False,True,False,False,False,MEETS_STRONG,84,biometric,239,0,1976,True,34,8.9,False,False,False,1.7,1.7,49.8,2.05,False
TX-T-000287,usr-T-0032,T,False,ALLOW,1957.12,1763.17,1.11,0.11,1957.12,5019.29,1,True,1,1,Bills Payment,registered_biller,12,5,2,5,mobile_android,CCTV surveillance installation downpayment,True,legit,False,False,610,1,False,False,False,False,False,False,False,False,False,False,MISSING,60,biometric,90,0,720,False,25,10.0,False,False,False,2.78,2.78,38.9,4.29,False
TX-T-000288,usr-T-0129,T,True,REQUIRE_2FA,7343.91,1462.93,5.02,0.64,7374.69,24310.48,3,False,45,1,Bills Payment,third_party_individual,13,0,2,13,mobile_android,,False,none,False,True,2,2,False,False,False,False,False,False,False,False,True,False,MEETS_STRONG,219,pin,43,1,1409,True,7,7.2,False,True,True,1.2,1.2,112.7,0.64,False
TX-T-000289,usr-T-0105,T,False,ALLOW,1711.53,1156.44,1.48,0.09,1711.53,2902.49,1,True,1,1,Savings,own_account,8,2,12,5,mobile_ios,,False,none,False,False,657,1,False,False,False,False,False,False,True,False,False,False,MEETS_DEVICE,111,biometric,475,0,1719,False,45,18.9,False,False,False,2.06,2.06,20.1,6.15,False
TX-T-000290,usr-T-0015,T,False,ALLOW,1454.49,3547.53,0.41,0.2,1454.49,4704.46,1,False,42,1,Savings,own_account,4,5,16,7,mobile_android,,False,none,False,False,685,1,False,False,False,False,False,False,False,False,False,False,MEETS_STRONG,118,pin,176,0,1372,True,45,21.6,False,False,False,2.64,2.64,101.6,1.56,False
TX-T-000291,usr-T-0115,T,False,ALLOW,1680.63,2585.58,0.65,0.13,1680.63,5352.0,2,False,556,1,Bills Payment,registered_biller,13,0,2,3,mobile_android,,False,none,False,False,429,1,False,False,False,False,False,False,False,False,False,False,MEETS_STRONG,156,biometric,46,0,1563,False,28,16.7,False,False,False,1.44,1.44,192.8,0.45,False
TX-T-000292,usr-T-0147,T,False,ALLOW,2348.19,1495.66,1.57,0.33,2348.19,7302.05,1,False,482,1,Funds Transfer,own_account,4,4,9,12,mobile_ios,Commercial stall lease payment monthly,True,legit,False,False,343,1,False,False,False,False,False,False,False,False,False,False,MEETS_DEVICE,37,biometric,258,0,702,False,39,13.1,False,False,False,1.99,1.99,214.4,0.56,False
TX-T-000293,usr-T-0165,T,False,ALLOW,6491.67,4773.29,1.36,0.16,6491.67,21870.26,1,False,240,1,Remittance,business,20,1,1,14,mobile_android,,False,none,False,False,836,1,False,False,False,False,False,False,False,False,False,False,MEETS_STRONG,17,pin,180,0,931,False,34,15.9,False,False,False,1.89,1.89,171.9,0.66,False
TX-T-000294,usr-T-0162,T,True,BLOCK,17925.07,1366.24,13.12,0.7,22244.38,48485.94,7,False,164,1,Remittance,business,3,2,8,12,mobile_ios,INTERNATIONAL BLOCCHAIN COMPLIANCE FEE FOR CAPITAL RELEASE - Ref #83557,True,scam,False,True,5,1,True,False,False,False,False,False,True,False,False,False,MEETS_BASIC,402,biometric,30,0,212,True,9,15.1,True,False,False,10272.84,10272.84,26.5,23259.26,True
TX-T-000295,usr-T-0083,T,False,ALLOW,1387.3,1825.4,0.76,0.1,1387.3,3673.48,1,False,468,1,Savings,own_account,20,1,3,0,mobile_ios,,False,none,False,False,725,1,False,False,False,False,False,False,False,False,False,False,MEETS_DEVICE,162,biometric,382,0,139,False,17,19.9,False,False,False,0.57,0.57,124.6,0.27,False
TX-T-000296,usr-T-0180,T,False,ALLOW,521.5,3067.63,0.17,0.39,521.5,653.07,2,False,284,1,Funds Transfer,registered_biller,6,1,12,7,mobile_android,,False,none,False,False,400,1,False,False,False,False,False,False,False,False,False,False,MEETS_STRONG,52,pin,134,0,260,False,12,12.6,False,False,False,1.46,1.46,294.2,0.3,False
TX-T-000297,usr-T-0140,T,True,REQUIRE_2FA,25362.84,25111.72,1.01,0.44,26305.53,71974.96,4,True,0,1,Bills Payment,third_party_individual,18,2,7,131,mobile_ios,Pambayad,True,neutral,False,False,362,1,False,False,False,False,False,False,True,False,False,False,MEETS_STRONG,267,password,9,2,1898,True,5,7.0,False,False,False,2.53,2.53,170.6,0.89,False
TX-T-000298,usr-T-0060,T,False,ALLOW,5242.59,5295.55,0.99,0.44,5242.59,16517.17,1,False,341,1,Savings,own_account,0,2,9,3,mobile_ios,,False,none,False,False,104,1,True,False,False,False,False,False,True,False,False,False,MEETS_BASIC,137,biometric,444,0,1161,False,21,22.2,False,False,False,667.86,667.86,257.2,155.8,False
TX-T-000299,usr-T-0058,T,False,ALLOW,5003.62,8070.36,0.62,0.09,5003.62,17422.34,1,False,30,1,Remittance,business,3,5,11,4,mobile_ios,Than you,True,neutral,False,False,763,1,False,False,False,False,False,False,False,False,False,False,MEETS_STRONG,78,biometric,470,0,1376,False,30,20.7,False,False,False,2.6,2.6,276.8,0.56,False
TX-T-000300,usr-T-0178,T,False,ALLOW,4854.24,2773.85,1.75,0.33,4854.24,9153.72,1,False,539,1,Funds Transfer,third_party_individual,9,2,1,7,mobile_ios,,False,none,False,False,361,1,False,False,False,False,False,False,False,False,False,False,MEETS_DEVICE,167,biometric,311,0,879,False,16,19.4,False,False,False,0.51,0.51,155.4,0.2,False
TX-T-000301,usr-T-0148,T,False,ALLOW,2049.79,2180.63,0.94,0.36,2049.79,3185.38,2,False,215,1,Savings,own_account,23,0,3,12,mobile_ios,,False,none,False,False,152,1,True,False,False,False,False,False,True,False,False,False,MEETS_BASIC,109,biometric,369,0,1504,False,14,5.6,False,False,False,1.0,1.0,236.8,0.25,False
TX-T-000302,usr-T-0065,T,False,ALLOW,4181.9,4311.24,0.97,0.24,4181.9,8808.56,1,False,316,1,Bills Payment,registered_biller,20,1,10,10,mobile_android,Art Workshop Materials Cash Allowance,True,legit,False,False,709,1,False,False,False,False,False,False,False,False,False,False,MEETS_STRONG,93,biometric,575,0,1659,False,42,8.6,False,False,False,2.08,2.08,64.0,1.95,False
TX-T-000303,usr-T-0058,T,False,ALLOW,13638.91,8070.36,1.69,0.06,13638.91,38658.33,1,True,3,1,Remittance,business,17,2,3,0,mobile_ios,,False,none,False,False,763,1,False,False,False,False,False,False,False,False,False,False,MEETS_DEVICE,163,biometric,198,0,196,True,33,16.6,False,False,False,2.54,2.54,74.9,2.03,False
TX-T-000304,usr-T-0117,T,True,REQUIRE_2FA,21196.9,2939.93,7.21,0.44,23035.83,60459.22,3,False,502,1,Funds Transfer,registered_biller,13,3,7,0,mobile_android,,False,none,False,True,4,1,False,False,False,False,False,False,True,False,False,False,MEETS_DEVICE,467,password,43,0,16,True,8,7.6,False,False,False,1.71,1.71,61.4,1.67,False
TX-T-000305,usr-T-0110,T,False,ALLOW,1054.12,612.86,1.72,0.43,1054.12,2679.79,1,False,566,1,Savings,own_account,8,2,3,13,mobile_android,payment,True,neutral,False,False,171,1,False,False,False,False,False,False,False,False,False,False,MEETS_DEVICE,83,biometric,544,0,363,False,19,24.4,False,False,False,0.81,0.81,53.8,0.9,False
TX-T-000306,usr-T-0060,T,False,ALLOW,2435.95,5295.55,0.46,0.32,2435.95,7549.93,2,True,2,1,Remittance,third_party_individual,6,0,3,5,mobile_ios,bayad,True,neutral,False,False,104,1,False,False,False,False,False,False,False,False,False,False,MEETS_STRONG,46,biometric,257,0,966,False,40,19.4,False,False,False,1.15,1.15,52.0,1.33,False
TX-T-000307,usr-T-0135,T,False,ALLOW,1106.13,752.47,1.47,0.36,1106.13,3382.3,1,True,0,1,Bills Payment,registered_biller,6,4,5,2,mobile_android,,False,none,False,False,754,1,False,False,False,False,False,False,False,False,False,False,MEETS_STRONG,113,pin,119,0,1462,False,23,23.0,False,False,False,1.35,1.35,118.5,0.68,False
TX-T-000308,usr-T-0098,T,False,ALLOW,1154.0,1099.05,1.05,0.03,1154.0,1762.88,1,False,479,1,Savings,own_account,21,4,9,3,mobile_android,,False,none,False,False,77,1,False,False,False,False,False,False,False,False,False,False,MEETS_DEVICE,57,biometric,363,0,472,True,25,19.8,False,False,False,2.26,2.26,242.8,0.56,False
TX-T-000309,usr-T-0164,T,True,REQUIRE_2FA,3795.24,1265.08,3.0,0.88,4412.16,8985.33,3,False,568,21,Remittance,business,3,3,13,7,mobile_ios,Office lunch share Jollibee chickenjoy bucket,True,legit,False,False,749,1,False,False,False,False,False,False,False,False,False,False,MEETS_STRONG,404,password,16,0,431,True,6,18.3,False,False,False,2.06,2.06,76.1,1.62,False
TX-T-000310,usr-T-0039,T,True,ALLOW,6764.05,1261.95,5.36,0.49,6764.05,10212.68,1,False,70,1,Bills Payment,registered_biller,5,0,7,14,mobile_android,,False,none,False,False,90,1,False,False,False,False,False,False,False,False,False,False,MEETS_DEVICE,141,biometric,219,0,584,False,37,23.5,False,False,False,2.26,2.26,246.9,0.55,False
TX-T-000311,usr-T-0078,T,False,ALLOW,2022.56,2770.63,0.73,0.05,2022.56,5091.05,1,False,486,1,Funds Transfer,own_account,5,1,7,13,mobile_android,,False,none,False,False,860,1,False,False,False,False,False,False,False,False,False,False,MISSING,60,biometric,90,0,720,False,25,10.0,False,False,False,1.24,1.24,223.0,0.33,False
TX-T-000312,usr-T-0007,T,False,ALLOW,1081.37,2703.42,0.4,0.15,1081.37,3456.14,1,True,1,1,Funds Transfer,business,15,0,1,3,mobile_ios,,False,none,False,False,397,1,False,False,False,False,False,False,False,False,False,False,MEETS_STRONG,23,biometric,121,0,337,True,37,7.1,False,False,False,2.1,2.1,24.1,5.23,False
TX-T-000313,usr-T-0136,T,False,ALLOW,1819.52,1083.05,1.68,0.11,1819.52,4790.51,1,True,1,1,Savings,own_account,12,2,1,3,mobile_android,LPG gas tank refill delivery cooking - Ref #98270,True,legit,False,False,696,1,False,False,False,False,False,False,True,False,False,False,MEETS_STRONG,45,biometric,38,0,1280,False,20,8.0,False,False,False,2.2,2.2,183.5,0.72,False
TX-T-000314,usr-T-0001,T,False,ALLOW,1339.17,3114.34,0.43,0.34,1339.17,3443.36,1,False,523,1,Funds Transfer,third_party_individual,7,3,4,1,mobile_android,Savings transfer,True,neutral,False,True,3,1,False,False,False,False,False,False,True,False,False,False,MEETS_DEVICE,23,biometric,156,0,841,False,42,9.6,False,False,False,2.0,2.0,32.5,3.69,False
TX-T-000315,usr-T-0073,T,False,ALLOW,1988.35,1169.62,1.7,0.06,1988.35,3846.86,2,True,0,1,Bills Payment,registered_biller,22,5,7,13,mobile_ios,Cybersecurity risk analysis handbook textbook,True,legit,False,False,181,1,False,False,False,False,False,False,False,False,False,False,MISSING,60,biometric,90,0,720,False,25,10.0,False,False,False,2.23,2.23,273.0,0.49,False
TX-T-000316,usr-T-0017,T,False,ALLOW,3540.28,3278.04,1.08,0.39,3540.28,7082.24,1,False,267,1,Remittance,business,3,1,10,13,mobile_ios,cat ood kibbles and litter sand,True,legit,False,False,440,1,True,False,False,False,False,False,True,False,False,False,MEETS_BASIC,68,biometric,490,0,916,False,17,14.8,False,False,False,2.92,2.92,42.8,4.09,False
TX-T-000317,usr-T-0119,T,False,ALLOW,8263.04,8790.47,0.94,0.21,8263.04,11847.82,1,False,355,1,Funds Transfer,third_party_individual,9,2,0,8,mobile_ios,For safe keeping,True,neutral,False,False,708,1,False,False,False,False,False,False,False,False,False,False,MEETS_DEVICE,137,biometric,239,0,346,False,33,9.0,False,False,False,2.1,2.1,129.7,0.97,False
TX-T-000318,usr-T-0039,T,True,BLOCK,13174.76,1261.95,10.44,0.85,18646.85,52375.23,5,True,0,1,Savings,own_account,3,2,9,10,mobile_android,,False,none,False,True,5,1,False,True,False,False,False,False,False,False,False,False,FAILED,318,biometric,5,0,1549,True,5,5.8,False,True,True,2988.18,2988.18,26.2,6843.16,True
TX-T-000319,usr-T-0128,T,True,ALLOW,697.77,942.93,0.74,0.31,697.77,2425.66,1,False,218,1,Savings,own_account,18,3,8,10,mobile_android,,False,none,False,False,348,1,False,False,False,False,False,False,False,False,False,False,MEETS_STRONG,54,biometric,477,0,474,True,44,18.4,False,False,False,1.81,1.81,298.8,0.36,False
TX-T-000320,usr-T-0068,T,True,REQUIRE_2FA,10048.62,1686.01,5.96,0.73,10180.79,23158.42,6,True,1,17,Bills Payment,third_party_individual,5,5,11,0,mobile_ios,,False,none,False,True,0,5,False,False,False,False,False,False,False,False,False,False,MEETS_STRONG,191,biometric,58,0,693,False,3,21.3,False,False,False,2.55,2.55,101.7,1.5,False
TX-T-000321,usr-T-0116,T,False,ALLOW,2556.54,1597.84,1.6,0.27,2556.54,7404.06,1,False,534,1,Remittance,business,0,4,9,2,mobile_android,Youth fellowship camp registration allowance,True,legit,False,False,527,1,False,False,False,False,False,False,False,False,False,False,MEETS_STRONG,31,biometric,553,0,1924,False,29,20.8,False,False,False,1.77,1.77,57.9,1.83,False
TX-T-000322,usr-T-0151,T,False,ALLOW,2794.64,2149.72,1.3,0.14,2794.64,8434.46,1,False,378,1,Savings,own_account,1,3,10,14,mobile_android,,False,none,False,False,576,1,True,False,False,False,False,False,True,False,False,False,MEETS_BASIC,178,pin,437,0,472,False,14,22.7,False,False,False,1.31,1.31,188.8,0.42,False
TX-T-000323,usr-T-0068,T,True,ALLOW,1348.81,1686.01,0.8,0.14,1348.81,3206.0,1,False,171,1,Remittance,third_party_individual,12,1,4,2,mobile_ios,,False,none,False,False,547,1,False,False,False,False,True,False,False,False,False,False,FAILED,68,pin,72,0,1902,False,28,12.9,False,False,False,2.17,2.17,186.6,0.7,False
TX-T-000324,usr-T-0017,T,False,ALLOW,590.05,3278.04,0.18,0.5,590.05,861.34,2,False,269,1,Remittance,third_party_individual,6,5,7,6,mobile_android,,False,none,False,False,440,1,False,False,True,False,False,False,False,False,False,False,FAILED,52,biometric,315,0,1636,False,21,10.2,False,False,False,0.72,0.72,263.8,0.16,False
TX-T-000325,usr-T-0146,T,False,ALLOW,2678.42,1750.6,1.53,0.24,2678.42,7774.84,2,False,81,1,Bills Payment,registered_biller,22,2,2,9,mobile_android,House helper monthly salary and allowance,True,legit,False,False,465,1,False,False,False,False,False,False,False,False,False,False,MEETS_DEVICE,169,biometric,433,0,1383,False,28,15.9,False,False,False,1.36,1.36,86.0,0.95,False
TX-T-000326,usr-T-0177,T,False,ALLOW,1812.8,8632.36,0.21,0.18,1812.8,3264.5,1,False,128,1,Funds Transfer,registered_biller,23,4,2,10,mobile_android,,False,none,False,False,863,1,False,False,False,False,False,False,True,False,False,False,MEETS_STRONG,147,pin,434,0,524,False,27,13.2,False,False,False,1.67,1.67,89.1,1.12,False
TX-T-000327,usr-T-0125,T,False,ALLOW,14709.67,4760.41,3.09,0.33,14709.67,37017.17,2,False,271,1,Bills Payment,registered_biller,1,2,8,14,mobile_ios,Subdivision vehilce RFID sticker purchase,True,legit,False,False,234,1,False,False,False,False,False,False,False,False,False,False,MEETS_DEVICE,90,biometric,402,0,1103,False,33,15.8,False,False,False,209.78,209.78,332.2,37.89,False
TX-T-000328,usr-T-0104,T,False,ALLOW,6252.08,4402.87,1.42,0.43,6252.08,10153.05,1,False,70,1,Funds Transfer,business,20,2,3,9,mobile_ios,,False,none,False,False,573,1,False,False,False,False,False,False,False,False,False,False,MEETS_DEVICE,131,biometric,440,0,375,False,16,12.8,False,False,False,1.7,1.7,43.5,2.34,False
TX-T-000329,usr-T-0129,T,False,ALLOW,716.84,1462.93,0.49,0.4,716.84,1914.44,2,True,0,1,Funds Transfer,business,18,4,3,6,mobile_ios,Invoice 2026-089,True,neutral,False,False,414,1,False,False,False,False,False,False,False,False,False,False,MEETS_STRONG,114,biometric,198,0,1407,False,16,7.9,False,False,False,1.96,1.96,86.6,1.36,False
TX-T-000330,usr-T-0137,T,False,ALLOW,15493.52,3136.34,4.94,0.49,15493.52,41240.39,1,False,541,1,Bills Payment,registered_biller,9,1,4,1,mobile_android,House helper monthly salary and allowance,True,legit,False,False,636,1,False,False,False,False,False,False,False,False,False,False,MEETS_STRONG,60,biometric,144,0,386,False,21,23.7,False,False,False,0.97,0.97,233.1,0.25,False
TX-T-000331,usr-T-0102,T,False,ALLOW,3312.35,6900.73,0.48,0.15,3312.35,8862.15,1,False,46,1,Bills Payment,registered_biller,17,4,3,6,mobile_android,,False,none,False,False,853,1,False,False,False,False,False,False,False,False,False,False,MEETS_DEVICE,108,pin,265,0,765,False,44,21.6,False,False,False,1.9,1.9,80.4,1.42,False
TX-T-000332,usr-T-0180,T,False,ALLOW,4141.3,3067.63,1.35,0.26,4141.3,11781.41,1,False,308,1,Funds Transfer,business,11,1,7,4,mobile_ios,Contract agreement payment,True,neutral,False,False,400,1,False,False,False,False,False,False,False,False,False,False,MEETS_STRONG,37,biometric,358,0,593,False,19,7.9,False,False,False,0.7,0.7,264.1,0.16,False
TX-T-000333,usr-T-0177,T,False,ALLOW,5093.09,8632.36,0.59,0.49,5093.09,11749.01,1,False,122,1,Remittance,business,21,1,0,4,mobile_ios,Cotract Agreement Payment,True,neutral,False,False,863,1,False,False,False,False,False,False,True,False,False,False,MEETS_STRONG,143,biometric,273,0,1263,False,21,24.5,False,False,False,0.71,0.71,126.7,0.34,False
TX-T-000334,usr-T-0055,T,False,ALLOW,435.56,1675.22,0.26,0.41,435.56,537.6,1,False,31,1,Funds Transfer,business,14,3,4,6,mobile_android,DLSU TERM 2 TUITIONB ALANCE SETTLEMENT - Ref #51294,True,legit,False,False,220,1,False,False,False,False,False,False,False,False,False,False,MISSING,60,biometric,90,0,720,False,25,10.0,False,False,False,213.09,213.09,344.1,37.16,False
TX-T-000335,usr-T-0074,T,False,ALLOW,4795.15,3632.69,1.32,0.45,4795.15,8945.52,1,False,102,1,Funds Transfer,business,8,3,1,12,mobile_android,bottled mineral water offie supply,True,legit,False,False,845,1,False,False,False,False,False,False,False,False,False,False,MEETS_STRONG,104,biometric,367,0,1620,False,40,21.7,False,False,False,2.65,2.65,138.4,1.15,False
TX-T-000336,usr-T-0023,T,False,ALLOW,8307.33,6490.1,1.28,0.45,8307.33,27978.85,2,True,3,1,Remittance,third_party_individual,12,4,7,13,mobile_ios,,False,none,False,False,186,1,False,False,False,False,False,False,False,False,False,False,MEETS_STRONG,50,biometric,500,0,1707,True,26,15.8,False,False,False,0.59,0.59,48.7,0.73,False
TX-T-000337,usr-T-0165,T,True,REQUIRE_2FA,17995.3,4773.29,3.77,0.54,23316.17,37665.02,5,False,598,1,Bills Payment,registered_biller,4,0,17,2,mobile_ios,,False,none,False,False,836,1,False,False,False,False,False,False,True,False,False,True,MEETS_DEVICE,251,password,55,0,743,False,4,14.2,False,True,True,1.18,1.18,54.3,1.3,False
TX-T-000338,usr-T-0020,T,False,ALLOW,2884.4,2345.04,1.23,0.42,2884.4,7119.51,1,False,427,1,Bills Payment,registered_biller,13,2,4,2,mobile_android,dentist tooth extraction and cleaning procedure,True,legit,False,False,604,1,False,False,False,False,False,False,False,False,False,False,MEETS_STRONG,98,pin,330,0,863,False,14,11.4,False,False,False,2.23,2.23,55.3,2.42,False
TX-T-000339,usr-T-0162,T,False,ALLOW,2281.62,1366.24,1.67,0.45,2281.62,4889.56,2,False,231,1,Bills Payment,registered_biller,8,6,3,13,mobile_ios,,False,none,False,False,106,1,False,False,False,False,False,False,False,False,False,False,MEETS_STRONG,77,pin,493,0,592,True,38,6.4,False,False,False,1.86,1.86,235.1,0.47,False
TX-T-000340,usr-T-0090,T,False,ALLOW,4081.53,3488.49,1.17,0.38,4081.53,5451.72,1,False,16,1,Bills Payment,registered_biller,14,6,1,1,mobile_android,,False,none,False,False,743,1,False,False,False,False,False,False,False,False,False,False,MEETS_STRONG,161,biometric,45,0,109,False,28,23.1,False,False,False,1.79,1.79,178.6,0.6,False
TX-T-000341,usr-T-0179,T,True,REQUIRE_2FA,15204.4,2219.62,6.85,0.67,18764.7,48115.05,6,True,3,23,Bills Payment,third_party_individual,15,6,4,52,mobile_android,,False,none,False,False,31,4,False,False,False,False,False,False,False,False,False,False,MEETS_STRONG,289,biometric,28,0,1904,True,8,22.4,False,True,True,0.42,0.42,92.8,0.27,False
TX-T-000342,usr-T-0110,T,False,ALLOW,661.89,612.86,1.08,0.12,661.89,1886.93,1,False,569,1,Bills Payment,registered_biller,17,2,6,2,mobile_ios,,False,none,False,False,171,1,False,False,False,False,False,False,False,False,False,False,MEETS_DEVICE,110,biometric,489,0,1369,False,17,12.3,False,False,False,1.92,1.92,250.0,0.46,False
TX-T-000343,usr-T-0086,T,False,ALLOW,2233.98,3603.2,0.62,0.03,2233.98,5912.39,1,True,0,1,Bills Payment,registered_biller,3,0,12,1,mobile_ios,,False,none,False,True,5,1,False,False,False,False,False,False,False,False,False,False,MEETS_STRONG,168,biometric,269,0,745,False,29,19.0,False,False,False,2.63,2.63,38.6,4.09,False
TX-T-000344,usr-T-0081,T,False,ALLOW,5733.04,3517.2,1.63,0.19,5733.04,19564.29,1,False,66,1,Funds Transfer,own_account,3,2,6,3,mobile_android,Puregold weekly essentials and pantry supply,True,legit,False,False,258,1,False,False,False,False,False,False,False,False,False,False,MEETS_STRONG,58,biometric,504,0,1318,False,34,19.2,False,False,False,2.15,2.15,80.7,1.6,False
TX-T-000345,usr-T-0078,T,False,ALLOW,193.94,2770.63,0.07,0.35,193.94,490.99,1,False,47,1,Bills Payment,registered_biller,13,0,1,8,mobile_ios,,False,none,False,False,860,1,False,False,False,False,False,False,False,False,False,False,MEETS_DEVICE,105,pin,378,0,400,True,36,6.4,False,False,False,2.08,2.08,179.6,0.69,False
TX-T-000346,usr-T-0110,T,False,ALLOW,1005.09,612.86,1.64,0.28,1005.09,1376.45,1,False,284,1,Funds Transfer,registered_biller,15,4,4,4,mobile_android,Cat food kibbles and litter sand,True,legit,False,False,171,1,False,False,False,False,False,True,False,False,False,False,MEETS_STRONG,50,biometric,365,0,116,True,34,21.6,False,False,False,1.38,1.38,87.7,0.94,False
TX-T-000347,usr-T-0170,T,False,ALLOW,3023.74,2362.3,1.28,0.08,3023.74,9117.59,1,False,86,1,Funds Transfer,third_party_individual,18,0,2,10,mobile_ios,,False,none,False,False,472,1,False,False,False,False,False,False,True,False,False,False,MEETS_STRONG,44,pin,36,0,676,False,33,24.2,False,False,False,1.13,1.13,298.9,0.23,False
TX-T-000348,usr-T-0116,T,False,ALLOW,1661.75,1597.84,1.04,0.1,1661.75,2647.64,1,False,334,1,Bills Payment,registered_biller,12,0,3,3,mobile_android,,False,none,False,False,527,1,False,False,False,False,False,False,False,False,False,False,MEETS_STRONG,123,biometric,123,0,1740,False,22,9.5,False,False,False,2.57,2.57,214.6,0.72,False
TX-T-000349,usr-T-0156,T,False,ALLOW,3514.04,10040.12,0.35,0.18,3514.04,11574.85,1,False,515,1,Funds Transfer,own_account,18,0,9,6,mobile_android,,False,none,False,False,732,1,False,False,False,False,False,False,False,False,False,False,MEETS_DEVICE,152,pin,75,0,1551,True,33,23.3,False,False,False,1.46,1.46,259.6,0.34,False
TX-T-000350,usr-T-0156,T,False,ALLOW,9437.71,10040.12,0.94,0.3,9437.71,30844.27,2,False,333,1,Funds Transfer,third_party_individual,16,1,7,2,mobile_ios,sports training uniform and gear allowance - Ref #5733,True,legit,False,False,732,1,False,False,False,False,False,False,False,False,False,False,MEETS_STRONG,81,pin,246,0,1597,True,45,20.0,False,False,False,2.87,2.87,179.5,0.96,False
TX-T-000351,usr-T-0013,T,True,REQUIRE_2FA,7770.43,2572.99,3.02,0.85,8277.78,18289.63,4,False,145,1,Bills Payment,third_party_individual,11,5,8,63,mobile_android,,False,none,False,False,748,1,False,False,False,True,False,False,False,True,False,False,MEETS_STRONG,294,password,54,1,1325,True,4,57.6,False,False,False,2.2,2.2,228.5,0.58,False
TX-T-000352,usr-T-0008,T,False,ALLOW,2880.49,1895.06,1.52,0.37,2880.49,8897.0,1,False,181,1,Bills Payment,registered_biller,18,0,8,12,mobile_android,,False,none,False,True,1,1,False,False,False,False,False,False,False,False,False,False,MEETS_DEVICE,110,biometric,116,0,1268,False,37,12.2,False,False,False,1.27,1.27,238.2,0.32,False
TX-T-000353,usr-T-0111,T,False,ALLOW,1347.4,3454.87,0.39,0.16,1347.4,4003.78,1,False,367,1,Funds Transfer,own_account,20,4,10,6,mobile_android,,False,none,False,False,249,1,False,False,False,False,False,False,False,False,False,False,MEETS_DEVICE,177,pin,358,0,645,False,18,18.6,False,False,False,2.05,2.05,167.1,0.74,False
TX-T-000354,usr-T-0176,T,True,REQUIRE_2FA,16139.23,2801.95,5.76,0.4,18076.76,34628.03,7,True,3,10,Bills Payment,registered_biller,4,5,11,4,mobile_ios,,False,none,False,False,367,1,False,False,True,False,False,False,False,False,False,False,FAILED,450,pin,30,3,1056,True,9,23.3,False,True,True,1.27,1.27,144.3,0.53,False
TX-T-000355,usr-T-0069,T,False,ALLOW,8242.09,4848.29,1.7,0.46,8242.09,16250.58,1,False,462,1,Remittance,business,8,3,11,6,mobile_ios,Professionnal engineering consultancy service billing,True,legit,False,False,124,1,False,False,False,False,False,False,False,False,False,False,MEETS_DEVICE,88,pin,119,0,1768,False,37,16.9,False,False,False,1.98,1.98,128.2,0.93,False
TX-T-000356,usr-T-0151,T,True,REQUIRE_2FA,3117.09,2149.72,1.45,0.91,3562.7,12450.57,4,True,1,9,Funds Transfer,own_account,10,2,1,12,mobile_android,,False,none,False,True,0,6,False,False,False,False,False,False,False,False,False,False,MEETS_STRONG,408,password,40,2,22,True,5,13.7,False,True,True,1.7,1.7,255.6,0.4,False
TX-T-000357,usr-T-0013,T,False,ALLOW,1003.47,2572.99,0.39,0.48,1003.47,3211.4,2,False,556,1,Savings,own_account,10,5,9,13,mobile_android,,False,none,False,False,748,1,False,False,False,False,False,False,True,False,False,False,MEETS_STRONG,101,biometric,479,0,1199,True,35,11.5,False,False,False,2.97,2.97,277.4,0.64,False
TX-T-000358,usr-T-0033,T,False,ALLOW,615.62,1620.04,0.38,0.24,615.62,1937.58,1,False,323,1,Bills Payment,registered_biller,18,5,1,12,mobile_android,Fruits and vegetables from Baugio market,True,legit,False,False,808,1,False,False,False,False,False,False,True,False,False,False,MEETS_DEVICE,110,biometric,57,0,1330,False,43,20.7,False,True,True,2.23,2.23,115.4,1.16,False
TX-T-000359,usr-T-0134,T,False,ALLOW,735.52,2043.1,0.36,0.15,735.52,2325.41,1,False,242,1,Remittance,third_party_individual,4,1,11,6,mobile_ios,,False,none,False,False,138,1,False,False,False,False,False,False,False,False,False,False,MEETS_DEVICE,61,biometric,69,0,302,True,19,8.1,False,False,False,2.05,2.05,294.4,0.42,False
TX-T-000360,usr-T-0174,T,True,BLOCK,9375.13,915.54,10.24,0.93,11686.08,35357.85,7,True,2,1,Bills Payment,third_party_individual,12,3,3,7,mobile_ios,,False,none,False,True,5,1,False,False,False,False,False,False,False,False,False,False,MEETS_DEVICE,469,password,50,0,1392,False,5,19.7,False,True,False,2.21,2.21,298.0,0.44,False
TX-T-000361,usr-T-0013,T,False,ALLOW,1209.31,2572.99,0.47,0.45,1209.31,3649.48,1,False,83,1,Funds Transfer,third_party_individual,8,3,11,10,mobile_ios,PAYMENT - Ref #23843,True,neutral,False,False,748,1,False,False,False,False,False,False,False,False,False,False,MEETS_STRONG,54,biometric,88,0,1141,False,37,9.6,False,False,False,0.61,0.61,33.0,1.11,False
TX-T-000362,usr-T-0169,T,False,ALLOW,430.63,2153.16,0.2,0.49,430.63,781.87,1,False,365,1,Remittance,business,8,0,5,9,mobile_android,,False,none,False,False,442,1,False,False,False,False,False,False,False,False,False,False,MEETS_STRONG,180,biometric,102,0,1375,False,43,6.9,False,False,False,2.0,2.0,283.1,0.42,False
TX-T-000363,usr-T-0111,T,False,ALLOW,3938.55,3454.87,1.14,0.24,3938.55,9858.26,1,True,3,1,Bills Payment,registered_biller,2,1,8,6,mobile_ios,,False,none,False,False,249,1,False,False,False,False,False,False,False,False,False,False,MEETS_STRONG,176,pin,460,0,821,True,25,23.8,False,False,False,1.97,1.97,103.0,1.15,False
TX-T-000364,usr-T-0098,T,False,ALLOW,417.64,1099.05,0.38,0.48,417.64,1146.78,1,False,201,1,Bills Payment,registered_biller,3,1,9,0,mobile_android,SNACKS AND REFRESHMENTS FOR BIBLE STUDY,True,legit,False,True,3,1,False,False,False,False,False,False,False,False,False,False,MEETS_DEVICE,153,biometric,435,0,727,False,39,14.9,False,False,False,0.32,0.32,103.2,0.19,False
TX-T-000365,usr-T-0085,T,False,ALLOW,4144.19,937.6,4.42,0.18,4144.19,11635.94,1,True,3,1,Remittance,business,19,1,1,7,mobile_ios,,False,none,False,False,383,1,False,False,False,False,False,False,False,False,True,False,MEETS_STRONG,145,biometric,503,0,946,False,39,11.0,False,False,False,1.65,1.65,276.1,0.36,False
TX-T-000366,usr-T-0146,T,False,ALLOW,1960.67,1750.6,1.12,0.18,1960.67,3623.11,1,False,353,1,Remittance,business,23,1,3,4,mobile_ios,,False,none,False,False,465,1,False,False,False,False,False,False,False,False,False,False,MEETS_STRONG,157,biometric,449,0,640,True,22,7.9,False,False,False,0.84,0.84,187.6,0.27,False
TX-T-000367,usr-T-0148,T,False,ALLOW,2137.02,2180.63,0.98,0.39,2137.02,5132.02,2,False,270,1,Bills Payment,registered_biller,3,0,17,14,mobile_ios,S&R membershp shopping items - Ref #16046,True,legit,False,False,152,1,False,False,False,False,False,False,False,False,False,False,MEETS_STRONG,159,biometric,158,0,176,True,14,11.0,False,False,False,1.63,1.63,33.3,2.94,False
TX-T-000368,usr-T-0119,T,True,REQUIRE_2FA,12394.56,8790.47,1.41,0.76,14821.45,29061.38,4,True,3,1,Savings,own_account,2,4,7,1,mobile_ios,,False,none,False,False,708,1,False,False,False,False,False,True,False,True,False,False,MEETS_STRONG,249,password,59,3,475,True,6,72.5,True,False,False,0.41,0.41,158.8,0.15,False
TX-T-000369,usr-T-0102,T,False,ALLOW,6900.73,6900.73,1.0,0.02,6900.73,17044.72,2,False,336,1,Bills Payment,registered_biller,18,6,2,4,mobile_ios,,False,none,False,False,853,1,False,False,False,False,False,False,True,False,False,False,MEETS_STRONG,24,biometric,263,0,1198,False,35,23.9,False,False,False,1.48,1.48,94.9,0.94,False
TX-T-000370,usr-T-0087,T,False,ALLOW,2296.83,1676.52,1.37,0.38,2296.83,3807.3,1,False,254,1,Funds Transfer,registered_biller,0,1,17,5,mobile_ios,,False,none,False,False,31,1,False,False,False,False,False,False,False,False,False,False,MEETS_DEVICE,12,biometric,467,0,390,False,34,20.0,False,False,False,2.6,2.6,94.2,1.66,False
TX-T-000371,usr-T-0045,T,False,ALLOW,3590.4,2679.4,1.34,0.28,3590.4,6441.63,1,False,236,1,Remittance,third_party_individual,1,1,9,8,mobile_ios,,False,none,False,False,849,1,False,False,False,False,False,False,False,False,False,False,MEETS_STRONG,24,biometric,453,0,1976,False,41,19.6,False,False,False,1.48,1.48,196.3,0.45,False
TX-T-000372,usr-T-0106,T,True,REQUIRE_2FA,9525.31,2070.72,4.6,0.86,13933.91,18324.58,4,True,1,1,Bills Payment,registered_biller,21,3,1,5,mobile_android,,False,none,False,True,1,1,False,True,False,False,False,False,False,False,False,False,FAILED,411,biometric,54,0,304,True,4,24.6,True,False,False,1.13,1.13,113.8,0.6,False
TX-T-000373,usr-T-0158,T,False,ALLOW,33268.03,5357.17,6.21,0.49,33268.03,45578.8,2,False,511,1,Remittance,third_party_individual,20,1,2,9,mobile_android,,False,none,False,False,650,1,False,False,False,False,False,False,True,False,False,False,MEETS_DEVICE,75,biometric,255,0,1241,False,22,5.4,False,False,False,2.28,2.28,65.2,2.1,False
TX-T-000374,usr-T-0067,T,False,ALLOW,2178.81,1846.45,1.18,0.43,2178.81,3578.53,1,False,567,1,Bills Payment,registered_biller,6,2,8,4,mobile_ios,,False,none,False,False,764,1,False,False,False,False,False,False,False,False,False,False,MEETS_DEVICE,106,pin,387,0,246,False,32,8.8,False,False,False,0.53,0.53,272.6,0.12,False
TX-T-000375,usr-T-0054,T,False,ALLOW,3004.89,1889.87,1.59,0.37,3004.89,6467.92,1,False,524,1,Savings,own_account,10,6,6,2,mobile_android,,False,none,False,False,628,1,False,False,False,False,False,False,True,False,False,False,MEETS_STRONG,39,biometric,360,0,1992,False,38,9.4,False,False,False,1.37,1.37,214.8,0.38,False
TX-T-000376,usr-T-0119,T,False,ALLOW,12921.99,8790.47,1.47,0.33,12921.99,20629.04,1,False,199,1,Funds Transfer,business,12,0,3,5,mobile_ios,Dog veterinary shampoo and tick medicine,True,legit,False,False,708,1,True,False,False,False,False,False,True,False,False,False,MEETS_BASIC,67,pin,190,0,231,False,17,8.5,False,False,False,2.45,2.45,36.7,4.01,False
TX-T-000377,usr-T-0138,T,False,ALLOW,3578.93,4771.91,0.75,0.45,3578.93,5150.64,1,False,283,1,Funds Transfer,business,9,2,4,12,mobile_android,,False,none,False,False,118,1,False,False,False,False,False,False,False,False,False,False,MEETS_STRONG,109,pin,441,0,677,False,37,20.0,False,False,False,1.72,1.72,51.9,1.99,False
TX-T-000378,usr-T-0157,T,True,BLOCK,29389.29,2708.69,10.85,0.42,32229.88,39944.03,7,True,2,12,Funds Transfer,own_account,23,3,13,14,mobile_android,,False,none,False,False,341,5,False,False,False,False,False,False,False,False,False,False,MEETS_STRONG,396,pin,6,0,1546,True,3,12.0,False,True,False,0.75,0.75,68.7,0.66,False
TX-T-000379,usr-T-0012,T,True,REQUIRE_2FA,5547.4,4547.05,1.22,0.64,6199.06,17558.86,4,True,1,1,Bills Payment,registered_biller,21,6,10,9,mobile_android,Holding fund transfe rplease withdraw over the counter and give cash - Ref #71852,True,scam,False,True,1,5,False,False,False,False,False,False,False,False,False,False,MEETS_STRONG,388,biometric,10,0,1908,True,9,8.5,False,False,False,2.0,2.0,46.0,2.61,False
TX-T-000380,usr-T-0058,T,False,ALLOW,3066.74,8070.36,0.38,0.37,3066.74,8817.32,1,False,35,1,Savings,own_account,15,3,1,6,mobile_android,,False,none,False,False,763,1,False,False,False,False,False,False,True,False,False,False,MEETS_DEVICE,129,pin,485,0,939,True,44,18.9,False,False,False,0.54,0.54,167.0,0.19,False
TX-T-000381,usr-T-0090,T,False,ALLOW,1255.86,3488.49,0.36,0.34,1255.86,4368.58,2,True,3,1,Savings,own_account,11,5,2,13,mobile_ios,,False,none,False,False,743,1,False,False,False,False,False,False,False,False,False,False,MEETS_STRONG,79,pin,475,0,1386,False,40,19.8,False,False,False,0.59,0.59,141.8,0.25,False
TX-T-000382,usr-T-0159,T,False,ALLOW,1767.86,1636.91,1.08,0.5,1767.86,2377.31,1,False,511,1,Funds Transfer,third_party_individual,17,6,4,9,mobile_ios,,False,none,False,False,483,1,False,False,False,False,False,False,False,False,False,False,MEETS_DEVICE,128,biometric,325,0,1818,False,33,9.1,False,False,False,0.22,0.22,299.2,0.04,False
TX-T-000383,usr-T-0008,T,False,ALLOW,1137.04,1895.06,0.6,0.4,1137.04,1800.31,1,False,25,1,Remittance,third_party_individual,3,6,7,14,mobile_android,Professional engineering connsultancy service billing,True,legit,False,False,579,1,False,False,False,False,False,False,False,False,False,False,MEETS_STRONG,10,pin,582,0,1273,False,14,11.6,False,False,False,1.42,1.42,191.4,0.45,False
TX-T-000384,usr-T-0039,T,False,ALLOW,1047.42,1261.95,0.83,0.19,1047.42,1287.56,1,True,2,1,Savings,own_account,21,3,9,1,mobile_ios,funds transfer,True,neutral,False,False,90,1,True,False,False,False,False,False,True,False,False,False,MEETS_BASIC,85,biometric,489,0,1266,True,42,23.3,False,False,False,0.7,0.7,61.2,0.69,False
TX-T-000385,usr-T-0032,T,False,ALLOW,6964.52,1763.17,3.95,0.15,6964.52,23570.0,1,False,59,1,Savings,own_account,15,2,5,10,mobile_ios,,False,none,False,False,610,1,False,False,False,False,False,False,False,False,False,False,MEETS_STRONG,132,biometric,352,0,971,False,23,23.8,False,False,False,0.88,0.88,76.4,0.69,False
TX-T-000386,usr-T-0113,T,True,REQUIRE_2FA,2002.82,1517.29,1.32,0.89,2306.82,4299.27,4,True,1,1,Bills Payment,third_party_individual,3,6,15,3,mobile_android,,False,none,False,True,0,1,False,False,False,False,False,False,False,False,True,False,MEETS_STRONG,214,biometric,54,0,1410,True,10,14.9,False,False,False,1.18,1.18,191.0,0.37,False
TX-T-000387,usr-T-0083,T,False,ALLOW,638.89,1825.4,0.35,0.3,638.89,1215.25,1,False,335,1,Funds Transfer,business,3,4,14,5,mobile_ios,Wedding Gift Cash Transfer For Newlywed Couple,True,legit,False,False,725,1,False,False,False,False,False,False,True,False,False,False,MEETS_STRONG,173,biometric,395,0,1681,True,40,22.5,False,False,False,1.81,1.81,252.5,0.43,False
TX-T-000388,usr-T-0075,T,False,ALLOW,3036.02,2735.15,1.11,0.03,3036.02,5258.83,1,True,1,1,Funds Transfer,registered_biller,13,0,1,13,mobile_android,,False,none,False,False,135,1,False,False,False,False,False,False,False,False,False,False,MEETS_STRONG,132,pin,516,0,502,True,39,8.7,False,False,False,1.86,1.86,212.1,0.53,False
TX-T-000389,usr-T-0055,T,False,ALLOW,2228.04,1675.22,1.33,0.25,2228.04,6802.85,1,True,0,1,Remittance,business,21,3,11,3,mobile_ios,,False,none,False,False,220,1,False,False,False,False,False,False,False,False,False,False,MEETS_DEVICE,164,pin,293,0,1919,False,39,10.2,False,False,False,2.03,2.03,182.0,0.67,False
TX-T-000390,usr-T-0013,T,True,REQUIRE_2FA,10755.1,2572.99,4.18,0.68,13612.15,23659.15,7,True,1,6,Savings,own_account,21,4,2,4,mobile_android,,False,none,False,True,3,1,False,False,False,False,False,False,False,False,False,False,MEETS_DEVICE,472,pin,53,0,1619,True,3,8.6,True,False,False,0.24,0.24,203.2,0.07,False
TX-T-000391,usr-T-0019,T,True,ALLOW,2809.16,4928.35,0.57,0.27,2809.16,7501.54,2,False,98,1,Savings,own_account,0,2,16,12,mobile_ios,weekly school allowance and bus fare,True,legit,False,False,688,1,False,False,False,False,False,False,False,False,False,False,MEETS_STRONG,65,pin,60,0,529,False,33,20.0,False,False,False,2.49,2.49,85.0,1.76,False
TX-T-000392,usr-T-0006,T,False,ALLOW,973.09,861.14,1.13,0.46,973.09,3329.88,1,False,185,1,Funds Transfer,business,14,4,2,0,mobile_ios,,False,none,False,False,189,1,False,False,False,False,False,False,False,False,False,False,MEETS_STRONG,13,pin,356,0,499,True,37,5.4,False,False,False,2.02,2.02,181.6,0.67,False
TX-T-000393,usr-T-0137,T,False,ALLOW,3293.16,3136.34,1.05,0.24,3293.16,4969.78,2,False,264,1,Savings,own_account,1,4,12,0,mobile_ios,,False,none,False,False,636,1,False,False,False,False,False,False,False,False,False,False,MEETS_STRONG,145,biometric,240,0,876,False,20,23.3,False,False,False,0.85,0.85,185.9,0.27,False
TX-T-000394,usr-T-0062,T,False,ALLOW,298.72,1867.01,0.16,0.01,298.72,587.85,1,False,455,1,Funds Transfer,own_account,20,2,10,7,mobile_android,,False,none,False,False,387,1,False,False,False,False,False,False,True,False,False,False,MEETS_DEVICE,178,biometric,550,0,1965,True,43,8.6,False,False,False,206.36,206.36,359.6,34.43,False
TX-T-000395,usr-T-0088,T,True,REQUIRE_2FA,4166.05,2465.12,1.69,0.55,4696.99,6378.43,7,True,0,7,Savings,own_account,10,5,4,5,mobile_ios,,False,none,False,False,710,1,False,False,False,True,False,True,False,False,False,False,MEETS_STRONG,232,pin,45,3,1183,True,6,16.8,False,True,True,1.92,1.92,178.9,0.64,False
TX-T-000396,usr-T-0067,T,False,ALLOW,2880.46,1846.45,1.56,0.33,2880.46,7476.72,2,False,598,1,Bills Payment,registered_biller,5,4,9,8,mobile_ios,Shared expenses,True,neutral,False,False,764,1,False,False,False,False,False,False,False,False,False,False,MEETS_STRONG,41,biometric,302,0,1919,True,39,21.1,False,False,False,2.49,2.49,230.9,0.65,False
TX-T-000397,usr-T-0152,T,True,REQUIRE_2FA,2909.63,1065.8,2.73,0.62,3707.42,8227.99,7,True,1,1,Bills Payment,third_party_individual,9,6,11,0,mobile_ios,,False,none,False,True,1,1,False,False,False,False,False,False,False,False,False,False,MEETS_STRONG,314,password,46,0,576,False,3,19.5,False,False,False,2.46,2.46,33.9,4.35,False
TX-T-000398,usr-T-0177,T,False,ALLOW,11049.42,8632.36,1.28,0.06,11049.42,18725.57,1,False,260,1,Funds Transfer,third_party_individual,19,3,2,11,mobile_ios,,False,none,False,False,863,1,False,False,False,False,False,False,False,False,False,False,MEETS_DEVICE,62,biometric,211,0,864,True,43,21.8,False,False,False,2.54,2.54,252.2,0.6,False
TX-T-000399,usr-T-0045,T,False,ALLOW,643.06,2679.4,0.24,0.42,643.06,848.02,1,False,456,1,Funds Transfer,business,6,0,4,7,mobile_android,,False,none,False,False,849,1,False,False,False,False,False,False,False,False,False,False,MEETS_STRONG,156,biometric,231,0,938,False,13,5.2,False,False,False,2.08,2.08,42.3,2.95,False
TX-T-000400,usr-T-0145,T,False,ALLOW,127.37,1273.66,0.1,0.24,127.37,333.11,1,False,50,1,Savings,own_account,5,1,8,1,mobile_android,,False,none,False,False,279,1,False,False,False,False,False,False,True,False,False,False,MEETS_DEVICE,81,pin,447,0,1722,True,43,7.2,False,False,False,2.42,2.42,150.1,0.97,False
TX-T-000401,usr-T-0063,T,False,ALLOW,4920.58,2779.99,1.77,0.08,4920.58,8457.69,1,False,149,1,Bills Payment,registered_biller,11,1,6,1,mobile_ios,,False,none,False,False,883,1,False,False,False,False,False,False,False,False,False,False,MISSING,60,biometric,90,0,720,False,25,10.0,False,False,False,1.32,1.32,230.3,0.34,False
TX-T-000402,usr-T-0171,T,False,ALLOW,1546.62,1445.44,1.07,0.16,1546.62,4784.58,1,False,199,1,Savings,own_account,19,0,0,3,mobile_android,medical clinic consultation and diagnostic blood test,True,legit,False,False,264,1,True,False,False,False,False,False,True,False,False,False,MEETS_BASIC,44,biometric,383,0,1794,False,34,7.2,False,False,False,1170.34,1170.34,253.3,277.22,False
TX-T-000403,usr-T-0180,T,False,ALLOW,3405.07,3067.63,1.11,0.27,3405.07,7325.45,1,False,541,1,Savings,own_account,4,1,14,7,mobile_ios,Own account transfer - Ref #26871,True,neutral,False,True,2,1,False,False,False,False,False,False,False,False,False,False,MEETS_STRONG,168,pin,163,0,275,False,14,6.0,False,False,False,1.01,1.01,249.8,0.24,False
TX-T-000404,usr-T-0059,T,False,ALLOW,634.86,1220.89,0.52,0.22,634.86,1417.52,2,False,135,1,Bills Payment,registered_biller,18,4,5,6,mobile_ios,,False,none,False,True,1,1,False,False,False,False,False,False,False,False,False,False,MEETS_DEVICE,65,biometric,92,0,142,True,45,12.5,False,False,False,2.39,2.39,144.2,0.99,False
TX-T-000405,usr-T-0001,T,False,ALLOW,3270.06,3114.34,1.05,0.39,3270.06,11439.74,1,True,0,1,Funds Transfer,third_party_individual,12,4,1,12,mobile_android,Reiimbursement,True,neutral,False,False,258,1,False,False,False,False,False,False,False,False,False,False,MEETS_STRONG,96,biometric,586,0,1825,False,39,14.6,False,False,False,2.24,2.24,277.6,0.48,False
TX-T-000406,usr-T-0063,T,False,ALLOW,528.2,2779.99,0.19,0.06,528.2,1705.81,1,False,583,1,Remittance,business,10,4,7,2,mobile_ios,,False,none,False,False,883,1,True,False,False,False,False,False,True,False,False,False,MEETS_BASIC,106,pin,286,0,680,False,29,22.3,False,False,False,2.48,2.48,31.7,4.69,False
TX-T-000407,usr-T-0005,T,False,ALLOW,661.03,512.43,1.29,0.27,661.03,932.51,1,False,242,1,Savings,own_account,19,6,10,4,mobile_android,,False,none,False,False,858,1,False,False,False,False,False,False,True,False,False,False,MEETS_STRONG,89,biometric,257,0,805,False,13,5.2,False,False,False,2.17,2.17,174.6,0.75,False
TX-T-000408,usr-T-0028,T,False,ALLOW,4086.73,3269.38,1.25,0.47,4086.73,10810.16,1,False,369,1,Funds Transfer,own_account,21,6,8,14,mobile_ios,O'Reilly mastering cryptocurrency book tutorial,True,legit,False,False,766,1,False,False,False,False,False,False,False,False,False,False,MEETS_STRONG,54,biometric,160,0,1262,False,39,6.4,False,False,False,2.72,2.72,284.8,0.57,False
TX-T-000409,usr-T-0067,T,False,ALLOW,2437.31,1846.45,1.32,0.49,2437.31,4637.13,1,True,3,1,Savings,own_account,7,6,7,10,mobile_ios,AMBAG SA BIRTHDAY CAKE NI BOSS,True,legit,False,False,764,1,False,False,False,False,False,False,False,False,False,False,MEETS_DEVICE,99,pin,461,0,270,False,38,15.7,False,False,False,1.9,1.9,208.6,0.55,False
TX-T-000410,usr-T-0100,T,True,BLOCK,12655.64,1182.77,10.7,0.92,18071.78,33160.68,2,False,467,1,Savings,own_account,16,6,4,12,mobile_ios,Telegram product review task fee to earn 30000 daily,True,scam,False,True,1,1,False,False,False,False,False,False,True,True,False,False,MEETS_STRONG,319,password,24,4,1643,True,5,95.8,False,False,False,1.6,1.6,187.3,0.51,False
TX-T-000411,usr-T-0165,T,False,ALLOW,6634.87,4773.29,1.39,0.06,6634.87,18800.52,1,True,0,1,Bills Payment,registered_biller,14,1,7,0,mobile_ios,,False,none,False,False,836,1,False,False,False,False,False,False,False,False,False,False,MEETS_STRONG,113,biometric,48,0,811,False,18,24.9,False,False,False,2.22,2.22,103.6,1.29,False
TX-T-000412,usr-T-0048,T,False,ALLOW,291.87,2918.65,0.1,0.36,291.87,384.45,1,False,449,1,Funds Transfer,registered_biller,15,1,6,1,mobile_ios,,False,none,False,True,0,1,False,False,False,False,False,False,False,False,False,False,MEETS_DEVICE,63,biometric,516,0,1765,True,18,20.0,False,False,False,2.26,2.26,232.1,0.58,False
TX-T-000413,usr-T-0027,T,False,ALLOW,5156.08,3736.29,1.38,0.44,5156.08,8032.41,2,False,67,1,Remittance,third_party_individual,18,5,3,4,mobile_ios,,False,none,False,False,330,1,False,False,False,False,False,False,False,False,False,False,MEETS_DEVICE,123,pin,33,0,1065,True,41,17.0,False,False,False,2.09,2.09,133.4,0.94,False
TX-T-000414,usr-T-0132,T,False,ALLOW,916.78,811.31,1.13,0.49,916.78,1426.19,2,False,408,1,Remittance,business,15,6,1,1,mobile_android,architectural house renovation plan blueprint fee,True,legit,False,False,72,1,False,False,False,False,False,False,False,False,False,False,MEETS_STRONG,129,pin,62,0,130,True,28,18.4,False,False,False,2.06,2.06,264.8,0.47,False
TX-T-000415,usr-T-0172,T,False,ALLOW,3556.95,3487.21,1.02,0.42,3556.95,6391.97,1,True,3,1,Remittance,third_party_individual,13,4,5,11,mobile_android,,False,none,False,False,305,1,False,False,False,False,False,False,False,False,False,False,MEETS_DEVICE,11,biometric,39,0,545,True,14,24.6,False,False,False,1.33,1.33,269.4,0.3,False
TX-T-000416,usr-T-0180,T,True,ALLOW,766.91,3067.63,0.25,0.27,766.91,1312.11,1,False,314,1,Funds Transfer,registered_biller,0,0,18,4,mobile_android,,False,none,False,False,400,1,False,False,False,False,False,False,True,False,False,False,MEETS_DEVICE,109,pin,327,0,927,False,27,9.6,False,False,False,0.9,0.9,103.3,0.52,False
TX-T-000417,usr-T-0005,T,False,ALLOW,814.76,512.43,1.59,0.15,814.76,1912.19,1,False,517,1,Savings,own_account,3,2,6,7,mobile_android,,False,none,False,False,858,1,False,False,False,False,False,False,False,False,False,False,MEETS_STRONG,139,biometric,379,0,841,False,36,22.1,False,False,False,1.77,1.77,146.6,0.72,False
TX-T-000418,usr-T-0040,T,False,ALLOW,2299.98,4107.11,0.56,0.38,2299.98,7217.16,1,False,488,1,Savings,own_account,4,0,13,5,mobile_android,Reimbursement,True,neutral,False,False,102,1,True,False,False,False,False,False,True,False,False,False,MEETS_BASIC,133,pin,92,0,543,True,32,11.1,False,False,False,2.54,2.54,141.1,1.08,False
TX-T-000419,usr-T-0042,T,False,ALLOW,2374.37,3768.84,0.63,0.39,2374.37,5003.23,1,False,476,1,Bills Payment,registered_biller,17,4,5,13,mobile_ios,,False,none,False,False,446,1,False,False,False,False,False,False,False,False,False,False,MEETS_DEVICE,150,biometric,517,0,955,False,34,17.1,False,False,False,0.98,0.98,253.2,0.23,False
TX-T-000420,usr-T-0172,T,False,ALLOW,5056.45,3487.21,1.45,0.26,5056.45,16954.74,2,False,254,1,Bills Payment,registered_biller,1,5,17,5,mobile_ios,Luch delivery GrabFood order share,True,legit,False,False,305,1,False,False,False,False,False,False,False,False,False,False,MEETS_STRONG,119,biometric,39,0,743,True,32,13.2,False,False,False,0.43,0.43,147.1,0.18,False
TX-T-000421,usr-T-0067,T,True,REQUIRE_2FA,2141.88,1846.45,1.16,0.56,3038.57,6829.23,3,True,1,24,Bills Payment,third_party_individual,3,0,11,13,mobile_ios,,False,none,False,False,764,1,False,False,False,False,False,False,False,False,False,False,MEETS_DEVICE,196,pin,16,0,1284,True,5,8.7,False,False,False,3.03,3.03,241.5,0.75,False
TX-T-000422,usr-T-0069,T,False,ALLOW,3636.22,4848.29,0.75,0.25,3636.22,5011.05,1,True,0,1,Savings,own_account,14,6,5,0,mobile_android,,False,none,False,False,124,1,False,False,False,False,False,False,False,False,False,False,MEETS_DEVICE,81,biometric,259,0,1846,True,40,8.2,False,False,False,2.11,2.11,276.0,0.46,False
TX-T-000423,usr-T-0145,T,True,BLOCK,10660.53,1273.66,8.37,0.97,12046.98,18786.42,4,True,2,23,Bills Payment,third_party_individual,19,1,6,70,mobile_ios,,False,none,False,False,279,1,False,False,False,False,False,False,False,False,True,False,MEETS_DEVICE,267,pin,60,3,520,True,7,17.5,False,False,False,6272.41,6272.41,24.5,15361.0,True
TX-T-000424,usr-T-0078,T,False,ALLOW,2161.09,2770.63,0.78,0.25,2161.09,4399.53,1,False,188,1,Funds Transfer,third_party_individual,21,5,9,14,mobile_android,,False,none,False,False,860,1,False,False,False,False,False,False,False,False,False,False,MEETS_STRONG,18,pin,260,0,455,False,34,24.1,False,False,False,2.43,2.43,84.7,1.72,False
TX-T-000425,usr-T-0096,T,False,ALLOW,1119.62,766.86,1.46,0.18,1119.62,3850.24,1,False,246,1,Remittance,business,10,6,4,11,mobile_android,Pythn Machine Learning Book And Online Course Access,True,legit,False,False,664,1,False,False,False,False,False,False,False,False,False,False,MEETS_DEVICE,51,pin,466,0,370,True,13,11.9,False,False,False,0.65,0.65,49.9,0.78,False
TX-T-000426,usr-T-0154,T,False,ALLOW,2712.56,1654.0,1.64,0.31,2712.56,7090.67,2,True,1,1,Savings,own_account,12,1,3,1,mobile_ios,Coffee and pastry meeting at UCC Cafe,True,legit,False,False,218,1,False,False,False,False,False,False,True,False,False,False,MEETS_STRONG,160,biometric,215,0,910,False,26,7.0,False,False,False,1.9,1.9,135.7,0.84,False
TX-T-000427,usr-T-0027,T,False,ALLOW,1120.89,3736.29,0.3,0.02,1120.89,2945.55,1,False,249,1,Funds Transfer,third_party_individual,18,4,3,2,mobile_ios,,False,none,False,False,330,1,False,False,False,False,False,False,True,False,False,False,MEETS_DEVICE,173,biometric,336,0,586,False,15,15.3,False,False,False,1.86,1.86,54.8,2.04,False
TX-T-000428,usr-T-0096,T,True,REQUIRE_2FA,782.2,766.86,1.02,0.93,978.42,1705.79,4,True,2,1,Funds Transfer,registered_biller,23,0,9,8,mobile_ios,,False,none,False,True,2,1,False,False,False,False,False,False,False,False,False,False,MEETS_STRONG,457,biometric,23,0,1909,True,8,19.7,False,True,True,1.48,1.48,292.2,0.3,False
TX-T-000429,usr-T-0123,T,False,ALLOW,4161.67,2910.26,1.43,0.02,4161.67,9855.69,1,True,1,1,Remittance,business,6,6,11,12,mobile_ios,,False,none,False,False,797,1,False,False,False,False,False,False,False,False,False,False,MEETS_DEVICE,86,biometric,206,0,1231,False,28,22.6,False,False,False,2.67,2.67,241.0,0.66,False
TX-T-000430,usr-T-0074,T,False,ALLOW,1307.77,3632.69,0.36,0.02,1307.77,1609.76,1,False,189,1,Savings,own_account,1,1,8,6,mobile_ios,,False,none,False,False,845,1,False,False,False,False,False,False,False,False,False,False,MISSING,60,biometric,90,0,720,False,25,10.0,False,False,False,2.24,2.24,30.0,4.48,False
TX-T-000431,usr-T-0048,T,True,ALLOW,4407.16,2918.65,1.51,0.33,4407.16,5478.78,1,True,0,1,Bills Payment,registered_biller,7,2,2,12,mobile_android,Fruits and vegetables from Baguio market,True,legit,False,False,886,1,False,False,False,False,False,False,False,False,False,False,MEETS_STRONG,178,biometric,358,0,919,False,19,23.5,False,False,False,2.42,2.42,293.1,0.5,False
TX-T-000432,usr-T-0084,T,False,ALLOW,629.41,1798.32,0.35,0.14,629.41,885.77,2,False,243,1,Funds Transfer,registered_biller,6,6,5,6,mobile_android,,False,none,False,False,297,1,False,False,False,False,False,False,False,False,False,False,MISSING,60,biometric,90,0,720,False,25,10.0,False,False,False,1.09,1.09,41.5,1.58,False
TX-T-000433,usr-T-0052,T,False,ALLOW,2952.24,4044.17,0.73,0.15,2952.24,9091.11,1,False,485,1,Bills Payment,registered_biller,14,3,7,10,mobile_ios,,False,none,False,False,778,1,False,False,False,False,False,False,False,False,False,False,MEETS_STRONG,27,biometric,365,0,1857,False,44,16.0,False,False,False,664.36,664.36,314.4,126.79,False
TX-T-000434,usr-T-0179,T,False,ALLOW,3529.2,2219.62,1.59,0.15,3529.2,6014.26,1,False,94,1,Savings,own_account,5,1,14,4,mobile_ios,Sunday family brunch at Mary Grace,True,legit,False,False,31,1,False,False,False,False,False,False,False,False,False,False,MEETS_DEVICE,45,biometric,72,0,675,False,23,9.0,False,True,True,2.08,2.08,18.4,6.78,False
TX-T-000435,usr-T-0069,T,False,ALLOW,3539.25,4848.29,0.73,0.15,3539.25,6862.47,1,True,0,1,Bills Payment,registered_biller,15,4,4,1,mobile_ios,,False,none,False,False,124,1,False,False,False,False,False,False,False,False,False,False,MEETS_STRONG,31,pin,492,0,1826,False,34,22.6,False,False,False,0.41,0.41,208.6,0.12,False
TX-T-000436,usr-T-0142,T,False,ALLOW,1802.54,1105.85,1.63,0.39,1802.54,3687.65,1,False,546,1,Remittance,third_party_individual,1,1,9,7,mobile_ios,,False,none,False,False,225,1,False,False,False,False,False,False,False,False,False,False,MEETS_STRONG,119,biometric,375,0,1942,True,27,13.9,False,False,False,1.19,1.19,22.7,3.15,False
TX-T-000437,usr-T-0055,T,False,ALLOW,7404.47,1675.22,4.42,0.35,7404.47,24002.53,1,False,202,1,Bills Payment,registered_biller,13,3,3,14,mobile_ios,,False,none,False,True,3,1,False,False,False,False,False,False,False,False,False,False,MEETS_DEVICE,62,pin,454,0,518,False,22,18.9,False,False,False,1.64,1.64,152.2,0.65,False
TX-T-000438,usr-T-0081,T,False,ALLOW,4115.12,3517.2,1.17,0.43,4115.12,12924.92,1,False,157,1,Funds Transfer,business,1,2,8,10,mobile_ios,,False,none,False,False,258,1,False,False,False,False,False,False,True,False,False,False,MEETS_STRONG,13,biometric,226,0,1758,False,23,20.3,False,False,False,0.92,0.92,176.5,0.31,False
TX-T-000439,usr-T-0031,T,False,ALLOW,10560.3,13538.84,0.78,0.17,10560.3,34133.1,1,False,489,1,Funds Transfer,business,23,0,9,8,mobile_ios,,False,none,False,False,144,1,False,False,False,False,False,False,False,False,False,False,MEETS_STRONG,93,biometric,49,0,331,False,38,14.0,False,False,False,1.93,1.93,111.9,1.03,False
TX-T-000440,usr-T-0095,T,False,ALLOW,702.4,632.79,1.11,0.09,702.4,2457.33,1,False,299,1,Bills Payment,registered_biller,1,5,10,2,mobile_android,S&R membership shopping items,True,legit,False,False,783,1,False,False,False,False,False,False,False,False,False,False,MEETS_STRONG,23,biometric,418,0,1432,False,21,23.0,False,False,False,2.83,2.83,282.8,0.6,False
TX-T-000441,usr-T-0115,T,True,ALLOW,1060.09,2585.58,0.41,0.26,1060.09,2587.33,1,False,82,1,Savings,own_account,5,3,10,2,mobile_android,Own account trransfer,True,neutral,False,False,429,1,False,False,False,False,False,False,True,False,False,False,MEETS_STRONG,96,pin,218,0,1413,False,29,6.8,False,False,False,2.91,2.91,210.3,0.83,False
TX-T-000442,usr-T-0009,T,False,ALLOW,3660.19,2408.02,1.52,0.13,3660.19,5402.84,1,False,194,1,Savings,own_account,6,5,12,14,mobile_ios,,False,none,False,False,673,1,False,False,False,False,False,False,False,False,True,False,MEETS_STRONG,85,pin,176,0,710,True,35,9.3,False,False,False,1.91,1.91,59.5,1.93,False
TX-T-000443,usr-T-0003,T,False,ALLOW,7295.82,4448.67,1.64,0.29,7295.82,15552.2,2,False,270,1,Savings,own_account,20,6,3,7,mobile_android,,False,none,False,False,268,1,False,False,False,False,False,False,False,False,False,False,MEETS_DEVICE,122,biometric,315,0,1491,True,27,22.5,False,False,False,1.9,1.9,160.4,0.71,False
TX-T-000444,usr-T-0146,T,False,ALLOW,1610.55,1750.6,0.92,0.26,1610.55,2956.69,1,False,217,1,Bills Payment,registered_biller,7,3,13,0,mobile_ios,,False,none,False,False,465,1,False,False,False,False,False,False,False,False,False,False,MEETS_DEVICE,44,pin,81,0,625,True,45,12.7,False,False,False,0.66,0.66,18.2,2.18,False
TX-T-000445,usr-T-0117,T,True,ALLOW,3086.93,2939.93,1.05,0.21,3086.93,5047.23,1,False,173,1,Bills Payment,registered_biller,6,2,14,12,mobile_ios,,False,none,False,False,444,1,False,False,False,False,False,False,False,False,False,False,MEETS_STRONG,74,pin,282,0,295,False,45,19.9,False,False,False,1.54,1.54,50.9,1.82,False
TX-T-000446,usr-T-0018,T,False,ALLOW,158.66,1133.31,0.14,0.49,158.66,445.25,2,True,0,1,Remittance,third_party_individual,1,6,13,4,mobile_android,,False,none,False,False,765,1,False,False,False,False,False,False,True,False,False,False,MEETS_STRONG,108,biometric,193,0,1620,False,20,10.9,False,False,False,198.16,198.16,258.2,46.05,False
TX-T-000447,usr-T-0060,T,True,BLOCK,75514.54,5295.55,14.26,0.99,91678.7,308731.84,2,True,2,1,Bills Payment,registered_biller,18,6,9,14,mobile_android,,False,none,False,True,3,4,False,False,False,True,False,False,True,False,False,False,MEETS_STRONG,183,pin,20,0,627,True,5,11.4,False,False,False,5809.31,5809.31,23.2,15024.08,True
TX-T-000448,usr-T-0004,T,False,ALLOW,4713.29,5179.44,0.91,0.11,4713.29,7494.06,1,False,78,1,Bills Payment,registered_biller,13,0,4,12,mobile_android,Converge ICT fiber internet connection,True,legit,False,False,748,1,False,False,False,False,False,False,False,False,False,False,MEETS_STRONG,85,biometric,311,0,1833,False,12,20.6,False,False,False,2.37,2.37,167.3,0.85,False
TX-T-000449,usr-T-0121,T,False,ALLOW,193.72,1076.21,0.18,0.38,193.72,264.23,1,True,2,1,Funds Transfer,business,22,1,8,10,mobile_android,,False,none,False,False,495,1,False,False,False,False,False,False,False,False,False,False,MEETS_STRONG,34,biometric,492,0,633,False,37,18.4,False,False,False,1.96,1.96,28.4,4.14,False
TX-T-000450,usr-T-0013,T,False,ALLOW,2778.83,2572.99,1.08,0.45,2778.83,8455.05,1,False,334,1,Funds Transfer,own_account,0,6,19,3,mobile_android,,False,none,False,False,748,1,False,False,False,False,False,False,True,False,False,False,MEETS_STRONG,81,pin,51,0,1451,False,12,8.0,False,False,False,0.86,0.86,291.7,0.18,False
TX-T-000451,usr-T-0154,T,False,ALLOW,678.14,1654.0,0.41,0.13,678.14,1938.07,1,True,1,1,Savings,own_account,9,2,0,13,mobile_android,,False,none,False,False,218,1,False,False,False,False,False,False,False,False,False,False,MEETS_STRONG,40,pin,124,0,1207,False,30,22.3,False,False,False,2.05,2.05,56.4,2.18,False
TX-T-000452,usr-T-0086,T,False,ALLOW,3675.26,3603.2,1.02,0.28,3675.26,7308.97,2,False,137,1,Funds Transfer,business,1,2,14,7,mobile_android,,False,none,False,False,148,1,False,False,False,False,False,False,False,False,False,False,MEETS_STRONG,45,pin,231,0,263,False,16,10.8,False,False,False,1.47,1.47,222.8,0.4,False
TX-T-000453,usr-T-0125,T,True,ALLOW,8568.74,4760.41,1.8,0.07,8568.74,18312.46,1,False,399,1,Funds Transfer,own_account,7,0,2,2,mobile_ios,,False,none,False,False,234,1,False,False,False,False,False,False,False,True,False,False,MEETS_STRONG,111,biometric,274,0,988,False,35,23.5,False,False,False,2.47,2.47,195.5,0.76,False
TX-T-000454,usr-T-0140,T,False,ALLOW,1757.82,25111.72,0.07,0.12,1757.82,2286.47,1,True,1,1,Funds Transfer,registered_biller,11,1,0,0,mobile_ios,Contract agreement paymennt,True,neutral,False,True,5,1,False,False,False,False,False,False,True,False,False,False,MEETS_STRONG,146,biometric,74,0,372,False,41,12.0,False,False,False,0.87,0.87,106.7,0.49,False
TX-T-000455,usr-T-0178,T,False,ALLOW,1747.53,2773.85,0.63,0.26,1747.53,2596.86,1,False,576,1,Savings,own_account,11,5,1,5,mobile_android,Staff housing dormitory room share - Ref #47310,True,legit,False,False,361,1,False,False,False,False,False,False,False,False,False,False,MEETS_STRONG,107,biometric,270,0,1762,False,38,21.8,False,False,False,0.41,0.41,99.5,0.25,False
TX-T-000456,usr-T-0017,T,True,REQUIRE_2FA,3015.8,3278.04,0.92,0.92,4042.52,5481.89,3,True,0,1,Remittance,business,1,2,12,9,mobile_android,,False,none,False,True,3,1,False,False,False,False,False,False,False,False,False,False,MEETS_STRONG,343,biometric,34,1,1174,True,9,13.7,False,True,True,1.29,1.29,180.5,0.43,False
TX-T-000457,usr-T-0032,T,False,ALLOW,687.64,1763.17,0.39,0.17,687.64,1785.61,1,False,486,1,Savings,own_account,17,0,7,5,mobile_ios,,False,none,False,False,610,1,False,False,False,False,False,False,False,False,False,False,MISSING,60,biometric,90,0,720,False,25,10.0,False,False,False,1.57,1.57,151.3,0.62,False
TX-T-000458,usr-T-0139,T,True,BLOCK,130575.25,12056.81,10.83,0.37,142693.19,179611.76,4,True,1,8,Savings,own_account,6,6,13,3,mobile_ios,Claim Fee For Anniversary Cash Prize Reward From Telecom,True,scam,False,False,654,3,True,False,False,False,False,False,True,False,False,False,MEETS_BASIC,404,pin,20,0,558,True,8,18.0,True,False,False,1.45,1.45,86.6,1.0,False
TX-T-000459,usr-T-0055,T,False,ALLOW,1541.2,1675.22,0.92,0.04,1541.2,3944.36,1,False,509,1,Remittance,business,2,2,8,13,mobile_ios,,False,none,False,False,220,1,False,False,False,False,False,False,False,False,False,False,MEETS_STRONG,82,biometric,248,0,1479,True,39,24.9,False,False,False,2.23,2.23,143.1,0.94,False
TX-T-000460,usr-T-0020,T,False,ALLOW,3095.45,2345.04,1.32,0.35,3095.45,3954.97,1,False,504,1,Funds Transfer,business,0,1,17,8,mobile_ios,,False,none,False,False,604,1,False,False,False,False,False,False,True,False,False,False,MEETS_DEVICE,23,biometric,537,0,653,True,39,14.5,False,False,False,0.31,0.31,134.8,0.14,False
TX-T-000461,usr-T-0111,T,False,ALLOW,241.84,3454.87,0.07,0.03,241.84,683.24,1,False,380,1,Savings,own_account,8,3,2,11,mobile_android,Corporate legal secretarial ccompliance fees,True,legit,False,False,249,1,False,False,False,False,False,False,False,False,False,False,MEETS_STRONG,81,pin,109,0,627,False,44,13.5,False,False,False,0.96,0.96,104.4,0.55,False
TX-T-000462,usr-T-0057,T,False,ALLOW,979.21,1958.41,0.5,0.2,979.21,1469.55,1,False,561,1,Funds Transfer,third_party_individual,10,4,5,4,mobile_ios,,False,none,False,False,113,1,True,False,False,False,False,False,True,False,False,False,MEETS_BASIC,145,pin,341,0,1119,False,22,11.8,False,False,False,1.38,1.38,33.3,2.49,False
TX-T-000463,usr-T-0037,T,False,ALLOW,623.83,2227.96,0.28,0.23,623.83,1671.12,1,True,2,1,Funds Transfer,business,16,0,4,6,mobile_android,Commrcial stall lease payment monthly,True,legit,False,False,153,1,False,False,False,False,False,False,False,False,False,False,MEETS_STRONG,141,biometric,484,0,1376,False,36,8.9,False,False,False,2.47,2.47,192.0,0.77,False
TX-T-000464,usr-T-0022,T,False,ALLOW,396.35,1415.53,0.28,0.06,396.35,769.75,2,False,533,1,Savings,own_account,8,2,8,7,mobile_ios,,False,none,False,False,551,1,False,False,False,False,False,False,True,False,False,False,MEETS_STRONG,116,pin,165,0,696,False,34,6.4,False,False,False,2.05,2.05,64.9,1.9,False
TX-T-000465,usr-T-0018,T,False,ALLOW,1223.97,1133.31,1.08,0.24,1223.97,2302.34,1,False,221,1,Bills Payment,registered_biller,16,3,2,14,mobile_ios,Canteen luch credit settlement,True,legit,False,False,765,1,False,False,False,False,False,False,False,False,False,False,MISSING,60,biometric,90,0,720,False,25,10.0,False,False,False,2.04,2.04,262.2,0.47,False
TX-T-000466,usr-T-0055,T,False,ALLOW,1289.92,1675.22,0.77,0.09,1289.92,3913.39,1,True,1,1,Funds Transfer,own_account,23,0,13,3,mobile_ios,,False,none,False,False,220,1,True,False,False,False,False,False,True,False,False,False,MEETS_BASIC,79,biometric,186,0,1237,False,25,12.3,False,False,False,0.87,0.87,275.6,0.19,False
TX-T-000467,usr-T-0097,T,False,ALLOW,770.88,847.12,0.91,0.49,770.88,2651.42,1,False,243,1,Remittance,third_party_individual,10,4,3,13,mobile_android,,False,none,False,False,718,1,False,True,False,False,False,False,False,False,False,False,FAILED,45,biometric,563,0,674,False,13,14.4,False,False,False,1.94,1.94,175.6,0.66,False
TX-T-000468,usr-T-0074,T,False,ALLOW,3124.11,3632.69,0.86,0.31,3124.11,10615.84,1,False,540,1,Savings,own_account,23,2,14,14,mobile_android,Pang Allowance Ni Bunso Sa Ust,True,legit,False,False,845,1,False,False,False,False,False,False,False,False,False,False,MEETS_STRONG,66,biometric,469,0,163,False,35,19.5,False,False,False,1.09,1.09,145.9,0.45,False
TX-T-000469,usr-T-0099,T,False,ALLOW,5141.43,3360.41,1.53,0.11,5141.43,17600.12,2,True,0,1,Funds Transfer,business,17,4,2,2,mobile_ios,,False,none,False,False,496,1,False,False,False,False,False,False,False,False,False,False,MEETS_STRONG,177,biometric,151,0,1022,False,13,24.6,False,False,False,1.44,1.44,178.4,0.48,False
TX-T-000470,usr-T-0110,T,False,ALLOW,324.82,612.86,0.53,0.4,324.82,794.82,1,True,2,1,Savings,own_account,14,4,3,5,mobile_ios,Warehouse storage room monthly leaase,True,legit,False,False,171,1,False,False,False,False,False,False,False,False,False,False,MEETS_STRONG,141,biometric,391,0,1294,True,43,17.1,False,False,False,0.88,0.88,188.4,0.28,False
TX-T-000471,usr-T-0006,T,False,ALLOW,1489.77,861.14,1.73,0.35,1489.77,3153.49,1,False,126,1,Bills Payment,registered_biller,3,5,9,12,mobile_android,,False,none,False,False,189,1,False,False,False,False,False,False,False,False,False,False,MEETS_DEVICE,44,biometric,530,0,114,False,36,19.3,False,False,False,1.66,1.66,28.4,3.51,False
TX-T-000472,usr-T-0038,T,False,ALLOW,373.87,1246.23,0.3,0.28,373.87,1216.94,1,False,538,1,Savings,own_account,21,2,9,9,mobile_ios,,False,none,False,False,597,1,True,False,False,False,False,False,True,False,False,False,MEETS_BASIC,96,biometric,486,0,127,False,40,9.7,False,False,False,1.97,1.97,271.2,0.44,False
TX-T-000473,usr-T-0088,T,True,REQUIRE_2FA,12793.97,2465.12,5.19,0.59,18583.68,37579.84,7,True,3,1,Bills Payment,registered_biller,16,2,2,4,mobile_ios,Freelance virtual assistant verification deposit to start work,True,scam,False,False,710,1,False,False,False,False,False,False,False,False,False,False,MISSING,60,biometric,90,0,720,False,25,10.0,False,False,False,0.59,0.59,74.6,0.47,False
TX-T-000474,usr-T-0040,T,False,ALLOW,7228.51,4107.11,1.76,0.4,7228.51,22819.78,1,False,469,1,Funds Transfer,own_account,20,6,3,6,mobile_android,,False,none,False,False,102,1,False,False,False,False,False,False,False,False,False,False,MEETS_STRONG,84,biometric,451,0,1068,False,30,5.5,False,False,False,1.67,1.67,221.8,0.45,False
TX-T-000475,usr-T-0006,T,False,ALLOW,370.29,861.14,0.43,0.08,370.29,716.28,1,False,228,1,Funds Transfer,own_account,18,3,6,5,mobile_ios,,False,none,False,False,189,1,False,False,False,False,False,False,False,False,False,False,MEETS_STRONG,153,biometric,341,0,1415,True,26,9.5,False,False,False,2.19,2.19,121.3,1.08,False
TX-T-000476,usr-T-0066,T,False,ALLOW,4926.27,4603.99,1.07,0.4,4926.27,6183.07,1,False,313,1,Savings,own_account,15,5,2,4,mobile_ios,Notarial fee for deed of absolute sale,True,legit,False,False,790,1,False,False,False,False,False,False,False,False,False,False,MEETS_STRONG,96,biometric,195,0,1938,True,44,18.3,False,False,False,0.67,0.67,283.7,0.14,False
TX-T-000477,usr-T-0015,T,False,ALLOW,1773.77,3547.53,0.5,0.29,1773.77,4959.79,2,False,146,1,Bills Payment,registered_biller,17,3,3,4,mobile_android,bpi express online transfer - Ref #17777,True,neutral,False,False,685,1,False,False,False,False,False,False,False,False,False,False,MEETS_DEVICE,58,biometric,416,0,1026,False,36,24.8,False,False,False,2.94,2.94,299.3,0.59,False
TX-T-000478,usr-T-0179,T,False,ALLOW,1154.2,2219.62,0.52,0.3,1154.2,1490.21,2,False,463,1,Savings,own_account,17,1,2,14,mobile_ios,,False,none,False,False,31,1,False,False,False,False,False,False,False,False,False,False,MEETS_STRONG,99,biometric,498,0,722,False,35,13.7,False,False,False,1.72,1.72,30.0,3.44,False
TX-T-000479,usr-T-0033,T,False,ALLOW,275.41,1620.04,0.17,0.3,275.41,805.85,1,False,357,1,Remittance,third_party_individual,20,1,3,7,mobile_ios,,False,none,False,False,808,1,False,False,False,False,False,False,False,False,False,False,MEETS_DEVICE,26,pin,243,0,1803,False,29,20.6,False,False,False,1.11,1.11,152.1,0.44,False
TX-T-000480,usr-T-0059,T,False,ALLOW,708.12,1220.89,0.58,0.38,708.12,2407.9,1,False,297,1,Savings,own_account,23,5,10,11,mobile_android,,False,none,False,False,690,1,False,False,False,False,False,False,False,False,False,False,MEETS_STRONG,12,biometric,44,0,1294,False,27,13.8,False,False,False,0.34,0.34,29.8,0.68,False
TX-T-000481,usr-T-0014,T,False,ALLOW,7938.06,6013.68,1.32,0.27,7938.06,27144.73,1,False,101,1,Remittance,third_party_individual,2,2,10,3,mobile_ios,pampanga meat tocino and longganisa order - Ref #5356,True,legit,False,False,776,1,False,False,False,False,False,False,True,False,False,False,MEETS_STRONG,94,biometric,84,0,932,False,12,7.9,False,False,False,1.35,1.35,278.5,0.29,False
TX-T-000482,usr-T-0050,T,False,ALLOW,4456.79,2576.18,1.73,0.22,4456.79,8784.57,1,False,34,1,Remittance,third_party_individual,5,2,6,11,mobile_android,,False,none,False,False,90,1,False,False,False,False,False,False,False,False,False,False,MEETS_STRONG,62,pin,561,0,388,True,20,10.6,False,False,False,665.31,665.31,310.5,128.56,False
TX-T-000483,usr-T-0096,T,False,ALLOW,920.23,766.86,1.2,0.06,920.23,2508.07,1,True,0,1,Funds Transfer,registered_biller,8,4,6,4,mobile_android,,False,none,False,False,664,1,False,False,False,False,False,False,False,False,False,False,MEETS_DEVICE,82,biometric,159,0,543,False,44,13.0,False,False,False,0.93,0.93,241.0,0.23,False
TX-T-000484,usr-T-0111,T,False,ALLOW,1796.53,3454.87,0.52,0.38,1796.53,5170.9,1,False,462,1,Savings,own_account,20,5,10,7,mobile_android,Cat Food Kibbles And Litter Sand,True,legit,False,False,249,1,False,False,False,False,False,False,True,False,False,False,MEETS_DEVICE,95,pin,97,0,647,False,36,24.2,False,False,False,1.28,1.28,32.3,2.38,False
TX-T-000485,usr-T-0149,T,False,ALLOW,1889.6,5726.07,0.33,0.44,1889.6,5646.4,2,False,418,1,Savings,own_account,23,2,3,10,mobile_android,,False,none,False,False,313,1,False,False,False,False,False,False,False,False,False,False,MEETS_STRONG,109,biometric,184,0,709,True,42,6.6,False,False,False,1.83,1.83,134.2,0.82,False
TX-T-000486,usr-T-0058,T,False,ALLOW,3389.55,8070.36,0.42,0.33,3389.55,7270.23,1,False,267,1,Funds Transfer,business,3,3,11,11,mobile_android,,False,none,False,False,763,1,False,False,False,False,False,False,True,False,False,False,MEETS_STRONG,141,pin,231,0,1522,False,13,9.9,False,False,False,2.08,2.08,31.8,3.92,False
TX-T-000487,usr-T-0002,T,True,REQUIRE_2FA,1954.28,1062.11,1.84,0.83,2891.28,9479.99,2,True,1,1,Bills Payment,third_party_individual,6,0,12,61,mobile_ios,,False,none,False,True,3,3,False,False,False,False,False,False,False,False,False,False,MEETS_DEVICE,486,password,34,3,13,True,7,15.1,False,False,False,1.84,1.84,215.2,0.51,False
TX-T-000488,usr-T-0118,T,False,ALLOW,1912.4,2483.64,0.77,0.49,1912.4,2407.37,1,False,238,1,Remittance,third_party_individual,19,0,2,0,mobile_android,,False,none,False,False,667,1,False,False,False,False,False,False,False,False,False,False,MEETS_STRONG,79,biometric,250,0,1075,False,38,21.7,False,False,False,1.54,1.54,167.0,0.55,False
TX-T-000489,usr-T-0145,T,True,REQUIRE_2FA,3578.98,1273.66,2.81,0.34,3706.32,8148.6,6,True,0,1,Funds Transfer,third_party_individual,12,0,1,9,mobile_android,,False,none,False,False,279,1,True,False,False,False,False,False,True,False,False,False,MEETS_BASIC,196,biometric,9,0,604,True,4,24.1,False,False,False,2.57,2.57,101.2,1.52,False
TX-T-000490,usr-T-0016,T,False,ALLOW,490.92,1227.29,0.4,0.22,490.92,1374.24,1,False,512,1,Funds Transfer,registered_biller,17,3,8,0,mobile_android,,False,none,False,False,824,1,False,False,False,False,False,False,True,False,False,False,MEETS_DEVICE,87,biometric,34,0,430,False,45,16.1,False,False,False,1.89,1.89,254.5,0.45,False
TX-T-000491,usr-T-0082,T,False,ALLOW,1293.49,1437.21,0.9,0.35,1293.49,3850.71,1,False,502,1,Remittance,business,12,2,9,13,mobile_ios,,False,none,False,False,101,1,False,False,False,False,False,False,False,False,False,False,MEETS_DEVICE,174,biometric,151,0,813,False,15,6.5,False,False,False,2.23,2.23,29.6,4.52,False
TX-T-000492,usr-T-0170,T,False,ALLOW,401.59,2362.3,0.17,0.28,401.59,1233.9,1,False,194,1,Savings,own_account,23,2,3,14,mobile_android,Christmas pamasko for godchildren,True,legit,False,False,472,1,False,False,False,False,False,False,False,False,False,False,MISSING,60,biometric,90,0,720,False,25,10.0,False,False,False,1.36,1.36,33.5,2.44,False
TX-T-000493,usr-T-0110,T,False,ALLOW,330.94,612.86,0.54,0.29,330.94,1119.96,1,True,2,1,Funds Transfer,own_account,13,3,2,5,mobile_ios,,False,none,False,False,171,1,False,False,False,False,False,False,False,False,False,False,MEETS_STRONG,76,biometric,38,0,1075,True,14,6.7,False,False,False,1.21,1.21,254.1,0.29,False
TX-T-000494,usr-T-0131,T,True,ALLOW,3091.08,1786.75,1.73,0.43,3091.08,5562.58,1,False,120,1,Funds Transfer,third_party_individual,20,6,2,6,mobile_ios,Monthly rent payment for Studio Unit 12B,True,legit,False,False,730,1,False,False,False,False,False,False,False,False,False,False,MEETS_STRONG,178,biometric,173,0,569,True,21,8.6,False,True,True,0.97,0.97,149.2,0.39,False
TX-T-000495,usr-T-0024,T,False,ALLOW,12142.73,2156.79,5.63,0.14,12142.73,31477.37,1,False,119,1,Funds Transfer,registered_biller,11,5,4,0,mobile_ios,Maynilad water services residential account,True,legit,False,False,95,1,False,False,False,False,False,False,True,False,False,False,MEETS_STRONG,102,biometric,599,0,183,False,41,15.5,False,False,False,214.03,214.03,248.7,51.64,False
TX-T-000496,usr-T-0157,T,False,ALLOW,3737.99,2708.69,1.38,0.4,3737.99,8874.88,2,False,283,1,Remittance,business,17,3,7,12,mobile_ios,,False,none,False,False,341,1,False,False,False,False,False,False,True,False,False,False,MEETS_DEVICE,16,pin,262,0,1051,False,19,18.4,False,False,False,1.53,1.53,272.9,0.34,False
TX-T-000497,usr-T-0062,T,False,ALLOW,1400.26,1867.01,0.75,0.29,1400.26,2707.48,1,False,367,1,Savings,own_account,11,4,1,9,mobile_ios,,False,none,False,False,387,1,True,False,False,False,True,False,True,False,False,False,FAILED,49,pin,586,0,978,True,16,19.6,False,False,False,1.17,1.17,143.9,0.49,False
TX-T-000498,usr-T-0012,T,False,ALLOW,2773.7,4547.05,0.61,0.23,2773.7,3923.22,1,False,85,1,Remittance,third_party_individual,4,2,7,3,mobile_android,,False,none,False,False,403,1,False,False,False,False,False,False,False,False,False,False,MEETS_STRONG,12,pin,318,0,1483,True,21,23.0,False,False,False,2.29,2.29,24.1,5.7,False
TX-T-000499,usr-T-0079,T,False,ALLOW,2536.24,4025.77,0.63,0.13,2536.24,8136.62,1,False,361,1,Remittance,business,9,6,0,9,mobile_android,,False,none,False,False,421,1,False,False,False,False,False,False,False,False,False,False,MEETS_DEVICE,84,biometric,215,0,555,False,32,17.8,False,False,False,1.68,1.68,28.1,3.59,False
TX-T-000500,usr-T-0155,T,False,ALLOW,864.99,2337.82,0.37,0.44,864.99,2265.97,1,True,3,1,Remittance,third_party_individual,19,1,9,13,mobile_android,,False,none,False,False,871,1,False,False,False,False,False,False,False,False,False,False,MISSING,60,biometric,90,0,720,False,25,10.0,False,False,False,1.88,1.88,65.4,1.72,False
TX-T-000501,usr-T-0152,T,False,ALLOW,810.01,1065.8,0.76,0.31,810.01,1856.65,2,True,1,1,Bills Payment,registered_biller,11,6,9,0,mobile_android,,False,none,False,False,329,1,False,False,False,False,False,False,True,False,False,False,MEETS_STRONG,72,biometric,412,0,1367,True,43,6.7,False,False,False,2.87,2.87,217.0,0.79,False
TX-T-000502,usr-T-0097,T,False,ALLOW,1287.62,847.12,1.52,0.19,1287.62,3671.35,1,False,541,1,Remittance,business,19,2,6,0,mobile_ios,,False,none,False,False,718,1,False,False,False,False,False,False,True,False,False,False,MEETS_STRONG,146,biometric,321,0,778,False,40,19.7,False,False,False,1.24,1.24,48.7,1.53,False
TX-T-000503,usr-T-0051,T,True,REQUIRE_2FA,8827.32,3075.72,2.87,0.35,10819.47,25399.71,5,True,2,9,Savings,own_account,2,1,19,177,mobile_android,Ref 982341,True,neutral,False,False,832,1,False,False,False,False,False,False,False,False,False,False,MEETS_STRONG,377,biometric,57,0,786,True,5,9.0,False,False,False,1.87,1.87,54.3,2.07,False
TX-T-000504,usr-T-0022,T,True,REQUIRE_2FA,1882.65,1415.53,1.33,0.31,1909.87,5570.81,5,False,266,1,Bills Payment,registered_biller,7,5,9,3,mobile_android,,False,none,False,False,551,1,False,False,False,False,False,False,False,False,False,False,MEETS_STRONG,471,password,26,0,385,True,4,20.6,False,True,False,0.82,0.82,214.6,0.23,False
TX-T-000505,usr-T-0114,T,False,ALLOW,1212.67,767.51,1.58,0.44,1212.67,2483.84,2,False,301,1,Remittance,business,7,6,9,14,mobile_android,,False,none,False,False,419,1,False,False,False,False,False,False,False,False,False,False,MEETS_STRONG,157,biometric,406,0,1800,True,31,13.1,False,False,False,2.23,2.23,51.9,2.58,False
TX-T-000506,usr-T-0137,T,False,ALLOW,4861.33,3136.34,1.55,0.08,4861.33,13349.14,2,False,473,1,Savings,own_account,22,3,9,2,mobile_android,,False,none,False,False,636,1,False,False,False,False,False,False,True,False,False,False,MEETS_DEVICE,11,biometric,180,0,1712,True,43,14.2,False,False,False,1.76,1.76,205.4,0.51,False
TX-T-000507,usr-T-0089,T,False,ALLOW,4732.6,3585.3,1.32,0.24,4732.6,15227.65,1,False,313,1,Funds Transfer,business,0,1,17,3,mobile_android,Savings Transefr,True,neutral,False,False,337,1,False,False,False,False,False,False,False,False,False,False,MEETS_STRONG,91,biometric,434,0,1099,False,40,5.2,False,False,False,0.95,0.95,256.9,0.22,False
TX-T-000508,usr-T-0013,T,False,ALLOW,3370.62,2572.99,1.31,0.26,3370.62,7947.16,1,False,274,1,Bills Payment,registered_biller,6,6,13,3,mobile_ios,,False,none,False,True,2,1,False,False,False,False,False,False,False,False,False,False,MEETS_STRONG,173,pin,289,0,1342,False,39,22.5,False,False,False,3.01,3.01,276.4,0.65,False
TX-T-000509,usr-T-0014,T,False,ALLOW,2285.2,6013.68,0.38,0.14,2285.2,4684.8,2,False,235,1,Remittance,third_party_individual,20,6,8,0,mobile_android,,False,none,False,False,776,1,False,False,False,False,False,False,True,False,False,False,MEETS_STRONG,173,pin,66,0,685,False,16,6.2,False,False,False,1.32,1.32,124.7,0.64,False
TX-T-000510,usr-T-0055,T,False,ALLOW,636.58,1675.22,0.38,0.32,636.58,914.74,1,False,332,1,Savings,own_account,10,2,0,8,mobile_android,CAT FOOD KIBBLES AND LITTER SAND,True,legit,False,False,220,1,False,False,False,False,False,False,False,False,False,False,MEETS_STRONG,19,biometric,503,0,1718,False,18,13.1,False,False,False,1.07,1.07,73.2,0.88,False
TX-T-000511,usr-T-0109,T,False,ALLOW,5019.25,4780.24,1.05,0.24,5019.25,15623.37,1,False,548,1,Bills Payment,registered_biller,21,1,8,2,mobile_ios,,False,none,False,False,270,1,False,False,False,False,False,False,False,False,False,False,MEETS_STRONG,48,pin,408,0,605,False,27,24.7,False,False,False,1.22,1.22,61.5,1.19,False
TX-T-000512,usr-T-0037,T,False,ALLOW,3631.57,2227.96,1.63,0.35,3631.57,7157.27,1,False,567,1,Remittance,business,13,4,1,7,mobile_android,,False,none,False,False,153,1,False,False,False,False,False,False,False,False,False,False,MISSING,60,biometric,90,0,720,False,25,10.0,False,False,False,2.03,2.03,161.9,0.75,False
TX-T-000513,usr-T-0119,T,False,ALLOW,12042.94,8790.47,1.37,0.22,12042.94,29967.7,1,False,86,1,Remittance,third_party_individual,5,2,4,2,mobile_ios,,False,none,False,False,708,1,False,False,True,False,False,False,False,False,False,False,FAILED,12,pin,497,0,1667,False,22,24.0,False,True,True,1.81,1.81,285.8,0.38,False
TX-T-000514,usr-T-0129,T,False,ALLOW,892.39,1462.93,0.61,0.35,892.39,2057.57,1,False,16,1,Funds Transfer,third_party_individual,14,0,1,2,mobile_android,,False,none,False,False,414,1,False,False,False,False,False,False,False,False,False,False,MISSING,60,biometric,90,0,720,False,25,10.0,False,False,False,2.22,2.22,99.1,1.34,False
TX-T-000515,usr-T-0174,T,False,ALLOW,604.26,915.54,0.66,0.33,604.26,1904.73,1,False,495,1,Funds Transfer,business,3,5,12,9,mobile_ios,,False,none,False,False,629,1,False,False,False,False,False,False,False,False,False,False,MEETS_STRONG,78,biometric,47,0,1359,False,21,8.2,False,False,False,1.86,1.86,207.2,0.54,False
TX-T-000516,usr-T-0118,T,False,ALLOW,4296.7,2483.64,1.73,0.1,4296.7,13435.41,1,False,264,1,Funds Transfer,business,0,2,17,11,mobile_ios,Pang bili ng gamot aat gatas ni lolo,True,legit,False,False,667,1,False,False,False,False,False,False,False,False,False,False,MEETS_STRONG,48,biometric,39,0,162,False,20,13.0,False,False,False,1.21,1.21,255.7,0.28,False
TX-T-000517,usr-T-0092,T,False,ALLOW,473.69,2255.69,0.21,0.1,473.69,877.5,1,False,273,1,Savings,own_account,7,5,2,8,mobile_ios,,False,none,False,False,591,1,False,False,False,False,False,False,False,False,False,False,MEETS_STRONG,142,biometric,347,0,904,False,28,22.2,False,False,False,1.76,1.76,205.9,0.51,False
TX-T-000518,usr-T-0009,T,False,ALLOW,3226.75,2408.02,1.34,0.33,3226.75,4026.4,1,True,2,1,Savings,own_account,0,2,18,1,mobile_android,,False,none,False,False,673,1,False,False,False,False,False,False,False,False,False,False,MEETS_STRONG,177,biometric,420,0,1325,False,24,21.2,False,False,False,2.18,2.18,183.0,0.71,False
TX-T-000519,usr-T-0061,T,False,ALLOW,527.09,635.05,0.83,0.07,527.09,636.81,2,False,559,1,Funds Transfer,registered_biller,16,5,6,3,mobile_ios,,False,none,False,False,132,1,False,False,False,False,False,False,False,False,False,False,MEETS_STRONG,32,biometric,457,0,906,True,13,15.2,False,False,False,2.25,2.25,196.0,0.69,False
TX-T-000520,usr-T-0147,T,False,ALLOW,1271.31,1495.66,0.85,0.35,1271.31,2275.39,1,True,2,1,Bills Payment,registered_biller,2,6,11,13,mobile_android,,False,none,False,False,343,1,False,False,False,False,False,False,False,False,False,False,MISSING,60,biometric,90,0,720,False,25,10.0,False,False,False,1.29,1.29,237.2,0.33,False
TX-T-000521,usr-T-0111,T,False,ALLOW,1381.95,3454.87,0.4,0.23,1381.95,3259.78,2,True,0,1,Remittance,third_party_individual,21,3,11,9,mobile_android,,False,none,False,False,249,1,False,False,False,False,False,False,False,False,False,False,MEETS_STRONG,178,pin,585,0,1759,False,38,23.5,False,False,False,0.72,0.72,116.9,0.37,False
TX-T-000522,usr-T-0164,T,False,ALLOW,2112.68,1265.08,1.67,0.09,2112.68,3307.41,1,False,542,1,Funds Transfer,registered_biller,14,5,2,6,mobile_android,,False,none,False,False,749,1,False,False,False,False,False,False,False,False,False,False,MEETS_STRONG,147,biometric,168,0,762,False,42,14.6,False,False,False,0.91,0.91,156.4,0.35,False
TX-T-000523,usr-T-0049,T,True,REQUIRE_2FA,8654.51,4201.22,2.06,0.32,8781.41,12000.78,7,False,312,18,Bills Payment,third_party_individual,12,2,3,9,mobile_android,slaamat - Ref #96824,True,neutral,False,True,5,1,False,False,False,False,False,False,False,False,False,False,MEETS_STRONG,202,password,50,0,1317,True,5,15.5,False,True,True,1.49,1.49,197.2,0.45,False
TX-T-000524,usr-T-0088,T,False,ALLOW,394.42,2465.12,0.16,0.26,394.42,1231.34,1,False,600,1,Funds Transfer,business,21,5,7,9,mobile_ios,Pambili ng bigas at ulam sa palengke,True,legit,False,False,710,1,False,False,False,False,False,False,False,False,False,False,MEETS_STRONG,44,biometric,206,0,1952,False,39,7.8,False,True,True,0.67,0.67,148.8,0.27,False
TX-T-000525,usr-T-0165,T,False,ALLOW,2768.51,4773.29,0.58,0.47,2768.51,9441.65,1,False,522,1,Remittance,third_party_individual,23,3,2,8,mobile_ios,Professional engineering consultancy service billing,True,legit,False,False,836,1,False,False,False,False,False,False,False,False,False,False,MEETS_DEVICE,141,biometric,304,0,1137,True,30,16.2,False,False,False,1.97,1.97,201.7,0.59,False
TX-T-000526,usr-T-0077,T,False,ALLOW,814.99,1734.02,0.47,0.02,814.99,2220.76,1,False,497,1,Funds Transfer,own_account,7,1,7,12,mobile_ios,aircon cleanig and preventive maintenance service,True,legit,False,False,784,1,True,False,False,False,False,False,True,False,False,False,MEETS_BASIC,101,biometric,342,0,753,False,35,24.9,False,False,False,210.53,210.53,295.6,42.73,False
TX-T-000527,usr-T-0115,T,True,REQUIRE_2FA,14660.24,2585.58,5.67,0.85,18987.14,34559.91,4,True,0,4,Bills Payment,third_party_individual,4,2,11,5,mobile_android,,False,none,False,False,429,1,False,False,False,False,False,False,True,False,False,False,MEETS_DEVICE,299,password,53,0,1653,True,4,20.9,False,True,False,1.73,1.73,179.2,0.58,False
TX-T-000528,usr-T-0103,T,False,ALLOW,2936.56,1835.35,1.6,0.41,2936.56,4530.14,1,False,202,1,Remittance,third_party_individual,22,0,12,8,mobile_ios,,False,none,False,False,898,1,False,False,False,False,False,False,False,False,False,False,MEETS_DEVICE,69,biometric,126,0,260,False,31,11.9,False,False,False,1.67,1.67,144.3,0.69,False
TX-T-000529,usr-T-0035,T,False,ALLOW,3994.94,3994.94,1.0,0.06,3994.94,8980.4,1,False,112,1,Bills Payment,registered_biller,2,5,15,5,mobile_ios,Than You,True,neutral,False,False,246,1,False,False,False,False,False,False,False,False,False,False,MEETS_STRONG,123,biometric,193,0,128,False,15,13.5,False,False,False,0.55,0.55,20.8,1.59,False
TX-T-000530,usr-T-0009,T,False,ALLOW,3154.51,2408.02,1.31,0.41,3154.51,7702.25,2,True,3,1,Savings,own_account,7,5,11,12,mobile_android,,False,none,False,False,673,1,False,False,False,False,False,False,False,False,False,False,MEETS_STRONG,24,biometric,408,0,1344,False,37,11.0,False,False,False,0.83,0.83,238.8,0.21,False
TX-T-000531,usr-T-0034,T,False,ALLOW,1769.21,1272.81,1.39,0.23,1769.21,4021.56,1,True,2,1,Remittance,third_party_individual,23,2,12,10,mobile_ios,,False,none,False,False,592,1,False,False,False,False,False,False,False,False,False,False,MEETS_DEVICE,159,biometric,525,0,343,False,18,11.4,False,False,False,1.85,1.85,206.8,0.54,False
TX-T-000532,usr-T-0087,T,False,ALLOW,2749.49,1676.52,1.64,0.11,2749.49,4322.1,1,False,100,1,Funds Transfer,business,7,6,10,9,mobile_android,,False,none,False,False,31,1,False,False,False,False,False,False,False,False,False,False,MEETS_STRONG,125,biometric,31,0,1005,False,34,22.0,False,False,False,2.36,2.36,261.1,0.54,False
TX-T-000533,usr-T-0014,T,False,ALLOW,38848.37,6013.68,6.46,0.01,38848.37,115964.78,1,False,264,1,Savings,own_account,17,4,5,0,mobile_android,,False,none,False,False,776,1,False,False,False,False,False,False,False,False,False,False,MEETS_STRONG,62,biometric,447,0,1502,False,34,11.0,False,False,False,1.79,1.79,239.8,0.45,False
TX-T-000534,usr-T-0020,T,False,ALLOW,3517.56,2345.04,1.5,0.34,3517.56,7832.68,1,False,336,1,Funds Transfer,registered_biller,7,2,10,6,mobile_android,,False,none,False,False,604,1,False,False,False,False,False,False,True,False,False,False,MEETS_DEVICE,109,pin,154,0,1582,False,38,9.4,False,False,False,1.2,1.2,205.3,0.35,False
TX-T-000535,usr-T-0123,T,False,ALLOW,3899.75,2910.26,1.34,0.3,3899.75,8858.17,1,False,512,1,Savings,own_account,15,1,2,0,mobile_android,for sae keeping,True,neutral,False,False,797,1,False,False,False,False,False,False,False,False,False,False,MISSING,60,biometric,90,0,720,False,25,10.0,False,False,False,1.44,1.44,237.5,0.36,False
TX-T-000536,usr-T-0168,T,False,ALLOW,5047.62,3320.8,1.52,0.17,5047.62,8150.38,1,False,97,1,Funds Transfer,third_party_individual,19,2,3,12,mobile_ios,Attorney legal document ontarization service fee,True,legit,False,False,325,1,False,False,False,False,False,False,False,False,False,False,MEETS_STRONG,39,pin,543,0,1124,False,21,21.9,False,False,False,1.84,1.84,226.5,0.49,False
TX-T-000537,usr-T-0026,T,True,BLOCK,16848.99,1841.42,9.15,0.79,23783.73,31086.24,7,True,2,1,Remittance,business,12,3,9,138,mobile_android,,False,none,False,False,579,5,True,False,False,False,False,False,True,True,False,False,MEETS_BASIC,452,biometric,31,4,155,True,9,45.1,False,False,False,1.78,1.78,279.2,0.38,False
TX-T-000538,usr-T-0060,T,False,ALLOW,21023.33,5295.55,3.97,0.12,21023.33,58249.26,2,False,247,1,Funds Transfer,own_account,18,1,9,11,mobile_android,,False,none,False,False,104,1,False,False,False,False,False,False,False,False,False,False,MEETS_STRONG,47,pin,126,0,267,False,22,7.6,False,False,False,0.12,0.12,20.8,0.35,False
TX-T-000539,usr-T-0150,T,True,BLOCK,27424.24,2767.33,9.91,0.85,34012.34,93786.78,6,True,2,1,Remittance,business,19,4,7,71,mobile_android,Python machine learning book and online course access,True,legit,False,False,333,1,True,False,False,False,False,False,True,False,False,False,MEETS_BASIC,401,password,36,3,598,True,9,9.0,True,False,False,2.22,2.22,115.4,1.15,False
TX-T-000540,usr-T-0125,T,False,ALLOW,4474.79,4760.41,0.94,0.05,4474.79,14006.6,1,False,69,1,Savings,own_account,16,1,7,11,mobile_android,sports training uniform and gear allowance,True,legit,False,False,234,1,False,False,False,False,False,False,False,False,False,False,MEETS_STRONG,40,biometric,108,0,1062,False,45,11.6,False,False,False,2.26,2.26,211.4,0.64,False
TX-T-000541,usr-T-0086,T,False,ALLOW,2342.08,3603.2,0.65,0.22,2342.08,8023.21,2,False,576,1,Funds Transfer,registered_biller,15,6,0,4,mobile_android,,False,none,False,False,148,1,False,False,False,False,False,False,False,False,False,False,MEETS_DEVICE,75,biometric,461,0,1939,True,18,21.4,False,False,False,1.01,1.01,25.6,2.37,False
TX-T-000542,usr-T-0147,T,False,ALLOW,1017.05,1495.66,0.68,0.06,1017.05,1706.8,1,False,254,1,Funds Transfer,own_account,12,1,1,12,mobile_android,Elderl caregiver allowance and groceries,True,legit,False,False,343,1,True,False,False,False,False,False,True,False,False,False,MEETS_BASIC,88,biometric,581,0,1051,True,29,23.3,False,False,False,1173.71,1173.71,343.9,204.78,False
TX-T-000543,usr-T-0018,T,False,ALLOW,487.32,1133.31,0.43,0.31,487.32,800.11,1,True,1,1,Funds Transfer,business,21,1,7,11,mobile_ios,,False,none,False,False,765,1,False,False,False,False,False,False,False,False,False,False,MEETS_DEVICE,25,biometric,281,0,478,False,39,11.3,False,False,False,1.82,1.82,199.9,0.55,False
TX-T-000544,usr-T-0076,T,False,ALLOW,4325.11,4240.3,1.02,0.43,4325.11,6735.03,2,True,2,1,Bills Payment,registered_biller,11,0,0,11,mobile_ios,Withdrawal insurance fee for crypto futures trade payout,True,scam,False,False,272,1,False,False,False,False,False,False,False,False,False,False,MEETS_STRONG,136,biometric,227,0,1371,False,16,22.9,False,False,False,1.62,1.62,53.3,1.82,False
TX-T-000545,usr-T-0019,T,False,ALLOW,18234.9,4928.35,3.7,0.2,18234.9,47738.18,1,False,194,1,Funds Transfer,registered_biller,7,3,9,6,mobile_ios,,False,none,False,False,688,1,False,False,False,False,False,False,True,False,False,False,MEETS_STRONG,59,pin,46,0,1811,False,26,20.7,False,False,False,1.13,1.13,57.4,1.18,False
TX-T-000546,usr-T-0046,T,False,ALLOW,1104.74,2907.22,0.38,0.21,1104.74,1837.86,1,False,250,1,Bills Payment,registered_biller,8,1,7,7,mobile_ios,Salamat,True,neutral,False,False,173,1,False,False,False,False,False,False,False,False,False,False,MEETS_DEVICE,168,biometric,597,0,775,False,40,10.4,False,False,False,1.52,1.52,114.0,0.8,False
TX-T-000547,usr-T-0070,T,False,ALLOW,3476.47,2094.26,1.66,0.42,3476.47,11093.23,1,False,447,1,Remittance,business,6,2,15,9,mobile_android,,False,none,False,False,371,1,True,False,False,False,False,False,True,False,False,False,MEETS_BASIC,150,pin,496,0,534,False,30,19.8,False,True,True,0.68,0.68,289.4,0.14,False
TX-T-000548,usr-T-0157,T,False,ALLOW,2302.39,2708.69,0.85,0.21,2302.39,3326.79,1,False,37,1,Savings,own_account,18,0,8,1,mobile_ios,,False,none,False,False,341,1,False,False,False,False,False,False,False,False,False,False,MEETS_STRONG,120,pin,363,0,100,False,16,15.9,False,False,False,2.13,2.13,124.5,1.03,False
TX-T-000549,usr-T-0175,T,False,ALLOW,482.9,878.0,0.55,0.11,482.9,1651.89,1,False,460,1,Remittance,third_party_individual,8,2,6,12,mobile_android,Barbeque stall payment via QR Ph,True,legit,False,False,448,1,False,False,False,False,False,False,False,False,False,False,MEETS_STRONG,28,biometric,579,0,1303,True,33,21.0,False,False,False,2.54,2.54,109.2,1.4,False
TX-T-000550,usr-T-0045,T,False,ALLOW,4233.45,2679.4,1.58,0.16,4233.45,14746.15,1,False,270,1,Remittance,third_party_individual,23,3,13,13,mobile_android,,False,none,False,False,849,1,False,False,False,False,False,False,True,False,False,False,MEETS_STRONG,166,pin,243,0,103,False,44,22.2,False,False,False,1.87,1.87,146.0,0.77,False
TX-T-000551,usr-T-0013,T,False,ALLOW,1878.28,2572.99,0.73,0.21,1878.28,2476.87,1,False,274,1,Remittance,business,6,5,13,9,mobile_ios,,False,none,False,False,748,1,False,False,False,False,False,False,False,False,False,False,MEETS_STRONG,22,biometric,255,0,1816,True,40,11.0,False,False,False,1.71,1.71,64.3,1.6,False
TX-T-000552,usr-T-0063,T,True,REQUIRE_2FA,10007.96,2779.99,3.6,0.33,13081.67,43062.59,6,True,3,19,Remittance,business,21,2,4,4,mobile_ios,,False,none,False,True,1,5,False,False,False,False,False,False,False,False,False,False,MEETS_STRONG,395,pin,27,4,710,True,8,20.1,False,False,False,1.4,1.4,31.6,2.66,False
TX-T-000553,usr-T-0147,T,False,ALLOW,2004.18,1495.66,1.34,0.4,2004.18,4122.56,1,False,262,1,Remittance,business,10,1,3,8,mobile_ios,,False,none,False,True,0,1,False,False,False,False,False,False,False,False,False,False,MEETS_STRONG,76,biometric,59,0,1851,False,17,6.4,False,False,False,1.45,1.45,229.7,0.38,False
TX-T-000554,usr-T-0021,T,False,ALLOW,2926.06,2105.08,1.39,0.26,2926.06,7492.5,1,False,97,1,Funds Transfer,third_party_individual,21,2,6,8,mobile_android,,False,none,False,False,627,1,False,False,False,False,False,False,True,False,False,False,MEETS_STRONG,81,pin,502,0,1601,False,37,18.4,False,False,False,1.5,1.5,57.0,1.58,False
TX-T-000555,usr-T-0035,T,False,ALLOW,2596.71,3994.94,0.65,0.3,2596.71,5355.28,1,False,297,1,Bills Payment,registered_biller,22,1,5,11,mobile_android,Medical clinic consultation nd diagnostic blood test - Ref #21390,True,legit,False,False,246,1,False,False,False,False,False,False,False,False,False,False,MISSING,60,biometric,90,0,720,False,25,10.0,False,False,False,0.91,0.91,273.9,0.2,False
TX-T-000556,usr-T-0015,T,False,ALLOW,1525.44,3547.53,0.43,0.05,1525.44,3193.76,1,False,476,1,Bills Payment,registered_biller,6,4,14,9,mobile_android,CCTV surveillacne installation downpayment,True,legit,False,False,685,1,False,False,False,False,False,False,False,False,False,False,MEETS_DEVICE,52,pin,261,0,1703,False,26,21.8,False,True,True,1.08,1.08,214.4,0.3,False
TX-T-000557,usr-T-0173,T,False,ALLOW,508.79,1695.98,0.3,0.26,508.79,839.44,2,False,340,1,Funds Transfer,own_account,6,4,13,14,mobile_ios,Globe postpaid telecom monthly plan - Ref #94910,True,legit,False,False,561,1,False,False,False,False,False,False,False,False,False,False,MEETS_DEVICE,151,biometric,368,0,839,False,19,12.5,False,False,False,1.34,1.34,73.6,1.09,False
TX-T-000558,usr-T-0015,T,False,ALLOW,6137.23,3547.53,1.73,0.04,6137.23,11009.34,1,False,192,1,Remittance,third_party_individual,3,5,17,9,mobile_ios,,False,none,False,False,685,1,False,False,False,False,False,False,False,False,False,False,MEETS_STRONG,85,pin,441,0,280,True,17,11.6,False,False,False,1.62,1.62,286.4,0.34,False
TX-T-000559,usr-T-0016,T,False,ALLOW,699.56,1227.29,0.57,0.23,699.56,1696.78,1,True,0,1,Savings,own_account,11,4,2,8,mobile_ios,Staff housing dormitory room share,True,legit,False,False,824,1,False,False,False,False,False,False,False,False,False,False,MEETS_DEVICE,35,biometric,446,0,1357,False,29,11.8,False,False,False,1.99,1.99,191.2,0.62,False
TX-T-000560,usr-T-0098,T,False,ALLOW,230.8,1099.05,0.21,0.04,230.8,677.08,2,False,554,1,Bills Payment,registered_biller,5,5,7,4,mobile_android,,False,none,False,False,77,1,False,False,False,False,False,False,False,False,False,False,MEETS_STRONG,168,pin,420,0,399,True,24,17.6,False,False,False,1.61,1.61,227.5,0.42,False
TX-T-000561,usr-T-0036,T,True,REQUIRE_2FA,34506.17,6022.02,5.73,0.92,40573.99,60774.33,3,True,3,10,Bills Payment,third_party_individual,0,0,19,10,mobile_ios,Pest Control Termite Treatment Service,True,legit,False,True,5,1,False,False,False,False,False,False,True,False,False,False,MEETS_DEVICE,191,biometric,14,0,918,True,9,5.9,False,True,False,2.37,2.37,18.6,7.65,False
TX-T-000562,usr-T-0088,T,False,ALLOW,12399.55,2465.12,5.03,0.14,12399.55,17258.84,1,False,532,1,Remittance,business,12,5,2,4,mobile_android,,False,none,False,False,710,1,False,False,False,False,False,False,False,False,False,False,MISSING,60,biometric,90,0,720,False,25,10.0,False,False,False,1.65,1.65,138.0,0.72,False
TX-T-000563,usr-T-0126,T,True,BLOCK,28119.28,3247.03,8.66,0.87,33006.34,92539.58,6,True,1,16,Funds Transfer,business,20,1,2,2,mobile_android,Crypto walllet authentication fee for frozen balance,True,scam,False,False,147,6,False,False,False,False,True,False,False,False,False,False,FAILED,188,password,26,3,1167,True,8,19.6,False,False,False,0.88,0.88,182.9,0.29,False
TX-T-000564,usr-T-0024,T,False,ALLOW,1660.73,2156.79,0.77,0.12,1660.73,2207.91,1,False,144,1,Savings,own_account,15,0,0,12,mobile_ios,,False,none,False,False,95,1,False,False,False,False,False,False,False,False,False,False,MEETS_DEVICE,146,pin,220,0,1887,False,45,23.1,False,False,False,2.11,2.11,46.6,2.72,False
TX-T-000565,usr-T-0054,T,True,BLOCK,26231.4,1889.87,13.88,0.85,31833.04,91463.78,7,False,447,1,Savings,own_account,16,0,0,6,mobile_ios,,False,none,False,True,5,1,False,False,False,False,False,False,True,False,False,False,MEETS_STRONG,261,biometric,49,0,1551,True,7,6.7,False,False,False,10282.18,10282.18,29.4,20984.04,True
TX-T-000566,usr-T-0041,T,False,ALLOW,2742.34,4423.13,0.62,0.07,2742.34,8009.94,1,False,519,1,Savings,own_account,8,2,3,3,mobile_ios,Sibling conntribution for mother hospital bill - Ref #37800,True,legit,False,False,582,1,False,False,False,False,False,False,False,False,False,False,MEETS_DEVICE,22,pin,241,0,818,False,23,6.2,False,False,False,1.92,1.92,39.5,2.92,False
TX-T-000567,usr-T-0056,T,False,ALLOW,1771.39,1463.96,1.21,0.09,1771.39,3680.26,1,False,547,1,Remittance,business,20,5,2,0,mobile_android,Subdivision clubhouse dues and guard fee,True,legit,False,False,152,1,False,False,False,False,False,False,False,False,False,False,MEETS_DEVICE,144,biometric,439,0,1629,False,34,11.5,False,True,True,1.82,1.82,181.9,0.6,False
TX-T-000568,usr-T-0163,T,False,ALLOW,12325.11,13396.86,0.92,0.03,12325.11,24223.07,1,False,321,1,Funds Transfer,third_party_individual,19,5,6,2,mobile_ios,,False,none,False,False,511,1,False,False,False,False,False,False,False,False,False,False,MEETS_DEVICE,178,biometric,600,0,603,False,43,14.1,False,False,False,1.78,1.78,60.2,1.77,False
TX-T-000569,usr-T-0156,T,True,REQUIRE_2FA,43072.11,10040.12,4.29,0.49,51587.98,114802.1,6,False,37,1,Funds Transfer,third_party_individual,19,4,10,153,mobile_ios,,False,none,False,False,732,4,False,False,False,False,False,False,False,False,False,False,MEETS_STRONG,472,pin,22,0,876,True,3,14.6,False,False,False,0.81,0.81,216.9,0.22,False
TX-T-000570,usr-T-0111,T,False,ALLOW,4145.84,3454.87,1.2,0.06,4145.84,13173.8,2,True,1,1,Funds Transfer,own_account,19,6,9,14,mobile_android,,False,none,False,False,249,1,False,False,False,False,False,False,False,False,False,False,MEETS_DEVICE,128,biometric,264,0,1669,False,28,9.8,False,False,False,2.03,2.03,167.9,0.73,False
TX-T-000571,usr-T-0094,T,False,ALLOW,2129.52,2289.81,0.93,0.21,2129.52,3064.13,1,False,514,1,Remittance,third_party_individual,12,4,5,5,mobile_ios,Water refilling station 10 gallons delivery,True,legit,False,False,248,1,False,False,False,False,False,False,False,False,False,False,MEETS_DEVICE,163,biometric,529,0,841,False,18,18.1,False,False,False,2.33,2.33,166.3,0.84,False
TX-T-000572,usr-T-0168,T,False,ALLOW,3885.34,3320.8,1.17,0.23,3885.34,7348.5,1,False,470,1,Funds Transfer,own_account,23,3,7,10,mobile_ios,,False,none,False,False,325,1,False,False,False,False,False,False,True,False,False,False,MEETS_STRONG,113,biometric,155,0,1045,True,36,7.0,False,False,False,1.03,1.03,202.8,0.3,False
TX-T-000573,usr-T-0010,T,False,ALLOW,1060.76,1233.44,0.86,0.4,1060.76,1930.94,1,False,197,1,Remittance,business,21,0,2,6,mobile_android,Maya digital wallet reload,True,neutral,False,False,76,1,False,False,False,False,False,False,False,False,False,False,MEETS_DEVICE,71,biometric,394,0,1540,False,38,5.9,False,False,False,1.66,1.66,76.1,1.31,False
TX-T-000574,usr-T-0020,T,False,ALLOW,304.86,2345.04,0.13,0.24,304.86,966.93,1,False,247,1,Savings,own_account,12,6,5,10,mobile_android,,False,none,False,False,604,1,False,False,False,False,False,False,False,False,False,False,MEETS_DEVICE,180,biometric,497,0,1479,False,35,20.5,False,False,False,1.48,1.48,126.1,0.7,False
TX-T-000575,usr-T-0088,T,True,BLOCK,20928.87,2465.12,8.49,0.88,25856.32,66191.77,4,True,0,20,Savings,own_account,13,4,1,62,mobile_android,P2P crypto release bond deposit immediately required,True,scam,False,True,2,1,False,False,False,False,False,False,False,False,False,False,MEETS_DEVICE,336,pin,53,0,640,True,7,12.6,False,False,False,1.48,1.48,94.8,0.94,False
TX-T-000576,usr-T-0179,T,False,ALLOW,932.24,2219.62,0.42,0.46,932.24,1520.89,2,False,162,1,Funds Transfer,registered_biller,17,6,2,10,mobile_android,,False,none,False,False,31,1,False,False,False,False,False,False,False,False,False,False,MEETS_STRONG,29,biometric,564,0,599,True,32,10.3,False,False,False,2.24,2.24,63.2,2.13,False
TX-T-000577,usr-T-0051,T,False,ALLOW,14425.13,3075.72,4.69,0.39,14425.13,47838.19,1,False,25,1,Savings,own_account,21,5,0,7,mobile_ios,,False,none,False,False,832,1,False,False,False,False,False,False,False,False,False,False,MEETS_DEVICE,20,biometric,588,0,1172,False,37,16.2,False,False,False,1.83,1.83,178.7,0.61,False
TX-T-000578,usr-T-0172,T,True,BLOCK,34628.0,3487.21,9.93,0.82,39072.55,85475.87,4,True,0,1,Bills Payment,third_party_individual,21,6,3,10,mobile_android,Wet market seafood purchase,True,legit,False,False,305,1,False,False,False,False,False,False,False,False,False,False,MEETS_DEVICE,243,biometric,9,0,1275,True,9,24.9,True,False,False,2.03,2.03,64.9,1.88,False
TX-T-000579,usr-T-0088,T,False,ALLOW,1848.84,2465.12,0.75,0.01,1848.84,2959.5,1,False,40,1,Savings,own_account,11,6,3,4,mobile_android,,False,none,False,False,710,1,False,False,False,False,False,False,False,False,False,False,MEETS_STRONG,71,biometric,116,0,1083,False,28,12.5,False,False,False,1.08,1.08,22.4,2.89,False
TX-T-000580,usr-T-0013,T,False,ALLOW,3576.46,2572.99,1.39,0.08,3576.46,8759.05,1,False,391,1,Savings,own_account,18,4,1,0,mobile_android,,False,none,False,False,748,1,False,False,False,False,False,False,True,False,False,False,MEETS_STRONG,28,biometric,289,0,1963,False,36,5.1,False,True,True,0.51,0.51,81.1,0.38,False
TX-T-000581,usr-T-0083,T,False,ALLOW,1515.08,1825.4,0.83,0.28,1515.08,2219.89,1,False,428,1,Savings,own_account,14,6,3,10,mobile_ios,,False,none,False,False,725,1,True,False,False,False,False,False,True,False,False,False,MEETS_BASIC,69,biometric,513,0,1657,True,26,9.5,False,False,False,1.69,1.69,220.9,0.46,False
TX-T-000582,usr-T-0128,T,False,ALLOW,480.89,942.93,0.51,0.44,480.89,705.71,1,False,561,1,Funds Transfer,own_account,22,6,12,7,mobile_android,,False,none,False,False,348,1,False,False,False,False,False,False,False,False,False,False,MEETS_STRONG,86,biometric,453,0,1803,True,18,6.0,False,False,False,0.57,0.57,266.1,0.13,False
TX-T-000583,usr-T-0090,T,False,ALLOW,3000.1,3488.49,0.86,0.26,3000.1,9053.02,1,False,230,1,Remittance,business,8,5,5,0,mobile_android,Apartment monthly rental fee and water share,True,legit,False,False,743,1,False,False,False,False,False,False,False,False,False,False,MEETS_DEVICE,114,biometric,253,0,1163,True,38,20.6,False,False,False,1.68,1.68,266.7,0.38,False
TX-T-000584,usr-T-0105,T,False,ALLOW,508.83,1156.44,0.44,0.24,508.83,825.63,1,False,469,1,Funds Transfer,third_party_individual,1,3,19,12,mobile_android,Own account transfer,True,neutral,False,False,657,1,False,False,False,False,False,False,False,False,False,False,MEETS_STRONG,71,biometric,176,0,541,False,26,10.0,False,False,False,1.89,1.89,268.5,0.42,False
TX-T-000585,usr-T-0001,T,False,ALLOW,2024.32,3114.34,0.65,0.07,2024.32,4016.97,1,False,158,1,Remittance,third_party_individual,4,4,7,5,mobile_android,,False,none,False,False,258,1,False,False,False,False,False,False,False,False,False,False,MEETS_STRONG,158,pin,562,0,1704,True,22,12.2,False,False,False,1.8,1.8,16.8,6.43,False
TX-T-000586,usr-T-0078,T,False,ALLOW,1911.73,2770.63,0.69,0.4,1911.73,4403.18,2,False,578,1,Savings,own_account,17,3,5,0,mobile_android,,False,none,False,False,860,1,False,False,False,False,False,False,False,False,False,False,MISSING,60,biometric,90,0,720,False,25,10.0,False,False,False,2.45,2.45,86.0,1.71,False
TX-T-000587,usr-T-0024,T,False,ALLOW,2803.83,2156.79,1.3,0.17,2803.83,5952.4,1,False,149,1,Savings,own_account,18,4,3,12,mobile_ios,,False,none,False,False,95,1,False,False,False,False,False,False,False,False,False,False,MEETS_STRONG,157,biometric,347,0,715,True,12,9.7,False,False,False,0.19,0.19,149.2,0.08,False
TX-T-000588,usr-T-0011,T,False,ALLOW,4438.88,4932.09,0.9,0.18,4438.88,6136.14,2,True,1,1,Funds Transfer,third_party_individual,23,3,13,5,mobile_ios,,False,none,False,False,268,1,False,False,False,False,False,False,False,False,False,False,MEETS_STRONG,14,biometric,394,0,450,False,40,10.1,False,False,False,2.55,2.55,128.5,1.19,False
TX-T-000589,usr-T-0088,T,False,ALLOW,2465.12,2465.12,1.0,0.47,2465.12,4027.69,1,False,534,1,Savings,own_account,4,1,10,11,mobile_android,bakery bread and morning pandesal treta - Ref #16618,True,legit,False,False,710,1,False,False,False,False,False,False,False,False,False,False,MEETS_DEVICE,138,pin,132,0,1371,False,12,6.9,False,False,False,1.77,1.77,188.7,0.56,False
TX-T-000590,usr-T-0040,T,False,ALLOW,5380.31,4107.11,1.31,0.07,5380.31,9263.51,1,False,18,1,Remittance,third_party_individual,15,4,2,5,mobile_android,,False,none,False,False,102,1,False,False,False,False,False,False,False,False,False,False,MEETS_STRONG,14,biometric,372,0,1800,False,31,18.9,False,False,False,1.53,1.53,67.3,1.36,False
TX-T-000591,usr-T-0061,T,False,ALLOW,209.57,635.05,0.33,0.07,209.57,541.31,1,False,86,1,Bills Payment,registered_biller,9,5,1,9,mobile_ios,,False,none,False,False,132,1,False,False,False,False,False,False,False,False,False,False,MEETS_STRONG,128,pin,537,0,437,False,36,12.2,False,False,False,2.11,2.11,257.7,0.49,False
TX-T-000592,usr-T-0174,T,False,ALLOW,1382.47,915.54,1.51,0.31,1382.47,3475.69,1,False,561,1,Funds Transfer,own_account,4,2,11,7,mobile_ios,Salamat,True,neutral,False,False,629,1,False,False,False,False,False,False,False,False,False,False,MEETS_STRONG,45,biometric,404,0,635,False,14,9.4,False,False,False,1.27,1.27,39.1,1.95,False
TX-T-000593,usr-T-0062,T,False,ALLOW,2408.44,1867.01,1.29,0.38,2408.44,3911.3,1,False,82,1,Remittance,business,10,3,0,9,mobile_android,,False,none,False,False,387,1,False,False,False,False,False,False,False,False,False,False,MEETS_STRONG,173,biometric,360,0,1362,False,38,23.2,False,False,False,1.87,1.87,295.1,0.38,False
TX-T-000594,usr-T-0044,T,False,ALLOW,4114.21,2938.72,1.4,0.09,4114.21,7787.16,1,False,347,1,Funds Transfer,third_party_individual,23,1,4,2,mobile_android,Advance one month rent deposit for renewal,True,legit,False,False,699,1,False,False,False,False,False,False,False,False,False,False,MEETS_DEVICE,91,biometric,83,0,1563,False,23,17.8,False,False,False,0.68,0.68,221.4,0.18,False
TX-T-000595,usr-T-0160,T,False,ALLOW,1626.79,945.81,1.72,0.35,1626.79,3449.71,1,False,232,1,Bills Payment,registered_biller,22,2,2,2,mobile_ios,,False,none,False,False,654,1,False,False,False,False,False,False,False,False,False,False,MEETS_STRONG,63,biometric,215,0,571,False,18,21.9,False,False,False,2.18,2.18,21.2,6.17,False
TX-T-000596,usr-T-0118,T,False,ALLOW,1167.31,2483.64,0.47,0.18,1167.31,2271.18,1,True,1,1,Bills Payment,registered_biller,10,0,7,13,mobile_android,Shared expenses,True,neutral,False,False,667,1,False,False,False,False,False,False,False,False,False,False,MEETS_STRONG,86,biometric,432,0,725,True,22,12.4,False,False,False,1.99,1.99,160.5,0.74,False
TX-T-000597,usr-T-0089,T,False,ALLOW,2366.3,3585.3,0.66,0.37,2366.3,6808.37,1,False,85,1,Savings,own_account,3,2,14,11,mobile_ios,,False,none,False,False,337,1,False,False,False,False,False,False,False,False,False,False,MEETS_STRONG,120,biometric,450,0,374,False,16,18.4,False,False,False,1.87,1.87,219.1,0.51,False
TX-T-000598,usr-T-0001,T,False,ALLOW,5263.23,3114.34,1.69,0.16,5263.23,9816.3,1,False,409,1,Remittance,business,19,3,8,7,mobile_android,DOG VETEINARY SHAMPOO AND TICK MEDICINE,True,legit,False,False,258,1,False,False,False,False,False,False,True,False,False,False,MEETS_DEVICE,22,pin,251,0,1328,True,44,15.5,False,False,False,1.27,1.27,95.1,0.8,False
TX-T-000599,usr-T-0138,T,False,ALLOW,1002.1,4771.91,0.21,0.41,1002.1,2016.63,1,False,373,1,Funds Transfer,business,10,3,3,12,mobile_android,,False,none,False,False,118,1,False,False,False,False,False,False,False,False,False,False,MEETS_DEVICE,171,biometric,499,0,531,False,30,5.4,False,False,False,1.38,1.38,23.2,3.57,False
TX-T-000600,usr-T-0103,T,True,BLOCK,16738.39,1835.35,9.12,0.69,22001.03,55229.05,2,True,2,1,Bills Payment,registered_biller,13,3,3,4,mobile_ios,,False,none,False,True,5,1,False,False,False,False,False,False,False,False,False,False,MEETS_STRONG,367,pin,18,0,3,True,10,9.2,False,True,False,2.18,2.18,252.9,0.52,False
