transaction_id,category,ground_truth_verdict,user_id,customer_name,customer_home_city,amount_php,user_avg_amount_php,spike_ratio,memo,current_lat,current_lon,home_lat,home_lon,prev_lat,prev_lon,elapsed_minutes,distance_from_home_km,distance_from_prev_km,velocity_kmh,is_vpn,is_impossible_travel,rules_only_verdict,rules_only_correct,two_gate_verdict,two_gate_path,two_gate_correct,pure_qwen_verdict,pure_qwen_path,pure_qwen_correct
TX-CAT1-0001,1. Routine Everyday,ALLOW,usr-1001-cst-001,Maria Santos,Makati CBD,176.4,2500.0,0.07,maynilad water payment,14.548577,121.011349,14.5547,121.02,14.5547,121.02,51.5,1.15,1.15,1.34,False,False,ALLOW,True,ALLOW,GATE_0_FAST_PATH,True,ALLOW,GATE_1_NEURAL_QWEN,True
TX-CAT1-0002,1. Routine Everyday,ALLOW,usr-1001-cst-001,Maria Santos,Makati CBD,1451.56,2500.0,0.58,supermarket groceries,14.543415,121.013247,14.5547,121.02,14.5547,121.02,136.1,1.45,1.45,0.64,False,False,ALLOW,True,ALLOW,GATE_0_FAST_PATH,True,ALLOW,GATE_1_NEURAL_QWEN,True
TX-CAT1-0003,1. Routine Everyday,ALLOW,usr-1001-cst-001,Maria Santos,Makati CBD,1385.61,2500.0,0.55,pet food purchase,14.558297,121.021079,14.5547,121.02,14.5547,121.02,76.3,0.42,0.42,0.33,False,False,ALLOW,True,ALLOW,GATE_0_FAST_PATH,True,ALLOW,GATE_1_NEURAL_QWEN,True
TX-CAT1-0004,1. Routine Everyday,ALLOW,usr-1003-cst-003,Elena Reyes,Cebu IT Park,11557.25,15000.0,0.77,supermarket groceries,10.321911,123.877232,10.3157,123.8854,10.3157,123.8854,118.7,1.13,1.13,0.57,False,False,ALLOW,True,ALLOW,GATE_0_FAST_PATH,True,ALLOW,GATE_1_NEURAL_QWEN,True
TX-CAT1-0005,1. Routine Everyday,ALLOW,usr-1003-cst-003,Elena Reyes,Cebu IT Park,2316.93,15000.0,0.15,pharmacy vitamins,10.306153,123.882518,10.3157,123.8854,10.3157,123.8854,105.4,1.11,1.11,0.63,False,False,ALLOW,True,ALLOW,GATE_0_FAST_PATH,True,ALLOW,GATE_1_NEURAL_QWEN,True
TX-CAT1-0006,1. Routine Everyday,ALLOW,usr-1003-cst-003,Elena Reyes,Cebu IT Park,8650.65,15000.0,0.58,supermarket groceries,10.321214,123.886269,10.3157,123.8854,10.3157,123.8854,234.4,0.62,0.62,0.16,False,False,ALLOW,True,ALLOW,GATE_0_FAST_PATH,True,ALLOW,GATE_1_NEURAL_QWEN,True
TX-CAT1-0007,1. Routine Everyday,ALLOW,usr-1004-cst-004,Carlos Tan,Pasig Ortigas,260.26,2000.0,0.13,maynilad water payment,14.594806,121.064244,14.5869,121.0614,14.5869,121.0614,211.0,0.93,0.93,0.26,False,False,ALLOW,True,ALLOW,GATE_0_FAST_PATH,True,ALLOW,GATE_1_NEURAL_QWEN,True
TX-CAT1-0008,1. Routine Everyday,ALLOW,usr-1002-cst-002,Juan Dela Cruz,Quezon City,2712.82,4000.0,0.68,supermarket groceries,14.67987,121.050254,14.676,121.0437,14.676,121.0437,236.9,0.83,0.83,0.21,False,False,ALLOW,True,ALLOW,GATE_0_FAST_PATH,True,ALLOW,GATE_1_NEURAL_QWEN,True
TX-CAT1-0009,1. Routine Everyday,ALLOW,usr-1002-cst-002,Juan Dela Cruz,Quezon City,3308.66,4000.0,0.83,coffee and pastry,14.670671,121.046956,14.676,121.0437,14.676,121.0437,106.6,0.69,0.69,0.39,False,False,ALLOW,True,ALLOW,GATE_0_FAST_PATH,True,ALLOW,GATE_1_NEURAL_QWEN,True
TX-CAT1-0010,1. Routine Everyday,ALLOW,usr-1003-cst-003,Elena Reyes,Cebu IT Park,5139.97,15000.0,0.34,school supplies,10.310107,123.89588,10.3157,123.8854,10.3157,123.8854,166.1,1.3,1.3,0.47,False,False,ALLOW,True,ALLOW,GATE_0_FAST_PATH,True,ALLOW,GATE_1_NEURAL_QWEN,True
TX-CAT1-0011,1. Routine Everyday,ALLOW,usr-1002-cst-002,Juan Dela Cruz,Quezon City,2085.63,4000.0,0.52,meralco electric bill,14.667922,121.040807,14.676,121.0437,14.676,121.0437,237.8,0.95,0.95,0.24,False,False,ALLOW,True,ALLOW,GATE_0_FAST_PATH,True,ALLOW,GATE_1_NEURAL_QWEN,True
TX-CAT1-0012,1. Routine Everyday,ALLOW,usr-1002-cst-002,Juan Dela Cruz,Quezon City,2639.38,4000.0,0.66,supermarket groceries,14.669497,121.03247,14.676,121.0437,14.676,121.0437,96.2,1.41,1.41,0.88,False,False,ALLOW,True,ALLOW,GATE_0_FAST_PATH,True,ALLOW,GATE_1_NEURAL_QWEN,True
TX-CAT1-0013,1. Routine Everyday,ALLOW,usr-1003-cst-003,Elena Reyes,Cebu IT Park,1055.24,15000.0,0.07,dinner delivery,10.324733,123.880952,10.3157,123.8854,10.3157,123.8854,167.6,1.12,1.12,0.4,False,False,ALLOW,True,ALLOW,GATE_0_FAST_PATH,True,ALLOW,GATE_1_NEURAL_QWEN,True
TX-CAT1-0014,1. Routine Everyday,ALLOW,usr-1004-cst-004,Carlos Tan,Pasig Ortigas,1694.74,2000.0,0.85,school supplies,14.585912,121.055757,14.5869,121.0614,14.5869,121.0614,81.8,0.62,0.62,0.45,False,False,ALLOW,True,ALLOW,GATE_0_FAST_PATH,True,ALLOW,GATE_1_NEURAL_QWEN,True
TX-CAT1-0015,1. Routine Everyday,ALLOW,usr-1003-cst-003,Elena Reyes,Cebu IT Park,10675.31,15000.0,0.71,coffee and pastry,10.325248,123.882986,10.3157,123.8854,10.3157,123.8854,76.1,1.09,1.09,0.86,False,False,BLOCK,False,ALLOW,GATE_0_FAST_PATH,True,ALLOW,GATE_1_NEURAL_QWEN,True
TX-CAT1-0016,1. Routine Everyday,ALLOW,usr-1002-cst-002,Juan Dela Cruz,Quezon City,1995.06,4000.0,0.5,lunch with colleagues,14.682139,121.052366,14.676,121.0437,14.676,121.0437,62.1,1.16,1.16,1.12,False,False,ALLOW,True,ALLOW,GATE_0_FAST_PATH,True,ALLOW,GATE_1_NEURAL_QWEN,True
TX-CAT1-0017,1. Routine Everyday,ALLOW,usr-1002-cst-002,Juan Dela Cruz,Quezon City,3034.85,4000.0,0.76,coffee and pastry,14.678314,121.040934,14.676,121.0437,14.676,121.0437,155.1,0.39,0.39,0.15,False,False,ALLOW,True,ALLOW,GATE_0_FAST_PATH,True,ALLOW,GATE_1_NEURAL_QWEN,True
TX-CAT1-0018,1. Routine Everyday,ALLOW,usr-1004-cst-004,Carlos Tan,Pasig Ortigas,1061.82,2000.0,0.53,grab car ride payment,14.595559,121.049676,14.5869,121.0614,14.5869,121.0614,181.4,1.59,1.59,0.53,False,False,ALLOW,True,ALLOW,GATE_0_FAST_PATH,True,ALLOW,GATE_1_NEURAL_QWEN,True
TX-CAT1-0019,1. Routine Everyday,ALLOW,usr-1003-cst-003,Elena Reyes,Cebu IT Park,10980.3,15000.0,0.73,pharmacy vitamins,10.306377,123.883834,10.3157,123.8854,10.3157,123.8854,125.3,1.05,1.05,0.5,False,False,ALLOW,True,ALLOW,GATE_0_FAST_PATH,True,ALLOW,GATE_1_NEURAL_QWEN,True
TX-CAT1-0020,1. Routine Everyday,ALLOW,usr-1003-cst-003,Elena Reyes,Cebu IT Park,13852.78,15000.0,0.92,monthly rent payment,10.315884,123.875954,10.3157,123.8854,10.3157,123.8854,161.3,1.03,1.03,0.38,False,False,ALLOW,True,ALLOW,GATE_0_FAST_PATH,True,ALLOW,GATE_1_NEURAL_QWEN,True
TX-CAT1-0021,1. Routine Everyday,ALLOW,usr-1002-cst-002,Juan Dela Cruz,Quezon City,682.45,4000.0,0.17,monthly rent payment,14.676945,121.050387,14.676,121.0437,14.676,121.0437,141.4,0.73,0.73,0.31,False,False,ALLOW,True,ALLOW,GATE_0_FAST_PATH,True,ALLOW,GATE_1_NEURAL_QWEN,True
TX-CAT1-0022,1. Routine Everyday,ALLOW,usr-1001-cst-001,Maria Santos,Makati CBD,1470.62,2500.0,0.59,allowance transfer,14.543167,121.030298,14.5547,121.02,14.5547,121.02,214.5,1.7,1.7,0.48,False,False,ALLOW,True,ALLOW,GATE_0_FAST_PATH,True,ALLOW,GATE_1_NEURAL_QWEN,True
TX-CAT1-0023,1. Routine Everyday,ALLOW,usr-1003-cst-003,Elena Reyes,Cebu IT Park,3503.46,15000.0,0.23,meralco electric bill,10.324772,123.896127,10.3157,123.8854,10.3157,123.8854,48.0,1.55,1.55,1.94,False,False,ALLOW,True,ALLOW,GATE_0_FAST_PATH,True,ALLOW,GATE_1_NEURAL_QWEN,True
TX-CAT1-0024,1. Routine Everyday,ALLOW,usr-1004-cst-004,Carlos Tan,Pasig Ortigas,1572.52,2000.0,0.79,grab car ride payment,14.59328,121.052481,14.5869,121.0614,14.5869,121.0614,129.8,1.19,1.19,0.55,False,False,ALLOW,True,ALLOW,GATE_0_FAST_PATH,True,ALLOW,GATE_1_NEURAL_QWEN,True
TX-CAT1-0025,1. Routine Everyday,ALLOW,usr-1002-cst-002,Juan Dela Cruz,Quezon City,1095.41,4000.0,0.27,dinner delivery,14.674155,121.036783,14.676,121.0437,14.676,121.0437,143.3,0.77,0.77,0.32,False,False,ALLOW,True,ALLOW,GATE_0_FAST_PATH,True,ALLOW,GATE_1_NEURAL_QWEN,True
TX-CAT1-0026,1. Routine Everyday,ALLOW,usr-1002-cst-002,Juan Dela Cruz,Quezon City,2743.65,4000.0,0.69,coffee and pastry,14.687884,121.047297,14.676,121.0437,14.676,121.0437,122.0,1.38,1.38,0.68,False,False,ALLOW,True,ALLOW,GATE_0_FAST_PATH,True,ALLOW,GATE_1_NEURAL_QWEN,True
TX-CAT1-0027,1. Routine Everyday,ALLOW,usr-1004-cst-004,Carlos Tan,Pasig Ortigas,335.39,2000.0,0.17,meralco electric bill,14.576437,121.049905,14.5869,121.0614,14.5869,121.0614,146.3,1.7,1.7,0.7,False,False,ALLOW,True,ALLOW,GATE_0_FAST_PATH,True,ALLOW,GATE_1_NEURAL_QWEN,True
TX-CAT1-0028,1. Routine Everyday,ALLOW,usr-1002-cst-002,Juan Dela Cruz,Quezon City,146.46,4000.0,0.04,pet food purchase,14.679146,121.037195,14.676,121.0437,14.676,121.0437,220.1,0.78,0.78,0.21,False,False,ALLOW,True,ALLOW,GATE_0_FAST_PATH,True,ALLOW,GATE_1_NEURAL_QWEN,True
TX-CAT1-0029,1. Routine Everyday,ALLOW,usr-1003-cst-003,Elena Reyes,Cebu IT Park,1121.21,15000.0,0.07,meralco electric bill,10.310383,123.88505,10.3157,123.8854,10.3157,123.8854,143.2,0.59,0.59,0.25,False,False,ALLOW,True,ALLOW,GATE_0_FAST_PATH,True,ALLOW,GATE_1_NEURAL_QWEN,True
TX-CAT1-0030,1. Routine Everyday,ALLOW,usr-1004-cst-004,Carlos Tan,Pasig Ortigas,552.54,2000.0,0.28,allowance transfer,14.59428,121.05397,14.5869,121.0614,14.5869,121.0614,50.4,1.15,1.15,1.37,False,False,ALLOW,True,ALLOW,GATE_0_FAST_PATH,True,ALLOW,GATE_1_NEURAL_QWEN,True
TX-CAT1-0031,1. Routine Everyday,ALLOW,usr-1004-cst-004,Carlos Tan,Pasig Ortigas,750.65,2000.0,0.38,coffee and pastry,14.586109,121.066898,14.5869,121.0614,14.5869,121.0614,171.4,0.6,0.6,0.21,False,False,ALLOW,True,ALLOW,GATE_0_FAST_PATH,True,ALLOW,GATE_1_NEURAL_QWEN,True
TX-CAT1-0032,1. Routine Everyday,ALLOW,usr-1001-cst-001,Maria Santos,Makati CBD,256.68,2500.0,0.1,pet food purchase,14.550843,121.02868,14.5547,121.02,14.5547,121.02,82.2,1.03,1.03,0.75,False,False,ALLOW,True,ALLOW,GATE_0_FAST_PATH,True,ALLOW,GATE_1_NEURAL_QWEN,True
TX-CAT1-0033,1. Routine Everyday,ALLOW,usr-1002-cst-002,Juan Dela Cruz,Quezon City,2093.53,4000.0,0.52,monthly rent payment,14.674125,121.038385,14.676,121.0437,14.676,121.0437,82.5,0.61,0.61,0.44,False,False,ALLOW,True,ALLOW,GATE_0_FAST_PATH,True,ALLOW,GATE_1_NEURAL_QWEN,True
TX-CAT1-0034,1. Routine Everyday,ALLOW,usr-1001-cst-001,Maria Santos,Makati CBD,1119.26,2500.0,0.45,grab car ride payment,14.54505,121.023651,14.5547,121.02,14.5547,121.02,143.5,1.14,1.14,0.48,False,False,ALLOW,True,ALLOW,GATE_0_FAST_PATH,True,ALLOW,GATE_1_NEURAL_QWEN,True
TX-CAT1-0035,1. Routine Everyday,ALLOW,usr-1001-cst-001,Maria Santos,Makati CBD,2305.09,2500.0,0.92,meralco electric bill,14.546691,121.019655,14.5547,121.02,14.5547,121.02,74.9,0.89,0.89,0.71,False,False,ALLOW,True,ALLOW,GATE_0_FAST_PATH,True,ALLOW,GATE_1_NEURAL_QWEN,True
TX-CAT1-0036,1. Routine Everyday,ALLOW,usr-1004-cst-004,Carlos Tan,Pasig Ortigas,1726.35,2000.0,0.86,monthly rent payment,14.583995,121.073047,14.5869,121.0614,14.5869,121.0614,85.7,1.29,1.29,0.9,False,False,ALLOW,True,ALLOW,GATE_0_FAST_PATH,True,ALLOW,GATE_1_NEURAL_QWEN,True
TX-CAT1-0037,1. Routine Everyday,ALLOW,usr-1004-cst-004,Carlos Tan,Pasig Ortigas,627.74,2000.0,0.31,pet food purchase,14.597876,121.07329,14.5869,121.0614,14.5869,121.0614,146.7,1.77,1.77,0.72,False,False,ALLOW,True,ALLOW,GATE_0_FAST_PATH,True,ALLOW,GATE_1_NEURAL_QWEN,True
TX-CAT1-0038,1. Routine Everyday,ALLOW,usr-1004-cst-004,Carlos Tan,Pasig Ortigas,395.54,2000.0,0.2,maynilad water payment,14.580125,121.050804,14.5869,121.0614,14.5869,121.0614,184.5,1.37,1.37,0.45,False,False,ALLOW,True,ALLOW,GATE_0_FAST_PATH,True,ALLOW,GATE_1_NEURAL_QWEN,True
TX-CAT1-0039,1. Routine Everyday,ALLOW,usr-1001-cst-001,Maria Santos,Makati CBD,1806.68,2500.0,0.72,supermarket groceries,14.543903,121.019443,14.5547,121.02,14.5547,121.02,223.1,1.2,1.2,0.32,False,False,ALLOW,True,ALLOW,GATE_0_FAST_PATH,True,ALLOW,GATE_1_NEURAL_QWEN,True
TX-CAT1-0040,1. Routine Everyday,ALLOW,usr-1002-cst-002,Juan Dela Cruz,Quezon City,329.32,4000.0,0.08,grab car ride payment,14.665923,121.03616,14.676,121.0437,14.676,121.0437,155.0,1.38,1.38,0.53,False,False,ALLOW,True,ALLOW,GATE_0_FAST_PATH,True,ALLOW,GATE_1_NEURAL_QWEN,True
TX-CAT1-0041,1. Routine Everyday,ALLOW,usr-1002-cst-002,Juan Dela Cruz,Quezon City,1605.89,4000.0,0.4,dinner delivery,14.669909,121.045968,14.676,121.0437,14.676,121.0437,160.1,0.72,0.72,0.27,False,False,ALLOW,True,ALLOW,GATE_0_FAST_PATH,True,ALLOW,GATE_1_NEURAL_QWEN,True
TX-CAT1-0042,1. Routine Everyday,ALLOW,usr-1004-cst-004,Carlos Tan,Pasig Ortigas,1290.12,2000.0,0.65,dinner delivery,14.587447,121.071833,14.5869,121.0614,14.5869,121.0614,72.9,1.12,1.12,0.92,False,False,ALLOW,True,ALLOW,GATE_0_FAST_PATH,True,ALLOW,GATE_1_NEURAL_QWEN,True
TX-CAT1-0043,1. Routine Everyday,ALLOW,usr-1003-cst-003,Elena Reyes,Cebu IT Park,3492.63,15000.0,0.23,coffee and pastry,10.306841,123.888892,10.3157,123.8854,10.3157,123.8854,126.0,1.06,1.06,0.5,False,False,ALLOW,True,ALLOW,GATE_0_FAST_PATH,True,ALLOW,GATE_1_NEURAL_QWEN,True
TX-CAT1-0044,1. Routine Everyday,ALLOW,usr-1001-cst-001,Maria Santos,Makati CBD,141.01,2500.0,0.06,dinner delivery,14.566663,121.031906,14.5547,121.02,14.5547,121.02,45.4,1.85,1.85,2.44,False,False,ALLOW,True,ALLOW,GATE_0_FAST_PATH,True,ALLOW,GATE_1_NEURAL_QWEN,True
TX-CAT1-0045,1. Routine Everyday,ALLOW,usr-1002-cst-002,Juan Dela Cruz,Quezon City,1981.66,4000.0,0.5,monthly rent payment,14.686398,121.052841,14.676,121.0437,14.676,121.0437,214.6,1.52,1.52,0.42,False,False,ALLOW,True,ALLOW,GATE_0_FAST_PATH,True,ALLOW,GATE_1_NEURAL_QWEN,True
TX-CAT1-0046,1. Routine Everyday,ALLOW,usr-1003-cst-003,Elena Reyes,Cebu IT Park,4146.87,15000.0,0.28,allowance transfer,10.32371,123.890285,10.3157,123.8854,10.3157,123.8854,158.5,1.04,1.04,0.39,False,False,ALLOW,True,ALLOW,GATE_0_FAST_PATH,True,ALLOW,GATE_1_NEURAL_QWEN,True
TX-CAT1-0047,1. Routine Everyday,ALLOW,usr-1001-cst-001,Maria Santos,Makati CBD,1626.03,2500.0,0.65,grab car ride payment,14.549885,121.023921,14.5547,121.02,14.5547,121.02,227.2,0.68,0.68,0.18,False,False,ALLOW,True,ALLOW,GATE_0_FAST_PATH,True,ALLOW,GATE_1_NEURAL_QWEN,True
TX-CAT1-0048,1. Routine Everyday,ALLOW,usr-1002-cst-002,Juan Dela Cruz,Quezon City,1093.23,4000.0,0.27,lunch with colleagues,14.681818,121.035431,14.676,121.0437,14.676,121.0437,89.2,1.1,1.1,0.74,False,False,ALLOW,True,ALLOW,GATE_0_FAST_PATH,True,ALLOW,GATE_1_NEURAL_QWEN,True
TX-CAT1-0049,1. Routine Everyday,ALLOW,usr-1002-cst-002,Juan Dela Cruz,Quezon City,2760.81,4000.0,0.69,meralco electric bill,14.6805,121.05217,14.676,121.0437,14.676,121.0437,136.1,1.04,1.04,0.46,False,False,ALLOW,True,ALLOW,GATE_0_FAST_PATH,True,ALLOW,GATE_1_NEURAL_QWEN,True
TX-CAT1-0050,1. Routine Everyday,ALLOW,usr-1003-cst-003,Elena Reyes,Cebu IT Park,12912.4,15000.0,0.86,supermarket groceries,10.305915,123.883566,10.3157,123.8854,10.3157,123.8854,88.1,1.11,1.11,0.76,False,False,ALLOW,True,ALLOW,GATE_0_FAST_PATH,True,ALLOW,GATE_1_NEURAL_QWEN,True
TX-CAT1-0051,1. Routine Everyday,ALLOW,usr-1001-cst-001,Maria Santos,Makati CBD,872.17,2500.0,0.35,monthly rent payment,14.557991,121.014287,14.5547,121.02,14.5547,121.02,185.7,0.72,0.72,0.23,False,False,ALLOW,True,ALLOW,GATE_0_FAST_PATH,True,ALLOW,GATE_1_NEURAL_QWEN,True
TX-CAT1-0052,1. Routine Everyday,ALLOW,usr-1004-cst-004,Carlos Tan,Pasig Ortigas,1118.41,2000.0,0.56,lunch with colleagues,14.576706,121.070595,14.5869,121.0614,14.5869,121.0614,219.8,1.5,1.5,0.41,False,False,ALLOW,True,ALLOW,GATE_0_FAST_PATH,True,ALLOW,GATE_1_NEURAL_QWEN,True
TX-CAT1-0053,1. Routine Everyday,ALLOW,usr-1001-cst-001,Maria Santos,Makati CBD,2002.01,2500.0,0.8,dinner delivery,14.555961,121.018315,14.5547,121.02,14.5547,121.02,38.8,0.23,0.23,0.36,False,False,ALLOW,True,ALLOW,GATE_0_FAST_PATH,True,ALLOW,GATE_1_NEURAL_QWEN,True
TX-CAT1-0054,1. Routine Everyday,ALLOW,usr-1003-cst-003,Elena Reyes,Cebu IT Park,12822.61,15000.0,0.85,supermarket groceries,10.325274,123.878442,10.3157,123.8854,10.3157,123.8854,82.4,1.31,1.31,0.95,False,False,ALLOW,True,ALLOW,GATE_0_FAST_PATH,True,ALLOW,GATE_1_NEURAL_QWEN,True
TX-CAT1-0055,1. Routine Everyday,ALLOW,usr-1001-cst-001,Maria Santos,Makati CBD,917.55,2500.0,0.37,grab car ride payment,14.563919,121.017753,14.5547,121.02,14.5547,121.02,160.3,1.05,1.05,0.39,False,False,ALLOW,True,ALLOW,GATE_0_FAST_PATH,True,ALLOW,GATE_1_NEURAL_QWEN,True
TX-CAT1-0056,1. Routine Everyday,ALLOW,usr-1002-cst-002,Juan Dela Cruz,Quezon City,3526.81,4000.0,0.88,meralco electric bill,14.684751,121.055129,14.676,121.0437,14.676,121.0437,200.3,1.57,1.57,0.47,False,False,ALLOW,True,ALLOW,GATE_0_FAST_PATH,True,ALLOW,GATE_1_NEURAL_QWEN,True
TX-CAT1-0057,1. Routine Everyday,ALLOW,usr-1004-cst-004,Carlos Tan,Pasig Ortigas,164.12,2000.0,0.08,pet food purchase,14.597088,121.068177,14.5869,121.0614,14.5869,121.0614,116.5,1.35,1.35,0.7,False,False,ALLOW,True,ALLOW,GATE_0_FAST_PATH,True,ALLOW,GATE_1_NEURAL_QWEN,True
TX-CAT1-0058,1. Routine Everyday,ALLOW,usr-1002-cst-002,Juan Dela Cruz,Quezon City,1101.85,4000.0,0.28,pet food purchase,14.666594,121.052632,14.676,121.0437,14.676,121.0437,210.3,1.42,1.42,0.41,False,False,ALLOW,True,ALLOW,GATE_0_FAST_PATH,True,ALLOW,GATE_1_NEURAL_QWEN,True
TX-CAT1-0059,1. Routine Everyday,ALLOW,usr-1002-cst-002,Juan Dela Cruz,Quezon City,854.43,4000.0,0.21,allowance transfer,14.672392,121.051393,14.676,121.0437,14.676,121.0437,213.0,0.92,0.92,0.26,False,False,ALLOW,True,ALLOW,GATE_0_FAST_PATH,True,ALLOW,GATE_1_NEURAL_QWEN,True
TX-CAT1-0060,1. Routine Everyday,ALLOW,usr-1002-cst-002,Juan Dela Cruz,Quezon City,207.09,4000.0,0.05,meralco electric bill,14.673563,121.038386,14.676,121.0437,14.676,121.0437,44.6,0.63,0.63,0.85,False,False,ALLOW,True,ALLOW,GATE_0_FAST_PATH,True,ALLOW,GATE_1_NEURAL_QWEN,True
TX-CAT1-0061,1. Routine Everyday,ALLOW,usr-1003-cst-003,Elena Reyes,Cebu IT Park,5081.69,15000.0,0.34,grab car ride payment,10.313292,123.896948,10.3157,123.8854,10.3157,123.8854,142.6,1.29,1.29,0.54,False,False,ALLOW,True,ALLOW,GATE_0_FAST_PATH,True,ALLOW,GATE_1_NEURAL_QWEN,True
TX-CAT1-0062,1. Routine Everyday,ALLOW,usr-1001-cst-001,Maria Santos,Makati CBD,380.1,2500.0,0.15,maynilad water payment,14.546986,121.031101,14.5547,121.02,14.5547,121.02,85.7,1.47,1.47,1.03,False,False,ALLOW,True,ALLOW,GATE_0_FAST_PATH,True,ALLOW,GATE_1_NEURAL_QWEN,True
TX-CAT1-0063,1. Routine Everyday,ALLOW,usr-1001-cst-001,Maria Santos,Makati CBD,1465.27,2500.0,0.59,pharmacy vitamins,14.560185,121.015528,14.5547,121.02,14.5547,121.02,157.3,0.78,0.78,0.3,False,False,ALLOW,True,ALLOW,GATE_0_FAST_PATH,True,ALLOW,GATE_1_NEURAL_QWEN,True
TX-CAT1-0064,1. Routine Everyday,ALLOW,usr-1001-cst-001,Maria Santos,Makati CBD,988.62,2500.0,0.4,dinner delivery,14.547262,121.009065,14.5547,121.02,14.5547,121.02,121.6,1.44,1.44,0.71,False,False,ALLOW,True,ALLOW,GATE_0_FAST_PATH,True,ALLOW,GATE_1_NEURAL_QWEN,True
TX-CAT1-0065,1. Routine Everyday,ALLOW,usr-1002-cst-002,Juan Dela Cruz,Quezon City,1460.34,4000.0,0.37,lunch with colleagues,14.686773,121.053799,14.676,121.0437,14.676,121.0437,160.9,1.62,1.62,0.6,False,False,ALLOW,True,ALLOW,GATE_0_FAST_PATH,True,ALLOW,GATE_1_NEURAL_QWEN,True
TX-CAT1-0066,1. Routine Everyday,ALLOW,usr-1001-cst-001,Maria Santos,Makati CBD,1743.05,2500.0,0.7,maynilad water payment,14.554871,121.024005,14.5547,121.02,14.5547,121.02,98.5,0.43,0.43,0.26,False,False,ALLOW,True,ALLOW,GATE_0_FAST_PATH,True,ALLOW,GATE_1_NEURAL_QWEN,True
TX-CAT1-0067,1. Routine Everyday,ALLOW,usr-1003-cst-003,Elena Reyes,Cebu IT Park,7953.85,15000.0,0.53,meralco electric bill,10.313791,123.895969,10.3157,123.8854,10.3157,123.8854,172.2,1.18,1.18,0.41,False,False,ALLOW,True,ALLOW,GATE_0_FAST_PATH,True,ALLOW,GATE_1_NEURAL_QWEN,True
TX-CAT1-0068,1. Routine Everyday,ALLOW,usr-1002-cst-002,Juan Dela Cruz,Quezon City,2385.09,4000.0,0.6,maynilad water payment,14.673746,121.051709,14.676,121.0437,14.676,121.0437,93.8,0.9,0.9,0.58,False,False,ALLOW,True,ALLOW,GATE_0_FAST_PATH,True,ALLOW,GATE_1_NEURAL_QWEN,True
TX-CAT1-0069,1. Routine Everyday,ALLOW,usr-1002-cst-002,Juan Dela Cruz,Quezon City,1701.99,4000.0,0.43,dinner delivery,14.67856,121.039434,14.676,121.0437,14.676,121.0437,122.8,0.54,0.54,0.26,False,False,ALLOW,True,ALLOW,GATE_0_FAST_PATH,True,ALLOW,GATE_1_NEURAL_QWEN,True
TX-CAT1-0070,1. Routine Everyday,ALLOW,usr-1002-cst-002,Juan Dela Cruz,Quezon City,2001.12,4000.0,0.5,pet food purchase,14.668073,121.033735,14.676,121.0437,14.676,121.0437,138.2,1.39,1.39,0.6,False,False,ALLOW,True,ALLOW,GATE_0_FAST_PATH,True,ALLOW,GATE_1_NEURAL_QWEN,True
TX-CAT1-0071,1. Routine Everyday,ALLOW,usr-1003-cst-003,Elena Reyes,Cebu IT Park,1439.56,15000.0,0.1,meralco electric bill,10.319847,123.878791,10.3157,123.8854,10.3157,123.8854,71.8,0.86,0.86,0.72,False,False,ALLOW,True,ALLOW,GATE_0_FAST_PATH,True,ALLOW,GATE_1_NEURAL_QWEN,True
TX-CAT1-0072,1. Routine Everyday,ALLOW,usr-1001-cst-001,Maria Santos,Makati CBD,224.21,2500.0,0.09,allowance transfer,14.557371,121.026444,14.5547,121.02,14.5547,121.02,125.6,0.75,0.75,0.36,False,False,ALLOW,True,ALLOW,GATE_0_FAST_PATH,True,ALLOW,GATE_1_NEURAL_QWEN,True
TX-CAT1-0073,1. Routine Everyday,ALLOW,usr-1002-cst-002,Juan Dela Cruz,Quezon City,2763.51,4000.0,0.69,coffee and pastry,14.675865,121.037556,14.676,121.0437,14.676,121.0437,167.8,0.66,0.66,0.24,False,False,ALLOW,True,ALLOW,GATE_0_FAST_PATH,True,ALLOW,GATE_1_NEURAL_QWEN,True
TX-CAT1-0074,1. Routine Everyday,ALLOW,usr-1001-cst-001,Maria Santos,Makati CBD,2132.95,2500.0,0.85,lunch with colleagues,14.561382,121.013252,14.5547,121.02,14.5547,121.02,198.9,1.04,1.04,0.31,False,False,ALLOW,True,ALLOW,GATE_0_FAST_PATH,True,ALLOW,GATE_1_NEURAL_QWEN,True
TX-CAT1-0075,1. Routine Everyday,ALLOW,usr-1004-cst-004,Carlos Tan,Pasig Ortigas,209.39,2000.0,0.1,meralco electric bill,14.596919,121.052313,14.5869,121.0614,14.5869,121.0614,58.0,1.48,1.48,1.53,False,False,ALLOW,True,ALLOW,GATE_0_FAST_PATH,True,ALLOW,GATE_1_NEURAL_QWEN,True
TX-CAT1-0076,1. Routine Everyday,ALLOW,usr-1004-cst-004,Carlos Tan,Pasig Ortigas,1308.29,2000.0,0.65,grab car ride payment,14.589191,121.072201,14.5869,121.0614,14.5869,121.0614,217.2,1.19,1.19,0.33,False,False,ALLOW,True,ALLOW,GATE_0_FAST_PATH,True,ALLOW,GATE_1_NEURAL_QWEN,True
TX-CAT1-0077,1. Routine Everyday,ALLOW,usr-1004-cst-004,Carlos Tan,Pasig Ortigas,1598.41,2000.0,0.8,grab car ride payment,14.585602,121.05322,14.5869,121.0614,14.5869,121.0614,210.9,0.89,0.89,0.25,False,False,ALLOW,True,ALLOW,GATE_0_FAST_PATH,True,ALLOW,GATE_1_NEURAL_QWEN,True
TX-CAT1-0078,1. Routine Everyday,ALLOW,usr-1004-cst-004,Carlos Tan,Pasig Ortigas,581.36,2000.0,0.29,meralco electric bill,14.595057,121.056055,14.5869,121.0614,14.5869,121.0614,193.3,1.07,1.07,0.33,False,False,ALLOW,True,ALLOW,GATE_0_FAST_PATH,True,ALLOW,GATE_1_NEURAL_QWEN,True
TX-CAT1-0079,1. Routine Everyday,ALLOW,usr-1004-cst-004,Carlos Tan,Pasig Ortigas,1235.61,2000.0,0.62,maynilad water payment,14.585457,121.066525,14.5869,121.0614,14.5869,121.0614,79.2,0.57,0.57,0.43,False,False,ALLOW,True,ALLOW,GATE_0_FAST_PATH,True,ALLOW,GATE_1_NEURAL_QWEN,True
TX-CAT1-0080,1. Routine Everyday,ALLOW,usr-1003-cst-003,Elena Reyes,Cebu IT Park,4637.5,15000.0,0.31,grab car ride payment,10.305634,123.87702,10.3157,123.8854,10.3157,123.8854,110.4,1.45,1.45,0.79,False,False,ALLOW,True,ALLOW,GATE_0_FAST_PATH,True,ALLOW,GATE_1_NEURAL_QWEN,True
TX-CAT1-0081,1. Routine Everyday,ALLOW,usr-1002-cst-002,Juan Dela Cruz,Quezon City,2719.62,4000.0,0.68,lunch with colleagues,14.673957,121.039641,14.676,121.0437,14.676,121.0437,127.8,0.49,0.49,0.23,False,False,ALLOW,True,ALLOW,GATE_0_FAST_PATH,True,ALLOW,GATE_1_NEURAL_QWEN,True
TX-CAT1-0082,1. Routine Everyday,ALLOW,usr-1001-cst-001,Maria Santos,Makati CBD,586.41,2500.0,0.23,coffee and pastry,14.552047,121.026475,14.5547,121.02,14.5547,121.02,228.7,0.76,0.76,0.2,False,False,ALLOW,True,ALLOW,GATE_0_FAST_PATH,True,ALLOW,GATE_1_NEURAL_QWEN,True
TX-CAT1-0083,1. Routine Everyday,ALLOW,usr-1001-cst-001,Maria Santos,Makati CBD,2051.93,2500.0,0.82,dinner delivery,14.551829,121.008142,14.5547,121.02,14.5547,121.02,103.9,1.32,1.32,0.76,False,False,ALLOW,True,ALLOW,GATE_0_FAST_PATH,True,ALLOW,GATE_1_NEURAL_QWEN,True
TX-CAT1-0084,1. Routine Everyday,ALLOW,usr-1004-cst-004,Carlos Tan,Pasig Ortigas,1639.14,2000.0,0.82,coffee and pastry,14.587817,121.067031,14.5869,121.0614,14.5869,121.0614,198.0,0.61,0.61,0.18,False,False,ALLOW,True,ALLOW,GATE_0_FAST_PATH,True,ALLOW,GATE_1_NEURAL_QWEN,True
TX-CAT1-0085,1. Routine Everyday,ALLOW,usr-1002-cst-002,Juan Dela Cruz,Quezon City,1916.68,4000.0,0.48,maynilad water payment,14.67446,121.032397,14.676,121.0437,14.676,121.0437,100.6,1.23,1.23,0.73,False,False,ALLOW,True,ALLOW,GATE_0_FAST_PATH,True,ALLOW,GATE_1_NEURAL_QWEN,True
TX-CAT1-0086,1. Routine Everyday,ALLOW,usr-1004-cst-004,Carlos Tan,Pasig Ortigas,1409.04,2000.0,0.7,allowance transfer,14.596969,121.072937,14.5869,121.0614,14.5869,121.0614,142.2,1.67,1.67,0.7,False,False,ALLOW,True,ALLOW,GATE_0_FAST_PATH,True,ALLOW,GATE_1_NEURAL_QWEN,True
TX-CAT1-0087,1. Routine Everyday,ALLOW,usr-1004-cst-004,Carlos Tan,Pasig Ortigas,1173.57,2000.0,0.59,school supplies,14.57555,121.064826,14.5869,121.0614,14.5869,121.0614,58.5,1.31,1.31,1.34,False,False,ALLOW,True,ALLOW,GATE_0_FAST_PATH,True,ALLOW,GATE_1_NEURAL_QWEN,True
TX-CAT1-0088,1. Routine Everyday,ALLOW,usr-1004-cst-004,Carlos Tan,Pasig Ortigas,443.48,2000.0,0.22,maynilad water payment,14.583998,121.05448,14.5869,121.0614,14.5869,121.0614,98.6,0.81,0.81,0.49,False,False,ALLOW,True,ALLOW,GATE_0_FAST_PATH,True,ALLOW,GATE_1_NEURAL_QWEN,True
TX-CAT1-0089,1. Routine Everyday,ALLOW,usr-1004-cst-004,Carlos Tan,Pasig Ortigas,615.3,2000.0,0.31,coffee and pastry,14.580955,121.051366,14.5869,121.0614,14.5869,121.0614,34.1,1.27,1.27,2.23,False,False,ALLOW,True,ALLOW,GATE_0_FAST_PATH,True,ALLOW,GATE_1_NEURAL_QWEN,True
TX-CAT1-0090,1. Routine Everyday,ALLOW,usr-1001-cst-001,Maria Santos,Makati CBD,2374.79,2500.0,0.95,pharmacy vitamins,14.548081,121.009647,14.5547,121.02,14.5547,121.02,231.0,1.34,1.34,0.35,False,False,ALLOW,True,ALLOW,GATE_0_FAST_PATH,True,ALLOW,GATE_1_NEURAL_QWEN,True
TX-CAT1-0091,1. Routine Everyday,ALLOW,usr-1001-cst-001,Maria Santos,Makati CBD,1820.8,2500.0,0.73,meralco electric bill,14.547485,121.008489,14.5547,121.02,14.5547,121.02,62.0,1.48,1.48,1.43,False,False,ALLOW,True,ALLOW,GATE_0_FAST_PATH,True,ALLOW,GATE_1_NEURAL_QWEN,True
TX-CAT1-0092,1. Routine Everyday,ALLOW,usr-1002-cst-002,Juan Dela Cruz,Quezon City,1862.7,4000.0,0.47,lunch with colleagues,14.677535,121.036931,14.676,121.0437,14.676,121.0437,176.9,0.75,0.75,0.25,False,False,ALLOW,True,ALLOW,GATE_0_FAST_PATH,True,ALLOW,GATE_1_NEURAL_QWEN,True
TX-CAT1-0093,1. Routine Everyday,ALLOW,usr-1003-cst-003,Elena Reyes,Cebu IT Park,2490.86,15000.0,0.17,dinner delivery,10.32683,123.890641,10.3157,123.8854,10.3157,123.8854,193.3,1.36,1.36,0.42,False,False,ALLOW,True,ALLOW,GATE_0_FAST_PATH,True,ALLOW,GATE_1_NEURAL_QWEN,True
TX-CAT1-0094,1. Routine Everyday,ALLOW,usr-1002-cst-002,Juan Dela Cruz,Quezon City,3670.17,4000.0,0.92,lunch with colleagues,14.677888,121.053993,14.676,121.0437,14.676,121.0437,150.9,1.13,1.13,0.45,False,False,ALLOW,True,ALLOW,GATE_0_FAST_PATH,True,ALLOW,GATE_1_NEURAL_QWEN,True
TX-CAT1-0095,1. Routine Everyday,ALLOW,usr-1004-cst-004,Carlos Tan,Pasig Ortigas,826.04,2000.0,0.41,pet food purchase,14.57966,121.06361,14.5869,121.0614,14.5869,121.0614,204.4,0.84,0.84,0.25,False,False,ALLOW,True,ALLOW,GATE_0_FAST_PATH,True,ALLOW,GATE_1_NEURAL_QWEN,True
TX-CAT1-0096,1. Routine Everyday,ALLOW,usr-1002-cst-002,Juan Dela Cruz,Quezon City,495.0,4000.0,0.12,maynilad water payment,14.684407,121.04611,14.676,121.0437,14.676,121.0437,55.4,0.97,0.97,1.05,False,False,ALLOW,True,ALLOW,GATE_0_FAST_PATH,True,ALLOW,GATE_1_NEURAL_QWEN,True
TX-CAT1-0097,1. Routine Everyday,ALLOW,usr-1001-cst-001,Maria Santos,Makati CBD,902.94,2500.0,0.36,coffee and pastry,14.558577,121.009655,14.5547,121.02,14.5547,121.02,166.0,1.19,1.19,0.43,False,False,ALLOW,True,ALLOW,GATE_0_FAST_PATH,True,ALLOW,GATE_1_NEURAL_QWEN,True
TX-CAT1-0098,1. Routine Everyday,ALLOW,usr-1001-cst-001,Maria Santos,Makati CBD,2035.79,2500.0,0.81,allowance transfer,14.545233,121.031059,14.5547,121.02,14.5547,121.02,163.5,1.59,1.59,0.58,False,False,ALLOW,True,ALLOW,GATE_0_FAST_PATH,True,ALLOW,GATE_1_NEURAL_QWEN,True
TX-CAT1-0099,1. Routine Everyday,ALLOW,usr-1004-cst-004,Carlos Tan,Pasig Ortigas,1379.01,2000.0,0.69,coffee and pastry,14.579127,121.061922,14.5869,121.0614,14.5869,121.0614,166.6,0.87,0.87,0.31,False,False,ALLOW,True,ALLOW,GATE_0_FAST_PATH,True,ALLOW,GATE_1_NEURAL_QWEN,True
TX-CAT1-0100,1. Routine Everyday,ALLOW,usr-1004-cst-004,Carlos Tan,Pasig Ortigas,947.48,2000.0,0.47,pet food purchase,14.589119,121.057135,14.5869,121.0614,14.5869,121.0614,81.6,0.52,0.52,0.38,False,False,ALLOW,True,ALLOW,GATE_0_FAST_PATH,True,ALLOW,GATE_1_NEURAL_QWEN,True
TX-CAT1-0101,1. Routine Everyday,ALLOW,usr-1001-cst-001,Maria Santos,Makati CBD,748.98,2500.0,0.3,allowance transfer,14.548553,121.019153,14.5547,121.02,14.5547,121.02,158.2,0.69,0.69,0.26,False,False,ALLOW,True,ALLOW,GATE_0_FAST_PATH,True,ALLOW,GATE_1_NEURAL_QWEN,True
TX-CAT1-0102,1. Routine Everyday,ALLOW,usr-1004-cst-004,Carlos Tan,Pasig Ortigas,718.79,2000.0,0.36,allowance transfer,14.595323,121.053764,14.5869,121.0614,14.5869,121.0614,74.5,1.25,1.25,1.01,False,False,ALLOW,True,ALLOW,GATE_0_FAST_PATH,True,ALLOW,GATE_1_NEURAL_QWEN,True
TX-CAT1-0103,1. Routine Everyday,ALLOW,usr-1003-cst-003,Elena Reyes,Cebu IT Park,4928.99,15000.0,0.33,dinner delivery,10.320528,123.88003,10.3157,123.8854,10.3157,123.8854,32.1,0.8,0.8,1.5,False,False,ALLOW,True,ALLOW,GATE_0_FAST_PATH,True,ALLOW,GATE_1_NEURAL_QWEN,True
TX-CAT1-0104,1. Routine Everyday,ALLOW,usr-1002-cst-002,Juan Dela Cruz,Quezon City,435.06,4000.0,0.11,pet food purchase,14.673754,121.045024,14.676,121.0437,14.676,121.0437,80.5,0.29,0.29,0.22,False,False,ALLOW,True,ALLOW,GATE_0_FAST_PATH,True,ALLOW,GATE_1_NEURAL_QWEN,True
TX-CAT1-0105,1. Routine Everyday,ALLOW,usr-1004-cst-004,Carlos Tan,Pasig Ortigas,1269.71,2000.0,0.63,allowance transfer,14.585656,121.049814,14.5869,121.0614,14.5869,121.0614,91.8,1.25,1.25,0.82,False,False,ALLOW,True,ALLOW,GATE_0_FAST_PATH,True,ALLOW,GATE_1_NEURAL_QWEN,True
TX-CAT1-0106,1. Routine Everyday,ALLOW,usr-1004-cst-004,Carlos Tan,Pasig Ortigas,1351.38,2000.0,0.68,maynilad water payment,14.590835,121.058256,14.5869,121.0614,14.5869,121.0614,146.2,0.55,0.55,0.23,False,False,ALLOW,True,ALLOW,GATE_0_FAST_PATH,True,ALLOW,GATE_1_NEURAL_QWEN,True
TX-CAT1-0107,1. Routine Everyday,ALLOW,usr-1003-cst-003,Elena Reyes,Cebu IT Park,6132.37,15000.0,0.41,pet food purchase,10.316909,123.881843,10.3157,123.8854,10.3157,123.8854,125.3,0.41,0.41,0.2,False,False,ALLOW,True,ALLOW,GATE_0_FAST_PATH,True,ALLOW,GATE_1_NEURAL_QWEN,True
TX-CAT1-0108,1. Routine Everyday,ALLOW,usr-1003-cst-003,Elena Reyes,Cebu IT Park,3672.33,15000.0,0.24,lunch with colleagues,10.321011,123.880973,10.3157,123.8854,10.3157,123.8854,186.0,0.76,0.76,0.25,False,False,ALLOW,True,ALLOW,GATE_0_FAST_PATH,True,ALLOW,GATE_1_NEURAL_QWEN,True
TX-CAT1-0109,1. Routine Everyday,ALLOW,usr-1002-cst-002,Juan Dela Cruz,Quezon City,824.87,4000.0,0.21,pet food purchase,14.675621,121.04909,14.676,121.0437,14.676,121.0437,235.1,0.58,0.58,0.15,False,False,ALLOW,True,ALLOW,GATE_0_FAST_PATH,True,ALLOW,GATE_1_NEURAL_QWEN,True
TX-CAT1-0110,1. Routine Everyday,ALLOW,usr-1003-cst-003,Elena Reyes,Cebu IT Park,13974.62,15000.0,0.93,meralco electric bill,10.31081,123.882061,10.3157,123.8854,10.3157,123.8854,93.5,0.66,0.66,0.42,False,False,ALLOW,True,ALLOW,GATE_0_FAST_PATH,True,ALLOW,GATE_1_NEURAL_QWEN,True
TX-CAT1-0111,1. Routine Everyday,ALLOW,usr-1002-cst-002,Juan Dela Cruz,Quezon City,1129.47,4000.0,0.28,supermarket groceries,14.677281,121.048438,14.676,121.0437,14.676,121.0437,56.5,0.53,0.53,0.56,False,False,ALLOW,True,ALLOW,GATE_0_FAST_PATH,True,ALLOW,GATE_1_NEURAL_QWEN,True
TX-CAT1-0112,1. Routine Everyday,ALLOW,usr-1004-cst-004,Carlos Tan,Pasig Ortigas,302.61,2000.0,0.15,supermarket groceries,14.588678,121.060666,14.5869,121.0614,14.5869,121.0614,122.5,0.21,0.21,0.1,False,False,ALLOW,True,ALLOW,GATE_0_FAST_PATH,True,ALLOW,GATE_1_NEURAL_QWEN,True
TX-CAT1-0113,1. Routine Everyday,ALLOW,usr-1002-cst-002,Juan Dela Cruz,Quezon City,3673.03,4000.0,0.92,maynilad water payment,14.686586,121.043166,14.676,121.0437,14.676,121.0437,202.6,1.18,1.18,0.35,False,False,ALLOW,True,ALLOW,GATE_0_FAST_PATH,True,ALLOW,GATE_1_NEURAL_QWEN,True
TX-CAT1-0114,1. Routine Everyday,ALLOW,usr-1004-cst-004,Carlos Tan,Pasig Ortigas,995.31,2000.0,0.5,dinner delivery,14.590007,121.050687,14.5869,121.0614,14.5869,121.0614,61.3,1.2,1.2,1.17,False,False,ALLOW,True,ALLOW,GATE_0_FAST_PATH,True,ALLOW,GATE_1_NEURAL_QWEN,True
TX-CAT1-0115,1. Routine Everyday,ALLOW,usr-1003-cst-003,Elena Reyes,Cebu IT Park,1323.61,15000.0,0.09,meralco electric bill,10.306543,123.891747,10.3157,123.8854,10.3157,123.8854,157.3,1.23,1.23,0.47,False,False,ALLOW,True,ALLOW,GATE_0_FAST_PATH,True,ALLOW,GATE_1_NEURAL_QWEN,True
TX-CAT1-0116,1. Routine Everyday,ALLOW,usr-1002-cst-002,Juan Dela Cruz,Quezon City,2974.55,4000.0,0.74,coffee and pastry,14.674812,121.042325,14.676,121.0437,14.676,121.0437,210.6,0.2,0.2,0.06,False,False,ALLOW,True,ALLOW,GATE_0_FAST_PATH,True,ALLOW,GATE_1_NEURAL_QWEN,True
TX-CAT1-0117,1. Routine Everyday,ALLOW,usr-1004-cst-004,Carlos Tan,Pasig Ortigas,663.58,2000.0,0.33,dinner delivery,14.576346,121.072443,14.5869,121.0614,14.5869,121.0614,50.8,1.67,1.67,1.97,False,False,ALLOW,True,ALLOW,GATE_0_FAST_PATH,True,ALLOW,GATE_1_NEURAL_QWEN,True
TX-CAT1-0118,1. Routine Everyday,ALLOW,usr-1002-cst-002,Juan Dela Cruz,Quezon City,2421.9,4000.0,0.61,maynilad water payment,14.67985,121.035469,14.676,121.0437,14.676,121.0437,66.5,0.98,0.98,0.88,False,False,ALLOW,True,ALLOW,GATE_0_FAST_PATH,True,ALLOW,GATE_1_NEURAL_QWEN,True
TX-CAT1-0119,1. Routine Everyday,ALLOW,usr-1001-cst-001,Maria Santos,Makati CBD,472.98,2500.0,0.19,coffee and pastry,14.553512,121.022251,14.5547,121.02,14.5547,121.02,91.2,0.28,0.28,0.18,False,False,ALLOW,True,ALLOW,GATE_0_FAST_PATH,True,ALLOW,GATE_1_NEURAL_QWEN,True
TX-CAT1-0120,1. Routine Everyday,ALLOW,usr-1002-cst-002,Juan Dela Cruz,Quezon City,1180.23,4000.0,0.3,maynilad water payment,14.680872,121.042597,14.676,121.0437,14.676,121.0437,174.4,0.55,0.55,0.19,False,False,ALLOW,True,ALLOW,GATE_0_FAST_PATH,True,ALLOW,GATE_1_NEURAL_QWEN,True
TX-CAT1-0121,1. Routine Everyday,ALLOW,usr-1003-cst-003,Elena Reyes,Cebu IT Park,11252.01,15000.0,0.75,school supplies,10.317855,123.892694,10.3157,123.8854,10.3157,123.8854,71.5,0.83,0.83,0.7,False,False,ALLOW,True,ALLOW,GATE_0_FAST_PATH,True,ALLOW,GATE_1_NEURAL_QWEN,True
TX-CAT1-0122,1. Routine Everyday,ALLOW,usr-1001-cst-001,Maria Santos,Makati CBD,1347.99,2500.0,0.54,school supplies,14.546276,121.014375,14.5547,121.02,14.5547,121.02,59.9,1.12,1.12,1.12,False,False,ALLOW,True,ALLOW,GATE_0_FAST_PATH,True,ALLOW,GATE_1_NEURAL_QWEN,True
TX-CAT1-0123,1. Routine Everyday,ALLOW,usr-1001-cst-001,Maria Santos,Makati CBD,494.16,2500.0,0.2,maynilad water payment,14.556981,121.027782,14.5547,121.02,14.5547,121.02,223.5,0.88,0.88,0.24,False,False,ALLOW,True,ALLOW,GATE_0_FAST_PATH,True,ALLOW,GATE_1_NEURAL_QWEN,True
TX-CAT1-0124,1. Routine Everyday,ALLOW,usr-1004-cst-004,Carlos Tan,Pasig Ortigas,341.35,2000.0,0.17,pet food purchase,14.582198,121.05906,14.5869,121.0614,14.5869,121.0614,87.2,0.58,0.58,0.4,False,False,ALLOW,True,ALLOW,GATE_0_FAST_PATH,True,ALLOW,GATE_1_NEURAL_QWEN,True
TX-CAT1-0125,1. Routine Everyday,ALLOW,usr-1004-cst-004,Carlos Tan,Pasig Ortigas,899.21,2000.0,0.45,dinner delivery,14.575857,121.059769,14.5869,121.0614,14.5869,121.0614,97.7,1.24,1.24,0.76,False,False,ALLOW,True,ALLOW,GATE_0_FAST_PATH,True,ALLOW,GATE_1_NEURAL_QWEN,True
TX-CAT1-0126,1. Routine Everyday,ALLOW,usr-1003-cst-003,Elena Reyes,Cebu IT Park,485.47,15000.0,0.03,meralco electric bill,10.326786,123.893463,10.3157,123.8854,10.3157,123.8854,150.8,1.52,1.52,0.6,False,False,ALLOW,True,ALLOW,GATE_0_FAST_PATH,True,ALLOW,GATE_1_NEURAL_QWEN,True
TX-CAT1-0127,1. Routine Everyday,ALLOW,usr-1001-cst-001,Maria Santos,Makati CBD,2374.04,2500.0,0.95,school supplies,14.562414,121.02183,14.5547,121.02,14.5547,121.02,190.3,0.88,0.88,0.28,False,False,ALLOW,True,ALLOW,GATE_0_FAST_PATH,True,ALLOW,GATE_1_NEURAL_QWEN,True
TX-CAT1-0128,1. Routine Everyday,ALLOW,usr-1002-cst-002,Juan Dela Cruz,Quezon City,1851.44,4000.0,0.46,school supplies,14.674614,121.038376,14.676,121.0437,14.676,121.0437,239.4,0.59,0.59,0.15,False,False,ALLOW,True,ALLOW,GATE_0_FAST_PATH,True,ALLOW,GATE_1_NEURAL_QWEN,True
TX-CAT1-0129,1. Routine Everyday,ALLOW,usr-1004-cst-004,Carlos Tan,Pasig Ortigas,1249.92,2000.0,0.62,allowance transfer,14.598157,121.06068,14.5869,121.0614,14.5869,121.0614,115.8,1.25,1.25,0.65,False,False,ALLOW,True,ALLOW,GATE_0_FAST_PATH,True,ALLOW,GATE_1_NEURAL_QWEN,True
TX-CAT1-0130,1. Routine Everyday,ALLOW,usr-1003-cst-003,Elena Reyes,Cebu IT Park,9588.99,15000.0,0.64,monthly rent payment,10.311615,123.890048,10.3157,123.8854,10.3157,123.8854,90.5,0.68,0.68,0.45,False,False,ALLOW,True,ALLOW,GATE_0_FAST_PATH,True,ALLOW,GATE_1_NEURAL_QWEN,True
TX-CAT1-0131,1. Routine Everyday,ALLOW,usr-1004-cst-004,Carlos Tan,Pasig Ortigas,1568.15,2000.0,0.78,grab car ride payment,14.575781,121.051513,14.5869,121.0614,14.5869,121.0614,83.0,1.63,1.63,1.18,False,False,ALLOW,True,ALLOW,GATE_0_FAST_PATH,True,ALLOW,GATE_1_NEURAL_QWEN,True
TX-CAT1-0132,1. Routine Everyday,ALLOW,usr-1001-cst-001,Maria Santos,Makati CBD,2307.77,2500.0,0.92,coffee and pastry,14.563458,121.027798,14.5547,121.02,14.5547,121.02,30.2,1.29,1.29,2.56,False,False,ALLOW,True,ALLOW,GATE_0_FAST_PATH,True,ALLOW,GATE_1_NEURAL_QWEN,True
TX-CAT1-0133,1. Routine Everyday,ALLOW,usr-1004-cst-004,Carlos Tan,Pasig Ortigas,855.58,2000.0,0.43,meralco electric bill,14.587343,121.064343,14.5869,121.0614,14.5869,121.0614,134.7,0.32,0.32,0.14,False,False,ALLOW,True,ALLOW,GATE_0_FAST_PATH,True,ALLOW,GATE_1_NEURAL_QWEN,True
TX-CAT1-0134,1. Routine Everyday,ALLOW,usr-1004-cst-004,Carlos Tan,Pasig Ortigas,1472.78,2000.0,0.74,meralco electric bill,14.581309,121.052544,14.5869,121.0614,14.5869,121.0614,90.5,1.14,1.14,0.76,False,False,ALLOW,True,ALLOW,GATE_0_FAST_PATH,True,ALLOW,GATE_1_NEURAL_QWEN,True
TX-CAT1-0135,1. Routine Everyday,ALLOW,usr-1004-cst-004,Carlos Tan,Pasig Ortigas,336.14,2000.0,0.17,school supplies,14.589513,121.055143,14.5869,121.0614,14.5869,121.0614,63.3,0.73,0.73,0.69,False,False,ALLOW,True,ALLOW,GATE_0_FAST_PATH,True,ALLOW,GATE_1_NEURAL_QWEN,True
TX-CAT1-0136,1. Routine Everyday,ALLOW,usr-1001-cst-001,Maria Santos,Makati CBD,1365.33,2500.0,0.55,lunch with colleagues,14.548093,121.028194,14.5547,121.02,14.5547,121.02,53.8,1.15,1.15,1.28,False,False,ALLOW,True,ALLOW,GATE_0_FAST_PATH,True,ALLOW,GATE_1_NEURAL_QWEN,True
TX-CAT1-0137,1. Routine Everyday,ALLOW,usr-1001-cst-001,Maria Santos,Makati CBD,1580.59,2500.0,0.63,monthly rent payment,14.554661,121.025198,14.5547,121.02,14.5547,121.02,136.9,0.56,0.56,0.25,False,False,ALLOW,True,ALLOW,GATE_0_FAST_PATH,True,ALLOW,GATE_1_NEURAL_QWEN,True
TX-CAT1-0138,1. Routine Everyday,ALLOW,usr-1003-cst-003,Elena Reyes,Cebu IT Park,5990.88,15000.0,0.4,allowance transfer,10.327226,123.87925,10.3157,123.8854,10.3157,123.8854,145.8,1.45,1.45,0.6,False,False,ALLOW,True,ALLOW,GATE_0_FAST_PATH,True,ALLOW,GATE_1_NEURAL_QWEN,True
TX-CAT1-0139,1. Routine Everyday,ALLOW,usr-1004-cst-004,Carlos Tan,Pasig Ortigas,459.29,2000.0,0.23,dinner delivery,14.587098,121.070504,14.5869,121.0614,14.5869,121.0614,211.4,0.98,0.98,0.28,False,False,ALLOW,True,ALLOW,GATE_0_FAST_PATH,True,ALLOW,GATE_1_NEURAL_QWEN,True
TX-CAT1-0140,1. Routine Everyday,ALLOW,usr-1003-cst-003,Elena Reyes,Cebu IT Park,11037.9,15000.0,0.74,coffee and pastry,10.311857,123.892305,10.3157,123.8854,10.3157,123.8854,86.1,0.87,0.87,0.61,False,False,BLOCK,False,ALLOW,GATE_0_FAST_PATH,True,ALLOW,GATE_1_NEURAL_QWEN,True
TX-CAT1-0141,1. Routine Everyday,ALLOW,usr-1001-cst-001,Maria Santos,Makati CBD,757.8,2500.0,0.3,maynilad water payment,14.562799,121.021918,14.5547,121.02,14.5547,121.02,168.6,0.92,0.92,0.33,False,False,ALLOW,True,ALLOW,GATE_0_FAST_PATH,True,ALLOW,GATE_1_NEURAL_QWEN,True
TX-CAT1-0142,1. Routine Everyday,ALLOW,usr-1002-cst-002,Juan Dela Cruz,Quezon City,1763.29,4000.0,0.44,allowance transfer,14.672283,121.044946,14.676,121.0437,14.676,121.0437,144.1,0.43,0.43,0.18,False,False,ALLOW,True,ALLOW,GATE_0_FAST_PATH,True,ALLOW,GATE_1_NEURAL_QWEN,True
TX-CAT1-0143,1. Routine Everyday,ALLOW,usr-1004-cst-004,Carlos Tan,Pasig Ortigas,1780.48,2000.0,0.89,meralco electric bill,14.598439,121.055131,14.5869,121.0614,14.5869,121.0614,110.4,1.45,1.45,0.79,False,False,ALLOW,True,ALLOW,GATE_0_FAST_PATH,True,ALLOW,GATE_1_NEURAL_QWEN,True
TX-CAT1-0144,1. Routine Everyday,ALLOW,usr-1004-cst-004,Carlos Tan,Pasig Ortigas,197.69,2000.0,0.1,pet food purchase,14.586251,121.071322,14.5869,121.0614,14.5869,121.0614,110.1,1.07,1.07,0.58,False,False,ALLOW,True,ALLOW,GATE_0_FAST_PATH,True,ALLOW,GATE_1_NEURAL_QWEN,True
TX-CAT1-0145,1. Routine Everyday,ALLOW,usr-1002-cst-002,Juan Dela Cruz,Quezon City,1942.81,4000.0,0.49,supermarket groceries,14.66703,121.054868,14.676,121.0437,14.676,121.0437,99.7,1.56,1.56,0.94,False,False,ALLOW,True,ALLOW,GATE_0_FAST_PATH,True,ALLOW,GATE_1_NEURAL_QWEN,True
TX-CAT1-0146,1. Routine Everyday,ALLOW,usr-1001-cst-001,Maria Santos,Makati CBD,2091.3,2500.0,0.84,allowance transfer,14.545093,121.029851,14.5547,121.02,14.5547,121.02,33.2,1.51,1.51,2.73,False,False,ALLOW,True,ALLOW,GATE_0_FAST_PATH,True,ALLOW,GATE_1_NEURAL_QWEN,True
TX-CAT1-0147,1. Routine Everyday,ALLOW,usr-1002-cst-002,Juan Dela Cruz,Quezon City,1628.72,4000.0,0.41,school supplies,14.687279,121.033496,14.676,121.0437,14.676,121.0437,194.1,1.67,1.67,0.52,False,False,ALLOW,True,ALLOW,GATE_0_FAST_PATH,True,ALLOW,GATE_1_NEURAL_QWEN,True
TX-CAT1-0148,1. Routine Everyday,ALLOW,usr-1003-cst-003,Elena Reyes,Cebu IT Park,4903.87,15000.0,0.33,pet food purchase,10.31324,123.875328,10.3157,123.8854,10.3157,123.8854,99.0,1.14,1.14,0.69,False,False,ALLOW,True,ALLOW,GATE_0_FAST_PATH,True,ALLOW,GATE_1_NEURAL_QWEN,True
TX-CAT1-0149,1. Routine Everyday,ALLOW,usr-1004-cst-004,Carlos Tan,Pasig Ortigas,1818.37,2000.0,0.91,school supplies,14.592149,121.067626,14.5869,121.0614,14.5869,121.0614,213.2,0.89,0.89,0.25,False,False,ALLOW,True,ALLOW,GATE_0_FAST_PATH,True,ALLOW,GATE_1_NEURAL_QWEN,True
TX-CAT1-0150,1. Routine Everyday,ALLOW,usr-1001-cst-001,Maria Santos,Makati CBD,1512.37,2500.0,0.6,meralco electric bill,14.557848,121.030102,14.5547,121.02,14.5547,121.02,239.5,1.14,1.14,0.29,False,False,ALLOW,True,ALLOW,GATE_0_FAST_PATH,True,ALLOW,GATE_1_NEURAL_QWEN,True
TX-CAT1-0151,1. Routine Everyday,ALLOW,usr-1001-cst-001,Maria Santos,Makati CBD,1098.61,2500.0,0.44,lunch with colleagues,14.560949,121.024893,14.5547,121.02,14.5547,121.02,51.1,0.87,0.87,1.02,False,False,ALLOW,True,ALLOW,GATE_0_FAST_PATH,True,ALLOW,GATE_1_NEURAL_QWEN,True
TX-CAT1-0152,1. Routine Everyday,ALLOW,usr-1002-cst-002,Juan Dela Cruz,Quezon City,2673.92,4000.0,0.67,supermarket groceries,14.665104,121.050807,14.676,121.0437,14.676,121.0437,91.6,1.43,1.43,0.94,False,False,ALLOW,True,ALLOW,GATE_0_FAST_PATH,True,ALLOW,GATE_1_NEURAL_QWEN,True
TX-CAT1-0153,1. Routine Everyday,ALLOW,usr-1003-cst-003,Elena Reyes,Cebu IT Park,6205.6,15000.0,0.41,meralco electric bill,10.316448,123.886982,10.3157,123.8854,10.3157,123.8854,196.4,0.19,0.19,0.06,False,False,ALLOW,True,ALLOW,GATE_0_FAST_PATH,True,ALLOW,GATE_1_NEURAL_QWEN,True
TX-CAT1-0154,1. Routine Everyday,ALLOW,usr-1002-cst-002,Juan Dela Cruz,Quezon City,764.26,4000.0,0.19,dinner delivery,14.6849,121.046573,14.676,121.0437,14.676,121.0437,80.6,1.04,1.04,0.77,False,False,ALLOW,True,ALLOW,GATE_0_FAST_PATH,True,ALLOW,GATE_1_NEURAL_QWEN,True
TX-CAT1-0155,1. Routine Everyday,ALLOW,usr-1002-cst-002,Juan Dela Cruz,Quezon City,974.45,4000.0,0.24,school supplies,14.670095,121.037828,14.676,121.0437,14.676,121.0437,32.0,0.91,0.91,1.71,False,False,ALLOW,True,ALLOW,GATE_0_FAST_PATH,True,ALLOW,GATE_1_NEURAL_QWEN,True
TX-CAT1-0156,1. Routine Everyday,ALLOW,usr-1004-cst-004,Carlos Tan,Pasig Ortigas,1724.15,2000.0,0.86,school supplies,14.588018,121.051173,14.5869,121.0614,14.5869,121.0614,228.5,1.11,1.11,0.29,False,False,ALLOW,True,ALLOW,GATE_0_FAST_PATH,True,ALLOW,GATE_1_NEURAL_QWEN,True
TX-CAT1-0157,1. Routine Everyday,ALLOW,usr-1003-cst-003,Elena Reyes,Cebu IT Park,9148.2,15000.0,0.61,coffee and pastry,10.320268,123.884364,10.3157,123.8854,10.3157,123.8854,93.4,0.52,0.52,0.33,False,False,BLOCK,False,ALLOW,GATE_0_FAST_PATH,True,ALLOW,GATE_1_NEURAL_QWEN,True
TX-CAT1-0158,1. Routine Everyday,ALLOW,usr-1004-cst-004,Carlos Tan,Pasig Ortigas,1638.94,2000.0,0.82,lunch with colleagues,14.580593,121.063126,14.5869,121.0614,14.5869,121.0614,150.7,0.73,0.73,0.29,False,False,ALLOW,True,ALLOW,GATE_0_FAST_PATH,True,ALLOW,GATE_1_NEURAL_QWEN,True
TX-CAT1-0159,1. Routine Everyday,ALLOW,usr-1003-cst-003,Elena Reyes,Cebu IT Park,430.01,15000.0,0.03,school supplies,10.313199,123.873594,10.3157,123.8854,10.3157,123.8854,211.7,1.32,1.32,0.37,False,False,ALLOW,True,ALLOW,GATE_0_FAST_PATH,True,ALLOW,GATE_1_NEURAL_QWEN,True
TX-CAT1-0160,1. Routine Everyday,ALLOW,usr-1001-cst-001,Maria Santos,Makati CBD,2173.44,2500.0,0.87,pet food purchase,14.554621,121.0297,14.5547,121.02,14.5547,121.02,90.1,1.04,1.04,0.69,False,False,ALLOW,True,ALLOW,GATE_0_FAST_PATH,True,ALLOW,GATE_1_NEURAL_QWEN,True
TX-CAT1-0161,1. Routine Everyday,ALLOW,usr-1002-cst-002,Juan Dela Cruz,Quezon City,2354.0,4000.0,0.59,pharmacy vitamins,14.669256,121.036263,14.676,121.0437,14.676,121.0437,82.6,1.1,1.1,0.8,False,False,ALLOW,True,ALLOW,GATE_0_FAST_PATH,True,ALLOW,GATE_1_NEURAL_QWEN,True
TX-CAT1-0162,1. Routine Everyday,ALLOW,usr-1002-cst-002,Juan Dela Cruz,Quezon City,2431.95,4000.0,0.61,school supplies,14.679512,121.039114,14.676,121.0437,14.676,121.0437,122.6,0.63,0.63,0.31,False,False,ALLOW,True,ALLOW,GATE_0_FAST_PATH,True,ALLOW,GATE_1_NEURAL_QWEN,True
TX-CAT1-0163,1. Routine Everyday,ALLOW,usr-1003-cst-003,Elena Reyes,Cebu IT Park,10468.24,15000.0,0.7,lunch with colleagues,10.325531,123.881241,10.3157,123.8854,10.3157,123.8854,117.3,1.18,1.18,0.6,False,False,ALLOW,True,ALLOW,GATE_0_FAST_PATH,True,ALLOW,GATE_1_NEURAL_QWEN,True
TX-CAT1-0164,1. Routine Everyday,ALLOW,usr-1002-cst-002,Juan Dela Cruz,Quezon City,606.35,4000.0,0.15,grab car ride payment,14.685035,121.040481,14.676,121.0437,14.676,121.0437,135.4,1.06,1.06,0.47,False,False,ALLOW,True,ALLOW,GATE_0_FAST_PATH,True,ALLOW,GATE_1_NEURAL_QWEN,True
TX-CAT1-0165,1. Routine Everyday,ALLOW,usr-1003-cst-003,Elena Reyes,Cebu IT Park,11854.58,15000.0,0.79,maynilad water payment,10.325637,123.896061,10.3157,123.8854,10.3157,123.8854,233.2,1.61,1.61,0.41,False,False,ALLOW,True,ALLOW,GATE_0_FAST_PATH,True,ALLOW,GATE_1_NEURAL_QWEN,True
TX-CAT1-0166,1. Routine Everyday,ALLOW,usr-1003-cst-003,Elena Reyes,Cebu IT Park,10668.88,15000.0,0.71,pharmacy vitamins,10.323002,123.88464,10.3157,123.8854,10.3157,123.8854,45.8,0.82,0.82,1.07,False,False,ALLOW,True,ALLOW,GATE_0_FAST_PATH,True,ALLOW,GATE_1_NEURAL_QWEN,True
TX-CAT1-0167,1. Routine Everyday,ALLOW,usr-1002-cst-002,Juan Dela Cruz,Quezon City,3285.32,4000.0,0.82,pet food purchase,14.680186,121.041238,14.676,121.0437,14.676,121.0437,207.6,0.54,0.54,0.16,False,False,ALLOW,True,ALLOW,GATE_0_FAST_PATH,True,ALLOW,GATE_1_NEURAL_QWEN,True
TX-CAT1-0168,1. Routine Everyday,ALLOW,usr-1003-cst-003,Elena Reyes,Cebu IT Park,1395.98,15000.0,0.09,coffee and pastry,10.304034,123.886278,10.3157,123.8854,10.3157,123.8854,125.5,1.3,1.3,0.62,False,False,ALLOW,True,ALLOW,GATE_0_FAST_PATH,True,ALLOW,GATE_1_NEURAL_QWEN,True
TX-CAT1-0169,1. Routine Everyday,ALLOW,usr-1003-cst-003,Elena Reyes,Cebu IT Park,8379.83,15000.0,0.56,school supplies,10.326267,123.876,10.3157,123.8854,10.3157,123.8854,79.1,1.56,1.56,1.18,False,False,ALLOW,True,ALLOW,GATE_0_FAST_PATH,True,ALLOW,GATE_1_NEURAL_QWEN,True
TX-CAT1-0170,1. Routine Everyday,ALLOW,usr-1001-cst-001,Maria Santos,Makati CBD,1517.08,2500.0,0.61,grab car ride payment,14.550572,121.022642,14.5547,121.02,14.5547,121.02,166.0,0.54,0.54,0.2,False,False,ALLOW,True,ALLOW,GATE_0_FAST_PATH,True,ALLOW,GATE_1_NEURAL_QWEN,True
TX-CAT1-0171,1. Routine Everyday,ALLOW,usr-1004-cst-004,Carlos Tan,Pasig Ortigas,1738.71,2000.0,0.87,maynilad water payment,14.590482,121.0522,14.5869,121.0614,14.5869,121.0614,39.5,1.07,1.07,1.63,False,False,ALLOW,True,ALLOW,GATE_0_FAST_PATH,True,ALLOW,GATE_1_NEURAL_QWEN,True
TX-CAT1-0172,1. Routine Everyday,ALLOW,usr-1001-cst-001,Maria Santos,Makati CBD,806.34,2500.0,0.32,allowance transfer,14.545487,121.013635,14.5547,121.02,14.5547,121.02,142.9,1.23,1.23,0.52,False,False,ALLOW,True,ALLOW,GATE_0_FAST_PATH,True,ALLOW,GATE_1_NEURAL_QWEN,True
TX-CAT1-0173,1. Routine Everyday,ALLOW,usr-1004-cst-004,Carlos Tan,Pasig Ortigas,927.49,2000.0,0.46,school supplies,14.597685,121.066116,14.5869,121.0614,14.5869,121.0614,143.4,1.3,1.3,0.54,False,False,ALLOW,True,ALLOW,GATE_0_FAST_PATH,True,ALLOW,GATE_1_NEURAL_QWEN,True
TX-CAT1-0174,1. Routine Everyday,ALLOW,usr-1002-cst-002,Juan Dela Cruz,Quezon City,3378.32,4000.0,0.84,school supplies,14.666377,121.043444,14.676,121.0437,14.676,121.0437,115.7,1.07,1.07,0.55,False,False,ALLOW,True,ALLOW,GATE_0_FAST_PATH,True,ALLOW,GATE_1_NEURAL_QWEN,True
TX-CAT1-0175,1. Routine Everyday,ALLOW,usr-1003-cst-003,Elena Reyes,Cebu IT Park,582.28,15000.0,0.04,pharmacy vitamins,10.308914,123.884073,10.3157,123.8854,10.3157,123.8854,79.6,0.77,0.77,0.58,False,False,ALLOW,True,ALLOW,GATE_0_FAST_PATH,True,ALLOW,GATE_1_NEURAL_QWEN,True
TX-CAT1-0176,1. Routine Everyday,ALLOW,usr-1003-cst-003,Elena Reyes,Cebu IT Park,1523.88,15000.0,0.1,school supplies,10.312516,123.895041,10.3157,123.8854,10.3157,123.8854,165.4,1.11,1.11,0.4,False,False,ALLOW,True,ALLOW,GATE_0_FAST_PATH,True,ALLOW,GATE_1_NEURAL_QWEN,True
TX-CAT1-0177,1. Routine Everyday,ALLOW,usr-1001-cst-001,Maria Santos,Makati CBD,1017.8,2500.0,0.41,meralco electric bill,14.565937,121.030776,14.5547,121.02,14.5547,121.02,203.1,1.7,1.7,0.5,False,False,ALLOW,True,ALLOW,GATE_0_FAST_PATH,True,ALLOW,GATE_1_NEURAL_QWEN,True
TX-CAT1-0178,1. Routine Everyday,ALLOW,usr-1001-cst-001,Maria Santos,Makati CBD,1614.54,2500.0,0.65,school supplies,14.558048,121.031306,14.5547,121.02,14.5547,121.02,40.6,1.27,1.27,1.88,False,False,ALLOW,True,ALLOW,GATE_0_FAST_PATH,True,ALLOW,GATE_1_NEURAL_QWEN,True
TX-CAT1-0179,1. Routine Everyday,ALLOW,usr-1003-cst-003,Elena Reyes,Cebu IT Park,3561.63,15000.0,0.24,monthly rent payment,10.322587,123.878325,10.3157,123.8854,10.3157,123.8854,204.3,1.09,1.09,0.32,False,False,ALLOW,True,ALLOW,GATE_0_FAST_PATH,True,ALLOW,GATE_1_NEURAL_QWEN,True
TX-CAT1-0180,1. Routine Everyday,ALLOW,usr-1002-cst-002,Juan Dela Cruz,Quezon City,2277.89,4000.0,0.57,meralco electric bill,14.671885,121.035241,14.676,121.0437,14.676,121.0437,219.1,1.02,1.02,0.28,False,False,ALLOW,True,ALLOW,GATE_0_FAST_PATH,True,ALLOW,GATE_1_NEURAL_QWEN,True
TX-CAT1-0181,1. Routine Everyday,ALLOW,usr-1001-cst-001,Maria Santos,Makati CBD,745.25,2500.0,0.3,monthly rent payment,14.566401,121.020965,14.5547,121.02,14.5547,121.02,197.7,1.31,1.31,0.4,False,False,ALLOW,True,ALLOW,GATE_0_FAST_PATH,True,ALLOW,GATE_1_NEURAL_QWEN,True
TX-CAT1-0182,1. Routine Everyday,ALLOW,usr-1001-cst-001,Maria Santos,Makati CBD,1610.68,2500.0,0.64,supermarket groceries,14.545863,121.016598,14.5547,121.02,14.5547,121.02,195.6,1.05,1.05,0.32,False,False,ALLOW,True,ALLOW,GATE_0_FAST_PATH,True,ALLOW,GATE_1_NEURAL_QWEN,True
TX-CAT1-0183,1. Routine Everyday,ALLOW,usr-1003-cst-003,Elena Reyes,Cebu IT Park,342.99,15000.0,0.02,maynilad water payment,10.304958,123.891201,10.3157,123.8854,10.3157,123.8854,140.5,1.35,1.35,0.58,False,False,ALLOW,True,ALLOW,GATE_0_FAST_PATH,True,ALLOW,GATE_1_NEURAL_QWEN,True
TX-CAT1-0184,1. Routine Everyday,ALLOW,usr-1001-cst-001,Maria Santos,Makati CBD,1193.93,2500.0,0.48,pharmacy vitamins,14.555018,121.010617,14.5547,121.02,14.5547,121.02,135.8,1.01,1.01,0.45,False,False,ALLOW,True,ALLOW,GATE_0_FAST_PATH,True,ALLOW,GATE_1_NEURAL_QWEN,True
TX-CAT1-0185,1. Routine Everyday,ALLOW,usr-1001-cst-001,Maria Santos,Makati CBD,1759.93,2500.0,0.7,school supplies,14.555215,121.018993,14.5547,121.02,14.5547,121.02,232.4,0.12,0.12,0.03,False,False,ALLOW,True,ALLOW,GATE_0_FAST_PATH,True,ALLOW,GATE_1_NEURAL_QWEN,True
TX-CAT1-0186,1. Routine Everyday,ALLOW,usr-1001-cst-001,Maria Santos,Makati CBD,2371.81,2500.0,0.95,coffee and pastry,14.552931,121.010591,14.5547,121.02,14.5547,121.02,179.6,1.03,1.03,0.34,False,False,ALLOW,True,ALLOW,GATE_0_FAST_PATH,True,ALLOW,GATE_1_NEURAL_QWEN,True
TX-CAT1-0187,1. Routine Everyday,ALLOW,usr-1004-cst-004,Carlos Tan,Pasig Ortigas,250.81,2000.0,0.13,lunch with colleagues,14.582631,121.05296,14.5869,121.0614,14.5869,121.0614,56.5,1.02,1.02,1.08,False,False,ALLOW,True,ALLOW,GATE_0_FAST_PATH,True,ALLOW,GATE_1_NEURAL_QWEN,True
TX-CAT1-0188,1. Routine Everyday,ALLOW,usr-1003-cst-003,Elena Reyes,Cebu IT Park,5502.18,15000.0,0.37,dinner delivery,10.316433,123.884289,10.3157,123.8854,10.3157,123.8854,157.1,0.15,0.15,0.06,False,False,ALLOW,True,ALLOW,GATE_0_FAST_PATH,True,ALLOW,GATE_1_NEURAL_QWEN,True
TX-CAT1-0189,1. Routine Everyday,ALLOW,usr-1001-cst-001,Maria Santos,Makati CBD,1908.43,2500.0,0.76,lunch with colleagues,14.563167,121.023622,14.5547,121.02,14.5547,121.02,191.5,1.02,1.02,0.32,False,False,ALLOW,True,ALLOW,GATE_0_FAST_PATH,True,ALLOW,GATE_1_NEURAL_QWEN,True
TX-CAT1-0190,1. Routine Everyday,ALLOW,usr-1002-cst-002,Juan Dela Cruz,Quezon City,1702.66,4000.0,0.43,meralco electric bill,14.673932,121.051558,14.676,121.0437,14.676,121.0437,113.7,0.88,0.88,0.46,False,False,ALLOW,True,ALLOW,GATE_0_FAST_PATH,True,ALLOW,GATE_1_NEURAL_QWEN,True
TX-CAT1-0191,1. Routine Everyday,ALLOW,usr-1001-cst-001,Maria Santos,Makati CBD,824.8,2500.0,0.33,pharmacy vitamins,14.558663,121.016983,14.5547,121.02,14.5547,121.02,62.1,0.55,0.55,0.53,False,False,ALLOW,True,ALLOW,GATE_0_FAST_PATH,True,ALLOW,GATE_1_NEURAL_QWEN,True
TX-CAT1-0192,1. Routine Everyday,ALLOW,usr-1004-cst-004,Carlos Tan,Pasig Ortigas,239.5,2000.0,0.12,lunch with colleagues,14.577138,121.051718,14.5869,121.0614,14.5869,121.0614,185.1,1.5,1.5,0.49,False,False,ALLOW,True,ALLOW,GATE_0_FAST_PATH,True,ALLOW,GATE_1_NEURAL_QWEN,True
TX-CAT1-0193,1. Routine Everyday,ALLOW,usr-1002-cst-002,Juan Dela Cruz,Quezon City,2167.44,4000.0,0.54,dinner delivery,14.686959,121.04518,14.676,121.0437,14.676,121.0437,170.7,1.23,1.23,0.43,False,False,ALLOW,True,ALLOW,GATE_0_FAST_PATH,True,ALLOW,GATE_1_NEURAL_QWEN,True
TX-CAT1-0194,1. Routine Everyday,ALLOW,usr-1004-cst-004,Carlos Tan,Pasig Ortigas,749.4,2000.0,0.37,school supplies,14.597487,121.05955,14.5869,121.0614,14.5869,121.0614,222.3,1.19,1.19,0.32,False,False,ALLOW,True,ALLOW,GATE_0_FAST_PATH,True,ALLOW,GATE_1_NEURAL_QWEN,True
TX-CAT1-0195,1. Routine Everyday,ALLOW,usr-1001-cst-001,Maria Santos,Makati CBD,2303.74,2500.0,0.92,dinner delivery,14.550199,121.010486,14.5547,121.02,14.5547,121.02,136.6,1.14,1.14,0.5,False,False,ALLOW,True,ALLOW,GATE_0_FAST_PATH,True,ALLOW,GATE_1_NEURAL_QWEN,True
TX-CAT1-0196,1. Routine Everyday,ALLOW,usr-1002-cst-002,Juan Dela Cruz,Quezon City,2536.79,4000.0,0.63,meralco electric bill,14.684335,121.040103,14.676,121.0437,14.676,121.0437,146.8,1.0,1.0,0.41,False,False,ALLOW,True,ALLOW,GATE_0_FAST_PATH,True,ALLOW,GATE_1_NEURAL_QWEN,True
TX-CAT1-0197,1. Routine Everyday,ALLOW,usr-1001-cst-001,Maria Santos,Makati CBD,1839.68,2500.0,0.74,dinner delivery,14.548128,121.018299,14.5547,121.02,14.5547,121.02,147.8,0.75,0.75,0.3,False,False,ALLOW,True,ALLOW,GATE_0_FAST_PATH,True,ALLOW,GATE_1_NEURAL_QWEN,True
TX-CAT1-0198,1. Routine Everyday,ALLOW,usr-1001-cst-001,Maria Santos,Makati CBD,1493.28,2500.0,0.6,school supplies,14.562607,121.014419,14.5547,121.02,14.5547,121.02,67.9,1.06,1.06,0.94,False,False,ALLOW,True,ALLOW,GATE_0_FAST_PATH,True,ALLOW,GATE_1_NEURAL_QWEN,True
TX-CAT1-0199,1. Routine Everyday,ALLOW,usr-1003-cst-003,Elena Reyes,Cebu IT Park,13141.33,15000.0,0.88,pharmacy vitamins,10.303847,123.894277,10.3157,123.8854,10.3157,123.8854,148.9,1.64,1.64,0.66,False,False,ALLOW,True,ALLOW,GATE_0_FAST_PATH,True,ALLOW,GATE_1_NEURAL_QWEN,True
TX-CAT1-0200,1. Routine Everyday,ALLOW,usr-1004-cst-004,Carlos Tan,Pasig Ortigas,243.86,2000.0,0.12,pet food purchase,14.590096,121.050136,14.5869,121.0614,14.5869,121.0614,186.7,1.26,1.26,0.4,False,False,ALLOW,True,ALLOW,GATE_0_FAST_PATH,True,ALLOW,GATE_1_NEURAL_QWEN,True
TX-CAT1-0201,1. Routine Everyday,ALLOW,usr-1002-cst-002,Juan Dela Cruz,Quezon City,1504.4,4000.0,0.38,allowance transfer,14.672182,121.040581,14.676,121.0437,14.676,121.0437,181.5,0.54,0.54,0.18,False,False,ALLOW,True,ALLOW,GATE_0_FAST_PATH,True,ALLOW,GATE_1_NEURAL_QWEN,True
TX-CAT1-0202,1. Routine Everyday,ALLOW,usr-1001-cst-001,Maria Santos,Makati CBD,2111.94,2500.0,0.84,monthly rent payment,14.546478,121.022828,14.5547,121.02,14.5547,121.02,171.5,0.96,0.96,0.34,False,False,ALLOW,True,ALLOW,GATE_0_FAST_PATH,True,ALLOW,GATE_1_NEURAL_QWEN,True
TX-CAT1-0203,1. Routine Everyday,ALLOW,usr-1003-cst-003,Elena Reyes,Cebu IT Park,6381.19,15000.0,0.43,coffee and pastry,10.315356,123.884009,10.3157,123.8854,10.3157,123.8854,87.4,0.16,0.16,0.11,False,False,BLOCK,False,ALLOW,GATE_0_FAST_PATH,True,ALLOW,GATE_1_NEURAL_QWEN,True
TX-CAT1-0204,1. Routine Everyday,ALLOW,usr-1001-cst-001,Maria Santos,Makati CBD,898.36,2500.0,0.36,lunch with colleagues,14.549498,121.024284,14.5547,121.02,14.5547,121.02,132.2,0.74,0.74,0.34,False,False,ALLOW,True,ALLOW,GATE_0_FAST_PATH,True,ALLOW,GATE_1_NEURAL_QWEN,True
TX-CAT1-0205,1. Routine Everyday,ALLOW,usr-1003-cst-003,Elena Reyes,Cebu IT Park,761.75,15000.0,0.05,coffee and pastry,10.327327,123.874715,10.3157,123.8854,10.3157,123.8854,72.9,1.74,1.74,1.43,False,False,ALLOW,True,ALLOW,GATE_0_FAST_PATH,True,ALLOW,GATE_1_NEURAL_QWEN,True
TX-CAT1-0206,1. Routine Everyday,ALLOW,usr-1002-cst-002,Juan Dela Cruz,Quezon City,2943.85,4000.0,0.74,maynilad water payment,14.670947,121.03458,14.676,121.0437,14.676,121.0437,134.5,1.13,1.13,0.5,False,False,ALLOW,True,ALLOW,GATE_0_FAST_PATH,True,ALLOW,GATE_1_NEURAL_QWEN,True
TX-CAT1-0207,1. Routine Everyday,ALLOW,usr-1004-cst-004,Carlos Tan,Pasig Ortigas,432.74,2000.0,0.22,coffee and pastry,14.587682,121.054923,14.5869,121.0614,14.5869,121.0614,147.3,0.7,0.7,0.29,False,False,ALLOW,True,ALLOW,GATE_0_FAST_PATH,True,ALLOW,GATE_1_NEURAL_QWEN,True
TX-CAT1-0208,1. Routine Everyday,ALLOW,usr-1003-cst-003,Elena Reyes,Cebu IT Park,1138.43,15000.0,0.08,pet food purchase,10.304715,123.87385,10.3157,123.8854,10.3157,123.8854,223.4,1.76,1.76,0.47,False,False,ALLOW,True,ALLOW,GATE_0_FAST_PATH,True,ALLOW,GATE_1_NEURAL_QWEN,True
TX-CAT1-0209,1. Routine Everyday,ALLOW,usr-1003-cst-003,Elena Reyes,Cebu IT Park,8255.48,15000.0,0.55,dinner delivery,10.313406,123.888763,10.3157,123.8854,10.3157,123.8854,90.8,0.45,0.45,0.3,False,False,ALLOW,True,ALLOW,GATE_0_FAST_PATH,True,ALLOW,GATE_1_NEURAL_QWEN,True
TX-CAT1-0210,1. Routine Everyday,ALLOW,usr-1004-cst-004,Carlos Tan,Pasig Ortigas,157.12,2000.0,0.08,pharmacy vitamins,14.579025,121.072143,14.5869,121.0614,14.5869,121.0614,126.6,1.45,1.45,0.69,False,False,ALLOW,True,ALLOW,GATE_0_FAST_PATH,True,ALLOW,GATE_1_NEURAL_QWEN,True
TX-CAT1-0211,1. Routine Everyday,ALLOW,usr-1003-cst-003,Elena Reyes,Cebu IT Park,1365.28,15000.0,0.09,lunch with colleagues,10.30954,123.887533,10.3157,123.8854,10.3157,123.8854,140.0,0.72,0.72,0.31,False,False,ALLOW,True,ALLOW,GATE_0_FAST_PATH,True,ALLOW,GATE_1_NEURAL_QWEN,True
TX-CAT1-0212,1. Routine Everyday,ALLOW,usr-1004-cst-004,Carlos Tan,Pasig Ortigas,1669.53,2000.0,0.83,pet food purchase,14.583048,121.057394,14.5869,121.0614,14.5869,121.0614,65.3,0.61,0.61,0.56,False,False,ALLOW,True,ALLOW,GATE_0_FAST_PATH,True,ALLOW,GATE_1_NEURAL_QWEN,True
TX-CAT1-0213,1. Routine Everyday,ALLOW,usr-1001-cst-001,Maria Santos,Makati CBD,1316.51,2500.0,0.53,meralco electric bill,14.564442,121.016385,14.5547,121.02,14.5547,121.02,182.7,1.15,1.15,0.38,False,False,ALLOW,True,ALLOW,GATE_0_FAST_PATH,True,ALLOW,GATE_1_NEURAL_QWEN,True
TX-CAT1-0214,1. Routine Everyday,ALLOW,usr-1002-cst-002,Juan Dela Cruz,Quezon City,989.47,4000.0,0.25,monthly rent payment,14.670143,121.035864,14.676,121.0437,14.676,121.0437,62.1,1.07,1.07,1.03,False,False,ALLOW,True,ALLOW,GATE_0_FAST_PATH,True,ALLOW,GATE_1_NEURAL_QWEN,True
TX-CAT1-0215,1. Routine Everyday,ALLOW,usr-1001-cst-001,Maria Santos,Makati CBD,519.46,2500.0,0.21,school supplies,14.554559,121.026107,14.5547,121.02,14.5547,121.02,189.6,0.66,0.66,0.21,False,False,ALLOW,True,ALLOW,GATE_0_FAST_PATH,True,ALLOW,GATE_1_NEURAL_QWEN,True
TX-CAT1-0216,1. Routine Everyday,ALLOW,usr-1004-cst-004,Carlos Tan,Pasig Ortigas,1332.42,2000.0,0.67,dinner delivery,14.590332,121.073077,14.5869,121.0614,14.5869,121.0614,97.9,1.31,1.31,0.8,False,False,ALLOW,True,ALLOW,GATE_0_FAST_PATH,True,ALLOW,GATE_1_NEURAL_QWEN,True
TX-CAT1-0217,1. Routine Everyday,ALLOW,usr-1003-cst-003,Elena Reyes,Cebu IT Park,2253.03,15000.0,0.15,lunch with colleagues,10.314954,123.888553,10.3157,123.8854,10.3157,123.8854,197.2,0.35,0.35,0.11,False,False,ALLOW,True,ALLOW,GATE_0_FAST_PATH,True,ALLOW,GATE_1_NEURAL_QWEN,True
TX-CAT1-0218,1. Routine Everyday,ALLOW,usr-1001-cst-001,Maria Santos,Makati CBD,913.63,2500.0,0.37,lunch with colleagues,14.55015,121.018846,14.5547,121.02,14.5547,121.02,41.9,0.52,0.52,0.74,False,False,ALLOW,True,ALLOW,GATE_0_FAST_PATH,True,ALLOW,GATE_1_NEURAL_QWEN,True
TX-CAT1-0219,1. Routine Everyday,ALLOW,usr-1003-cst-003,Elena Reyes,Cebu IT Park,1204.21,15000.0,0.08,lunch with colleagues,10.31846,123.88557,10.3157,123.8854,10.3157,123.8854,127.2,0.31,0.31,0.15,False,False,ALLOW,True,ALLOW,GATE_0_FAST_PATH,True,ALLOW,GATE_1_NEURAL_QWEN,True
TX-CAT1-0220,1. Routine Everyday,ALLOW,usr-1001-cst-001,Maria Santos,Makati CBD,1134.15,2500.0,0.45,dinner delivery,14.558344,121.015717,14.5547,121.02,14.5547,121.02,129.9,0.61,0.61,0.28,False,False,ALLOW,True,ALLOW,GATE_0_FAST_PATH,True,ALLOW,GATE_1_NEURAL_QWEN,True
TX-CAT1-0221,1. Routine Everyday,ALLOW,usr-1002-cst-002,Juan Dela Cruz,Quezon City,3644.42,4000.0,0.91,allowance transfer,14.666484,121.053279,14.676,121.0437,14.676,121.0437,102.1,1.48,1.48,0.87,False,False,ALLOW,True,ALLOW,GATE_0_FAST_PATH,True,ALLOW,GATE_1_NEURAL_QWEN,True
TX-CAT1-0222,1. Routine Everyday,ALLOW,usr-1001-cst-001,Maria Santos,Makati CBD,1257.76,2500.0,0.5,monthly rent payment,14.543639,121.024983,14.5547,121.02,14.5547,121.02,238.1,1.34,1.34,0.34,False,False,ALLOW,True,ALLOW,GATE_0_FAST_PATH,True,ALLOW,GATE_1_NEURAL_QWEN,True
TX-CAT1-0223,1. Routine Everyday,ALLOW,usr-1002-cst-002,Juan Dela Cruz,Quezon City,1459.14,4000.0,0.36,maynilad water payment,14.673298,121.050287,14.676,121.0437,14.676,121.0437,172.6,0.77,0.77,0.27,False,False,ALLOW,True,ALLOW,GATE_0_FAST_PATH,True,ALLOW,GATE_1_NEURAL_QWEN,True
TX-CAT1-0224,1. Routine Everyday,ALLOW,usr-1001-cst-001,Maria Santos,Makati CBD,1899.71,2500.0,0.76,school supplies,14.550732,121.015913,14.5547,121.02,14.5547,121.02,147.2,0.62,0.62,0.25,False,False,ALLOW,True,ALLOW,GATE_0_FAST_PATH,True,ALLOW,GATE_1_NEURAL_QWEN,True
TX-CAT1-0225,1. Routine Everyday,ALLOW,usr-1004-cst-004,Carlos Tan,Pasig Ortigas,625.78,2000.0,0.31,pet food purchase,14.595338,121.072546,14.5869,121.0614,14.5869,121.0614,156.6,1.52,1.52,0.58,False,False,ALLOW,True,ALLOW,GATE_0_FAST_PATH,True,ALLOW,GATE_1_NEURAL_QWEN,True
TX-CAT1-0226,1. Routine Everyday,ALLOW,usr-1002-cst-002,Juan Dela Cruz,Quezon City,1346.77,4000.0,0.34,dinner delivery,14.679927,121.053702,14.676,121.0437,14.676,121.0437,95.1,1.16,1.16,0.73,False,False,ALLOW,True,ALLOW,GATE_0_FAST_PATH,True,ALLOW,GATE_1_NEURAL_QWEN,True
TX-CAT1-0227,1. Routine Everyday,ALLOW,usr-1004-cst-004,Carlos Tan,Pasig Ortigas,349.53,2000.0,0.17,pet food purchase,14.597412,121.05683,14.5869,121.0614,14.5869,121.0614,109.1,1.27,1.27,0.7,False,False,ALLOW,True,ALLOW,GATE_0_FAST_PATH,True,ALLOW,GATE_1_NEURAL_QWEN,True
TX-CAT1-0228,1. Routine Everyday,ALLOW,usr-1003-cst-003,Elena Reyes,Cebu IT Park,11610.3,15000.0,0.77,school supplies,10.320568,123.896131,10.3157,123.8854,10.3157,123.8854,239.4,1.29,1.29,0.32,False,False,ALLOW,True,ALLOW,GATE_0_FAST_PATH,True,ALLOW,GATE_1_NEURAL_QWEN,True
TX-CAT1-0229,1. Routine Everyday,ALLOW,usr-1001-cst-001,Maria Santos,Makati CBD,1576.79,2500.0,0.63,coffee and pastry,14.554904,121.008438,14.5547,121.02,14.5547,121.02,94.9,1.24,1.24,0.78,False,False,ALLOW,True,ALLOW,GATE_0_FAST_PATH,True,ALLOW,GATE_1_NEURAL_QWEN,True
TX-CAT1-0230,1. Routine Everyday,ALLOW,usr-1002-cst-002,Juan Dela Cruz,Quezon City,1377.58,4000.0,0.34,allowance transfer,14.668608,121.055699,14.676,121.0437,14.676,121.0437,62.5,1.53,1.53,1.47,False,False,ALLOW,True,ALLOW,GATE_0_FAST_PATH,True,ALLOW,GATE_1_NEURAL_QWEN,True
TX-CAT1-0231,1. Routine Everyday,ALLOW,usr-1003-cst-003,Elena Reyes,Cebu IT Park,12051.77,15000.0,0.8,lunch with colleagues,10.315885,123.886354,10.3157,123.8854,10.3157,123.8854,185.1,0.11,0.11,0.04,False,False,ALLOW,True,ALLOW,GATE_0_FAST_PATH,True,ALLOW,GATE_1_NEURAL_QWEN,True
TX-CAT1-0232,1. Routine Everyday,ALLOW,usr-1001-cst-001,Maria Santos,Makati CBD,1612.65,2500.0,0.65,dinner delivery,14.545845,121.017041,14.5547,121.02,14.5547,121.02,64.1,1.03,1.03,0.96,False,False,ALLOW,True,ALLOW,GATE_0_FAST_PATH,True,ALLOW,GATE_1_NEURAL_QWEN,True
TX-CAT1-0233,1. Routine Everyday,ALLOW,usr-1002-cst-002,Juan Dela Cruz,Quezon City,2773.95,4000.0,0.69,supermarket groceries,14.673861,121.047933,14.676,121.0437,14.676,121.0437,79.9,0.51,0.51,0.38,False,False,ALLOW,True,ALLOW,GATE_0_FAST_PATH,True,ALLOW,GATE_1_NEURAL_QWEN,True
TX-CAT1-0234,1. Routine Everyday,ALLOW,usr-1004-cst-004,Carlos Tan,Pasig Ortigas,1206.86,2000.0,0.6,pet food purchase,14.593711,121.055016,14.5869,121.0614,14.5869,121.0614,80.2,1.02,1.02,0.76,False,False,ALLOW,True,ALLOW,GATE_0_FAST_PATH,True,ALLOW,GATE_1_NEURAL_QWEN,True
TX-CAT1-0235,1. Routine Everyday,ALLOW,usr-1004-cst-004,Carlos Tan,Pasig Ortigas,1729.07,2000.0,0.86,meralco electric bill,14.583728,121.072131,14.5869,121.0614,14.5869,121.0614,236.7,1.21,1.21,0.31,False,False,ALLOW,True,ALLOW,GATE_0_FAST_PATH,True,ALLOW,GATE_1_NEURAL_QWEN,True
TX-CAT1-0236,1. Routine Everyday,ALLOW,usr-1004-cst-004,Carlos Tan,Pasig Ortigas,1489.6,2000.0,0.74,coffee and pastry,14.58697,121.059448,14.5869,121.0614,14.5869,121.0614,64.0,0.21,0.21,0.2,False,False,ALLOW,True,ALLOW,GATE_0_FAST_PATH,True,ALLOW,GATE_1_NEURAL_QWEN,True
TX-CAT1-0237,1. Routine Everyday,ALLOW,usr-1002-cst-002,Juan Dela Cruz,Quezon City,3068.63,4000.0,0.77,monthly rent payment,14.684952,121.032952,14.676,121.0437,14.676,121.0437,130.9,1.53,1.53,0.7,False,False,ALLOW,True,ALLOW,GATE_0_FAST_PATH,True,ALLOW,GATE_1_NEURAL_QWEN,True
TX-CAT1-0238,1. Routine Everyday,ALLOW,usr-1003-cst-003,Elena Reyes,Cebu IT Park,7955.66,15000.0,0.53,lunch with colleagues,10.320774,123.885782,10.3157,123.8854,10.3157,123.8854,56.2,0.57,0.57,0.61,False,False,ALLOW,True,ALLOW,GATE_0_FAST_PATH,True,ALLOW,GATE_1_NEURAL_QWEN,True
TX-CAT1-0239,1. Routine Everyday,ALLOW,usr-1001-cst-001,Maria Santos,Makati CBD,1840.83,2500.0,0.74,maynilad water payment,14.553484,121.02032,14.5547,121.02,14.5547,121.02,204.5,0.14,0.14,0.04,False,False,ALLOW,True,ALLOW,GATE_0_FAST_PATH,True,ALLOW,GATE_1_NEURAL_QWEN,True
TX-CAT1-0240,1. Routine Everyday,ALLOW,usr-1001-cst-001,Maria Santos,Makati CBD,2254.16,2500.0,0.9,meralco electric bill,14.562301,121.029231,14.5547,121.02,14.5547,121.02,225.4,1.3,1.3,0.35,False,False,ALLOW,True,ALLOW,GATE_0_FAST_PATH,True,ALLOW,GATE_1_NEURAL_QWEN,True
TX-CAT1-0241,1. Routine Everyday,ALLOW,usr-1004-cst-004,Carlos Tan,Pasig Ortigas,214.8,2000.0,0.11,grab car ride payment,14.583875,121.058668,14.5869,121.0614,14.5869,121.0614,47.1,0.45,0.45,0.57,False,False,ALLOW,True,ALLOW,GATE_0_FAST_PATH,True,ALLOW,GATE_1_NEURAL_QWEN,True
TX-CAT1-0242,1. Routine Everyday,ALLOW,usr-1002-cst-002,Juan Dela Cruz,Quezon City,223.73,4000.0,0.06,lunch with colleagues,14.68414,121.047299,14.676,121.0437,14.676,121.0437,196.2,0.98,0.98,0.3,False,False,ALLOW,True,ALLOW,GATE_0_FAST_PATH,True,ALLOW,GATE_1_NEURAL_QWEN,True
TX-CAT1-0243,1. Routine Everyday,ALLOW,usr-1002-cst-002,Juan Dela Cruz,Quezon City,260.96,4000.0,0.07,allowance transfer,14.680706,121.035031,14.676,121.0437,14.676,121.0437,178.2,1.07,1.07,0.36,False,False,ALLOW,True,ALLOW,GATE_0_FAST_PATH,True,ALLOW,GATE_1_NEURAL_QWEN,True
TX-CAT1-0244,1. Routine Everyday,ALLOW,usr-1004-cst-004,Carlos Tan,Pasig Ortigas,1215.32,2000.0,0.61,lunch with colleagues,14.575356,121.054576,14.5869,121.0614,14.5869,121.0614,61.4,1.48,1.48,1.45,False,False,ALLOW,True,ALLOW,GATE_0_FAST_PATH,True,ALLOW,GATE_1_NEURAL_QWEN,True
TX-CAT1-0245,1. Routine Everyday,ALLOW,usr-1004-cst-004,Carlos Tan,Pasig Ortigas,317.91,2000.0,0.16,maynilad water payment,14.580603,121.052324,14.5869,121.0614,14.5869,121.0614,80.1,1.2,1.2,0.9,False,False,ALLOW,True,ALLOW,GATE_0_FAST_PATH,True,ALLOW,GATE_1_NEURAL_QWEN,True
TX-CAT1-0246,1. Routine Everyday,ALLOW,usr-1004-cst-004,Carlos Tan,Pasig Ortigas,231.8,2000.0,0.12,allowance transfer,14.589222,121.049794,14.5869,121.0614,14.5869,121.0614,138.2,1.28,1.28,0.56,False,False,ALLOW,True,ALLOW,GATE_0_FAST_PATH,True,ALLOW,GATE_1_NEURAL_QWEN,True
TX-CAT1-0247,1. Routine Everyday,ALLOW,usr-1002-cst-002,Juan Dela Cruz,Quezon City,2764.24,4000.0,0.69,maynilad water payment,14.674302,121.046455,14.676,121.0437,14.676,121.0437,80.5,0.35,0.35,0.26,False,False,ALLOW,True,ALLOW,GATE_0_FAST_PATH,True,ALLOW,GATE_1_NEURAL_QWEN,True
TX-CAT1-0248,1. Routine Everyday,ALLOW,usr-1004-cst-004,Carlos Tan,Pasig Ortigas,453.42,2000.0,0.23,school supplies,14.576955,121.072792,14.5869,121.0614,14.5869,121.0614,44.2,1.65,1.65,2.24,False,False,ALLOW,True,ALLOW,GATE_0_FAST_PATH,True,ALLOW,GATE_1_NEURAL_QWEN,True
TX-CAT1-0249,1. Routine Everyday,ALLOW,usr-1001-cst-001,Maria Santos,Makati CBD,1000.47,2500.0,0.4,allowance transfer,14.543745,121.017285,14.5547,121.02,14.5547,121.02,108.4,1.25,1.25,0.69,False,False,ALLOW,True,ALLOW,GATE_0_FAST_PATH,True,ALLOW,GATE_1_NEURAL_QWEN,True
TX-CAT1-0250,1. Routine Everyday,ALLOW,usr-1001-cst-001,Maria Santos,Makati CBD,925.25,2500.0,0.37,lunch with colleagues,14.550975,121.025591,14.5547,121.02,14.5547,121.02,161.9,0.73,0.73,0.27,False,False,ALLOW,True,ALLOW,GATE_0_FAST_PATH,True,ALLOW,GATE_1_NEURAL_QWEN,True
TX-CAT1-0251,1. Routine Everyday,ALLOW,usr-1003-cst-003,Elena Reyes,Cebu IT Park,2005.08,15000.0,0.13,pharmacy vitamins,10.316804,123.892924,10.3157,123.8854,10.3157,123.8854,66.8,0.83,0.83,0.75,False,False,ALLOW,True,ALLOW,GATE_0_FAST_PATH,True,ALLOW,GATE_1_NEURAL_QWEN,True
TX-CAT1-0252,1. Routine Everyday,ALLOW,usr-1004-cst-004,Carlos Tan,Pasig Ortigas,1865.86,2000.0,0.93,allowance transfer,14.590062,121.068876,14.5869,121.0614,14.5869,121.0614,43.3,0.88,0.88,1.22,False,False,ALLOW,True,ALLOW,GATE_0_FAST_PATH,True,ALLOW,GATE_1_NEURAL_QWEN,True
TX-CAT1-0253,1. Routine Everyday,ALLOW,usr-1004-cst-004,Carlos Tan,Pasig Ortigas,185.83,2000.0,0.09,meralco electric bill,14.575951,121.054187,14.5869,121.0614,14.5869,121.0614,38.8,1.44,1.44,2.23,False,False,ALLOW,True,ALLOW,GATE_0_FAST_PATH,True,ALLOW,GATE_1_NEURAL_QWEN,True
TX-CAT1-0254,1. Routine Everyday,ALLOW,usr-1003-cst-003,Elena Reyes,Cebu IT Park,7402.37,15000.0,0.49,grab car ride payment,10.315062,123.874279,10.3157,123.8854,10.3157,123.8854,165.8,1.22,1.22,0.44,False,False,ALLOW,True,ALLOW,GATE_0_FAST_PATH,True,ALLOW,GATE_1_NEURAL_QWEN,True
TX-CAT1-0255,1. Routine Everyday,ALLOW,usr-1003-cst-003,Elena Reyes,Cebu IT Park,5164.05,15000.0,0.34,supermarket groceries,10.324479,123.881366,10.3157,123.8854,10.3157,123.8854,56.1,1.07,1.07,1.14,False,False,ALLOW,True,ALLOW,GATE_0_FAST_PATH,True,ALLOW,GATE_1_NEURAL_QWEN,True
TX-CAT1-0256,1. Routine Everyday,ALLOW,usr-1003-cst-003,Elena Reyes,Cebu IT Park,6294.12,15000.0,0.42,coffee and pastry,10.321539,123.894871,10.3157,123.8854,10.3157,123.8854,111.2,1.22,1.22,0.66,False,False,BLOCK,False,ALLOW,GATE_0_FAST_PATH,True,ALLOW,GATE_1_NEURAL_QWEN,True
TX-CAT1-0257,1. Routine Everyday,ALLOW,usr-1002-cst-002,Juan Dela Cruz,Quezon City,1946.03,4000.0,0.49,allowance transfer,14.672816,121.050835,14.676,121.0437,14.676,121.0437,86.0,0.85,0.85,0.59,False,False,ALLOW,True,ALLOW,GATE_0_FAST_PATH,True,ALLOW,GATE_1_NEURAL_QWEN,True
TX-CAT1-0258,1. Routine Everyday,ALLOW,usr-1001-cst-001,Maria Santos,Makati CBD,1759.57,2500.0,0.7,lunch with colleagues,14.553035,121.031882,14.5547,121.02,14.5547,121.02,67.9,1.29,1.29,1.14,False,False,ALLOW,True,ALLOW,GATE_0_FAST_PATH,True,ALLOW,GATE_1_NEURAL_QWEN,True
TX-CAT1-0259,1. Routine Everyday,ALLOW,usr-1003-cst-003,Elena Reyes,Cebu IT Park,4658.72,15000.0,0.31,lunch with colleagues,10.31157,123.880495,10.3157,123.8854,10.3157,123.8854,123.6,0.71,0.71,0.34,False,False,ALLOW,True,ALLOW,GATE_0_FAST_PATH,True,ALLOW,GATE_1_NEURAL_QWEN,True
TX-CAT1-0260,1. Routine Everyday,ALLOW,usr-1004-cst-004,Carlos Tan,Pasig Ortigas,416.63,2000.0,0.21,allowance transfer,14.583337,121.050417,14.5869,121.0614,14.5869,121.0614,212.7,1.25,1.25,0.35,False,False,ALLOW,True,ALLOW,GATE_0_FAST_PATH,True,ALLOW,GATE_1_NEURAL_QWEN,True
TX-CAT1-0261,1. Routine Everyday,ALLOW,usr-1003-cst-003,Elena Reyes,Cebu IT Park,8807.85,15000.0,0.59,coffee and pastry,10.310289,123.896921,10.3157,123.8854,10.3157,123.8854,229.1,1.4,1.4,0.37,False,False,BLOCK,False,ALLOW,GATE_0_FAST_PATH,True,ALLOW,GATE_1_NEURAL_QWEN,True
TX-CAT1-0262,1. Routine Everyday,ALLOW,usr-1001-cst-001,Maria Santos,Makati CBD,1633.52,2500.0,0.65,coffee and pastry,14.551419,121.027226,14.5547,121.02,14.5547,121.02,172.7,0.86,0.86,0.3,False,False,ALLOW,True,ALLOW,GATE_0_FAST_PATH,True,ALLOW,GATE_1_NEURAL_QWEN,True
TX-CAT1-0263,1. Routine Everyday,ALLOW,usr-1001-cst-001,Maria Santos,Makati CBD,441.97,2500.0,0.18,dinner delivery,14.558974,121.018516,14.5547,121.02,14.5547,121.02,56.5,0.5,0.5,0.53,False,False,ALLOW,True,ALLOW,GATE_0_FAST_PATH,True,ALLOW,GATE_1_NEURAL_QWEN,True
TX-CAT1-0264,1. Routine Everyday,ALLOW,usr-1002-cst-002,Juan Dela Cruz,Quezon City,2984.94,4000.0,0.75,pharmacy vitamins,14.672692,121.054487,14.676,121.0437,14.676,121.0437,36.8,1.22,1.22,1.99,False,False,ALLOW,True,ALLOW,GATE_0_FAST_PATH,True,ALLOW,GATE_1_NEURAL_QWEN,True
TX-CAT1-0265,1. Routine Everyday,ALLOW,usr-1002-cst-002,Juan Dela Cruz,Quezon City,2618.95,4000.0,0.65,pharmacy vitamins,14.672928,121.050014,14.676,121.0437,14.676,121.0437,150.5,0.76,0.76,0.3,False,False,ALLOW,True,ALLOW,GATE_0_FAST_PATH,True,ALLOW,GATE_1_NEURAL_QWEN,True
TX-CAT1-0266,1. Routine Everyday,ALLOW,usr-1003-cst-003,Elena Reyes,Cebu IT Park,5744.22,15000.0,0.38,school supplies,10.310389,123.896452,10.3157,123.8854,10.3157,123.8854,35.4,1.35,1.35,2.29,False,False,ALLOW,True,ALLOW,GATE_0_FAST_PATH,True,ALLOW,GATE_1_NEURAL_QWEN,True
TX-CAT1-0267,1. Routine Everyday,ALLOW,usr-1002-cst-002,Juan Dela Cruz,Quezon City,1956.48,4000.0,0.49,coffee and pastry,14.685925,121.034526,14.676,121.0437,14.676,121.0437,192.7,1.48,1.48,0.46,False,False,ALLOW,True,ALLOW,GATE_0_FAST_PATH,True,ALLOW,GATE_1_NEURAL_QWEN,True
TX-CAT1-0268,1. Routine Everyday,ALLOW,usr-1004-cst-004,Carlos Tan,Pasig Ortigas,501.94,2000.0,0.25,dinner delivery,14.581754,121.071395,14.5869,121.0614,14.5869,121.0614,133.2,1.22,1.22,0.55,False,False,ALLOW,True,ALLOW,GATE_0_FAST_PATH,True,ALLOW,GATE_1_NEURAL_QWEN,True
TX-CAT1-0269,1. Routine Everyday,ALLOW,usr-1001-cst-001,Maria Santos,Makati CBD,426.07,2500.0,0.17,lunch with colleagues,14.553549,121.029568,14.5547,121.02,14.5547,121.02,123.5,1.04,1.04,0.51,False,False,ALLOW,True,ALLOW,GATE_0_FAST_PATH,True,ALLOW,GATE_1_NEURAL_QWEN,True
TX-CAT1-0270,1. Routine Everyday,ALLOW,usr-1001-cst-001,Maria Santos,Makati CBD,1947.71,2500.0,0.78,pharmacy vitamins,14.558728,121.025029,14.5547,121.02,14.5547,121.02,145.5,0.7,0.7,0.29,False,False,ALLOW,True,ALLOW,GATE_0_FAST_PATH,True,ALLOW,GATE_1_NEURAL_QWEN,True
TX-CAT1-0271,1. Routine Everyday,ALLOW,usr-1003-cst-003,Elena Reyes,Cebu IT Park,12714.52,15000.0,0.85,monthly rent payment,10.320783,123.895656,10.3157,123.8854,10.3157,123.8854,163.9,1.26,1.26,0.46,False,False,ALLOW,True,ALLOW,GATE_0_FAST_PATH,True,ALLOW,GATE_1_NEURAL_QWEN,True
TX-CAT1-0272,1. Routine Everyday,ALLOW,usr-1003-cst-003,Elena Reyes,Cebu IT Park,7308.72,15000.0,0.49,lunch with colleagues,10.327343,123.89241,10.3157,123.8854,10.3157,123.8854,79.7,1.5,1.5,1.13,False,False,ALLOW,True,ALLOW,GATE_0_FAST_PATH,True,ALLOW,GATE_1_NEURAL_QWEN,True
TX-CAT1-0273,1. Routine Everyday,ALLOW,usr-1004-cst-004,Carlos Tan,Pasig Ortigas,166.79,2000.0,0.08,grab car ride payment,14.588635,121.060618,14.5869,121.0614,14.5869,121.0614,236.4,0.21,0.21,0.05,False,False,ALLOW,True,ALLOW,GATE_0_FAST_PATH,True,ALLOW,GATE_1_NEURAL_QWEN,True
TX-CAT1-0274,1. Routine Everyday,ALLOW,usr-1002-cst-002,Juan Dela Cruz,Quezon City,2371.97,4000.0,0.59,lunch with colleagues,14.665578,121.041256,14.676,121.0437,14.676,121.0437,180.6,1.19,1.19,0.4,False,False,ALLOW,True,ALLOW,GATE_0_FAST_PATH,True,ALLOW,GATE_1_NEURAL_QWEN,True
TX-CAT1-0275,1. Routine Everyday,ALLOW,usr-1004-cst-004,Carlos Tan,Pasig Ortigas,1055.74,2000.0,0.53,coffee and pastry,14.59466,121.05117,14.5869,121.0614,14.5869,121.0614,234.2,1.4,1.4,0.36,False,False,ALLOW,True,ALLOW,GATE_0_FAST_PATH,True,ALLOW,GATE_1_NEURAL_QWEN,True
TX-CAT1-0276,1. Routine Everyday,ALLOW,usr-1001-cst-001,Maria Santos,Makati CBD,1134.69,2500.0,0.45,school supplies,14.555117,121.01108,14.5547,121.02,14.5547,121.02,204.1,0.96,0.96,0.28,False,False,ALLOW,True,ALLOW,GATE_0_FAST_PATH,True,ALLOW,GATE_1_NEURAL_QWEN,True
TX-CAT1-0277,1. Routine Everyday,ALLOW,usr-1002-cst-002,Juan Dela Cruz,Quezon City,2945.44,4000.0,0.74,monthly rent payment,14.674383,121.053557,14.676,121.0437,14.676,121.0437,41.6,1.08,1.08,1.56,False,False,ALLOW,True,ALLOW,GATE_0_FAST_PATH,True,ALLOW,GATE_1_NEURAL_QWEN,True
TX-CAT1-0278,1. Routine Everyday,ALLOW,usr-1001-cst-001,Maria Santos,Makati CBD,1288.32,2500.0,0.52,maynilad water payment,14.546652,121.015744,14.5547,121.02,14.5547,121.02,179.0,1.01,1.01,0.34,False,False,ALLOW,True,ALLOW,GATE_0_FAST_PATH,True,ALLOW,GATE_1_NEURAL_QWEN,True
TX-CAT1-0279,1. Routine Everyday,ALLOW,usr-1003-cst-003,Elena Reyes,Cebu IT Park,13507.94,15000.0,0.9,grab car ride payment,10.325178,123.893702,10.3157,123.8854,10.3157,123.8854,82.6,1.39,1.39,1.01,False,False,ALLOW,True,ALLOW,GATE_0_FAST_PATH,True,ALLOW,GATE_1_NEURAL_QWEN,True
TX-CAT1-0280,1. Routine Everyday,ALLOW,usr-1003-cst-003,Elena Reyes,Cebu IT Park,1888.66,15000.0,0.13,maynilad water payment,10.318446,123.875642,10.3157,123.8854,10.3157,123.8854,164.6,1.11,1.11,0.4,False,False,ALLOW,True,ALLOW,GATE_0_FAST_PATH,True,ALLOW,GATE_1_NEURAL_QWEN,True
TX-CAT1-0281,1. Routine Everyday,ALLOW,usr-1002-cst-002,Juan Dela Cruz,Quezon City,750.02,4000.0,0.19,dinner delivery,14.681295,121.046223,14.676,121.0437,14.676,121.0437,206.9,0.65,0.65,0.19,False,False,ALLOW,True,ALLOW,GATE_0_FAST_PATH,True,ALLOW,GATE_1_NEURAL_QWEN,True
TX-CAT1-0282,1. Routine Everyday,ALLOW,usr-1001-cst-001,Maria Santos,Makati CBD,1980.91,2500.0,0.79,supermarket groceries,14.544649,121.030765,14.5547,121.02,14.5547,121.02,191.9,1.61,1.61,0.5,False,False,ALLOW,True,ALLOW,GATE_0_FAST_PATH,True,ALLOW,GATE_1_NEURAL_QWEN,True
TX-CAT1-0283,1. Routine Everyday,ALLOW,usr-1003-cst-003,Elena Reyes,Cebu IT Park,9320.47,15000.0,0.62,dinner delivery,10.313698,123.888736,10.3157,123.8854,10.3157,123.8854,134.6,0.43,0.43,0.19,False,False,ALLOW,True,ALLOW,GATE_0_FAST_PATH,True,ALLOW,GATE_1_NEURAL_QWEN,True
TX-CAT1-0284,1. Routine Everyday,ALLOW,usr-1003-cst-003,Elena Reyes,Cebu IT Park,9190.15,15000.0,0.61,maynilad water payment,10.315291,123.892713,10.3157,123.8854,10.3157,123.8854,173.8,0.8,0.8,0.28,False,False,ALLOW,True,ALLOW,GATE_0_FAST_PATH,True,ALLOW,GATE_1_NEURAL_QWEN,True
TX-CAT1-0285,1. Routine Everyday,ALLOW,usr-1003-cst-003,Elena Reyes,Cebu IT Park,6528.58,15000.0,0.44,pet food purchase,10.305138,123.883951,10.3157,123.8854,10.3157,123.8854,131.7,1.19,1.19,0.54,False,False,ALLOW,True,ALLOW,GATE_0_FAST_PATH,True,ALLOW,GATE_1_NEURAL_QWEN,True
TX-CAT1-0286,1. Routine Everyday,ALLOW,usr-1002-cst-002,Juan Dela Cruz,Quezon City,1371.91,4000.0,0.34,monthly rent payment,14.671502,121.048941,14.676,121.0437,14.676,121.0437,184.2,0.75,0.75,0.24,False,False,ALLOW,True,ALLOW,GATE_0_FAST_PATH,True,ALLOW,GATE_1_NEURAL_QWEN,True
TX-CAT1-0287,1. Routine Everyday,ALLOW,usr-1003-cst-003,Elena Reyes,Cebu IT Park,13902.04,15000.0,0.93,monthly rent payment,10.321956,123.88576,10.3157,123.8854,10.3157,123.8854,52.3,0.7,0.7,0.8,False,False,ALLOW,True,ALLOW,GATE_0_FAST_PATH,True,ALLOW,GATE_1_NEURAL_QWEN,True
TX-CAT1-0288,1. Routine Everyday,ALLOW,usr-1002-cst-002,Juan Dela Cruz,Quezon City,1836.62,4000.0,0.46,maynilad water payment,14.67479,121.035081,14.676,121.0437,14.676,121.0437,40.6,0.94,0.94,1.39,False,False,ALLOW,True,ALLOW,GATE_0_FAST_PATH,True,ALLOW,GATE_1_NEURAL_QWEN,True
TX-CAT1-0289,1. Routine Everyday,ALLOW,usr-1004-cst-004,Carlos Tan,Pasig Ortigas,1658.21,2000.0,0.83,coffee and pastry,14.580858,121.070167,14.5869,121.0614,14.5869,121.0614,63.5,1.16,1.16,1.1,False,False,ALLOW,True,ALLOW,GATE_0_FAST_PATH,True,ALLOW,GATE_1_NEURAL_QWEN,True
TX-CAT1-0290,1. Routine Everyday,ALLOW,usr-1003-cst-003,Elena Reyes,Cebu IT Park,13313.91,15000.0,0.89,pet food purchase,10.311205,123.891715,10.3157,123.8854,10.3157,123.8854,134.6,0.85,0.85,0.38,False,False,ALLOW,True,ALLOW,GATE_0_FAST_PATH,True,ALLOW,GATE_1_NEURAL_QWEN,True
TX-CAT1-0291,1. Routine Everyday,ALLOW,usr-1004-cst-004,Carlos Tan,Pasig Ortigas,1007.79,2000.0,0.5,maynilad water payment,14.586837,121.051561,14.5869,121.0614,14.5869,121.0614,112.6,1.06,1.06,0.56,False,False,ALLOW,True,ALLOW,GATE_0_FAST_PATH,True,ALLOW,GATE_1_NEURAL_QWEN,True
TX-CAT1-0292,1. Routine Everyday,ALLOW,usr-1004-cst-004,Carlos Tan,Pasig Ortigas,1840.7,2000.0,0.92,meralco electric bill,14.5889,121.050568,14.5869,121.0614,14.5869,121.0614,89.1,1.19,1.19,0.8,False,False,ALLOW,True,ALLOW,GATE_0_FAST_PATH,True,ALLOW,GATE_1_NEURAL_QWEN,True
TX-CAT1-0293,1. Routine Everyday,ALLOW,usr-1004-cst-004,Carlos Tan,Pasig Ortigas,628.63,2000.0,0.31,supermarket groceries,14.595232,121.059742,14.5869,121.0614,14.5869,121.0614,215.3,0.94,0.94,0.26,False,False,ALLOW,True,ALLOW,GATE_0_FAST_PATH,True,ALLOW,GATE_1_NEURAL_QWEN,True
TX-CAT1-0294,1. Routine Everyday,ALLOW,usr-1003-cst-003,Elena Reyes,Cebu IT Park,10913.3,15000.0,0.73,pharmacy vitamins,10.304786,123.874628,10.3157,123.8854,10.3157,123.8854,148.0,1.69,1.69,0.69,False,False,ALLOW,True,ALLOW,GATE_0_FAST_PATH,True,ALLOW,GATE_1_NEURAL_QWEN,True
TX-CAT1-0295,1. Routine Everyday,ALLOW,usr-1003-cst-003,Elena Reyes,Cebu IT Park,7937.04,15000.0,0.53,lunch with colleagues,10.312972,123.884209,10.3157,123.8854,10.3157,123.8854,145.5,0.33,0.33,0.14,False,False,ALLOW,True,ALLOW,GATE_0_FAST_PATH,True,ALLOW,GATE_1_NEURAL_QWEN,True
TX-CAT1-0296,1. Routine Everyday,ALLOW,usr-1001-cst-001,Maria Santos,Makati CBD,410.14,2500.0,0.16,lunch with colleagues,14.552154,121.027078,14.5547,121.02,14.5547,121.02,101.2,0.81,0.81,0.48,False,False,ALLOW,True,ALLOW,GATE_0_FAST_PATH,True,ALLOW,GATE_1_NEURAL_QWEN,True
TX-CAT1-0297,1. Routine Everyday,ALLOW,usr-1003-cst-003,Elena Reyes,Cebu IT Park,10787.66,15000.0,0.72,meralco electric bill,10.318159,123.883033,10.3157,123.8854,10.3157,123.8854,38.5,0.38,0.38,0.59,False,False,ALLOW,True,ALLOW,GATE_0_FAST_PATH,True,ALLOW,GATE_1_NEURAL_QWEN,True
TX-CAT1-0298,1. Routine Everyday,ALLOW,usr-1001-cst-001,Maria Santos,Makati CBD,429.02,2500.0,0.17,pharmacy vitamins,14.561995,121.020464,14.5547,121.02,14.5547,121.02,61.3,0.81,0.81,0.79,False,False,ALLOW,True,ALLOW,GATE_0_FAST_PATH,True,ALLOW,GATE_1_NEURAL_QWEN,True
TX-CAT1-0299,1. Routine Everyday,ALLOW,usr-1002-cst-002,Juan Dela Cruz,Quezon City,1326.91,4000.0,0.33,dinner delivery,14.671645,121.041131,14.676,121.0437,14.676,121.0437,159.5,0.56,0.56,0.21,False,False,ALLOW,True,ALLOW,GATE_0_FAST_PATH,True,ALLOW,GATE_1_NEURAL_QWEN,True
TX-CAT1-0300,1. Routine Everyday,ALLOW,usr-1003-cst-003,Elena Reyes,Cebu IT Park,8509.33,15000.0,0.57,grab car ride payment,10.323579,123.886176,10.3157,123.8854,10.3157,123.8854,178.8,0.88,0.88,0.3,False,False,ALLOW,True,ALLOW,GATE_0_FAST_PATH,True,ALLOW,GATE_1_NEURAL_QWEN,True
TX-CAT1-0301,1. Routine Everyday,ALLOW,usr-1003-cst-003,Elena Reyes,Cebu IT Park,6830.23,15000.0,0.46,supermarket groceries,10.312541,123.889571,10.3157,123.8854,10.3157,123.8854,235.8,0.58,0.58,0.15,False,False,ALLOW,True,ALLOW,GATE_0_FAST_PATH,True,ALLOW,GATE_1_NEURAL_QWEN,True
TX-CAT1-0302,1. Routine Everyday,ALLOW,usr-1003-cst-003,Elena Reyes,Cebu IT Park,11378.15,15000.0,0.76,pet food purchase,10.32463,123.888502,10.3157,123.8854,10.3157,123.8854,155.4,1.05,1.05,0.41,False,False,ALLOW,True,ALLOW,GATE_0_FAST_PATH,True,ALLOW,GATE_1_NEURAL_QWEN,True
TX-CAT1-0303,1. Routine Everyday,ALLOW,usr-1003-cst-003,Elena Reyes,Cebu IT Park,13784.71,15000.0,0.92,dinner delivery,10.317563,123.890714,10.3157,123.8854,10.3157,123.8854,152.5,0.62,0.62,0.24,False,False,ALLOW,True,ALLOW,GATE_0_FAST_PATH,True,ALLOW,GATE_1_NEURAL_QWEN,True
TX-CAT1-0304,1. Routine Everyday,ALLOW,usr-1002-cst-002,Juan Dela Cruz,Quezon City,2049.17,4000.0,0.51,pet food purchase,14.678874,121.051888,14.676,121.0437,14.676,121.0437,61.0,0.94,0.94,0.92,False,False,ALLOW,True,ALLOW,GATE_0_FAST_PATH,True,ALLOW,GATE_1_NEURAL_QWEN,True
TX-CAT1-0305,1. Routine Everyday,ALLOW,usr-1002-cst-002,Juan Dela Cruz,Quezon City,236.18,4000.0,0.06,pet food purchase,14.666637,121.032154,14.676,121.0437,14.676,121.0437,95.9,1.62,1.62,1.01,False,False,ALLOW,True,ALLOW,GATE_0_FAST_PATH,True,ALLOW,GATE_1_NEURAL_QWEN,True
TX-CAT1-0306,1. Routine Everyday,ALLOW,usr-1002-cst-002,Juan Dela Cruz,Quezon City,1639.69,4000.0,0.41,meralco electric bill,14.673849,121.050299,14.676,121.0437,14.676,121.0437,223.3,0.75,0.75,0.2,False,False,ALLOW,True,ALLOW,GATE_0_FAST_PATH,True,ALLOW,GATE_1_NEURAL_QWEN,True
TX-CAT1-0307,1. Routine Everyday,ALLOW,usr-1001-cst-001,Maria Santos,Makati CBD,1711.52,2500.0,0.68,grab car ride payment,14.547676,121.015801,14.5547,121.02,14.5547,121.02,169.1,0.9,0.9,0.32,False,False,ALLOW,True,ALLOW,GATE_0_FAST_PATH,True,ALLOW,GATE_1_NEURAL_QWEN,True
TX-CAT1-0308,1. Routine Everyday,ALLOW,usr-1004-cst-004,Carlos Tan,Pasig Ortigas,678.48,2000.0,0.34,monthly rent payment,14.585932,121.062195,14.5869,121.0614,14.5869,121.0614,144.7,0.14,0.14,0.06,False,False,ALLOW,True,ALLOW,GATE_0_FAST_PATH,True,ALLOW,GATE_1_NEURAL_QWEN,True
TX-CAT1-0309,1. Routine Everyday,ALLOW,usr-1003-cst-003,Elena Reyes,Cebu IT Park,8740.38,15000.0,0.58,meralco electric bill,10.326676,123.880096,10.3157,123.8854,10.3157,123.8854,92.7,1.35,1.35,0.87,False,False,ALLOW,True,ALLOW,GATE_0_FAST_PATH,True,ALLOW,GATE_1_NEURAL_QWEN,True
TX-CAT1-0310,1. Routine Everyday,ALLOW,usr-1003-cst-003,Elena Reyes,Cebu IT Park,11016.69,15000.0,0.73,pet food purchase,10.308675,123.89032,10.3157,123.8854,10.3157,123.8854,96.6,0.95,0.95,0.59,False,False,ALLOW,True,ALLOW,GATE_0_FAST_PATH,True,ALLOW,GATE_1_NEURAL_QWEN,True
TX-CAT1-0311,1. Routine Everyday,ALLOW,usr-1003-cst-003,Elena Reyes,Cebu IT Park,8039.69,15000.0,0.54,pet food purchase,10.310263,123.876325,10.3157,123.8854,10.3157,123.8854,172.1,1.16,1.16,0.4,False,False,ALLOW,True,ALLOW,GATE_0_FAST_PATH,True,ALLOW,GATE_1_NEURAL_QWEN,True
TX-CAT1-0312,1. Routine Everyday,ALLOW,usr-1004-cst-004,Carlos Tan,Pasig Ortigas,1714.45,2000.0,0.86,coffee and pastry,14.594541,121.072311,14.5869,121.0614,14.5869,121.0614,199.0,1.45,1.45,0.44,False,False,ALLOW,True,ALLOW,GATE_0_FAST_PATH,True,ALLOW,GATE_1_NEURAL_QWEN,True
TX-CAT1-0313,1. Routine Everyday,ALLOW,usr-1003-cst-003,Elena Reyes,Cebu IT Park,714.4,15000.0,0.05,pet food purchase,10.305597,123.895576,10.3157,123.8854,10.3157,123.8854,167.8,1.58,1.58,0.56,False,False,ALLOW,True,ALLOW,GATE_0_FAST_PATH,True,ALLOW,GATE_1_NEURAL_QWEN,True
TX-CAT1-0314,1. Routine Everyday,ALLOW,usr-1004-cst-004,Carlos Tan,Pasig Ortigas,500.9,2000.0,0.25,grab car ride payment,14.581407,121.062888,14.5869,121.0614,14.5869,121.0614,87.0,0.63,0.63,0.43,False,False,ALLOW,True,ALLOW,GATE_0_FAST_PATH,True,ALLOW,GATE_1_NEURAL_QWEN,True
TX-CAT1-0315,1. Routine Everyday,ALLOW,usr-1001-cst-001,Maria Santos,Makati CBD,1508.35,2500.0,0.6,dinner delivery,14.548443,121.009218,14.5547,121.02,14.5547,121.02,220.1,1.35,1.35,0.37,False,False,ALLOW,True,ALLOW,GATE_0_FAST_PATH,True,ALLOW,GATE_1_NEURAL_QWEN,True
TX-CAT1-0316,1. Routine Everyday,ALLOW,usr-1002-cst-002,Juan Dela Cruz,Quezon City,2467.64,4000.0,0.62,supermarket groceries,14.666405,121.039627,14.676,121.0437,14.676,121.0437,129.2,1.15,1.15,0.53,False,False,ALLOW,True,ALLOW,GATE_0_FAST_PATH,True,ALLOW,GATE_1_NEURAL_QWEN,True
TX-CAT1-0317,1. Routine Everyday,ALLOW,usr-1002-cst-002,Juan Dela Cruz,Quezon City,139.07,4000.0,0.03,grab car ride payment,14.68747,121.035491,14.676,121.0437,14.676,121.0437,167.1,1.55,1.55,0.56,False,False,ALLOW,True,ALLOW,GATE_0_FAST_PATH,True,ALLOW,GATE_1_NEURAL_QWEN,True
TX-CAT1-0318,1. Routine Everyday,ALLOW,usr-1004-cst-004,Carlos Tan,Pasig Ortigas,969.86,2000.0,0.48,meralco electric bill,14.593042,121.056294,14.5869,121.0614,14.5869,121.0614,89.9,0.88,0.88,0.59,False,False,ALLOW,True,ALLOW,GATE_0_FAST_PATH,True,ALLOW,GATE_1_NEURAL_QWEN,True
TX-CAT1-0319,1. Routine Everyday,ALLOW,usr-1001-cst-001,Maria Santos,Makati CBD,2167.4,2500.0,0.87,lunch with colleagues,14.558355,121.013573,14.5547,121.02,14.5547,121.02,185.1,0.8,0.8,0.26,False,False,ALLOW,True,ALLOW,GATE_0_FAST_PATH,True,ALLOW,GATE_1_NEURAL_QWEN,True
TX-CAT1-0320,1. Routine Everyday,ALLOW,usr-1001-cst-001,Maria Santos,Makati CBD,2179.33,2500.0,0.87,monthly rent payment,14.552729,121.028103,14.5547,121.02,14.5547,121.02,226.1,0.9,0.9,0.24,False,False,ALLOW,True,ALLOW,GATE_0_FAST_PATH,True,ALLOW,GATE_1_NEURAL_QWEN,True
TX-CAT1-0321,1. Routine Everyday,ALLOW,usr-1001-cst-001,Maria Santos,Makati CBD,2368.62,2500.0,0.95,coffee and pastry,14.561611,121.012471,14.5547,121.02,14.5547,121.02,187.3,1.12,1.12,0.36,False,False,ALLOW,True,ALLOW,GATE_0_FAST_PATH,True,ALLOW,GATE_1_NEURAL_QWEN,True
TX-CAT1-0322,1. Routine Everyday,ALLOW,usr-1003-cst-003,Elena Reyes,Cebu IT Park,12508.38,15000.0,0.83,supermarket groceries,10.310861,123.887867,10.3157,123.8854,10.3157,123.8854,225.0,0.6,0.6,0.16,False,False,ALLOW,True,ALLOW,GATE_0_FAST_PATH,True,ALLOW,GATE_1_NEURAL_QWEN,True
TX-CAT1-0323,1. Routine Everyday,ALLOW,usr-1003-cst-003,Elena Reyes,Cebu IT Park,4140.86,15000.0,0.28,school supplies,10.316739,123.885254,10.3157,123.8854,10.3157,123.8854,227.1,0.12,0.12,0.03,False,False,ALLOW,True,ALLOW,GATE_0_FAST_PATH,True,ALLOW,GATE_1_NEURAL_QWEN,True
TX-CAT1-0324,1. Routine Everyday,ALLOW,usr-1004-cst-004,Carlos Tan,Pasig Ortigas,605.65,2000.0,0.3,lunch with colleagues,14.582836,121.066947,14.5869,121.0614,14.5869,121.0614,166.1,0.75,0.75,0.27,False,False,ALLOW,True,ALLOW,GATE_0_FAST_PATH,True,ALLOW,GATE_1_NEURAL_QWEN,True
TX-CAT1-0325,1. Routine Everyday,ALLOW,usr-1002-cst-002,Juan Dela Cruz,Quezon City,171.83,4000.0,0.04,pharmacy vitamins,14.682978,121.045327,14.676,121.0437,14.676,121.0437,189.0,0.8,0.8,0.25,False,False,ALLOW,True,ALLOW,GATE_0_FAST_PATH,True,ALLOW,GATE_1_NEURAL_QWEN,True
TX-CAT1-0326,1. Routine Everyday,ALLOW,usr-1002-cst-002,Juan Dela Cruz,Quezon City,2368.31,4000.0,0.59,school supplies,14.685529,121.051548,14.676,121.0437,14.676,121.0437,138.2,1.35,1.35,0.59,False,False,ALLOW,True,ALLOW,GATE_0_FAST_PATH,True,ALLOW,GATE_1_NEURAL_QWEN,True
TX-CAT1-0327,1. Routine Everyday,ALLOW,usr-1001-cst-001,Maria Santos,Makati CBD,1023.88,2500.0,0.41,lunch with colleagues,14.547135,121.011375,14.5547,121.02,14.5547,121.02,98.0,1.25,1.25,0.77,False,False,ALLOW,True,ALLOW,GATE_0_FAST_PATH,True,ALLOW,GATE_1_NEURAL_QWEN,True
TX-CAT1-0328,1. Routine Everyday,ALLOW,usr-1002-cst-002,Juan Dela Cruz,Quezon City,145.13,4000.0,0.04,coffee and pastry,14.669653,121.04979,14.676,121.0437,14.676,121.0437,230.3,0.96,0.96,0.25,False,False,ALLOW,True,ALLOW,GATE_0_FAST_PATH,True,ALLOW,GATE_1_NEURAL_QWEN,True
TX-CAT1-0329,1. Routine Everyday,ALLOW,usr-1003-cst-003,Elena Reyes,Cebu IT Park,8350.17,15000.0,0.56,dinner delivery,10.303974,123.889088,10.3157,123.8854,10.3157,123.8854,175.5,1.36,1.36,0.46,False,False,ALLOW,True,ALLOW,GATE_0_FAST_PATH,True,ALLOW,GATE_1_NEURAL_QWEN,True
TX-CAT1-0330,1. Routine Everyday,ALLOW,usr-1001-cst-001,Maria Santos,Makati CBD,1625.86,2500.0,0.65,allowance transfer,14.550063,121.01773,14.5547,121.02,14.5547,121.02,135.5,0.57,0.57,0.25,False,False,ALLOW,True,ALLOW,GATE_0_FAST_PATH,True,ALLOW,GATE_1_NEURAL_QWEN,True
TX-CAT1-0331,1. Routine Everyday,ALLOW,usr-1003-cst-003,Elena Reyes,Cebu IT Park,9873.8,15000.0,0.66,school supplies,10.325687,123.880481,10.3157,123.8854,10.3157,123.8854,159.1,1.23,1.23,0.46,False,False,ALLOW,True,ALLOW,GATE_0_FAST_PATH,True,ALLOW,GATE_1_NEURAL_QWEN,True
TX-CAT1-0332,1. Routine Everyday,ALLOW,usr-1002-cst-002,Juan Dela Cruz,Quezon City,3643.09,4000.0,0.91,allowance transfer,14.667676,121.049646,14.676,121.0437,14.676,121.0437,157.2,1.13,1.13,0.43,False,False,ALLOW,True,ALLOW,GATE_0_FAST_PATH,True,ALLOW,GATE_1_NEURAL_QWEN,True
TX-CAT1-0333,1. Routine Everyday,ALLOW,usr-1004-cst-004,Carlos Tan,Pasig Ortigas,1369.45,2000.0,0.68,allowance transfer,14.593076,121.068648,14.5869,121.0614,14.5869,121.0614,203.4,1.04,1.04,0.31,False,False,ALLOW,True,ALLOW,GATE_0_FAST_PATH,True,ALLOW,GATE_1_NEURAL_QWEN,True
TX-CAT1-0334,1. Routine Everyday,ALLOW,usr-1002-cst-002,Juan Dela Cruz,Quezon City,2623.66,4000.0,0.66,dinner delivery,14.684955,121.033665,14.676,121.0437,14.676,121.0437,123.8,1.47,1.47,0.71,False,False,ALLOW,True,ALLOW,GATE_0_FAST_PATH,True,ALLOW,GATE_1_NEURAL_QWEN,True
TX-CAT1-0335,1. Routine Everyday,ALLOW,usr-1003-cst-003,Elena Reyes,Cebu IT Park,1223.59,15000.0,0.08,dinner delivery,10.306393,123.893291,10.3157,123.8854,10.3157,123.8854,219.6,1.35,1.35,0.37,False,False,ALLOW,True,ALLOW,GATE_0_FAST_PATH,True,ALLOW,GATE_1_NEURAL_QWEN,True
TX-CAT1-0336,1. Routine Everyday,ALLOW,usr-1002-cst-002,Juan Dela Cruz,Quezon City,2227.54,4000.0,0.56,monthly rent payment,14.667949,121.052208,14.676,121.0437,14.676,121.0437,122.8,1.28,1.28,0.63,False,False,ALLOW,True,ALLOW,GATE_0_FAST_PATH,True,ALLOW,GATE_1_NEURAL_QWEN,True
TX-CAT1-0337,1. Routine Everyday,ALLOW,usr-1002-cst-002,Juan Dela Cruz,Quezon City,2758.26,4000.0,0.69,allowance transfer,14.666183,121.043949,14.676,121.0437,14.676,121.0437,199.8,1.09,1.09,0.33,False,False,ALLOW,True,ALLOW,GATE_0_FAST_PATH,True,ALLOW,GATE_1_NEURAL_QWEN,True
TX-CAT1-0338,1. Routine Everyday,ALLOW,usr-1004-cst-004,Carlos Tan,Pasig Ortigas,354.86,2000.0,0.18,coffee and pastry,14.585863,121.050786,14.5869,121.0614,14.5869,121.0614,127.1,1.15,1.15,0.54,False,False,ALLOW,True,ALLOW,GATE_0_FAST_PATH,True,ALLOW,GATE_1_NEURAL_QWEN,True
TX-CAT1-0339,1. Routine Everyday,ALLOW,usr-1003-cst-003,Elena Reyes,Cebu IT Park,10339.95,15000.0,0.69,coffee and pastry,10.309807,123.873472,10.3157,123.8854,10.3157,123.8854,75.8,1.46,1.46,1.16,False,False,BLOCK,False,ALLOW,GATE_0_FAST_PATH,True,ALLOW,GATE_1_NEURAL_QWEN,True
TX-CAT1-0340,1. Routine Everyday,ALLOW,usr-1001-cst-001,Maria Santos,Makati CBD,222.13,2500.0,0.09,pharmacy vitamins,14.559509,121.020988,14.5547,121.02,14.5547,121.02,42.7,0.55,0.55,0.77,False,False,ALLOW,True,ALLOW,GATE_0_FAST_PATH,True,ALLOW,GATE_1_NEURAL_QWEN,True
TX-CAT1-0341,1. Routine Everyday,ALLOW,usr-1001-cst-001,Maria Santos,Makati CBD,2343.74,2500.0,0.94,allowance transfer,14.543462,121.017813,14.5547,121.02,14.5547,121.02,191.5,1.27,1.27,0.4,False,False,ALLOW,True,ALLOW,GATE_0_FAST_PATH,True,ALLOW,GATE_1_NEURAL_QWEN,True
TX-CAT1-0342,1. Routine Everyday,ALLOW,usr-1004-cst-004,Carlos Tan,Pasig Ortigas,786.54,2000.0,0.39,coffee and pastry,14.585665,121.071411,14.5869,121.0614,14.5869,121.0614,109.3,1.09,1.09,0.6,False,False,ALLOW,True,ALLOW,GATE_0_FAST_PATH,True,ALLOW,GATE_1_NEURAL_QWEN,True
TX-CAT1-0343,1. Routine Everyday,ALLOW,usr-1001-cst-001,Maria Santos,Makati CBD,1659.56,2500.0,0.66,school supplies,14.563689,121.011192,14.5547,121.02,14.5547,121.02,210.7,1.38,1.38,0.39,False,False,ALLOW,True,ALLOW,GATE_0_FAST_PATH,True,ALLOW,GATE_1_NEURAL_QWEN,True
TX-CAT1-0344,1. Routine Everyday,ALLOW,usr-1001-cst-001,Maria Santos,Makati CBD,522.46,2500.0,0.21,grab car ride payment,14.552133,121.011056,14.5547,121.02,14.5547,121.02,235.5,1.0,1.0,0.25,False,False,ALLOW,True,ALLOW,GATE_0_FAST_PATH,True,ALLOW,GATE_1_NEURAL_QWEN,True
TX-CAT1-0345,1. Routine Everyday,ALLOW,usr-1001-cst-001,Maria Santos,Makati CBD,1825.18,2500.0,0.73,maynilad water payment,14.553812,121.025258,14.5547,121.02,14.5547,121.02,119.1,0.57,0.57,0.29,False,False,ALLOW,True,ALLOW,GATE_0_FAST_PATH,True,ALLOW,GATE_1_NEURAL_QWEN,True
TX-CAT1-0346,1. Routine Everyday,ALLOW,usr-1004-cst-004,Carlos Tan,Pasig Ortigas,1585.58,2000.0,0.79,meralco electric bill,14.585955,121.053123,14.5869,121.0614,14.5869,121.0614,69.6,0.9,0.9,0.78,False,False,ALLOW,True,ALLOW,GATE_0_FAST_PATH,True,ALLOW,GATE_1_NEURAL_QWEN,True
TX-CAT1-0347,1. Routine Everyday,ALLOW,usr-1001-cst-001,Maria Santos,Makati CBD,192.65,2500.0,0.08,school supplies,14.552762,121.026385,14.5547,121.02,14.5547,121.02,215.6,0.72,0.72,0.2,False,False,ALLOW,True,ALLOW,GATE_0_FAST_PATH,True,ALLOW,GATE_1_NEURAL_QWEN,True
TX-CAT1-0348,1. Routine Everyday,ALLOW,usr-1001-cst-001,Maria Santos,Makati CBD,662.7,2500.0,0.27,lunch with colleagues,14.545122,121.008806,14.5547,121.02,14.5547,121.02,155.5,1.61,1.61,0.62,False,False,ALLOW,True,ALLOW,GATE_0_FAST_PATH,True,ALLOW,GATE_1_NEURAL_QWEN,True
TX-CAT1-0349,1. Routine Everyday,ALLOW,usr-1001-cst-001,Maria Santos,Makati CBD,671.88,2500.0,0.27,supermarket groceries,14.552354,121.013624,14.5547,121.02,14.5547,121.02,75.6,0.73,0.73,0.58,False,False,ALLOW,True,ALLOW,GATE_0_FAST_PATH,True,ALLOW,GATE_1_NEURAL_QWEN,True
TX-CAT1-0350,1. Routine Everyday,ALLOW,usr-1001-cst-001,Maria Santos,Makati CBD,436.01,2500.0,0.17,maynilad water payment,14.54832,121.029994,14.5547,121.02,14.5547,121.02,151.0,1.29,1.29,0.51,False,False,ALLOW,True,ALLOW,GATE_0_FAST_PATH,True,ALLOW,GATE_1_NEURAL_QWEN,True
TX-CAT1-0351,1. Routine Everyday,ALLOW,usr-1003-cst-003,Elena Reyes,Cebu IT Park,3467.45,15000.0,0.23,monthly rent payment,10.327357,123.88591,10.3157,123.8854,10.3157,123.8854,116.8,1.3,1.3,0.67,False,False,ALLOW,True,ALLOW,GATE_0_FAST_PATH,True,ALLOW,GATE_1_NEURAL_QWEN,True
TX-CAT1-0352,1. Routine Everyday,ALLOW,usr-1003-cst-003,Elena Reyes,Cebu IT Park,981.33,15000.0,0.07,dinner delivery,10.324813,123.895278,10.3157,123.8854,10.3157,123.8854,161.5,1.48,1.48,0.55,False,False,ALLOW,True,ALLOW,GATE_0_FAST_PATH,True,ALLOW,GATE_1_NEURAL_QWEN,True
TX-CAT1-0353,1. Routine Everyday,ALLOW,usr-1004-cst-004,Carlos Tan,Pasig Ortigas,1109.41,2000.0,0.55,supermarket groceries,14.598235,121.071998,14.5869,121.0614,14.5869,121.0614,171.0,1.7,1.7,0.6,False,False,ALLOW,True,ALLOW,GATE_0_FAST_PATH,True,ALLOW,GATE_1_NEURAL_QWEN,True
TX-CAT1-0354,1. Routine Everyday,ALLOW,usr-1003-cst-003,Elena Reyes,Cebu IT Park,9958.84,15000.0,0.66,coffee and pastry,10.307281,123.882435,10.3157,123.8854,10.3157,123.8854,188.4,0.99,0.99,0.32,False,False,BLOCK,False,ALLOW,GATE_0_FAST_PATH,True,ALLOW,GATE_1_NEURAL_QWEN,True
TX-CAT1-0355,1. Routine Everyday,ALLOW,usr-1004-cst-004,Carlos Tan,Pasig Ortigas,548.92,2000.0,0.27,meralco electric bill,14.582118,121.066382,14.5869,121.0614,14.5869,121.0614,199.2,0.76,0.76,0.23,False,False,ALLOW,True,ALLOW,GATE_0_FAST_PATH,True,ALLOW,GATE_1_NEURAL_QWEN,True
TX-CAT1-0356,1. Routine Everyday,ALLOW,usr-1001-cst-001,Maria Santos,Makati CBD,1388.18,2500.0,0.56,coffee and pastry,14.556075,121.011218,14.5547,121.02,14.5547,121.02,81.0,0.96,0.96,0.71,False,False,ALLOW,True,ALLOW,GATE_0_FAST_PATH,True,ALLOW,GATE_1_NEURAL_QWEN,True
TX-CAT1-0357,1. Routine Everyday,ALLOW,usr-1002-cst-002,Juan Dela Cruz,Quezon City,1335.37,4000.0,0.33,lunch with colleagues,14.686133,121.052031,14.676,121.0437,14.676,121.0437,49.4,1.44,1.44,1.75,False,False,ALLOW,True,ALLOW,GATE_0_FAST_PATH,True,ALLOW,GATE_1_NEURAL_QWEN,True
TX-CAT1-0358,1. Routine Everyday,ALLOW,usr-1002-cst-002,Juan Dela Cruz,Quezon City,309.65,4000.0,0.08,coffee and pastry,14.680168,121.04617,14.676,121.0437,14.676,121.0437,213.5,0.53,0.53,0.15,False,False,ALLOW,True,ALLOW,GATE_0_FAST_PATH,True,ALLOW,GATE_1_NEURAL_QWEN,True
TX-CAT1-0359,1. Routine Everyday,ALLOW,usr-1002-cst-002,Juan Dela Cruz,Quezon City,3081.11,4000.0,0.77,dinner delivery,14.681383,121.045112,14.676,121.0437,14.676,121.0437,130.7,0.62,0.62,0.28,False,False,ALLOW,True,ALLOW,GATE_0_FAST_PATH,True,ALLOW,GATE_1_NEURAL_QWEN,True
TX-CAT1-0360,1. Routine Everyday,ALLOW,usr-1003-cst-003,Elena Reyes,Cebu IT Park,4404.05,15000.0,0.29,supermarket groceries,10.308783,123.877961,10.3157,123.8854,10.3157,123.8854,185.7,1.12,1.12,0.36,False,False,ALLOW,True,ALLOW,GATE_0_FAST_PATH,True,ALLOW,GATE_1_NEURAL_QWEN,True
TX-CAT1-0361,1. Routine Everyday,ALLOW,usr-1004-cst-004,Carlos Tan,Pasig Ortigas,1747.71,2000.0,0.87,pet food purchase,14.589406,121.054308,14.5869,121.0614,14.5869,121.0614,222.2,0.81,0.81,0.22,False,False,ALLOW,True,ALLOW,GATE_0_FAST_PATH,True,ALLOW,GATE_1_NEURAL_QWEN,True
TX-CAT1-0362,1. Routine Everyday,ALLOW,usr-1003-cst-003,Elena Reyes,Cebu IT Park,11078.01,15000.0,0.74,coffee and pastry,10.31489,123.888969,10.3157,123.8854,10.3157,123.8854,94.8,0.4,0.4,0.25,False,False,BLOCK,False,ALLOW,GATE_0_FAST_PATH,True,ALLOW,GATE_1_NEURAL_QWEN,True
TX-CAT1-0363,1. Routine Everyday,ALLOW,usr-1003-cst-003,Elena Reyes,Cebu IT Park,7366.1,15000.0,0.49,allowance transfer,10.314884,123.892668,10.3157,123.8854,10.3157,123.8854,181.7,0.8,0.8,0.26,False,False,ALLOW,True,ALLOW,GATE_0_FAST_PATH,True,ALLOW,GATE_1_NEURAL_QWEN,True
TX-CAT1-0364,1. Routine Everyday,ALLOW,usr-1003-cst-003,Elena Reyes,Cebu IT Park,13039.49,15000.0,0.87,pharmacy vitamins,10.31121,123.874497,10.3157,123.8854,10.3157,123.8854,211.5,1.29,1.29,0.37,False,False,ALLOW,True,ALLOW,GATE_0_FAST_PATH,True,ALLOW,GATE_1_NEURAL_QWEN,True
TX-CAT1-0365,1. Routine Everyday,ALLOW,usr-1002-cst-002,Juan Dela Cruz,Quezon City,179.69,4000.0,0.04,grab car ride payment,14.686434,121.045599,14.676,121.0437,14.676,121.0437,117.7,1.18,1.18,0.6,False,False,ALLOW,True,ALLOW,GATE_0_FAST_PATH,True,ALLOW,GATE_1_NEURAL_QWEN,True
TX-CAT1-0366,1. Routine Everyday,ALLOW,usr-1002-cst-002,Juan Dela Cruz,Quezon City,841.99,4000.0,0.21,meralco electric bill,14.673116,121.051701,14.676,121.0437,14.676,121.0437,134.9,0.92,0.92,0.41,False,False,ALLOW,True,ALLOW,GATE_0_FAST_PATH,True,ALLOW,GATE_1_NEURAL_QWEN,True
TX-CAT1-0367,1. Routine Everyday,ALLOW,usr-1003-cst-003,Elena Reyes,Cebu IT Park,3756.03,15000.0,0.25,allowance transfer,10.326896,123.888801,10.3157,123.8854,10.3157,123.8854,133.0,1.3,1.3,0.59,False,False,ALLOW,True,ALLOW,GATE_0_FAST_PATH,True,ALLOW,GATE_1_NEURAL_QWEN,True
TX-CAT1-0368,1. Routine Everyday,ALLOW,usr-1002-cst-002,Juan Dela Cruz,Quezon City,2816.6,4000.0,0.7,pharmacy vitamins,14.668062,121.048988,14.676,121.0437,14.676,121.0437,132.5,1.05,1.05,0.48,False,False,ALLOW,True,ALLOW,GATE_0_FAST_PATH,True,ALLOW,GATE_1_NEURAL_QWEN,True
TX-CAT1-0369,1. Routine Everyday,ALLOW,usr-1001-cst-001,Maria Santos,Makati CBD,1301.49,2500.0,0.52,lunch with colleagues,14.565385,121.024037,14.5547,121.02,14.5547,121.02,190.5,1.27,1.27,0.4,False,False,ALLOW,True,ALLOW,GATE_0_FAST_PATH,True,ALLOW,GATE_1_NEURAL_QWEN,True
TX-CAT1-0370,1. Routine Everyday,ALLOW,usr-1004-cst-004,Carlos Tan,Pasig Ortigas,364.73,2000.0,0.18,school supplies,14.580454,121.066372,14.5869,121.0614,14.5869,121.0614,31.9,0.89,0.89,1.67,False,False,ALLOW,True,ALLOW,GATE_0_FAST_PATH,True,ALLOW,GATE_1_NEURAL_QWEN,True
TX-CAT1-0371,1. Routine Everyday,ALLOW,usr-1004-cst-004,Carlos Tan,Pasig Ortigas,784.3,2000.0,0.39,dinner delivery,14.590205,121.071814,14.5869,121.0614,14.5869,121.0614,221.7,1.18,1.18,0.32,False,False,ALLOW,True,ALLOW,GATE_0_FAST_PATH,True,ALLOW,GATE_1_NEURAL_QWEN,True
TX-CAT1-0372,1. Routine Everyday,ALLOW,usr-1004-cst-004,Carlos Tan,Pasig Ortigas,148.0,2000.0,0.07,grab car ride payment,14.588139,121.049684,14.5869,121.0614,14.5869,121.0614,141.2,1.27,1.27,0.54,False,False,ALLOW,True,ALLOW,GATE_0_FAST_PATH,True,ALLOW,GATE_1_NEURAL_QWEN,True
TX-CAT1-0373,1. Routine Everyday,ALLOW,usr-1003-cst-003,Elena Reyes,Cebu IT Park,7689.98,15000.0,0.51,maynilad water payment,10.304111,123.892916,10.3157,123.8854,10.3157,123.8854,171.5,1.53,1.53,0.54,False,False,ALLOW,True,ALLOW,GATE_0_FAST_PATH,True,ALLOW,GATE_1_NEURAL_QWEN,True
TX-CAT1-0374,1. Routine Everyday,ALLOW,usr-1002-cst-002,Juan Dela Cruz,Quezon City,513.82,4000.0,0.13,lunch with colleagues,14.676585,121.037483,14.676,121.0437,14.676,121.0437,160.2,0.67,0.67,0.25,False,False,ALLOW,True,ALLOW,GATE_0_FAST_PATH,True,ALLOW,GATE_1_NEURAL_QWEN,True
TX-CAT1-0375,1. Routine Everyday,ALLOW,usr-1003-cst-003,Elena Reyes,Cebu IT Park,11638.98,15000.0,0.78,maynilad water payment,10.322778,123.875296,10.3157,123.8854,10.3157,123.8854,231.5,1.36,1.36,0.35,False,False,ALLOW,True,ALLOW,GATE_0_FAST_PATH,True,ALLOW,GATE_1_NEURAL_QWEN,True
TX-CAT1-0376,1. Routine Everyday,ALLOW,usr-1004-cst-004,Carlos Tan,Pasig Ortigas,1125.7,2000.0,0.56,pet food purchase,14.580321,121.065817,14.5869,121.0614,14.5869,121.0614,208.1,0.87,0.87,0.25,False,False,ALLOW,True,ALLOW,GATE_0_FAST_PATH,True,ALLOW,GATE_1_NEURAL_QWEN,True
TX-CAT1-0377,1. Routine Everyday,ALLOW,usr-1001-cst-001,Maria Santos,Makati CBD,330.84,2500.0,0.13,coffee and pastry,14.551752,121.019424,14.5547,121.02,14.5547,121.02,163.7,0.33,0.33,0.12,False,False,ALLOW,True,ALLOW,GATE_0_FAST_PATH,True,ALLOW,GATE_1_NEURAL_QWEN,True
TX-CAT1-0378,1. Routine Everyday,ALLOW,usr-1002-cst-002,Juan Dela Cruz,Quezon City,424.28,4000.0,0.11,coffee and pastry,14.679478,121.03965,14.676,121.0437,14.676,121.0437,235.2,0.58,0.58,0.15,False,False,ALLOW,True,ALLOW,GATE_0_FAST_PATH,True,ALLOW,GATE_1_NEURAL_QWEN,True
TX-CAT1-0379,1. Routine Everyday,ALLOW,usr-1001-cst-001,Maria Santos,Makati CBD,2137.75,2500.0,0.86,supermarket groceries,14.548214,121.029631,14.5547,121.02,14.5547,121.02,175.4,1.26,1.26,0.43,False,False,ALLOW,True,ALLOW,GATE_0_FAST_PATH,True,ALLOW,GATE_1_NEURAL_QWEN,True
TX-CAT1-0380,1. Routine Everyday,ALLOW,usr-1004-cst-004,Carlos Tan,Pasig Ortigas,602.55,2000.0,0.3,lunch with colleagues,14.591326,121.056129,14.5869,121.0614,14.5869,121.0614,144.0,0.75,0.75,0.31,False,False,ALLOW,True,ALLOW,GATE_0_FAST_PATH,True,ALLOW,GATE_1_NEURAL_QWEN,True
TX-CAT1-0381,1. Routine Everyday,ALLOW,usr-1001-cst-001,Maria Santos,Makati CBD,524.44,2500.0,0.21,pharmacy vitamins,14.543076,121.012972,14.5547,121.02,14.5547,121.02,60.3,1.5,1.5,1.49,False,False,ALLOW,True,ALLOW,GATE_0_FAST_PATH,True,ALLOW,GATE_1_NEURAL_QWEN,True
TX-CAT1-0382,1. Routine Everyday,ALLOW,usr-1004-cst-004,Carlos Tan,Pasig Ortigas,1773.4,2000.0,0.89,maynilad water payment,14.578799,121.055171,14.5869,121.0614,14.5869,121.0614,205.3,1.12,1.12,0.33,False,False,ALLOW,True,ALLOW,GATE_0_FAST_PATH,True,ALLOW,GATE_1_NEURAL_QWEN,True
TX-CAT1-0383,1. Routine Everyday,ALLOW,usr-1004-cst-004,Carlos Tan,Pasig Ortigas,1325.12,2000.0,0.66,grab car ride payment,14.582862,121.067535,14.5869,121.0614,14.5869,121.0614,59.4,0.8,0.8,0.81,False,False,ALLOW,True,ALLOW,GATE_0_FAST_PATH,True,ALLOW,GATE_1_NEURAL_QWEN,True
TX-CAT1-0384,1. Routine Everyday,ALLOW,usr-1001-cst-001,Maria Santos,Makati CBD,1249.29,2500.0,0.5,pharmacy vitamins,14.543989,121.01849,14.5547,121.02,14.5547,121.02,206.1,1.2,1.2,0.35,False,False,ALLOW,True,ALLOW,GATE_0_FAST_PATH,True,ALLOW,GATE_1_NEURAL_QWEN,True
TX-CAT1-0385,1. Routine Everyday,ALLOW,usr-1003-cst-003,Elena Reyes,Cebu IT Park,8671.03,15000.0,0.58,dinner delivery,10.326617,123.882921,10.3157,123.8854,10.3157,123.8854,192.4,1.24,1.24,0.39,False,False,ALLOW,True,ALLOW,GATE_0_FAST_PATH,True,ALLOW,GATE_1_NEURAL_QWEN,True
TX-CAT1-0386,1. Routine Everyday,ALLOW,usr-1001-cst-001,Maria Santos,Makati CBD,1549.95,2500.0,0.62,allowance transfer,14.554474,121.016539,14.5547,121.02,14.5547,121.02,227.6,0.37,0.37,0.1,False,False,ALLOW,True,ALLOW,GATE_0_FAST_PATH,True,ALLOW,GATE_1_NEURAL_QWEN,True
TX-CAT1-0387,1. Routine Everyday,ALLOW,usr-1004-cst-004,Carlos Tan,Pasig Ortigas,450.61,2000.0,0.23,dinner delivery,14.590756,121.051457,14.5869,121.0614,14.5869,121.0614,159.9,1.15,1.15,0.43,False,False,ALLOW,True,ALLOW,GATE_0_FAST_PATH,True,ALLOW,GATE_1_NEURAL_QWEN,True
TX-CAT1-0388,1. Routine Everyday,ALLOW,usr-1002-cst-002,Juan Dela Cruz,Quezon City,2744.24,4000.0,0.69,lunch with colleagues,14.670431,121.04082,14.676,121.0437,14.676,121.0437,194.6,0.69,0.69,0.21,False,False,ALLOW,True,ALLOW,GATE_0_FAST_PATH,True,ALLOW,GATE_1_NEURAL_QWEN,True
TX-CAT1-0389,1. Routine Everyday,ALLOW,usr-1002-cst-002,Juan Dela Cruz,Quezon City,2841.93,4000.0,0.71,pharmacy vitamins,14.672657,121.033896,14.676,121.0437,14.676,121.0437,228.0,1.12,1.12,0.29,False,False,ALLOW,True,ALLOW,GATE_0_FAST_PATH,True,ALLOW,GATE_1_NEURAL_QWEN,True
TX-CAT1-0390,1. Routine Everyday,ALLOW,usr-1004-cst-004,Carlos Tan,Pasig Ortigas,760.65,2000.0,0.38,maynilad water payment,14.577354,121.051495,14.5869,121.0614,14.5869,121.0614,120.5,1.5,1.5,0.75,False,False,ALLOW,True,ALLOW,GATE_0_FAST_PATH,True,ALLOW,GATE_1_NEURAL_QWEN,True
TX-CAT1-0391,1. Routine Everyday,ALLOW,usr-1004-cst-004,Carlos Tan,Pasig Ortigas,303.86,2000.0,0.15,lunch with colleagues,14.583394,121.051634,14.5869,121.0614,14.5869,121.0614,155.6,1.12,1.12,0.43,False,False,ALLOW,True,ALLOW,GATE_0_FAST_PATH,True,ALLOW,GATE_1_NEURAL_QWEN,True
TX-CAT1-0392,1. Routine Everyday,ALLOW,usr-1003-cst-003,Elena Reyes,Cebu IT Park,12324.34,15000.0,0.82,supermarket groceries,10.310704,123.882707,10.3157,123.8854,10.3157,123.8854,47.8,0.63,0.63,0.79,False,False,ALLOW,True,ALLOW,GATE_0_FAST_PATH,True,ALLOW,GATE_1_NEURAL_QWEN,True
TX-CAT1-0393,1. Routine Everyday,ALLOW,usr-1002-cst-002,Juan Dela Cruz,Quezon City,2224.81,4000.0,0.56,monthly rent payment,14.680448,121.035768,14.676,121.0437,14.676,121.0437,86.5,0.99,0.99,0.69,False,False,ALLOW,True,ALLOW,GATE_0_FAST_PATH,True,ALLOW,GATE_1_NEURAL_QWEN,True
TX-CAT1-0394,1. Routine Everyday,ALLOW,usr-1003-cst-003,Elena Reyes,Cebu IT Park,7087.84,15000.0,0.47,lunch with colleagues,10.307713,123.880023,10.3157,123.8854,10.3157,123.8854,92.9,1.07,1.07,0.69,False,False,ALLOW,True,ALLOW,GATE_0_FAST_PATH,True,ALLOW,GATE_1_NEURAL_QWEN,True
TX-CAT1-0395,1. Routine Everyday,ALLOW,usr-1001-cst-001,Maria Santos,Makati CBD,934.34,2500.0,0.37,meralco electric bill,14.560002,121.019899,14.5547,121.02,14.5547,121.02,159.5,0.59,0.59,0.22,False,False,ALLOW,True,ALLOW,GATE_0_FAST_PATH,True,ALLOW,GATE_1_NEURAL_QWEN,True
TX-CAT1-0396,1. Routine Everyday,ALLOW,usr-1004-cst-004,Carlos Tan,Pasig Ortigas,310.41,2000.0,0.16,maynilad water payment,14.575062,121.058897,14.5869,121.0614,14.5869,121.0614,206.7,1.34,1.34,0.39,False,False,ALLOW,True,ALLOW,GATE_0_FAST_PATH,True,ALLOW,GATE_1_NEURAL_QWEN,True
TX-CAT1-0397,1. Routine Everyday,ALLOW,usr-1004-cst-004,Carlos Tan,Pasig Ortigas,1551.26,2000.0,0.78,pharmacy vitamins,14.585465,121.059735,14.5869,121.0614,14.5869,121.0614,202.9,0.24,0.24,0.07,False,False,ALLOW,True,ALLOW,GATE_0_FAST_PATH,True,ALLOW,GATE_1_NEURAL_QWEN,True
TX-CAT1-0398,1. Routine Everyday,ALLOW,usr-1002-cst-002,Juan Dela Cruz,Quezon City,1225.6,4000.0,0.31,dinner delivery,14.686735,121.03652,14.676,121.0437,14.676,121.0437,96.0,1.42,1.42,0.89,False,False,ALLOW,True,ALLOW,GATE_0_FAST_PATH,True,ALLOW,GATE_1_NEURAL_QWEN,True
TX-CAT1-0399,1. Routine Everyday,ALLOW,usr-1004-cst-004,Carlos Tan,Pasig Ortigas,1844.33,2000.0,0.92,maynilad water payment,14.592537,121.06459,14.5869,121.0614,14.5869,121.0614,233.2,0.71,0.71,0.18,False,False,ALLOW,True,ALLOW,GATE_0_FAST_PATH,True,ALLOW,GATE_1_NEURAL_QWEN,True
TX-CAT1-0400,1. Routine Everyday,ALLOW,usr-1002-cst-002,Juan Dela Cruz,Quezon City,1319.26,4000.0,0.33,maynilad water payment,14.683596,121.04113,14.676,121.0437,14.676,121.0437,53.9,0.89,0.89,0.99,False,False,ALLOW,True,ALLOW,GATE_0_FAST_PATH,True,ALLOW,GATE_1_NEURAL_QWEN,True
TX-CAT1-0401,1. Routine Everyday,ALLOW,usr-1002-cst-002,Juan Dela Cruz,Quezon City,2299.4,4000.0,0.57,grab car ride payment,14.668318,121.050123,14.676,121.0437,14.676,121.0437,35.7,1.1,1.1,1.85,False,False,ALLOW,True,ALLOW,GATE_0_FAST_PATH,True,ALLOW,GATE_1_NEURAL_QWEN,True
TX-CAT1-0402,1. Routine Everyday,ALLOW,usr-1004-cst-004,Carlos Tan,Pasig Ortigas,1798.5,2000.0,0.9,meralco electric bill,14.585423,121.056392,14.5869,121.0614,14.5869,121.0614,175.5,0.56,0.56,0.19,False,False,ALLOW,True,ALLOW,GATE_0_FAST_PATH,True,ALLOW,GATE_1_NEURAL_QWEN,True
TX-CAT1-0403,1. Routine Everyday,ALLOW,usr-1004-cst-004,Carlos Tan,Pasig Ortigas,1317.9,2000.0,0.66,monthly rent payment,14.5901,121.055209,14.5869,121.0614,14.5869,121.0614,168.3,0.76,0.76,0.27,False,False,ALLOW,True,ALLOW,GATE_0_FAST_PATH,True,ALLOW,GATE_1_NEURAL_QWEN,True
TX-CAT1-0404,1. Routine Everyday,ALLOW,usr-1004-cst-004,Carlos Tan,Pasig Ortigas,1524.56,2000.0,0.76,lunch with colleagues,14.585678,121.06375,14.5869,121.0614,14.5869,121.0614,152.3,0.29,0.29,0.11,False,False,ALLOW,True,ALLOW,GATE_0_FAST_PATH,True,ALLOW,GATE_1_NEURAL_QWEN,True
TX-CAT1-0405,1. Routine Everyday,ALLOW,usr-1004-cst-004,Carlos Tan,Pasig Ortigas,1087.69,2000.0,0.54,pharmacy vitamins,14.591739,121.068895,14.5869,121.0614,14.5869,121.0614,154.7,0.97,0.97,0.38,False,False,ALLOW,True,ALLOW,GATE_0_FAST_PATH,True,ALLOW,GATE_1_NEURAL_QWEN,True
TX-CAT1-0406,1. Routine Everyday,ALLOW,usr-1001-cst-001,Maria Santos,Makati CBD,366.63,2500.0,0.15,meralco electric bill,14.558482,121.01652,14.5547,121.02,14.5547,121.02,165.9,0.56,0.56,0.2,False,False,ALLOW,True,ALLOW,GATE_0_FAST_PATH,True,ALLOW,GATE_1_NEURAL_QWEN,True
TX-CAT1-0407,1. Routine Everyday,ALLOW,usr-1001-cst-001,Maria Santos,Makati CBD,1390.06,2500.0,0.56,school supplies,14.558959,121.017591,14.5547,121.02,14.5547,121.02,188.1,0.54,0.54,0.17,False,False,ALLOW,True,ALLOW,GATE_0_FAST_PATH,True,ALLOW,GATE_1_NEURAL_QWEN,True
TX-CAT1-0408,1. Routine Everyday,ALLOW,usr-1004-cst-004,Carlos Tan,Pasig Ortigas,308.58,2000.0,0.15,lunch with colleagues,14.58111,121.061656,14.5869,121.0614,14.5869,121.0614,138.9,0.64,0.64,0.28,False,False,ALLOW,True,ALLOW,GATE_0_FAST_PATH,True,ALLOW,GATE_1_NEURAL_QWEN,True
TX-CAT1-0409,1. Routine Everyday,ALLOW,usr-1002-cst-002,Juan Dela Cruz,Quezon City,1760.47,4000.0,0.44,coffee and pastry,14.675114,121.048009,14.676,121.0437,14.676,121.0437,175.0,0.47,0.47,0.16,False,False,ALLOW,True,ALLOW,GATE_0_FAST_PATH,True,ALLOW,GATE_1_NEURAL_QWEN,True
TX-CAT1-0410,1. Routine Everyday,ALLOW,usr-1002-cst-002,Juan Dela Cruz,Quezon City,1389.48,4000.0,0.35,supermarket groceries,14.675587,121.03879,14.676,121.0437,14.676,121.0437,223.3,0.53,0.53,0.14,False,False,ALLOW,True,ALLOW,GATE_0_FAST_PATH,True,ALLOW,GATE_1_NEURAL_QWEN,True
TX-CAT1-0411,1. Routine Everyday,ALLOW,usr-1001-cst-001,Maria Santos,Makati CBD,381.74,2500.0,0.15,pet food purchase,14.5461,121.015485,14.5547,121.02,14.5547,121.02,125.6,1.07,1.07,0.51,False,False,ALLOW,True,ALLOW,GATE_0_FAST_PATH,True,ALLOW,GATE_1_NEURAL_QWEN,True
TX-CAT1-0412,1. Routine Everyday,ALLOW,usr-1002-cst-002,Juan Dela Cruz,Quezon City,2037.7,4000.0,0.51,pharmacy vitamins,14.675428,121.042216,14.676,121.0437,14.676,121.0437,176.3,0.17,0.17,0.06,False,False,ALLOW,True,ALLOW,GATE_0_FAST_PATH,True,ALLOW,GATE_1_NEURAL_QWEN,True
TX-CAT1-0413,1. Routine Everyday,ALLOW,usr-1003-cst-003,Elena Reyes,Cebu IT Park,1069.17,15000.0,0.07,supermarket groceries,10.323144,123.876162,10.3157,123.8854,10.3157,123.8854,208.3,1.31,1.31,0.38,False,False,ALLOW,True,ALLOW,GATE_0_FAST_PATH,True,ALLOW,GATE_1_NEURAL_QWEN,True
TX-CAT1-0414,1. Routine Everyday,ALLOW,usr-1001-cst-001,Maria Santos,Makati CBD,1646.95,2500.0,0.66,monthly rent payment,14.565018,121.025772,14.5547,121.02,14.5547,121.02,138.4,1.3,1.3,0.56,False,False,ALLOW,True,ALLOW,GATE_0_FAST_PATH,True,ALLOW,GATE_1_NEURAL_QWEN,True
TX-CAT1-0415,1. Routine Everyday,ALLOW,usr-1002-cst-002,Juan Dela Cruz,Quezon City,1338.04,4000.0,0.33,coffee and pastry,14.687003,121.037265,14.676,121.0437,14.676,121.0437,115.1,1.41,1.41,0.74,False,False,ALLOW,True,ALLOW,GATE_0_FAST_PATH,True,ALLOW,GATE_1_NEURAL_QWEN,True
TX-CAT1-0416,1. Routine Everyday,ALLOW,usr-1002-cst-002,Juan Dela Cruz,Quezon City,805.9,4000.0,0.2,school supplies,14.674371,121.032401,14.676,121.0437,14.676,121.0437,159.0,1.23,1.23,0.46,False,False,ALLOW,True,ALLOW,GATE_0_FAST_PATH,True,ALLOW,GATE_1_NEURAL_QWEN,True
TX-CAT1-0417,1. Routine Everyday,ALLOW,usr-1002-cst-002,Juan Dela Cruz,Quezon City,1774.44,4000.0,0.44,coffee and pastry,14.673332,121.048614,14.676,121.0437,14.676,121.0437,73.2,0.61,0.61,0.5,False,False,ALLOW,True,ALLOW,GATE_0_FAST_PATH,True,ALLOW,GATE_1_NEURAL_QWEN,True
TX-CAT1-0418,1. Routine Everyday,ALLOW,usr-1001-cst-001,Maria Santos,Makati CBD,1421.92,2500.0,0.57,grab car ride payment,14.547187,121.015824,14.5547,121.02,14.5547,121.02,126.1,0.95,0.95,0.45,False,False,ALLOW,True,ALLOW,GATE_0_FAST_PATH,True,ALLOW,GATE_1_NEURAL_QWEN,True
TX-CAT1-0419,1. Routine Everyday,ALLOW,usr-1003-cst-003,Elena Reyes,Cebu IT Park,9597.01,15000.0,0.64,allowance transfer,10.316365,123.888739,10.3157,123.8854,10.3157,123.8854,155.4,0.37,0.37,0.14,False,False,ALLOW,True,ALLOW,GATE_0_FAST_PATH,True,ALLOW,GATE_1_NEURAL_QWEN,True
TX-CAT1-0420,1. Routine Everyday,ALLOW,usr-1004-cst-004,Carlos Tan,Pasig Ortigas,1164.87,2000.0,0.58,pharmacy vitamins,14.583348,121.060389,14.5869,121.0614,14.5869,121.0614,66.2,0.41,0.41,0.37,False,False,ALLOW,True,ALLOW,GATE_0_FAST_PATH,True,ALLOW,GATE_1_NEURAL_QWEN,True
TX-CAT1-0421,1. Routine Everyday,ALLOW,usr-1003-cst-003,Elena Reyes,Cebu IT Park,13100.98,15000.0,0.87,dinner delivery,10.305734,123.876615,10.3157,123.8854,10.3157,123.8854,54.8,1.47,1.47,1.61,False,False,ALLOW,True,ALLOW,GATE_0_FAST_PATH,True,ALLOW,GATE_1_NEURAL_QWEN,True
TX-CAT1-0422,1. Routine Everyday,ALLOW,usr-1003-cst-003,Elena Reyes,Cebu IT Park,1772.49,15000.0,0.12,pharmacy vitamins,10.320342,123.88566,10.3157,123.8854,10.3157,123.8854,117.8,0.52,0.52,0.26,False,False,ALLOW,True,ALLOW,GATE_0_FAST_PATH,True,ALLOW,GATE_1_NEURAL_QWEN,True
TX-CAT1-0423,1. Routine Everyday,ALLOW,usr-1002-cst-002,Juan Dela Cruz,Quezon City,2235.29,4000.0,0.56,coffee and pastry,14.668458,121.046952,14.676,121.0437,14.676,121.0437,175.6,0.91,0.91,0.31,False,False,ALLOW,True,ALLOW,GATE_0_FAST_PATH,True,ALLOW,GATE_1_NEURAL_QWEN,True
TX-CAT1-0424,1. Routine Everyday,ALLOW,usr-1002-cst-002,Juan Dela Cruz,Quezon City,2162.08,4000.0,0.54,allowance transfer,14.670932,121.03619,14.676,121.0437,14.676,121.0437,206.8,0.98,0.98,0.28,False,False,ALLOW,True,ALLOW,GATE_0_FAST_PATH,True,ALLOW,GATE_1_NEURAL_QWEN,True
TX-CAT1-0425,1. Routine Everyday,ALLOW,usr-1001-cst-001,Maria Santos,Makati CBD,2071.75,2500.0,0.83,supermarket groceries,14.554331,121.012683,14.5547,121.02,14.5547,121.02,110.6,0.79,0.79,0.43,False,False,ALLOW,True,ALLOW,GATE_0_FAST_PATH,True,ALLOW,GATE_1_NEURAL_QWEN,True
TX-CAT1-0426,1. Routine Everyday,ALLOW,usr-1004-cst-004,Carlos Tan,Pasig Ortigas,848.26,2000.0,0.42,allowance transfer,14.584875,121.069557,14.5869,121.0614,14.5869,121.0614,132.6,0.91,0.91,0.41,False,False,ALLOW,True,ALLOW,GATE_0_FAST_PATH,True,ALLOW,GATE_1_NEURAL_QWEN,True
TX-CAT1-0427,1. Routine Everyday,ALLOW,usr-1001-cst-001,Maria Santos,Makati CBD,1394.97,2500.0,0.56,meralco electric bill,14.54971,121.014596,14.5547,121.02,14.5547,121.02,142.9,0.8,0.8,0.34,False,False,ALLOW,True,ALLOW,GATE_0_FAST_PATH,True,ALLOW,GATE_1_NEURAL_QWEN,True
TX-CAT1-0428,1. Routine Everyday,ALLOW,usr-1002-cst-002,Juan Dela Cruz,Quezon City,2993.12,4000.0,0.75,dinner delivery,14.68182,121.050082,14.676,121.0437,14.676,121.0437,145.4,0.94,0.94,0.39,False,False,ALLOW,True,ALLOW,GATE_0_FAST_PATH,True,ALLOW,GATE_1_NEURAL_QWEN,True
TX-CAT1-0429,1. Routine Everyday,ALLOW,usr-1001-cst-001,Maria Santos,Makati CBD,1411.47,2500.0,0.56,maynilad water payment,14.561303,121.027759,14.5547,121.02,14.5547,121.02,107.0,1.11,1.11,0.62,False,False,ALLOW,True,ALLOW,GATE_0_FAST_PATH,True,ALLOW,GATE_1_NEURAL_QWEN,True
TX-CAT1-0430,1. Routine Everyday,ALLOW,usr-1001-cst-001,Maria Santos,Makati CBD,1833.81,2500.0,0.73,allowance transfer,14.555812,121.031755,14.5547,121.02,14.5547,121.02,51.5,1.27,1.27,1.48,False,False,ALLOW,True,ALLOW,GATE_0_FAST_PATH,True,ALLOW,GATE_1_NEURAL_QWEN,True
TX-CAT1-0431,1. Routine Everyday,ALLOW,usr-1002-cst-002,Juan Dela Cruz,Quezon City,1215.57,4000.0,0.3,supermarket groceries,14.674794,121.040066,14.676,121.0437,14.676,121.0437,201.5,0.41,0.41,0.12,False,False,ALLOW,True,ALLOW,GATE_0_FAST_PATH,True,ALLOW,GATE_1_NEURAL_QWEN,True
TX-CAT1-0432,1. Routine Everyday,ALLOW,usr-1004-cst-004,Carlos Tan,Pasig Ortigas,1660.22,2000.0,0.83,lunch with colleagues,14.593515,121.055087,14.5869,121.0614,14.5869,121.0614,200.2,1.0,1.0,0.3,False,False,ALLOW,True,ALLOW,GATE_0_FAST_PATH,True,ALLOW,GATE_1_NEURAL_QWEN,True
TX-CAT1-0433,1. Routine Everyday,ALLOW,usr-1003-cst-003,Elena Reyes,Cebu IT Park,12286.62,15000.0,0.82,dinner delivery,10.318886,123.877384,10.3157,123.8854,10.3157,123.8854,59.2,0.95,0.95,0.96,False,False,ALLOW,True,ALLOW,GATE_0_FAST_PATH,True,ALLOW,GATE_1_NEURAL_QWEN,True
TX-CAT1-0434,1. Routine Everyday,ALLOW,usr-1002-cst-002,Juan Dela Cruz,Quezon City,3113.79,4000.0,0.78,supermarket groceries,14.677682,121.044475,14.676,121.0437,14.676,121.0437,155.3,0.2,0.2,0.08,False,False,ALLOW,True,ALLOW,GATE_0_FAST_PATH,True,ALLOW,GATE_1_NEURAL_QWEN,True
TX-CAT1-0435,1. Routine Everyday,ALLOW,usr-1002-cst-002,Juan Dela Cruz,Quezon City,1311.05,4000.0,0.33,pet food purchase,14.671023,121.045446,14.676,121.0437,14.676,121.0437,230.0,0.58,0.58,0.15,False,False,ALLOW,True,ALLOW,GATE_0_FAST_PATH,True,ALLOW,GATE_1_NEURAL_QWEN,True
TX-CAT1-0436,1. Routine Everyday,ALLOW,usr-1001-cst-001,Maria Santos,Makati CBD,425.75,2500.0,0.17,coffee and pastry,14.56475,121.03182,14.5547,121.02,14.5547,121.02,212.1,1.69,1.69,0.48,False,False,ALLOW,True,ALLOW,GATE_0_FAST_PATH,True,ALLOW,GATE_1_NEURAL_QWEN,True
TX-CAT1-0437,1. Routine Everyday,ALLOW,usr-1002-cst-002,Juan Dela Cruz,Quezon City,2701.25,4000.0,0.68,monthly rent payment,14.669992,121.048773,14.676,121.0437,14.676,121.0437,204.0,0.86,0.86,0.25,False,False,ALLOW,True,ALLOW,GATE_0_FAST_PATH,True,ALLOW,GATE_1_NEURAL_QWEN,True
TX-CAT1-0438,1. Routine Everyday,ALLOW,usr-1004-cst-004,Carlos Tan,Pasig Ortigas,991.24,2000.0,0.5,dinner delivery,14.590078,121.064468,14.5869,121.0614,14.5869,121.0614,108.8,0.48,0.48,0.26,False,False,ALLOW,True,ALLOW,GATE_0_FAST_PATH,True,ALLOW,GATE_1_NEURAL_QWEN,True
TX-CAT1-0439,1. Routine Everyday,ALLOW,usr-1001-cst-001,Maria Santos,Makati CBD,1548.83,2500.0,0.62,lunch with colleagues,14.552368,121.025995,14.5547,121.02,14.5547,121.02,175.9,0.7,0.7,0.24,False,False,ALLOW,True,ALLOW,GATE_0_FAST_PATH,True,ALLOW,GATE_1_NEURAL_QWEN,True
TX-CAT1-0440,1. Routine Everyday,ALLOW,usr-1003-cst-003,Elena Reyes,Cebu IT Park,6544.85,15000.0,0.44,allowance transfer,10.311555,123.873459,10.3157,123.8854,10.3157,123.8854,192.6,1.39,1.39,0.43,False,False,ALLOW,True,ALLOW,GATE_0_FAST_PATH,True,ALLOW,GATE_1_NEURAL_QWEN,True
TX-CAT1-0441,1. Routine Everyday,ALLOW,usr-1001-cst-001,Maria Santos,Makati CBD,1768.25,2500.0,0.71,allowance transfer,14.557936,121.024735,14.5547,121.02,14.5547,121.02,208.5,0.62,0.62,0.18,False,False,ALLOW,True,ALLOW,GATE_0_FAST_PATH,True,ALLOW,GATE_1_NEURAL_QWEN,True
TX-CAT1-0442,1. Routine Everyday,ALLOW,usr-1004-cst-004,Carlos Tan,Pasig Ortigas,507.74,2000.0,0.25,coffee and pastry,14.594696,121.061273,14.5869,121.0614,14.5869,121.0614,97.8,0.87,0.87,0.53,False,False,ALLOW,True,ALLOW,GATE_0_FAST_PATH,True,ALLOW,GATE_1_NEURAL_QWEN,True
TX-CAT1-0443,1. Routine Everyday,ALLOW,usr-1003-cst-003,Elena Reyes,Cebu IT Park,4892.48,15000.0,0.33,dinner delivery,10.306834,123.893858,10.3157,123.8854,10.3157,123.8854,195.5,1.35,1.35,0.41,False,False,ALLOW,True,ALLOW,GATE_0_FAST_PATH,True,ALLOW,GATE_1_NEURAL_QWEN,True
TX-CAT1-0444,1. Routine Everyday,ALLOW,usr-1001-cst-001,Maria Santos,Makati CBD,223.6,2500.0,0.09,school supplies,14.561513,121.01903,14.5547,121.02,14.5547,121.02,56.1,0.76,0.76,0.81,False,False,ALLOW,True,ALLOW,GATE_0_FAST_PATH,True,ALLOW,GATE_1_NEURAL_QWEN,True
TX-CAT1-0445,1. Routine Everyday,ALLOW,usr-1002-cst-002,Juan Dela Cruz,Quezon City,1743.93,4000.0,0.44,supermarket groceries,14.687804,121.041967,14.676,121.0437,14.676,121.0437,239.1,1.33,1.33,0.33,False,False,ALLOW,True,ALLOW,GATE_0_FAST_PATH,True,ALLOW,GATE_1_NEURAL_QWEN,True
TX-CAT1-0446,1. Routine Everyday,ALLOW,usr-1002-cst-002,Juan Dela Cruz,Quezon City,3366.3,4000.0,0.84,maynilad water payment,14.667815,121.054085,14.676,121.0437,14.676,121.0437,87.5,1.44,1.44,0.99,False,False,ALLOW,True,ALLOW,GATE_0_FAST_PATH,True,ALLOW,GATE_1_NEURAL_QWEN,True
TX-CAT1-0447,1. Routine Everyday,ALLOW,usr-1003-cst-003,Elena Reyes,Cebu IT Park,3658.0,15000.0,0.24,pharmacy vitamins,10.319648,123.888974,10.3157,123.8854,10.3157,123.8854,40.9,0.59,0.59,0.87,False,False,ALLOW,True,ALLOW,GATE_0_FAST_PATH,True,ALLOW,GATE_1_NEURAL_QWEN,True
TX-CAT1-0448,1. Routine Everyday,ALLOW,usr-1003-cst-003,Elena Reyes,Cebu IT Park,10378.22,15000.0,0.69,meralco electric bill,10.314002,123.875589,10.3157,123.8854,10.3157,123.8854,50.0,1.09,1.09,1.31,False,False,ALLOW,True,ALLOW,GATE_0_FAST_PATH,True,ALLOW,GATE_1_NEURAL_QWEN,True
TX-CAT1-0449,1. Routine Everyday,ALLOW,usr-1002-cst-002,Juan Dela Cruz,Quezon City,1874.65,4000.0,0.47,monthly rent payment,14.678248,121.044167,14.676,121.0437,14.676,121.0437,123.5,0.25,0.25,0.12,False,False,ALLOW,True,ALLOW,GATE_0_FAST_PATH,True,ALLOW,GATE_1_NEURAL_QWEN,True
TX-CAT1-0450,1. Routine Everyday,ALLOW,usr-1001-cst-001,Maria Santos,Makati CBD,1688.57,2500.0,0.68,lunch with colleagues,14.566416,121.018136,14.5547,121.02,14.5547,121.02,57.8,1.32,1.32,1.37,False,False,ALLOW,True,ALLOW,GATE_0_FAST_PATH,True,ALLOW,GATE_1_NEURAL_QWEN,True
TX-CAT1-0451,1. Routine Everyday,ALLOW,usr-1001-cst-001,Maria Santos,Makati CBD,636.28,2500.0,0.25,lunch with colleagues,14.560238,121.010458,14.5547,121.02,14.5547,121.02,95.8,1.2,1.2,0.75,False,False,ALLOW,True,ALLOW,GATE_0_FAST_PATH,True,ALLOW,GATE_1_NEURAL_QWEN,True
TX-CAT1-0452,1. Routine Everyday,ALLOW,usr-1003-cst-003,Elena Reyes,Cebu IT Park,2057.64,15000.0,0.14,monthly rent payment,10.319098,123.889651,10.3157,123.8854,10.3157,123.8854,44.4,0.6,0.6,0.81,False,False,ALLOW,True,ALLOW,GATE_0_FAST_PATH,True,ALLOW,GATE_1_NEURAL_QWEN,True
TX-CAT1-0453,1. Routine Everyday,ALLOW,usr-1001-cst-001,Maria Santos,Makati CBD,1496.27,2500.0,0.6,monthly rent payment,14.553262,121.025338,14.5547,121.02,14.5547,121.02,161.9,0.6,0.6,0.22,False,False,ALLOW,True,ALLOW,GATE_0_FAST_PATH,True,ALLOW,GATE_1_NEURAL_QWEN,True
TX-CAT1-0454,1. Routine Everyday,ALLOW,usr-1002-cst-002,Juan Dela Cruz,Quezon City,3505.21,4000.0,0.88,dinner delivery,14.680478,121.052339,14.676,121.0437,14.676,121.0437,48.2,1.05,1.05,1.31,False,False,ALLOW,True,ALLOW,GATE_0_FAST_PATH,True,ALLOW,GATE_1_NEURAL_QWEN,True
TX-CAT1-0455,1. Routine Everyday,ALLOW,usr-1001-cst-001,Maria Santos,Makati CBD,435.73,2500.0,0.17,lunch with colleagues,14.55685,121.017217,14.5547,121.02,14.5547,121.02,232.3,0.38,0.38,0.1,False,False,ALLOW,True,ALLOW,GATE_0_FAST_PATH,True,ALLOW,GATE_1_NEURAL_QWEN,True
TX-CAT1-0456,1. Routine Everyday,ALLOW,usr-1003-cst-003,Elena Reyes,Cebu IT Park,11297.91,15000.0,0.75,meralco electric bill,10.310347,123.875422,10.3157,123.8854,10.3157,123.8854,146.2,1.24,1.24,0.51,False,False,ALLOW,True,ALLOW,GATE_0_FAST_PATH,True,ALLOW,GATE_1_NEURAL_QWEN,True
TX-CAT1-0457,1. Routine Everyday,ALLOW,usr-1003-cst-003,Elena Reyes,Cebu IT Park,11126.84,15000.0,0.74,pet food purchase,10.304344,123.89373,10.3157,123.8854,10.3157,123.8854,213.9,1.56,1.56,0.44,False,False,ALLOW,True,ALLOW,GATE_0_FAST_PATH,True,ALLOW,GATE_1_NEURAL_QWEN,True
TX-CAT1-0458,1. Routine Everyday,ALLOW,usr-1002-cst-002,Juan Dela Cruz,Quezon City,2025.32,4000.0,0.51,grab car ride payment,14.668528,121.041102,14.676,121.0437,14.676,121.0437,165.7,0.88,0.88,0.32,False,False,ALLOW,True,ALLOW,GATE_0_FAST_PATH,True,ALLOW,GATE_1_NEURAL_QWEN,True
TX-CAT1-0459,1. Routine Everyday,ALLOW,usr-1002-cst-002,Juan Dela Cruz,Quezon City,1941.19,4000.0,0.49,lunch with colleagues,14.669786,121.047014,14.676,121.0437,14.676,121.0437,44.9,0.78,0.78,1.04,False,False,ALLOW,True,ALLOW,GATE_0_FAST_PATH,True,ALLOW,GATE_1_NEURAL_QWEN,True
TX-CAT1-0460,1. Routine Everyday,ALLOW,usr-1001-cst-001,Maria Santos,Makati CBD,2345.42,2500.0,0.94,pharmacy vitamins,14.545868,121.02866,14.5547,121.02,14.5547,121.02,149.4,1.35,1.35,0.54,False,False,ALLOW,True,ALLOW,GATE_0_FAST_PATH,True,ALLOW,GATE_1_NEURAL_QWEN,True
TX-CAT1-0461,1. Routine Everyday,ALLOW,usr-1003-cst-003,Elena Reyes,Cebu IT Park,7840.01,15000.0,0.52,monthly rent payment,10.322005,123.896307,10.3157,123.8854,10.3157,123.8854,191.8,1.38,1.38,0.43,False,False,ALLOW,True,ALLOW,GATE_0_FAST_PATH,True,ALLOW,GATE_1_NEURAL_QWEN,True
TX-CAT1-0462,1. Routine Everyday,ALLOW,usr-1001-cst-001,Maria Santos,Makati CBD,1444.5,2500.0,0.58,supermarket groceries,14.548992,121.008956,14.5547,121.02,14.5547,121.02,42.7,1.35,1.35,1.9,False,False,ALLOW,True,ALLOW,GATE_0_FAST_PATH,True,ALLOW,GATE_1_NEURAL_QWEN,True
TX-CAT1-0463,1. Routine Everyday,ALLOW,usr-1004-cst-004,Carlos Tan,Pasig Ortigas,1021.77,2000.0,0.51,school supplies,14.592003,121.067811,14.5869,121.0614,14.5869,121.0614,119.0,0.89,0.89,0.45,False,False,ALLOW,True,ALLOW,GATE_0_FAST_PATH,True,ALLOW,GATE_1_NEURAL_QWEN,True
TX-CAT1-0464,1. Routine Everyday,ALLOW,usr-1004-cst-004,Carlos Tan,Pasig Ortigas,266.72,2000.0,0.13,grab car ride payment,14.587804,121.053064,14.5869,121.0614,14.5869,121.0614,47.6,0.9,0.9,1.13,False,False,ALLOW,True,ALLOW,GATE_0_FAST_PATH,True,ALLOW,GATE_1_NEURAL_QWEN,True
TX-CAT1-0465,1. Routine Everyday,ALLOW,usr-1001-cst-001,Maria Santos,Makati CBD,1272.99,2500.0,0.51,meralco electric bill,14.566084,121.011729,14.5547,121.02,14.5547,121.02,98.6,1.55,1.55,0.94,False,False,ALLOW,True,ALLOW,GATE_0_FAST_PATH,True,ALLOW,GATE_1_NEURAL_QWEN,True
TX-CAT1-0466,1. Routine Everyday,ALLOW,usr-1001-cst-001,Maria Santos,Makati CBD,819.43,2500.0,0.33,coffee and pastry,14.560219,121.028315,14.5547,121.02,14.5547,121.02,42.2,1.09,1.09,1.55,False,False,ALLOW,True,ALLOW,GATE_0_FAST_PATH,True,ALLOW,GATE_1_NEURAL_QWEN,True
TX-CAT1-0467,1. Routine Everyday,ALLOW,usr-1001-cst-001,Maria Santos,Makati CBD,2205.04,2500.0,0.88,lunch with colleagues,14.553581,121.022612,14.5547,121.02,14.5547,121.02,95.0,0.31,0.31,0.2,False,False,ALLOW,True,ALLOW,GATE_0_FAST_PATH,True,ALLOW,GATE_1_NEURAL_QWEN,True
TX-CAT1-0468,1. Routine Everyday,ALLOW,usr-1002-cst-002,Juan Dela Cruz,Quezon City,559.55,4000.0,0.14,pet food purchase,14.667293,121.031972,14.676,121.0437,14.676,121.0437,134.2,1.59,1.59,0.71,False,False,ALLOW,True,ALLOW,GATE_0_FAST_PATH,True,ALLOW,GATE_1_NEURAL_QWEN,True
TX-CAT1-0469,1. Routine Everyday,ALLOW,usr-1003-cst-003,Elena Reyes,Cebu IT Park,7510.07,15000.0,0.5,pet food purchase,10.309922,123.882325,10.3157,123.8854,10.3157,123.8854,187.5,0.73,0.73,0.23,False,False,ALLOW,True,ALLOW,GATE_0_FAST_PATH,True,ALLOW,GATE_1_NEURAL_QWEN,True
TX-CAT1-0470,1. Routine Everyday,ALLOW,usr-1003-cst-003,Elena Reyes,Cebu IT Park,10476.38,15000.0,0.7,lunch with colleagues,10.322214,123.874105,10.3157,123.8854,10.3157,123.8854,199.5,1.43,1.43,0.43,False,False,ALLOW,True,ALLOW,GATE_0_FAST_PATH,True,ALLOW,GATE_1_NEURAL_QWEN,True
TX-CAT1-0471,1. Routine Everyday,ALLOW,usr-1003-cst-003,Elena Reyes,Cebu IT Park,7522.06,15000.0,0.5,maynilad water payment,10.320796,123.88724,10.3157,123.8854,10.3157,123.8854,46.2,0.6,0.6,0.78,False,False,ALLOW,True,ALLOW,GATE_0_FAST_PATH,True,ALLOW,GATE_1_NEURAL_QWEN,True
TX-CAT1-0472,1. Routine Everyday,ALLOW,usr-1004-cst-004,Carlos Tan,Pasig Ortigas,1029.19,2000.0,0.51,supermarket groceries,14.586891,121.063005,14.5869,121.0614,14.5869,121.0614,107.2,0.17,0.17,0.1,False,False,ALLOW,True,ALLOW,GATE_0_FAST_PATH,True,ALLOW,GATE_1_NEURAL_QWEN,True
TX-CAT1-0473,1. Routine Everyday,ALLOW,usr-1003-cst-003,Elena Reyes,Cebu IT Park,11047.14,15000.0,0.74,dinner delivery,10.319879,123.876168,10.3157,123.8854,10.3157,123.8854,185.6,1.11,1.11,0.36,False,False,ALLOW,True,ALLOW,GATE_0_FAST_PATH,True,ALLOW,GATE_1_NEURAL_QWEN,True
TX-CAT1-0474,1. Routine Everyday,ALLOW,usr-1001-cst-001,Maria Santos,Makati CBD,219.31,2500.0,0.09,supermarket groceries,14.548569,121.019322,14.5547,121.02,14.5547,121.02,110.4,0.69,0.69,0.37,False,False,ALLOW,True,ALLOW,GATE_0_FAST_PATH,True,ALLOW,GATE_1_NEURAL_QWEN,True
TX-CAT1-0475,1. Routine Everyday,ALLOW,usr-1002-cst-002,Juan Dela Cruz,Quezon City,778.58,4000.0,0.19,supermarket groceries,14.677269,121.053635,14.676,121.0437,14.676,121.0437,185.5,1.08,1.08,0.35,False,False,ALLOW,True,ALLOW,GATE_0_FAST_PATH,True,ALLOW,GATE_1_NEURAL_QWEN,True
TX-CAT1-0476,1. Routine Everyday,ALLOW,usr-1004-cst-004,Carlos Tan,Pasig Ortigas,519.64,2000.0,0.26,meralco electric bill,14.58489,121.066687,14.5869,121.0614,14.5869,121.0614,87.0,0.61,0.61,0.42,False,False,ALLOW,True,ALLOW,GATE_0_FAST_PATH,True,ALLOW,GATE_1_NEURAL_QWEN,True
TX-CAT1-0477,1. Routine Everyday,ALLOW,usr-1001-cst-001,Maria Santos,Makati CBD,1408.81,2500.0,0.56,lunch with colleagues,14.554749,121.029647,14.5547,121.02,14.5547,121.02,67.7,1.04,1.04,0.92,False,False,ALLOW,True,ALLOW,GATE_0_FAST_PATH,True,ALLOW,GATE_1_NEURAL_QWEN,True
TX-CAT1-0478,1. Routine Everyday,ALLOW,usr-1001-cst-001,Maria Santos,Makati CBD,2271.45,2500.0,0.91,lunch with colleagues,14.563748,121.028785,14.5547,121.02,14.5547,121.02,192.4,1.38,1.38,0.43,False,False,ALLOW,True,ALLOW,GATE_0_FAST_PATH,True,ALLOW,GATE_1_NEURAL_QWEN,True
TX-CAT1-0479,1. Routine Everyday,ALLOW,usr-1003-cst-003,Elena Reyes,Cebu IT Park,4744.76,15000.0,0.32,grab car ride payment,10.314662,123.882254,10.3157,123.8854,10.3157,123.8854,91.2,0.36,0.36,0.24,False,False,ALLOW,True,ALLOW,GATE_0_FAST_PATH,True,ALLOW,GATE_1_NEURAL_QWEN,True
TX-CAT1-0480,1. Routine Everyday,ALLOW,usr-1003-cst-003,Elena Reyes,Cebu IT Park,10570.21,15000.0,0.7,meralco electric bill,10.314834,123.887601,10.3157,123.8854,10.3157,123.8854,133.6,0.26,0.26,0.12,False,False,ALLOW,True,ALLOW,GATE_0_FAST_PATH,True,ALLOW,GATE_1_NEURAL_QWEN,True
TX-CAT1-0481,1. Routine Everyday,ALLOW,usr-1002-cst-002,Juan Dela Cruz,Quezon City,2815.47,4000.0,0.7,grab car ride payment,14.682252,121.037583,14.676,121.0437,14.676,121.0437,31.3,0.96,0.96,1.84,False,False,ALLOW,True,ALLOW,GATE_0_FAST_PATH,True,ALLOW,GATE_1_NEURAL_QWEN,True
TX-CAT1-0482,1. Routine Everyday,ALLOW,usr-1004-cst-004,Carlos Tan,Pasig Ortigas,162.56,2000.0,0.08,grab car ride payment,14.583214,121.06955,14.5869,121.0614,14.5869,121.0614,214.2,0.97,0.97,0.27,False,False,ALLOW,True,ALLOW,GATE_0_FAST_PATH,True,ALLOW,GATE_1_NEURAL_QWEN,True
TX-CAT1-0483,1. Routine Everyday,ALLOW,usr-1003-cst-003,Elena Reyes,Cebu IT Park,140.66,15000.0,0.01,school supplies,10.312731,123.891114,10.3157,123.8854,10.3157,123.8854,94.6,0.71,0.71,0.45,False,False,ALLOW,True,ALLOW,GATE_0_FAST_PATH,True,ALLOW,GATE_1_NEURAL_QWEN,True
TX-CAT1-0484,1. Routine Everyday,ALLOW,usr-1002-cst-002,Juan Dela Cruz,Quezon City,2069.72,4000.0,0.52,meralco electric bill,14.674076,121.054768,14.676,121.0437,14.676,121.0437,234.2,1.21,1.21,0.31,False,False,ALLOW,True,ALLOW,GATE_0_FAST_PATH,True,ALLOW,GATE_1_NEURAL_QWEN,True
TX-CAT1-0485,1. Routine Everyday,ALLOW,usr-1002-cst-002,Juan Dela Cruz,Quezon City,2738.88,4000.0,0.68,lunch with colleagues,14.665054,121.037255,14.676,121.0437,14.676,121.0437,207.6,1.4,1.4,0.4,False,False,ALLOW,True,ALLOW,GATE_0_FAST_PATH,True,ALLOW,GATE_1_NEURAL_QWEN,True
TX-CAT1-0486,1. Routine Everyday,ALLOW,usr-1004-cst-004,Carlos Tan,Pasig Ortigas,1367.51,2000.0,0.68,pharmacy vitamins,14.585903,121.06735,14.5869,121.0614,14.5869,121.0614,152.0,0.65,0.65,0.26,False,False,ALLOW,True,ALLOW,GATE_0_FAST_PATH,True,ALLOW,GATE_1_NEURAL_QWEN,True
TX-CAT1-0487,1. Routine Everyday,ALLOW,usr-1002-cst-002,Juan Dela Cruz,Quezon City,2464.95,4000.0,0.62,coffee and pastry,14.665796,121.045328,14.676,121.0437,14.676,121.0437,121.3,1.15,1.15,0.57,False,False,ALLOW,True,ALLOW,GATE_0_FAST_PATH,True,ALLOW,GATE_1_NEURAL_QWEN,True
TX-CAT1-0488,1. Routine Everyday,ALLOW,usr-1002-cst-002,Juan Dela Cruz,Quezon City,991.32,4000.0,0.25,maynilad water payment,14.684422,121.053925,14.676,121.0437,14.676,121.0437,112.5,1.44,1.44,0.77,False,False,ALLOW,True,ALLOW,GATE_0_FAST_PATH,True,ALLOW,GATE_1_NEURAL_QWEN,True
TX-CAT1-0489,1. Routine Everyday,ALLOW,usr-1003-cst-003,Elena Reyes,Cebu IT Park,4614.16,15000.0,0.31,maynilad water payment,10.309307,123.896045,10.3157,123.8854,10.3157,123.8854,58.6,1.36,1.36,1.39,False,False,ALLOW,True,ALLOW,GATE_0_FAST_PATH,True,ALLOW,GATE_1_NEURAL_QWEN,True
TX-CAT1-0490,1. Routine Everyday,ALLOW,usr-1001-cst-001,Maria Santos,Makati CBD,470.45,2500.0,0.19,monthly rent payment,14.55349,121.015537,14.5547,121.02,14.5547,121.02,55.4,0.5,0.5,0.54,False,False,ALLOW,True,ALLOW,GATE_0_FAST_PATH,True,ALLOW,GATE_1_NEURAL_QWEN,True
TX-CAT1-0491,1. Routine Everyday,ALLOW,usr-1003-cst-003,Elena Reyes,Cebu IT Park,13750.29,15000.0,0.92,meralco electric bill,10.314546,123.88452,10.3157,123.8854,10.3157,123.8854,209.0,0.16,0.16,0.05,False,False,ALLOW,True,ALLOW,GATE_0_FAST_PATH,True,ALLOW,GATE_1_NEURAL_QWEN,True
TX-CAT1-0492,1. Routine Everyday,ALLOW,usr-1001-cst-001,Maria Santos,Makati CBD,475.42,2500.0,0.19,school supplies,14.550001,121.024913,14.5547,121.02,14.5547,121.02,156.7,0.74,0.74,0.28,False,False,ALLOW,True,ALLOW,GATE_0_FAST_PATH,True,ALLOW,GATE_1_NEURAL_QWEN,True
TX-CAT1-0493,1. Routine Everyday,ALLOW,usr-1002-cst-002,Juan Dela Cruz,Quezon City,3196.2,4000.0,0.8,pharmacy vitamins,14.66756,121.048768,14.676,121.0437,14.676,121.0437,233.4,1.09,1.09,0.28,False,False,ALLOW,True,ALLOW,GATE_0_FAST_PATH,True,ALLOW,GATE_1_NEURAL_QWEN,True
TX-CAT1-0494,1. Routine Everyday,ALLOW,usr-1004-cst-004,Carlos Tan,Pasig Ortigas,1033.96,2000.0,0.52,school supplies,14.582072,121.069082,14.5869,121.0614,14.5869,121.0614,66.5,0.99,0.99,0.89,False,False,ALLOW,True,ALLOW,GATE_0_FAST_PATH,True,ALLOW,GATE_1_NEURAL_QWEN,True
TX-CAT1-0495,1. Routine Everyday,ALLOW,usr-1004-cst-004,Carlos Tan,Pasig Ortigas,1641.19,2000.0,0.82,grab car ride payment,14.592854,121.055396,14.5869,121.0614,14.5869,121.0614,127.0,0.93,0.93,0.44,False,False,ALLOW,True,ALLOW,GATE_0_FAST_PATH,True,ALLOW,GATE_1_NEURAL_QWEN,True
TX-CAT1-0496,1. Routine Everyday,ALLOW,usr-1002-cst-002,Juan Dela Cruz,Quezon City,566.95,4000.0,0.14,supermarket groceries,14.683929,121.055282,14.676,121.0437,14.676,121.0437,57.5,1.53,1.53,1.6,False,False,ALLOW,True,ALLOW,GATE_0_FAST_PATH,True,ALLOW,GATE_1_NEURAL_QWEN,True
TX-CAT1-0497,1. Routine Everyday,ALLOW,usr-1004-cst-004,Carlos Tan,Pasig Ortigas,782.59,2000.0,0.39,school supplies,14.597402,121.051417,14.5869,121.0614,14.5869,121.0614,153.1,1.59,1.59,0.62,False,False,ALLOW,True,ALLOW,GATE_0_FAST_PATH,True,ALLOW,GATE_1_NEURAL_QWEN,True
TX-CAT1-0498,1. Routine Everyday,ALLOW,usr-1001-cst-001,Maria Santos,Makati CBD,169.16,2500.0,0.07,lunch with colleagues,14.547446,121.023504,14.5547,121.02,14.5547,121.02,200.0,0.89,0.89,0.27,False,False,ALLOW,True,ALLOW,GATE_0_FAST_PATH,True,ALLOW,GATE_1_NEURAL_QWEN,True
TX-CAT1-0499,1. Routine Everyday,ALLOW,usr-1001-cst-001,Maria Santos,Makati CBD,2160.95,2500.0,0.86,pharmacy vitamins,14.545641,121.030615,14.5547,121.02,14.5547,121.02,40.6,1.52,1.52,2.25,False,False,ALLOW,True,ALLOW,GATE_0_FAST_PATH,True,ALLOW,GATE_1_NEURAL_QWEN,True
TX-CAT1-0500,1. Routine Everyday,ALLOW,usr-1004-cst-004,Carlos Tan,Pasig Ortigas,1582.6,2000.0,0.79,coffee and pastry,14.586807,121.058586,14.5869,121.0614,14.5869,121.0614,119.6,0.3,0.3,0.15,False,False,ALLOW,True,ALLOW,GATE_0_FAST_PATH,True,ALLOW,GATE_1_NEURAL_QWEN,True
TX-CAT1-0501,1. Routine Everyday,ALLOW,usr-1003-cst-003,Elena Reyes,Cebu IT Park,3153.94,15000.0,0.21,monthly rent payment,10.3103,123.884104,10.3157,123.8854,10.3157,123.8854,61.2,0.62,0.62,0.61,False,False,ALLOW,True,ALLOW,GATE_0_FAST_PATH,True,ALLOW,GATE_1_NEURAL_QWEN,True
TX-CAT1-0502,1. Routine Everyday,ALLOW,usr-1002-cst-002,Juan Dela Cruz,Quezon City,2501.98,4000.0,0.63,allowance transfer,14.673888,121.044917,14.676,121.0437,14.676,121.0437,42.8,0.27,0.27,0.38,False,False,ALLOW,True,ALLOW,GATE_0_FAST_PATH,True,ALLOW,GATE_1_NEURAL_QWEN,True
TX-CAT1-0503,1. Routine Everyday,ALLOW,usr-1003-cst-003,Elena Reyes,Cebu IT Park,5532.01,15000.0,0.37,coffee and pastry,10.308487,123.894632,10.3157,123.8854,10.3157,123.8854,140.4,1.29,1.29,0.55,False,False,BLOCK,False,ALLOW,GATE_0_FAST_PATH,True,ALLOW,GATE_1_NEURAL_QWEN,True
TX-CAT1-0504,1. Routine Everyday,ALLOW,usr-1001-cst-001,Maria Santos,Makati CBD,2351.11,2500.0,0.94,pet food purchase,14.551319,121.021068,14.5547,121.02,14.5547,121.02,131.8,0.39,0.39,0.18,False,False,ALLOW,True,ALLOW,GATE_0_FAST_PATH,True,ALLOW,GATE_1_NEURAL_QWEN,True
TX-CAT1-0505,1. Routine Everyday,ALLOW,usr-1003-cst-003,Elena Reyes,Cebu IT Park,5607.83,15000.0,0.37,monthly rent payment,10.304326,123.887731,10.3157,123.8854,10.3157,123.8854,36.2,1.29,1.29,2.14,False,False,ALLOW,True,ALLOW,GATE_0_FAST_PATH,True,ALLOW,GATE_1_NEURAL_QWEN,True
TX-CAT1-0506,1. Routine Everyday,ALLOW,usr-1003-cst-003,Elena Reyes,Cebu IT Park,947.89,15000.0,0.06,allowance transfer,10.316406,123.891804,10.3157,123.8854,10.3157,123.8854,239.9,0.7,0.7,0.18,False,False,ALLOW,True,ALLOW,GATE_0_FAST_PATH,True,ALLOW,GATE_1_NEURAL_QWEN,True
TX-CAT1-0507,1. Routine Everyday,ALLOW,usr-1002-cst-002,Juan Dela Cruz,Quezon City,488.49,4000.0,0.12,school supplies,14.669788,121.044509,14.676,121.0437,14.676,121.0437,196.2,0.7,0.7,0.21,False,False,ALLOW,True,ALLOW,GATE_0_FAST_PATH,True,ALLOW,GATE_1_NEURAL_QWEN,True
TX-CAT1-0508,1. Routine Everyday,ALLOW,usr-1001-cst-001,Maria Santos,Makati CBD,1842.93,2500.0,0.74,meralco electric bill,14.556517,121.031584,14.5547,121.02,14.5547,121.02,111.6,1.26,1.26,0.68,False,False,ALLOW,True,ALLOW,GATE_0_FAST_PATH,True,ALLOW,GATE_1_NEURAL_QWEN,True
TX-CAT1-0509,1. Routine Everyday,ALLOW,usr-1002-cst-002,Juan Dela Cruz,Quezon City,768.05,4000.0,0.19,dinner delivery,14.671632,121.049415,14.676,121.0437,14.676,121.0437,105.3,0.78,0.78,0.44,False,False,ALLOW,True,ALLOW,GATE_0_FAST_PATH,True,ALLOW,GATE_1_NEURAL_QWEN,True
TX-CAT1-0510,1. Routine Everyday,ALLOW,usr-1001-cst-001,Maria Santos,Makati CBD,1706.29,2500.0,0.68,pharmacy vitamins,14.565441,121.021527,14.5547,121.02,14.5547,121.02,148.3,1.21,1.21,0.49,False,False,ALLOW,True,ALLOW,GATE_0_FAST_PATH,True,ALLOW,GATE_1_NEURAL_QWEN,True
TX-CAT1-0511,1. Routine Everyday,ALLOW,usr-1002-cst-002,Juan Dela Cruz,Quezon City,3199.04,4000.0,0.8,allowance transfer,14.677011,121.035913,14.676,121.0437,14.676,121.0437,38.0,0.85,0.85,1.34,False,False,ALLOW,True,ALLOW,GATE_0_FAST_PATH,True,ALLOW,GATE_1_NEURAL_QWEN,True
TX-CAT1-0512,1. Routine Everyday,ALLOW,usr-1001-cst-001,Maria Santos,Makati CBD,644.57,2500.0,0.26,meralco electric bill,14.543178,121.019472,14.5547,121.02,14.5547,121.02,99.7,1.28,1.28,0.77,False,False,ALLOW,True,ALLOW,GATE_0_FAST_PATH,True,ALLOW,GATE_1_NEURAL_QWEN,True
TX-CAT1-0513,1. Routine Everyday,ALLOW,usr-1002-cst-002,Juan Dela Cruz,Quezon City,3087.72,4000.0,0.77,pharmacy vitamins,14.681207,121.053751,14.676,121.0437,14.676,121.0437,207.3,1.23,1.23,0.36,False,False,ALLOW,True,ALLOW,GATE_0_FAST_PATH,True,ALLOW,GATE_1_NEURAL_QWEN,True
TX-CAT1-0514,1. Routine Everyday,ALLOW,usr-1003-cst-003,Elena Reyes,Cebu IT Park,961.53,15000.0,0.06,monthly rent payment,10.317779,123.895413,10.3157,123.8854,10.3157,123.8854,192.6,1.12,1.12,0.35,False,False,ALLOW,True,ALLOW,GATE_0_FAST_PATH,True,ALLOW,GATE_1_NEURAL_QWEN,True
TX-CAT1-0515,1. Routine Everyday,ALLOW,usr-1003-cst-003,Elena Reyes,Cebu IT Park,13692.7,15000.0,0.91,pharmacy vitamins,10.320609,123.889291,10.3157,123.8854,10.3157,123.8854,153.1,0.69,0.69,0.27,False,False,ALLOW,True,ALLOW,GATE_0_FAST_PATH,True,ALLOW,GATE_1_NEURAL_QWEN,True
TX-CAT1-0516,1. Routine Everyday,ALLOW,usr-1003-cst-003,Elena Reyes,Cebu IT Park,4383.94,15000.0,0.29,monthly rent payment,10.327121,123.890976,10.3157,123.8854,10.3157,123.8854,121.7,1.41,1.41,0.7,False,False,ALLOW,True,ALLOW,GATE_0_FAST_PATH,True,ALLOW,GATE_1_NEURAL_QWEN,True
TX-CAT1-0517,1. Routine Everyday,ALLOW,usr-1004-cst-004,Carlos Tan,Pasig Ortigas,1275.54,2000.0,0.64,monthly rent payment,14.591872,121.062887,14.5869,121.0614,14.5869,121.0614,216.8,0.58,0.58,0.16,False,False,ALLOW,True,ALLOW,GATE_0_FAST_PATH,True,ALLOW,GATE_1_NEURAL_QWEN,True
TX-CAT1-0518,1. Routine Everyday,ALLOW,usr-1003-cst-003,Elena Reyes,Cebu IT Park,3274.34,15000.0,0.22,dinner delivery,10.323247,123.882481,10.3157,123.8854,10.3157,123.8854,184.1,0.9,0.9,0.29,False,False,ALLOW,True,ALLOW,GATE_0_FAST_PATH,True,ALLOW,GATE_1_NEURAL_QWEN,True
TX-CAT1-0519,1. Routine Everyday,ALLOW,usr-1003-cst-003,Elena Reyes,Cebu IT Park,1919.43,15000.0,0.13,pet food purchase,10.303743,123.890248,10.3157,123.8854,10.3157,123.8854,150.3,1.43,1.43,0.57,False,False,ALLOW,True,ALLOW,GATE_0_FAST_PATH,True,ALLOW,GATE_1_NEURAL_QWEN,True
TX-CAT1-0520,1. Routine Everyday,ALLOW,usr-1001-cst-001,Maria Santos,Makati CBD,530.59,2500.0,0.21,pharmacy vitamins,14.564805,121.031221,14.5547,121.02,14.5547,121.02,76.4,1.65,1.65,1.3,False,False,ALLOW,True,ALLOW,GATE_0_FAST_PATH,True,ALLOW,GATE_1_NEURAL_QWEN,True
TX-CAT1-0521,1. Routine Everyday,ALLOW,usr-1001-cst-001,Maria Santos,Makati CBD,2232.23,2500.0,0.89,monthly rent payment,14.550648,121.009867,14.5547,121.02,14.5547,121.02,102.8,1.18,1.18,0.69,False,False,ALLOW,True,ALLOW,GATE_0_FAST_PATH,True,ALLOW,GATE_1_NEURAL_QWEN,True
TX-CAT1-0522,1. Routine Everyday,ALLOW,usr-1003-cst-003,Elena Reyes,Cebu IT Park,2492.25,15000.0,0.17,lunch with colleagues,10.32342,123.889481,10.3157,123.8854,10.3157,123.8854,183.2,0.97,0.97,0.32,False,False,ALLOW,True,ALLOW,GATE_0_FAST_PATH,True,ALLOW,GATE_1_NEURAL_QWEN,True
TX-CAT1-0523,1. Routine Everyday,ALLOW,usr-1003-cst-003,Elena Reyes,Cebu IT Park,6430.88,15000.0,0.43,maynilad water payment,10.308732,123.890036,10.3157,123.8854,10.3157,123.8854,103.6,0.93,0.93,0.54,False,False,ALLOW,True,ALLOW,GATE_0_FAST_PATH,True,ALLOW,GATE_1_NEURAL_QWEN,True
TX-CAT1-0524,1. Routine Everyday,ALLOW,usr-1001-cst-001,Maria Santos,Makati CBD,1744.53,2500.0,0.7,supermarket groceries,14.551962,121.025582,14.5547,121.02,14.5547,121.02,233.5,0.67,0.67,0.17,False,False,ALLOW,True,ALLOW,GATE_0_FAST_PATH,True,ALLOW,GATE_1_NEURAL_QWEN,True
TX-CAT1-0525,1. Routine Everyday,ALLOW,usr-1004-cst-004,Carlos Tan,Pasig Ortigas,997.69,2000.0,0.5,coffee and pastry,14.58333,121.058408,14.5869,121.0614,14.5869,121.0614,204.0,0.51,0.51,0.15,False,False,ALLOW,True,ALLOW,GATE_0_FAST_PATH,True,ALLOW,GATE_1_NEURAL_QWEN,True
TX-CAT1-0526,1. Routine Everyday,ALLOW,usr-1002-cst-002,Juan Dela Cruz,Quezon City,718.58,4000.0,0.18,lunch with colleagues,14.683181,121.032502,14.676,121.0437,14.676,121.0437,34.2,1.45,1.45,2.54,False,False,ALLOW,True,ALLOW,GATE_0_FAST_PATH,True,ALLOW,GATE_1_NEURAL_QWEN,True
TX-CAT1-0527,1. Routine Everyday,ALLOW,usr-1003-cst-003,Elena Reyes,Cebu IT Park,13566.99,15000.0,0.9,lunch with colleagues,10.311903,123.89471,10.3157,123.8854,10.3157,123.8854,63.8,1.1,1.1,1.03,False,False,ALLOW,True,ALLOW,GATE_0_FAST_PATH,True,ALLOW,GATE_1_NEURAL_QWEN,True
TX-CAT1-0528,1. Routine Everyday,ALLOW,usr-1001-cst-001,Maria Santos,Makati CBD,1353.59,2500.0,0.54,lunch with colleagues,14.550811,121.031647,14.5547,121.02,14.5547,121.02,217.6,1.33,1.33,0.37,False,False,ALLOW,True,ALLOW,GATE_0_FAST_PATH,True,ALLOW,GATE_1_NEURAL_QWEN,True
TX-CAT1-0529,1. Routine Everyday,ALLOW,usr-1001-cst-001,Maria Santos,Makati CBD,1092.63,2500.0,0.44,school supplies,14.54666,121.029354,14.5547,121.02,14.5547,121.02,63.0,1.35,1.35,1.29,False,False,ALLOW,True,ALLOW,GATE_0_FAST_PATH,True,ALLOW,GATE_1_NEURAL_QWEN,True
TX-CAT1-0530,1. Routine Everyday,ALLOW,usr-1001-cst-001,Maria Santos,Makati CBD,866.62,2500.0,0.35,meralco electric bill,14.552523,121.021299,14.5547,121.02,14.5547,121.02,224.4,0.28,0.28,0.07,False,False,ALLOW,True,ALLOW,GATE_0_FAST_PATH,True,ALLOW,GATE_1_NEURAL_QWEN,True
TX-CAT1-0531,1. Routine Everyday,ALLOW,usr-1003-cst-003,Elena Reyes,Cebu IT Park,9454.25,15000.0,0.63,maynilad water payment,10.309401,123.874591,10.3157,123.8854,10.3157,123.8854,150.1,1.37,1.37,0.55,False,False,ALLOW,True,ALLOW,GATE_0_FAST_PATH,True,ALLOW,GATE_1_NEURAL_QWEN,True
TX-CAT1-0532,1. Routine Everyday,ALLOW,usr-1004-cst-004,Carlos Tan,Pasig Ortigas,393.39,2000.0,0.2,pharmacy vitamins,14.574992,121.051503,14.5869,121.0614,14.5869,121.0614,203.0,1.7,1.7,0.5,False,False,ALLOW,True,ALLOW,GATE_0_FAST_PATH,True,ALLOW,GATE_1_NEURAL_QWEN,True
TX-CAT1-0533,1. Routine Everyday,ALLOW,usr-1004-cst-004,Carlos Tan,Pasig Ortigas,475.42,2000.0,0.24,supermarket groceries,14.579867,121.064717,14.5869,121.0614,14.5869,121.0614,235.2,0.86,0.86,0.22,False,False,ALLOW,True,ALLOW,GATE_0_FAST_PATH,True,ALLOW,GATE_1_NEURAL_QWEN,True
TX-CAT1-0534,1. Routine Everyday,ALLOW,usr-1004-cst-004,Carlos Tan,Pasig Ortigas,1621.91,2000.0,0.81,maynilad water payment,14.593737,121.060703,14.5869,121.0614,14.5869,121.0614,217.9,0.76,0.76,0.21,False,False,ALLOW,True,ALLOW,GATE_0_FAST_PATH,True,ALLOW,GATE_1_NEURAL_QWEN,True
TX-CAT1-0535,1. Routine Everyday,ALLOW,usr-1003-cst-003,Elena Reyes,Cebu IT Park,1407.76,15000.0,0.09,grab car ride payment,10.313001,123.882304,10.3157,123.8854,10.3157,123.8854,110.1,0.45,0.45,0.25,False,False,ALLOW,True,ALLOW,GATE_0_FAST_PATH,True,ALLOW,GATE_1_NEURAL_QWEN,True
TX-CAT1-0536,1. Routine Everyday,ALLOW,usr-1002-cst-002,Juan Dela Cruz,Quezon City,1760.45,4000.0,0.44,maynilad water payment,14.674554,121.038022,14.676,121.0437,14.676,121.0437,205.8,0.63,0.63,0.18,False,False,ALLOW,True,ALLOW,GATE_0_FAST_PATH,True,ALLOW,GATE_1_NEURAL_QWEN,True
TX-CAT1-0537,1. Routine Everyday,ALLOW,usr-1001-cst-001,Maria Santos,Makati CBD,460.8,2500.0,0.18,pet food purchase,14.558719,121.010057,14.5547,121.02,14.5547,121.02,102.2,1.16,1.16,0.68,False,False,ALLOW,True,ALLOW,GATE_0_FAST_PATH,True,ALLOW,GATE_1_NEURAL_QWEN,True
TX-CAT1-0538,1. Routine Everyday,ALLOW,usr-1004-cst-004,Carlos Tan,Pasig Ortigas,1847.86,2000.0,0.92,dinner delivery,14.58036,121.050864,14.5869,121.0614,14.5869,121.0614,111.3,1.35,1.35,0.73,False,False,ALLOW,True,ALLOW,GATE_0_FAST_PATH,True,ALLOW,GATE_1_NEURAL_QWEN,True
TX-CAT1-0539,1. Routine Everyday,ALLOW,usr-1004-cst-004,Carlos Tan,Pasig Ortigas,1838.82,2000.0,0.92,school supplies,14.595705,121.060796,14.5869,121.0614,14.5869,121.0614,215.1,0.98,0.98,0.27,False,False,ALLOW,True,ALLOW,GATE_0_FAST_PATH,True,ALLOW,GATE_1_NEURAL_QWEN,True
TX-CAT1-0540,1. Routine Everyday,ALLOW,usr-1004-cst-004,Carlos Tan,Pasig Ortigas,651.96,2000.0,0.33,coffee and pastry,14.596567,121.066543,14.5869,121.0614,14.5869,121.0614,135.4,1.21,1.21,0.54,False,False,ALLOW,True,ALLOW,GATE_0_FAST_PATH,True,ALLOW,GATE_1_NEURAL_QWEN,True
TX-CAT1-0541,1. Routine Everyday,ALLOW,usr-1002-cst-002,Juan Dela Cruz,Quezon City,562.64,4000.0,0.14,allowance transfer,14.668149,121.055325,14.676,121.0437,14.676,121.0437,234.2,1.53,1.53,0.39,False,False,ALLOW,True,ALLOW,GATE_0_FAST_PATH,True,ALLOW,GATE_1_NEURAL_QWEN,True
TX-CAT1-0542,1. Routine Everyday,ALLOW,usr-1002-cst-002,Juan Dela Cruz,Quezon City,584.36,4000.0,0.15,coffee and pastry,14.665881,121.048095,14.676,121.0437,14.676,121.0437,72.4,1.22,1.22,1.01,False,False,ALLOW,True,ALLOW,GATE_0_FAST_PATH,True,ALLOW,GATE_1_NEURAL_QWEN,True
TX-CAT1-0543,1. Routine Everyday,ALLOW,usr-1002-cst-002,Juan Dela Cruz,Quezon City,3189.52,4000.0,0.8,maynilad water payment,14.671674,121.04915,14.676,121.0437,14.676,121.0437,199.5,0.76,0.76,0.23,False,False,ALLOW,True,ALLOW,GATE_0_FAST_PATH,True,ALLOW,GATE_1_NEURAL_QWEN,True
TX-CAT1-0544,1. Routine Everyday,ALLOW,usr-1001-cst-001,Maria Santos,Makati CBD,995.16,2500.0,0.4,coffee and pastry,14.555949,121.028559,14.5547,121.02,14.5547,121.02,139.1,0.93,0.93,0.4,False,False,ALLOW,True,ALLOW,GATE_0_FAST_PATH,True,ALLOW,GATE_1_NEURAL_QWEN,True
TX-CAT1-0545,1. Routine Everyday,ALLOW,usr-1001-cst-001,Maria Santos,Makati CBD,1893.67,2500.0,0.76,dinner delivery,14.556802,121.02676,14.5547,121.02,14.5547,121.02,53.6,0.76,0.76,0.85,False,False,ALLOW,True,ALLOW,GATE_0_FAST_PATH,True,ALLOW,GATE_1_NEURAL_QWEN,True
TX-CAT1-0546,1. Routine Everyday,ALLOW,usr-1002-cst-002,Juan Dela Cruz,Quezon City,665.38,4000.0,0.17,dinner delivery,14.677984,121.054856,14.676,121.0437,14.676,121.0437,51.0,1.22,1.22,1.44,False,False,ALLOW,True,ALLOW,GATE_0_FAST_PATH,True,ALLOW,GATE_1_NEURAL_QWEN,True
TX-CAT1-0547,1. Routine Everyday,ALLOW,usr-1001-cst-001,Maria Santos,Makati CBD,1388.85,2500.0,0.56,lunch with colleagues,14.561558,121.028819,14.5547,121.02,14.5547,121.02,214.8,1.22,1.22,0.34,False,False,ALLOW,True,ALLOW,GATE_0_FAST_PATH,True,ALLOW,GATE_1_NEURAL_QWEN,True
TX-CAT1-0548,1. Routine Everyday,ALLOW,usr-1004-cst-004,Carlos Tan,Pasig Ortigas,590.16,2000.0,0.3,school supplies,14.586554,121.064015,14.5869,121.0614,14.5869,121.0614,37.9,0.28,0.28,0.44,False,False,ALLOW,True,ALLOW,GATE_0_FAST_PATH,True,ALLOW,GATE_1_NEURAL_QWEN,True
TX-CAT1-0549,1. Routine Everyday,ALLOW,usr-1003-cst-003,Elena Reyes,Cebu IT Park,5814.02,15000.0,0.39,dinner delivery,10.318308,123.890048,10.3157,123.8854,10.3157,123.8854,38.1,0.59,0.59,0.93,False,False,ALLOW,True,ALLOW,GATE_0_FAST_PATH,True,ALLOW,GATE_1_NEURAL_QWEN,True
TX-CAT1-0550,1. Routine Everyday,ALLOW,usr-1003-cst-003,Elena Reyes,Cebu IT Park,9876.96,15000.0,0.66,supermarket groceries,10.321598,123.8955,10.3157,123.8854,10.3157,123.8854,218.4,1.28,1.28,0.35,False,False,ALLOW,True,ALLOW,GATE_0_FAST_PATH,True,ALLOW,GATE_1_NEURAL_QWEN,True
TX-CAT1-0551,1. Routine Everyday,ALLOW,usr-1001-cst-001,Maria Santos,Makati CBD,881.89,2500.0,0.35,maynilad water payment,14.550163,121.028228,14.5547,121.02,14.5547,121.02,210.2,1.02,1.02,0.29,False,False,ALLOW,True,ALLOW,GATE_0_FAST_PATH,True,ALLOW,GATE_1_NEURAL_QWEN,True
TX-CAT1-0552,1. Routine Everyday,ALLOW,usr-1001-cst-001,Maria Santos,Makati CBD,2312.98,2500.0,0.93,meralco electric bill,14.545925,121.031381,14.5547,121.02,14.5547,121.02,123.1,1.57,1.57,0.77,False,False,ALLOW,True,ALLOW,GATE_0_FAST_PATH,True,ALLOW,GATE_1_NEURAL_QWEN,True
TX-CAT1-0553,1. Routine Everyday,ALLOW,usr-1003-cst-003,Elena Reyes,Cebu IT Park,3926.9,15000.0,0.26,coffee and pastry,10.318219,123.875543,10.3157,123.8854,10.3157,123.8854,122.8,1.11,1.11,0.54,False,False,ALLOW,True,ALLOW,GATE_0_FAST_PATH,True,ALLOW,GATE_1_NEURAL_QWEN,True
TX-CAT1-0554,1. Routine Everyday,ALLOW,usr-1004-cst-004,Carlos Tan,Pasig Ortigas,1438.88,2000.0,0.72,grab car ride payment,14.595713,121.069104,14.5869,121.0614,14.5869,121.0614,138.2,1.28,1.28,0.56,False,False,ALLOW,True,ALLOW,GATE_0_FAST_PATH,True,ALLOW,GATE_1_NEURAL_QWEN,True
TX-CAT1-0555,1. Routine Everyday,ALLOW,usr-1002-cst-002,Juan Dela Cruz,Quezon City,361.47,4000.0,0.09,pet food purchase,14.676163,121.034956,14.676,121.0437,14.676,121.0437,208.8,0.94,0.94,0.27,False,False,ALLOW,True,ALLOW,GATE_0_FAST_PATH,True,ALLOW,GATE_1_NEURAL_QWEN,True
TX-CAT1-0556,1. Routine Everyday,ALLOW,usr-1001-cst-001,Maria Santos,Makati CBD,511.78,2500.0,0.2,meralco electric bill,14.562787,121.013988,14.5547,121.02,14.5547,121.02,125.9,1.11,1.11,0.53,False,False,ALLOW,True,ALLOW,GATE_0_FAST_PATH,True,ALLOW,GATE_1_NEURAL_QWEN,True
TX-CAT1-0557,1. Routine Everyday,ALLOW,usr-1003-cst-003,Elena Reyes,Cebu IT Park,10076.48,15000.0,0.67,maynilad water payment,10.31254,123.884541,10.3157,123.8854,10.3157,123.8854,113.4,0.36,0.36,0.19,False,False,ALLOW,True,ALLOW,GATE_0_FAST_PATH,True,ALLOW,GATE_1_NEURAL_QWEN,True
TX-CAT1-0558,1. Routine Everyday,ALLOW,usr-1001-cst-001,Maria Santos,Makati CBD,1656.05,2500.0,0.66,meralco electric bill,14.551639,121.022257,14.5547,121.02,14.5547,121.02,67.3,0.42,0.42,0.37,False,False,ALLOW,True,ALLOW,GATE_0_FAST_PATH,True,ALLOW,GATE_1_NEURAL_QWEN,True
TX-CAT1-0559,1. Routine Everyday,ALLOW,usr-1004-cst-004,Carlos Tan,Pasig Ortigas,1164.65,2000.0,0.58,pharmacy vitamins,14.583162,121.069504,14.5869,121.0614,14.5869,121.0614,84.3,0.97,0.97,0.69,False,False,ALLOW,True,ALLOW,GATE_0_FAST_PATH,True,ALLOW,GATE_1_NEURAL_QWEN,True
TX-CAT1-0560,1. Routine Everyday,ALLOW,usr-1001-cst-001,Maria Santos,Makati CBD,762.83,2500.0,0.31,coffee and pastry,14.543892,121.028492,14.5547,121.02,14.5547,121.02,193.8,1.51,1.51,0.47,False,False,ALLOW,True,ALLOW,GATE_0_FAST_PATH,True,ALLOW,GATE_1_NEURAL_QWEN,True
TX-CAT1-0561,1. Routine Everyday,ALLOW,usr-1002-cst-002,Juan Dela Cruz,Quezon City,3274.17,4000.0,0.82,school supplies,14.669403,121.036662,14.676,121.0437,14.676,121.0437,166.8,1.05,1.05,0.38,False,False,ALLOW,True,ALLOW,GATE_0_FAST_PATH,True,ALLOW,GATE_1_NEURAL_QWEN,True
TX-CAT1-0562,1. Routine Everyday,ALLOW,usr-1001-cst-001,Maria Santos,Makati CBD,2069.74,2500.0,0.83,school supplies,14.542914,121.029876,14.5547,121.02,14.5547,121.02,165.9,1.69,1.69,0.61,False,False,ALLOW,True,ALLOW,GATE_0_FAST_PATH,True,ALLOW,GATE_1_NEURAL_QWEN,True
TX-CAT1-0563,1. Routine Everyday,ALLOW,usr-1001-cst-001,Maria Santos,Makati CBD,624.6,2500.0,0.25,dinner delivery,14.562022,121.015331,14.5547,121.02,14.5547,121.02,233.1,0.96,0.96,0.25,False,False,ALLOW,True,ALLOW,GATE_0_FAST_PATH,True,ALLOW,GATE_1_NEURAL_QWEN,True
TX-CAT1-0564,1. Routine Everyday,ALLOW,usr-1003-cst-003,Elena Reyes,Cebu IT Park,6108.39,15000.0,0.41,coffee and pastry,10.324138,123.884416,10.3157,123.8854,10.3157,123.8854,75.8,0.94,0.94,0.74,False,False,BLOCK,False,ALLOW,GATE_0_FAST_PATH,True,ALLOW,GATE_1_NEURAL_QWEN,True
TX-CAT1-0565,1. Routine Everyday,ALLOW,usr-1003-cst-003,Elena Reyes,Cebu IT Park,9688.78,15000.0,0.65,dinner delivery,10.313232,123.875855,10.3157,123.8854,10.3157,123.8854,137.4,1.08,1.08,0.47,False,False,ALLOW,True,ALLOW,GATE_0_FAST_PATH,True,ALLOW,GATE_1_NEURAL_QWEN,True
TX-CAT1-0566,1. Routine Everyday,ALLOW,usr-1003-cst-003,Elena Reyes,Cebu IT Park,8053.39,15000.0,0.54,dinner delivery,10.318317,123.880563,10.3157,123.8854,10.3157,123.8854,52.7,0.6,0.6,0.68,False,False,ALLOW,True,ALLOW,GATE_0_FAST_PATH,True,ALLOW,GATE_1_NEURAL_QWEN,True
TX-CAT1-0567,1. Routine Everyday,ALLOW,usr-1001-cst-001,Maria Santos,Makati CBD,878.32,2500.0,0.35,maynilad water payment,14.558074,121.028676,14.5547,121.02,14.5547,121.02,84.8,1.01,1.01,0.71,False,False,ALLOW,True,ALLOW,GATE_0_FAST_PATH,True,ALLOW,GATE_1_NEURAL_QWEN,True
TX-CAT1-0568,1. Routine Everyday,ALLOW,usr-1003-cst-003,Elena Reyes,Cebu IT Park,2781.53,15000.0,0.19,grab car ride payment,10.322071,123.894992,10.3157,123.8854,10.3157,123.8854,199.1,1.27,1.27,0.38,False,False,ALLOW,True,ALLOW,GATE_0_FAST_PATH,True,ALLOW,GATE_1_NEURAL_QWEN,True
TX-CAT1-0569,1. Routine Everyday,ALLOW,usr-1004-cst-004,Carlos Tan,Pasig Ortigas,1295.74,2000.0,0.65,school supplies,14.578258,121.050011,14.5869,121.0614,14.5869,121.0614,134.4,1.56,1.56,0.7,False,False,ALLOW,True,ALLOW,GATE_0_FAST_PATH,True,ALLOW,GATE_1_NEURAL_QWEN,True
TX-CAT1-0570,1. Routine Everyday,ALLOW,usr-1003-cst-003,Elena Reyes,Cebu IT Park,3785.69,15000.0,0.25,coffee and pastry,10.31341,123.891082,10.3157,123.8854,10.3157,123.8854,152.4,0.67,0.67,0.26,False,False,ALLOW,True,ALLOW,GATE_0_FAST_PATH,True,ALLOW,GATE_1_NEURAL_QWEN,True
TX-CAT1-0571,1. Routine Everyday,ALLOW,usr-1002-cst-002,Juan Dela Cruz,Quezon City,1382.85,4000.0,0.35,pet food purchase,14.669337,121.044531,14.676,121.0437,14.676,121.0437,194.8,0.75,0.75,0.23,False,False,ALLOW,True,ALLOW,GATE_0_FAST_PATH,True,ALLOW,GATE_1_NEURAL_QWEN,True
TX-CAT1-0572,1. Routine Everyday,ALLOW,usr-1003-cst-003,Elena Reyes,Cebu IT Park,7288.36,15000.0,0.49,monthly rent payment,10.323875,123.894436,10.3157,123.8854,10.3157,123.8854,68.0,1.34,1.34,1.18,False,False,ALLOW,True,ALLOW,GATE_0_FAST_PATH,True,ALLOW,GATE_1_NEURAL_QWEN,True
TX-CAT1-0573,1. Routine Everyday,ALLOW,usr-1001-cst-001,Maria Santos,Makati CBD,1181.61,2500.0,0.47,pet food purchase,14.548908,121.0274,14.5547,121.02,14.5547,121.02,190.2,1.02,1.02,0.32,False,False,ALLOW,True,ALLOW,GATE_0_FAST_PATH,True,ALLOW,GATE_1_NEURAL_QWEN,True
TX-CAT1-0574,1. Routine Everyday,ALLOW,usr-1002-cst-002,Juan Dela Cruz,Quezon City,3604.68,4000.0,0.9,pharmacy vitamins,14.679706,121.037034,14.676,121.0437,14.676,121.0437,76.9,0.83,0.83,0.65,False,False,ALLOW,True,ALLOW,GATE_0_FAST_PATH,True,ALLOW,GATE_1_NEURAL_QWEN,True
TX-CAT1-0575,1. Routine Everyday,ALLOW,usr-1003-cst-003,Elena Reyes,Cebu IT Park,6061.28,15000.0,0.4,pharmacy vitamins,10.31262,123.887454,10.3157,123.8854,10.3157,123.8854,127.4,0.41,0.41,0.19,False,False,ALLOW,True,ALLOW,GATE_0_FAST_PATH,True,ALLOW,GATE_1_NEURAL_QWEN,True
TX-CAT1-0576,1. Routine Everyday,ALLOW,usr-1001-cst-001,Maria Santos,Makati CBD,1181.06,2500.0,0.47,school supplies,14.556706,121.030663,14.5547,121.02,14.5547,121.02,45.0,1.17,1.17,1.56,False,False,ALLOW,True,ALLOW,GATE_0_FAST_PATH,True,ALLOW,GATE_1_NEURAL_QWEN,True
TX-CAT1-0577,1. Routine Everyday,ALLOW,usr-1002-cst-002,Juan Dela Cruz,Quezon City,1961.76,4000.0,0.49,school supplies,14.67316,121.038861,14.676,121.0437,14.676,121.0437,41.4,0.61,0.61,0.88,False,False,ALLOW,True,ALLOW,GATE_0_FAST_PATH,True,ALLOW,GATE_1_NEURAL_QWEN,True
TX-CAT1-0578,1. Routine Everyday,ALLOW,usr-1002-cst-002,Juan Dela Cruz,Quezon City,625.5,4000.0,0.16,meralco electric bill,14.672224,121.055393,14.676,121.0437,14.676,121.0437,217.5,1.33,1.33,0.37,False,False,ALLOW,True,ALLOW,GATE_0_FAST_PATH,True,ALLOW,GATE_1_NEURAL_QWEN,True
TX-CAT1-0579,1. Routine Everyday,ALLOW,usr-1004-cst-004,Carlos Tan,Pasig Ortigas,374.94,2000.0,0.19,pet food purchase,14.579229,121.051339,14.5869,121.0614,14.5869,121.0614,99.9,1.38,1.38,0.83,False,False,ALLOW,True,ALLOW,GATE_0_FAST_PATH,True,ALLOW,GATE_1_NEURAL_QWEN,True
TX-CAT1-0580,1. Routine Everyday,ALLOW,usr-1002-cst-002,Juan Dela Cruz,Quezon City,1273.36,4000.0,0.32,supermarket groceries,14.664113,121.038265,14.676,121.0437,14.676,121.0437,189.9,1.45,1.45,0.46,False,False,ALLOW,True,ALLOW,GATE_0_FAST_PATH,True,ALLOW,GATE_1_NEURAL_QWEN,True
TX-CAT1-0581,1. Routine Everyday,ALLOW,usr-1002-cst-002,Juan Dela Cruz,Quezon City,2240.71,4000.0,0.56,monthly rent payment,14.67575,121.050026,14.676,121.0437,14.676,121.0437,48.5,0.68,0.68,0.84,False,False,ALLOW,True,ALLOW,GATE_0_FAST_PATH,True,ALLOW,GATE_1_NEURAL_QWEN,True
TX-CAT1-0582,1. Routine Everyday,ALLOW,usr-1004-cst-004,Carlos Tan,Pasig Ortigas,1247.61,2000.0,0.62,coffee and pastry,14.585197,121.060858,14.5869,121.0614,14.5869,121.0614,31.0,0.2,0.2,0.39,False,False,ALLOW,True,ALLOW,GATE_0_FAST_PATH,True,ALLOW,GATE_1_NEURAL_QWEN,True
TX-CAT1-0583,1. Routine Everyday,ALLOW,usr-1002-cst-002,Juan Dela Cruz,Quezon City,2808.83,4000.0,0.7,supermarket groceries,14.685408,121.049864,14.676,121.0437,14.676,121.0437,141.5,1.24,1.24,0.53,False,False,ALLOW,True,ALLOW,GATE_0_FAST_PATH,True,ALLOW,GATE_1_NEURAL_QWEN,True
TX-CAT1-0584,1. Routine Everyday,ALLOW,usr-1001-cst-001,Maria Santos,Makati CBD,1646.07,2500.0,0.66,school supplies,14.560306,121.01343,14.5547,121.02,14.5547,121.02,214.2,0.94,0.94,0.26,False,False,ALLOW,True,ALLOW,GATE_0_FAST_PATH,True,ALLOW,GATE_1_NEURAL_QWEN,True
TX-CAT1-0585,1. Routine Everyday,ALLOW,usr-1003-cst-003,Elena Reyes,Cebu IT Park,1941.79,15000.0,0.13,coffee and pastry,10.31578,123.880747,10.3157,123.8854,10.3157,123.8854,43.7,0.51,0.51,0.7,False,False,ALLOW,True,ALLOW,GATE_0_FAST_PATH,True,ALLOW,GATE_1_NEURAL_QWEN,True
TX-CAT1-0586,1. Routine Everyday,ALLOW,usr-1001-cst-001,Maria Santos,Makati CBD,792.45,2500.0,0.32,maynilad water payment,14.553642,121.020487,14.5547,121.02,14.5547,121.02,140.1,0.13,0.13,0.06,False,False,ALLOW,True,ALLOW,GATE_0_FAST_PATH,True,ALLOW,GATE_1_NEURAL_QWEN,True
TX-CAT1-0587,1. Routine Everyday,ALLOW,usr-1004-cst-004,Carlos Tan,Pasig Ortigas,1700.59,2000.0,0.85,monthly rent payment,14.583126,121.071033,14.5869,121.0614,14.5869,121.0614,105.4,1.12,1.12,0.64,False,False,ALLOW,True,ALLOW,GATE_0_FAST_PATH,True,ALLOW,GATE_1_NEURAL_QWEN,True
TX-CAT1-0588,1. Routine Everyday,ALLOW,usr-1002-cst-002,Juan Dela Cruz,Quezon City,726.77,4000.0,0.18,coffee and pastry,14.664459,121.037084,14.676,121.0437,14.676,121.0437,236.8,1.47,1.47,0.37,False,False,ALLOW,True,ALLOW,GATE_0_FAST_PATH,True,ALLOW,GATE_1_NEURAL_QWEN,True
TX-CAT1-0589,1. Routine Everyday,ALLOW,usr-1002-cst-002,Juan Dela Cruz,Quezon City,2821.4,4000.0,0.71,dinner delivery,14.676111,121.034656,14.676,121.0437,14.676,121.0437,179.3,0.97,0.97,0.32,False,False,ALLOW,True,ALLOW,GATE_0_FAST_PATH,True,ALLOW,GATE_1_NEURAL_QWEN,True
TX-CAT1-0590,1. Routine Everyday,ALLOW,usr-1001-cst-001,Maria Santos,Makati CBD,966.06,2500.0,0.39,school supplies,14.548839,121.020834,14.5547,121.02,14.5547,121.02,40.2,0.66,0.66,0.99,False,False,ALLOW,True,ALLOW,GATE_0_FAST_PATH,True,ALLOW,GATE_1_NEURAL_QWEN,True
TX-CAT1-0591,1. Routine Everyday,ALLOW,usr-1001-cst-001,Maria Santos,Makati CBD,1612.74,2500.0,0.65,school supplies,14.562767,121.009158,14.5547,121.02,14.5547,121.02,54.3,1.47,1.47,1.62,False,False,ALLOW,True,ALLOW,GATE_0_FAST_PATH,True,ALLOW,GATE_1_NEURAL_QWEN,True
TX-CAT1-0592,1. Routine Everyday,ALLOW,usr-1004-cst-004,Carlos Tan,Pasig Ortigas,796.85,2000.0,0.4,grab car ride payment,14.580966,121.066245,14.5869,121.0614,14.5869,121.0614,73.2,0.84,0.84,0.69,False,False,ALLOW,True,ALLOW,GATE_0_FAST_PATH,True,ALLOW,GATE_1_NEURAL_QWEN,True
TX-CAT1-0593,1. Routine Everyday,ALLOW,usr-1001-cst-001,Maria Santos,Makati CBD,799.02,2500.0,0.32,school supplies,14.545124,121.020487,14.5547,121.02,14.5547,121.02,160.8,1.07,1.07,0.4,False,False,ALLOW,True,ALLOW,GATE_0_FAST_PATH,True,ALLOW,GATE_1_NEURAL_QWEN,True
TX-CAT1-0594,1. Routine Everyday,ALLOW,usr-1002-cst-002,Juan Dela Cruz,Quezon City,1661.28,4000.0,0.42,lunch with colleagues,14.676278,121.046525,14.676,121.0437,14.676,121.0437,89.4,0.31,0.31,0.21,False,False,ALLOW,True,ALLOW,GATE_0_FAST_PATH,True,ALLOW,GATE_1_NEURAL_QWEN,True
TX-CAT1-0595,1. Routine Everyday,ALLOW,usr-1001-cst-001,Maria Santos,Makati CBD,1242.4,2500.0,0.5,dinner delivery,14.547494,121.014312,14.5547,121.02,14.5547,121.02,139.9,1.01,1.01,0.43,False,False,ALLOW,True,ALLOW,GATE_0_FAST_PATH,True,ALLOW,GATE_1_NEURAL_QWEN,True
TX-CAT1-0596,1. Routine Everyday,ALLOW,usr-1002-cst-002,Juan Dela Cruz,Quezon City,1437.15,4000.0,0.36,coffee and pastry,14.671088,121.032646,14.676,121.0437,14.676,121.0437,134.2,1.31,1.31,0.59,False,False,ALLOW,True,ALLOW,GATE_0_FAST_PATH,True,ALLOW,GATE_1_NEURAL_QWEN,True
TX-CAT1-0597,1. Routine Everyday,ALLOW,usr-1002-cst-002,Juan Dela Cruz,Quezon City,2652.59,4000.0,0.66,allowance transfer,14.671934,121.031766,14.676,121.0437,14.676,121.0437,171.0,1.36,1.36,0.48,False,False,ALLOW,True,ALLOW,GATE_0_FAST_PATH,True,ALLOW,GATE_1_NEURAL_QWEN,True
TX-CAT1-0598,1. Routine Everyday,ALLOW,usr-1001-cst-001,Maria Santos,Makati CBD,2003.45,2500.0,0.8,school supplies,14.554558,121.030787,14.5547,121.02,14.5547,121.02,193.7,1.16,1.16,0.36,False,False,ALLOW,True,ALLOW,GATE_0_FAST_PATH,True,ALLOW,GATE_1_NEURAL_QWEN,True
TX-CAT1-0599,1. Routine Everyday,ALLOW,usr-1001-cst-001,Maria Santos,Makati CBD,1751.64,2500.0,0.7,lunch with colleagues,14.564415,121.023464,14.5547,121.02,14.5547,121.02,125.9,1.14,1.14,0.54,False,False,ALLOW,True,ALLOW,GATE_0_FAST_PATH,True,ALLOW,GATE_1_NEURAL_QWEN,True
TX-CAT1-0600,1. Routine Everyday,ALLOW,usr-1003-cst-003,Elena Reyes,Cebu IT Park,3852.09,15000.0,0.26,supermarket groceries,10.306095,123.877593,10.3157,123.8854,10.3157,123.8854,38.3,1.37,1.37,2.15,False,False,ALLOW,True,ALLOW,GATE_0_FAST_PATH,True,ALLOW,GATE_1_NEURAL_QWEN,True
TX-CAT1-0601,1. Routine Everyday,ALLOW,usr-1003-cst-003,Elena Reyes,Cebu IT Park,5209.83,15000.0,0.35,school supplies,10.311205,123.891125,10.3157,123.8854,10.3157,123.8854,49.9,0.8,0.8,0.96,False,False,ALLOW,True,ALLOW,GATE_0_FAST_PATH,True,ALLOW,GATE_1_NEURAL_QWEN,True
TX-CAT1-0602,1. Routine Everyday,ALLOW,usr-1001-cst-001,Maria Santos,Makati CBD,141.81,2500.0,0.06,monthly rent payment,14.558621,121.012092,14.5547,121.02,14.5547,121.02,105.1,0.96,0.96,0.55,False,False,ALLOW,True,ALLOW,GATE_0_FAST_PATH,True,ALLOW,GATE_1_NEURAL_QWEN,True
TX-CAT1-0603,1. Routine Everyday,ALLOW,usr-1004-cst-004,Carlos Tan,Pasig Ortigas,1820.06,2000.0,0.91,maynilad water payment,14.595983,121.051631,14.5869,121.0614,14.5869,121.0614,201.1,1.46,1.46,0.44,False,False,ALLOW,True,ALLOW,GATE_0_FAST_PATH,True,ALLOW,GATE_1_NEURAL_QWEN,True
TX-CAT1-0604,1. Routine Everyday,ALLOW,usr-1002-cst-002,Juan Dela Cruz,Quezon City,538.9,4000.0,0.13,coffee and pastry,14.687095,121.038224,14.676,121.0437,14.676,121.0437,111.0,1.37,1.37,0.74,False,False,ALLOW,True,ALLOW,GATE_0_FAST_PATH,True,ALLOW,GATE_1_NEURAL_QWEN,True
TX-CAT1-0605,1. Routine Everyday,ALLOW,usr-1004-cst-004,Carlos Tan,Pasig Ortigas,1543.82,2000.0,0.77,school supplies,14.596167,121.053403,14.5869,121.0614,14.5869,121.0614,57.8,1.34,1.34,1.39,False,False,ALLOW,True,ALLOW,GATE_0_FAST_PATH,True,ALLOW,GATE_1_NEURAL_QWEN,True
TX-CAT1-0606,1. Routine Everyday,ALLOW,usr-1001-cst-001,Maria Santos,Makati CBD,2333.44,2500.0,0.93,monthly rent payment,14.545189,121.029869,14.5547,121.02,14.5547,121.02,131.4,1.5,1.5,0.68,False,False,ALLOW,True,ALLOW,GATE_0_FAST_PATH,True,ALLOW,GATE_1_NEURAL_QWEN,True
TX-CAT1-0607,1. Routine Everyday,ALLOW,usr-1004-cst-004,Carlos Tan,Pasig Ortigas,442.64,2000.0,0.22,coffee and pastry,14.5936,121.064073,14.5869,121.0614,14.5869,121.0614,211.1,0.8,0.8,0.23,False,False,ALLOW,True,ALLOW,GATE_0_FAST_PATH,True,ALLOW,GATE_1_NEURAL_QWEN,True
TX-CAT1-0608,1. Routine Everyday,ALLOW,usr-1002-cst-002,Juan Dela Cruz,Quezon City,1897.73,4000.0,0.47,allowance transfer,14.66671,121.041571,14.676,121.0437,14.676,121.0437,39.7,1.06,1.06,1.6,False,False,ALLOW,True,ALLOW,GATE_0_FAST_PATH,True,ALLOW,GATE_1_NEURAL_QWEN,True
TX-CAT1-0609,1. Routine Everyday,ALLOW,usr-1003-cst-003,Elena Reyes,Cebu IT Park,9374.78,15000.0,0.62,supermarket groceries,10.32061,123.88967,10.3157,123.8854,10.3157,123.8854,191.2,0.72,0.72,0.23,False,False,ALLOW,True,ALLOW,GATE_0_FAST_PATH,True,ALLOW,GATE_1_NEURAL_QWEN,True
TX-CAT1-0610,1. Routine Everyday,ALLOW,usr-1002-cst-002,Juan Dela Cruz,Quezon City,3718.66,4000.0,0.93,school supplies,14.684955,121.044158,14.676,121.0437,14.676,121.0437,174.5,1.0,1.0,0.34,False,False,ALLOW,True,ALLOW,GATE_0_FAST_PATH,True,ALLOW,GATE_1_NEURAL_QWEN,True
TX-CAT1-0611,1. Routine Everyday,ALLOW,usr-1001-cst-001,Maria Santos,Makati CBD,1096.07,2500.0,0.44,pet food purchase,14.548666,121.016298,14.5547,121.02,14.5547,121.02,172.0,0.78,0.78,0.27,False,False,ALLOW,True,ALLOW,GATE_0_FAST_PATH,True,ALLOW,GATE_1_NEURAL_QWEN,True
TX-CAT1-0612,1. Routine Everyday,ALLOW,usr-1004-cst-004,Carlos Tan,Pasig Ortigas,384.6,2000.0,0.19,grab car ride payment,14.596309,121.06411,14.5869,121.0614,14.5869,121.0614,32.4,1.09,1.09,2.02,False,False,ALLOW,True,ALLOW,GATE_0_FAST_PATH,True,ALLOW,GATE_1_NEURAL_QWEN,True
TX-CAT1-0613,1. Routine Everyday,ALLOW,usr-1002-cst-002,Juan Dela Cruz,Quezon City,1980.49,4000.0,0.5,allowance transfer,14.684445,121.052566,14.676,121.0437,14.676,121.0437,45.7,1.34,1.34,1.76,False,False,ALLOW,True,ALLOW,GATE_0_FAST_PATH,True,ALLOW,GATE_1_NEURAL_QWEN,True
TX-CAT1-0614,1. Routine Everyday,ALLOW,usr-1004-cst-004,Carlos Tan,Pasig Ortigas,690.73,2000.0,0.35,pharmacy vitamins,14.598183,121.050608,14.5869,121.0614,14.5869,121.0614,76.8,1.71,1.71,1.34,False,False,ALLOW,True,ALLOW,GATE_0_FAST_PATH,True,ALLOW,GATE_1_NEURAL_QWEN,True
TX-CAT1-0615,1. Routine Everyday,ALLOW,usr-1004-cst-004,Carlos Tan,Pasig Ortigas,837.83,2000.0,0.42,meralco electric bill,14.576792,121.060061,14.5869,121.0614,14.5869,121.0614,150.3,1.13,1.13,0.45,False,False,ALLOW,True,ALLOW,GATE_0_FAST_PATH,True,ALLOW,GATE_1_NEURAL_QWEN,True
TX-CAT1-0616,1. Routine Everyday,ALLOW,usr-1001-cst-001,Maria Santos,Makati CBD,2051.61,2500.0,0.82,allowance transfer,14.550285,121.031536,14.5547,121.02,14.5547,121.02,186.5,1.34,1.34,0.43,False,False,ALLOW,True,ALLOW,GATE_0_FAST_PATH,True,ALLOW,GATE_1_NEURAL_QWEN,True
TX-CAT1-0617,1. Routine Everyday,ALLOW,usr-1001-cst-001,Maria Santos,Makati CBD,351.46,2500.0,0.14,coffee and pastry,14.54356,121.021178,14.5547,121.02,14.5547,121.02,203.4,1.25,1.25,0.37,False,False,ALLOW,True,ALLOW,GATE_0_FAST_PATH,True,ALLOW,GATE_1_NEURAL_QWEN,True
TX-CAT1-0618,1. Routine Everyday,ALLOW,usr-1003-cst-003,Elena Reyes,Cebu IT Park,12697.27,15000.0,0.85,grab car ride payment,10.308664,123.889515,10.3157,123.8854,10.3157,123.8854,229.6,0.9,0.9,0.24,False,False,ALLOW,True,ALLOW,GATE_0_FAST_PATH,True,ALLOW,GATE_1_NEURAL_QWEN,True
TX-CAT1-0619,1. Routine Everyday,ALLOW,usr-1003-cst-003,Elena Reyes,Cebu IT Park,11781.64,15000.0,0.79,meralco electric bill,10.323964,123.881367,10.3157,123.8854,10.3157,123.8854,191.2,1.02,1.02,0.32,False,False,ALLOW,True,ALLOW,GATE_0_FAST_PATH,True,ALLOW,GATE_1_NEURAL_QWEN,True
TX-CAT1-0620,1. Routine Everyday,ALLOW,usr-1004-cst-004,Carlos Tan,Pasig Ortigas,1395.65,2000.0,0.7,pharmacy vitamins,14.592082,121.052137,14.5869,121.0614,14.5869,121.0614,189.5,1.15,1.15,0.36,False,False,ALLOW,True,ALLOW,GATE_0_FAST_PATH,True,ALLOW,GATE_1_NEURAL_QWEN,True
TX-CAT1-0621,1. Routine Everyday,ALLOW,usr-1002-cst-002,Juan Dela Cruz,Quezon City,128.08,4000.0,0.03,pharmacy vitamins,14.683917,121.054846,14.676,121.0437,14.676,121.0437,91.3,1.49,1.49,0.98,False,False,ALLOW,True,ALLOW,GATE_0_FAST_PATH,True,ALLOW,GATE_1_NEURAL_QWEN,True
TX-CAT1-0622,1. Routine Everyday,ALLOW,usr-1003-cst-003,Elena Reyes,Cebu IT Park,10040.62,15000.0,0.67,supermarket groceries,10.325225,123.885218,10.3157,123.8854,10.3157,123.8854,202.6,1.06,1.06,0.31,False,False,ALLOW,True,ALLOW,GATE_0_FAST_PATH,True,ALLOW,GATE_1_NEURAL_QWEN,True
TX-CAT1-0623,1. Routine Everyday,ALLOW,usr-1004-cst-004,Carlos Tan,Pasig Ortigas,310.39,2000.0,0.16,dinner delivery,14.579602,121.052298,14.5869,121.0614,14.5869,121.0614,209.0,1.27,1.27,0.36,False,False,ALLOW,True,ALLOW,GATE_0_FAST_PATH,True,ALLOW,GATE_1_NEURAL_QWEN,True
TX-CAT1-0624,1. Routine Everyday,ALLOW,usr-1002-cst-002,Juan Dela Cruz,Quezon City,1801.93,4000.0,0.45,meralco electric bill,14.681203,121.034286,14.676,121.0437,14.676,121.0437,117.0,1.17,1.17,0.6,False,False,ALLOW,True,ALLOW,GATE_0_FAST_PATH,True,ALLOW,GATE_1_NEURAL_QWEN,True
TX-CAT1-0625,1. Routine Everyday,ALLOW,usr-1001-cst-001,Maria Santos,Makati CBD,1861.19,2500.0,0.74,allowance transfer,14.553677,121.022144,14.5547,121.02,14.5547,121.02,135.9,0.26,0.26,0.11,False,False,ALLOW,True,ALLOW,GATE_0_FAST_PATH,True,ALLOW,GATE_1_NEURAL_QWEN,True
TX-CAT1-0626,1. Routine Everyday,ALLOW,usr-1004-cst-004,Carlos Tan,Pasig Ortigas,127.72,2000.0,0.06,pet food purchase,14.576066,121.071847,14.5869,121.0614,14.5869,121.0614,206.2,1.65,1.65,0.48,False,False,ALLOW,True,ALLOW,GATE_0_FAST_PATH,True,ALLOW,GATE_1_NEURAL_QWEN,True
TX-CAT1-0627,1. Routine Everyday,ALLOW,usr-1004-cst-004,Carlos Tan,Pasig Ortigas,1765.38,2000.0,0.88,monthly rent payment,14.591504,121.053568,14.5869,121.0614,14.5869,121.0614,201.2,0.99,0.99,0.3,False,False,ALLOW,True,ALLOW,GATE_0_FAST_PATH,True,ALLOW,GATE_1_NEURAL_QWEN,True
TX-CAT1-0628,1. Routine Everyday,ALLOW,usr-1001-cst-001,Maria Santos,Makati CBD,993.6,2500.0,0.4,dinner delivery,14.557248,121.015724,14.5547,121.02,14.5547,121.02,215.1,0.54,0.54,0.15,False,False,ALLOW,True,ALLOW,GATE_0_FAST_PATH,True,ALLOW,GATE_1_NEURAL_QWEN,True
TX-CAT1-0629,1. Routine Everyday,ALLOW,usr-1004-cst-004,Carlos Tan,Pasig Ortigas,1863.51,2000.0,0.93,pet food purchase,14.593197,121.055966,14.5869,121.0614,14.5869,121.0614,232.4,0.91,0.91,0.23,False,False,ALLOW,True,ALLOW,GATE_0_FAST_PATH,True,ALLOW,GATE_1_NEURAL_QWEN,True
TX-CAT1-0630,1. Routine Everyday,ALLOW,usr-1003-cst-003,Elena Reyes,Cebu IT Park,6518.71,15000.0,0.43,monthly rent payment,10.307016,123.887861,10.3157,123.8854,10.3157,123.8854,216.2,1.0,1.0,0.28,False,False,ALLOW,True,ALLOW,GATE_0_FAST_PATH,True,ALLOW,GATE_1_NEURAL_QWEN,True
TX-CAT1-0631,1. Routine Everyday,ALLOW,usr-1003-cst-003,Elena Reyes,Cebu IT Park,12032.64,15000.0,0.8,grab car ride payment,10.324357,123.890485,10.3157,123.8854,10.3157,123.8854,226.5,1.11,1.11,0.29,False,False,ALLOW,True,ALLOW,GATE_0_FAST_PATH,True,ALLOW,GATE_1_NEURAL_QWEN,True
TX-CAT1-0632,1. Routine Everyday,ALLOW,usr-1002-cst-002,Juan Dela Cruz,Quezon City,859.27,4000.0,0.21,dinner delivery,14.681145,121.048179,14.676,121.0437,14.676,121.0437,223.5,0.75,0.75,0.2,False,False,ALLOW,True,ALLOW,GATE_0_FAST_PATH,True,ALLOW,GATE_1_NEURAL_QWEN,True
TX-CAT1-0633,1. Routine Everyday,ALLOW,usr-1002-cst-002,Juan Dela Cruz,Quezon City,3731.31,4000.0,0.93,school supplies,14.687404,121.035968,14.676,121.0437,14.676,121.0437,143.9,1.52,1.52,0.63,False,False,ALLOW,True,ALLOW,GATE_0_FAST_PATH,True,ALLOW,GATE_1_NEURAL_QWEN,True
TX-CAT1-0634,1. Routine Everyday,ALLOW,usr-1003-cst-003,Elena Reyes,Cebu IT Park,10157.28,15000.0,0.68,pharmacy vitamins,10.317195,123.887387,10.3157,123.8854,10.3157,123.8854,228.0,0.27,0.27,0.07,False,False,ALLOW,True,ALLOW,GATE_0_FAST_PATH,True,ALLOW,GATE_1_NEURAL_QWEN,True
TX-CAT1-0635,1. Routine Everyday,ALLOW,usr-1004-cst-004,Carlos Tan,Pasig Ortigas,1320.15,2000.0,0.66,grab car ride payment,14.581762,121.069735,14.5869,121.0614,14.5869,121.0614,199.7,1.06,1.06,0.32,False,False,ALLOW,True,ALLOW,GATE_0_FAST_PATH,True,ALLOW,GATE_1_NEURAL_QWEN,True
TX-CAT1-0636,1. Routine Everyday,ALLOW,usr-1001-cst-001,Maria Santos,Makati CBD,176.99,2500.0,0.07,monthly rent payment,14.543974,121.009359,14.5547,121.02,14.5547,121.02,86.1,1.65,1.65,1.15,False,False,ALLOW,True,ALLOW,GATE_0_FAST_PATH,True,ALLOW,GATE_1_NEURAL_QWEN,True
TX-CAT1-0637,1. Routine Everyday,ALLOW,usr-1002-cst-002,Juan Dela Cruz,Quezon City,3739.4,4000.0,0.93,school supplies,14.670013,121.051845,14.676,121.0437,14.676,121.0437,175.0,1.1,1.1,0.38,False,False,ALLOW,True,ALLOW,GATE_0_FAST_PATH,True,ALLOW,GATE_1_NEURAL_QWEN,True
TX-CAT1-0638,1. Routine Everyday,ALLOW,usr-1003-cst-003,Elena Reyes,Cebu IT Park,3002.53,15000.0,0.2,grab car ride payment,10.304475,123.892937,10.3157,123.8854,10.3157,123.8854,51.5,1.5,1.5,1.75,False,False,ALLOW,True,ALLOW,GATE_0_FAST_PATH,True,ALLOW,GATE_1_NEURAL_QWEN,True
TX-CAT1-0639,1. Routine Everyday,ALLOW,usr-1002-cst-002,Juan Dela Cruz,Quezon City,2852.08,4000.0,0.71,grab car ride payment,14.673333,121.043962,14.676,121.0437,14.676,121.0437,197.3,0.3,0.3,0.09,False,False,ALLOW,True,ALLOW,GATE_0_FAST_PATH,True,ALLOW,GATE_1_NEURAL_QWEN,True
TX-CAT1-0640,1. Routine Everyday,ALLOW,usr-1003-cst-003,Elena Reyes,Cebu IT Park,9911.19,15000.0,0.66,supermarket groceries,10.325936,123.882701,10.3157,123.8854,10.3157,123.8854,230.9,1.18,1.18,0.31,False,False,ALLOW,True,ALLOW,GATE_0_FAST_PATH,True,ALLOW,GATE_1_NEURAL_QWEN,True
TX-CAT1-0641,1. Routine Everyday,ALLOW,usr-1003-cst-003,Elena Reyes,Cebu IT Park,13767.22,15000.0,0.92,supermarket groceries,10.304011,123.879432,10.3157,123.8854,10.3157,123.8854,160.3,1.45,1.45,0.54,False,False,ALLOW,True,ALLOW,GATE_0_FAST_PATH,True,ALLOW,GATE_1_NEURAL_QWEN,True
TX-CAT1-0642,1. Routine Everyday,ALLOW,usr-1004-cst-004,Carlos Tan,Pasig Ortigas,1597.37,2000.0,0.8,school supplies,14.591811,121.064943,14.5869,121.0614,14.5869,121.0614,188.6,0.67,0.67,0.21,False,False,ALLOW,True,ALLOW,GATE_0_FAST_PATH,True,ALLOW,GATE_1_NEURAL_QWEN,True
TX-CAT1-0643,1. Routine Everyday,ALLOW,usr-1002-cst-002,Juan Dela Cruz,Quezon City,2976.22,4000.0,0.74,meralco electric bill,14.67106,121.035958,14.676,121.0437,14.676,121.0437,173.4,1.0,1.0,0.35,False,False,ALLOW,True,ALLOW,GATE_0_FAST_PATH,True,ALLOW,GATE_1_NEURAL_QWEN,True
TX-CAT1-0644,1. Routine Everyday,ALLOW,usr-1002-cst-002,Juan Dela Cruz,Quezon City,3661.91,4000.0,0.92,pet food purchase,14.676332,121.040753,14.676,121.0437,14.676,121.0437,120.0,0.32,0.32,0.16,False,False,ALLOW,True,ALLOW,GATE_0_FAST_PATH,True,ALLOW,GATE_1_NEURAL_QWEN,True
TX-CAT1-0645,1. Routine Everyday,ALLOW,usr-1003-cst-003,Elena Reyes,Cebu IT Park,1957.84,15000.0,0.13,dinner delivery,10.324004,123.873535,10.3157,123.8854,10.3157,123.8854,127.9,1.59,1.59,0.75,False,False,ALLOW,True,ALLOW,GATE_0_FAST_PATH,True,ALLOW,GATE_1_NEURAL_QWEN,True
TX-CAT1-0646,1. Routine Everyday,ALLOW,usr-1002-cst-002,Juan Dela Cruz,Quezon City,266.98,4000.0,0.07,pharmacy vitamins,14.678325,121.050268,14.676,121.0437,14.676,121.0437,161.3,0.75,0.75,0.28,False,False,ALLOW,True,ALLOW,GATE_0_FAST_PATH,True,ALLOW,GATE_1_NEURAL_QWEN,True
TX-CAT1-0647,1. Routine Everyday,ALLOW,usr-1003-cst-003,Elena Reyes,Cebu IT Park,7051.48,15000.0,0.47,dinner delivery,10.316904,123.875149,10.3157,123.8854,10.3157,123.8854,178.6,1.13,1.13,0.38,False,False,ALLOW,True,ALLOW,GATE_0_FAST_PATH,True,ALLOW,GATE_1_NEURAL_QWEN,True
TX-CAT1-0648,1. Routine Everyday,ALLOW,usr-1002-cst-002,Juan Dela Cruz,Quezon City,3641.71,4000.0,0.91,grab car ride payment,14.665636,121.043823,14.676,121.0437,14.676,121.0437,117.3,1.15,1.15,0.59,False,False,ALLOW,True,ALLOW,GATE_0_FAST_PATH,True,ALLOW,GATE_1_NEURAL_QWEN,True
TX-CAT1-0649,1. Routine Everyday,ALLOW,usr-1004-cst-004,Carlos Tan,Pasig Ortigas,283.66,2000.0,0.14,meralco electric bill,14.596102,121.06532,14.5869,121.0614,14.5869,121.0614,99.5,1.11,1.11,0.67,False,False,ALLOW,True,ALLOW,GATE_0_FAST_PATH,True,ALLOW,GATE_1_NEURAL_QWEN,True
TX-CAT1-0650,1. Routine Everyday,ALLOW,usr-1003-cst-003,Elena Reyes,Cebu IT Park,3206.63,15000.0,0.21,dinner delivery,10.316432,123.897319,10.3157,123.8854,10.3157,123.8854,203.0,1.31,1.31,0.39,False,False,ALLOW,True,ALLOW,GATE_0_FAST_PATH,True,ALLOW,GATE_1_NEURAL_QWEN,True
TX-CAT1-0651,1. Routine Everyday,ALLOW,usr-1001-cst-001,Maria Santos,Makati CBD,378.7,2500.0,0.15,pharmacy vitamins,14.553396,121.029708,14.5547,121.02,14.5547,121.02,158.9,1.05,1.05,0.4,False,False,ALLOW,True,ALLOW,GATE_0_FAST_PATH,True,ALLOW,GATE_1_NEURAL_QWEN,True
TX-CAT1-0652,1. Routine Everyday,ALLOW,usr-1002-cst-002,Juan Dela Cruz,Quezon City,3648.74,4000.0,0.91,school supplies,14.685256,121.040853,14.676,121.0437,14.676,121.0437,197.2,1.07,1.07,0.33,False,False,ALLOW,True,ALLOW,GATE_0_FAST_PATH,True,ALLOW,GATE_1_NEURAL_QWEN,True
TX-CAT1-0653,1. Routine Everyday,ALLOW,usr-1001-cst-001,Maria Santos,Makati CBD,990.15,2500.0,0.4,grab car ride payment,14.560075,121.008593,14.5547,121.02,14.5547,121.02,138.5,1.37,1.37,0.59,False,False,ALLOW,True,ALLOW,GATE_0_FAST_PATH,True,ALLOW,GATE_1_NEURAL_QWEN,True
TX-CAT1-0654,1. Routine Everyday,ALLOW,usr-1003-cst-003,Elena Reyes,Cebu IT Park,7387.19,15000.0,0.49,grab car ride payment,10.314393,123.874452,10.3157,123.8854,10.3157,123.8854,218.6,1.21,1.21,0.33,False,False,ALLOW,True,ALLOW,GATE_0_FAST_PATH,True,ALLOW,GATE_1_NEURAL_QWEN,True
TX-CAT1-0655,1. Routine Everyday,ALLOW,usr-1002-cst-002,Juan Dela Cruz,Quezon City,1298.75,4000.0,0.32,lunch with colleagues,14.686757,121.035717,14.676,121.0437,14.676,121.0437,230.8,1.47,1.47,0.38,False,False,ALLOW,True,ALLOW,GATE_0_FAST_PATH,True,ALLOW,GATE_1_NEURAL_QWEN,True
TX-CAT1-0656,1. Routine Everyday,ALLOW,usr-1001-cst-001,Maria Santos,Makati CBD,1533.73,2500.0,0.61,meralco electric bill,14.558788,121.026566,14.5547,121.02,14.5547,121.02,211.6,0.84,0.84,0.24,False,False,ALLOW,True,ALLOW,GATE_0_FAST_PATH,True,ALLOW,GATE_1_NEURAL_QWEN,True
TX-CAT1-0657,1. Routine Everyday,ALLOW,usr-1004-cst-004,Carlos Tan,Pasig Ortigas,1607.48,2000.0,0.8,meralco electric bill,14.587806,121.066266,14.5869,121.0614,14.5869,121.0614,235.0,0.53,0.53,0.14,False,False,ALLOW,True,ALLOW,GATE_0_FAST_PATH,True,ALLOW,GATE_1_NEURAL_QWEN,True
TX-CAT1-0658,1. Routine Everyday,ALLOW,usr-1004-cst-004,Carlos Tan,Pasig Ortigas,1270.88,2000.0,0.64,lunch with colleagues,14.592825,121.05309,14.5869,121.0614,14.5869,121.0614,126.4,1.11,1.11,0.53,False,False,ALLOW,True,ALLOW,GATE_0_FAST_PATH,True,ALLOW,GATE_1_NEURAL_QWEN,True
TX-CAT1-0659,1. Routine Everyday,ALLOW,usr-1003-cst-003,Elena Reyes,Cebu IT Park,655.33,15000.0,0.04,lunch with colleagues,10.305002,123.892461,10.3157,123.8854,10.3157,123.8854,147.2,1.42,1.42,0.58,False,False,ALLOW,True,ALLOW,GATE_0_FAST_PATH,True,ALLOW,GATE_1_NEURAL_QWEN,True
TX-CAT1-0660,1. Routine Everyday,ALLOW,usr-1002-cst-002,Juan Dela Cruz,Quezon City,3472.43,4000.0,0.87,coffee and pastry,14.673313,121.046825,14.676,121.0437,14.676,121.0437,120.9,0.45,0.45,0.22,False,False,ALLOW,True,ALLOW,GATE_0_FAST_PATH,True,ALLOW,GATE_1_NEURAL_QWEN,True
TX-CAT1-0661,1. Routine Everyday,ALLOW,usr-1001-cst-001,Maria Santos,Makati CBD,998.33,2500.0,0.4,lunch with colleagues,14.555536,121.023394,14.5547,121.02,14.5547,121.02,159.9,0.38,0.38,0.14,False,False,ALLOW,True,ALLOW,GATE_0_FAST_PATH,True,ALLOW,GATE_1_NEURAL_QWEN,True
TX-CAT1-0662,1. Routine Everyday,ALLOW,usr-1001-cst-001,Maria Santos,Makati CBD,1700.49,2500.0,0.68,lunch with colleagues,14.551285,121.020068,14.5547,121.02,14.5547,121.02,90.9,0.38,0.38,0.25,False,False,ALLOW,True,ALLOW,GATE_0_FAST_PATH,True,ALLOW,GATE_1_NEURAL_QWEN,True
TX-CAT1-0663,1. Routine Everyday,ALLOW,usr-1003-cst-003,Elena Reyes,Cebu IT Park,8690.78,15000.0,0.58,maynilad water payment,10.322067,123.883904,10.3157,123.8854,10.3157,123.8854,113.0,0.73,0.73,0.39,False,False,ALLOW,True,ALLOW,GATE_0_FAST_PATH,True,ALLOW,GATE_1_NEURAL_QWEN,True
TX-CAT1-0664,1. Routine Everyday,ALLOW,usr-1001-cst-001,Maria Santos,Makati CBD,1188.84,2500.0,0.48,grab car ride payment,14.547977,121.025922,14.5547,121.02,14.5547,121.02,197.3,0.98,0.98,0.3,False,False,ALLOW,True,ALLOW,GATE_0_FAST_PATH,True,ALLOW,GATE_1_NEURAL_QWEN,True
TX-CAT1-0665,1. Routine Everyday,ALLOW,usr-1003-cst-003,Elena Reyes,Cebu IT Park,13686.7,15000.0,0.91,monthly rent payment,10.310853,123.894687,10.3157,123.8854,10.3157,123.8854,232.7,1.15,1.15,0.3,False,False,ALLOW,True,ALLOW,GATE_0_FAST_PATH,True,ALLOW,GATE_1_NEURAL_QWEN,True
TX-CAT1-0666,1. Routine Everyday,ALLOW,usr-1003-cst-003,Elena Reyes,Cebu IT Park,13647.94,15000.0,0.91,supermarket groceries,10.316985,123.886722,10.3157,123.8854,10.3157,123.8854,55.9,0.2,0.2,0.21,False,False,ALLOW,True,ALLOW,GATE_0_FAST_PATH,True,ALLOW,GATE_1_NEURAL_QWEN,True
TX-CAT1-0667,1. Routine Everyday,ALLOW,usr-1001-cst-001,Maria Santos,Makati CBD,1411.48,2500.0,0.56,coffee and pastry,14.555592,121.030728,14.5547,121.02,14.5547,121.02,94.0,1.16,1.16,0.74,False,False,ALLOW,True,ALLOW,GATE_0_FAST_PATH,True,ALLOW,GATE_1_NEURAL_QWEN,True
TX-CAT1-0668,1. Routine Everyday,ALLOW,usr-1003-cst-003,Elena Reyes,Cebu IT Park,3111.84,15000.0,0.21,school supplies,10.324135,123.876819,10.3157,123.8854,10.3157,123.8854,68.6,1.33,1.33,1.16,False,False,ALLOW,True,ALLOW,GATE_0_FAST_PATH,True,ALLOW,GATE_1_NEURAL_QWEN,True
TX-CAT1-0669,1. Routine Everyday,ALLOW,usr-1003-cst-003,Elena Reyes,Cebu IT Park,2865.83,15000.0,0.19,monthly rent payment,10.319803,123.887015,10.3157,123.8854,10.3157,123.8854,41.4,0.49,0.49,0.71,False,False,ALLOW,True,ALLOW,GATE_0_FAST_PATH,True,ALLOW,GATE_1_NEURAL_QWEN,True
TX-CAT1-0670,1. Routine Everyday,ALLOW,usr-1004-cst-004,Carlos Tan,Pasig Ortigas,1267.52,2000.0,0.63,lunch with colleagues,14.581876,121.051017,14.5869,121.0614,14.5869,121.0614,50.6,1.25,1.25,1.48,False,False,ALLOW,True,ALLOW,GATE_0_FAST_PATH,True,ALLOW,GATE_1_NEURAL_QWEN,True
TX-CAT1-0671,1. Routine Everyday,ALLOW,usr-1004-cst-004,Carlos Tan,Pasig Ortigas,1813.74,2000.0,0.91,pharmacy vitamins,14.577977,121.065131,14.5869,121.0614,14.5869,121.0614,51.0,1.07,1.07,1.26,False,False,ALLOW,True,ALLOW,GATE_0_FAST_PATH,True,ALLOW,GATE_1_NEURAL_QWEN,True
TX-CAT1-0672,1. Routine Everyday,ALLOW,usr-1001-cst-001,Maria Santos,Makati CBD,2149.77,2500.0,0.86,pharmacy vitamins,14.554361,121.01588,14.5547,121.02,14.5547,121.02,168.5,0.45,0.45,0.16,False,False,ALLOW,True,ALLOW,GATE_0_FAST_PATH,True,ALLOW,GATE_1_NEURAL_QWEN,True
TX-CAT1-0673,1. Routine Everyday,ALLOW,usr-1002-cst-002,Juan Dela Cruz,Quezon City,2201.23,4000.0,0.55,pharmacy vitamins,14.683385,121.054708,14.676,121.0437,14.676,121.0437,65.4,1.44,1.44,1.32,False,False,ALLOW,True,ALLOW,GATE_0_FAST_PATH,True,ALLOW,GATE_1_NEURAL_QWEN,True
TX-CAT1-0674,1. Routine Everyday,ALLOW,usr-1003-cst-003,Elena Reyes,Cebu IT Park,3598.45,15000.0,0.24,meralco electric bill,10.320793,123.88878,10.3157,123.8854,10.3157,123.8854,88.1,0.68,0.68,0.46,False,False,ALLOW,True,ALLOW,GATE_0_FAST_PATH,True,ALLOW,GATE_1_NEURAL_QWEN,True
TX-CAT1-0675,1. Routine Everyday,ALLOW,usr-1003-cst-003,Elena Reyes,Cebu IT Park,2017.74,15000.0,0.13,pet food purchase,10.311658,123.884919,10.3157,123.8854,10.3157,123.8854,123.5,0.45,0.45,0.22,False,False,ALLOW,True,ALLOW,GATE_0_FAST_PATH,True,ALLOW,GATE_1_NEURAL_QWEN,True
TX-CAT1-0676,1. Routine Everyday,ALLOW,usr-1003-cst-003,Elena Reyes,Cebu IT Park,7000.91,15000.0,0.47,lunch with colleagues,10.307918,123.887959,10.3157,123.8854,10.3157,123.8854,206.8,0.91,0.91,0.26,False,False,ALLOW,True,ALLOW,GATE_0_FAST_PATH,True,ALLOW,GATE_1_NEURAL_QWEN,True
TX-CAT1-0677,1. Routine Everyday,ALLOW,usr-1002-cst-002,Juan Dela Cruz,Quezon City,3399.97,4000.0,0.85,meralco electric bill,14.670318,121.052972,14.676,121.0437,14.676,121.0437,46.1,1.18,1.18,1.54,False,False,ALLOW,True,ALLOW,GATE_0_FAST_PATH,True,ALLOW,GATE_1_NEURAL_QWEN,True
TX-CAT1-0678,1. Routine Everyday,ALLOW,usr-1001-cst-001,Maria Santos,Makati CBD,2131.7,2500.0,0.85,grab car ride payment,14.557859,121.027503,14.5547,121.02,14.5547,121.02,151.6,0.88,0.88,0.35,False,False,ALLOW,True,ALLOW,GATE_0_FAST_PATH,True,ALLOW,GATE_1_NEURAL_QWEN,True
TX-CAT1-0679,1. Routine Everyday,ALLOW,usr-1002-cst-002,Juan Dela Cruz,Quezon City,3455.2,4000.0,0.86,grab car ride payment,14.670255,121.053156,14.676,121.0437,14.676,121.0437,143.3,1.2,1.2,0.5,False,False,ALLOW,True,ALLOW,GATE_0_FAST_PATH,True,ALLOW,GATE_1_NEURAL_QWEN,True
TX-CAT1-0680,1. Routine Everyday,ALLOW,usr-1002-cst-002,Juan Dela Cruz,Quezon City,1466.21,4000.0,0.37,meralco electric bill,14.685395,121.04585,14.676,121.0437,14.676,121.0437,210.0,1.07,1.07,0.31,False,False,ALLOW,True,ALLOW,GATE_0_FAST_PATH,True,ALLOW,GATE_1_NEURAL_QWEN,True
TX-CAT1-0681,1. Routine Everyday,ALLOW,usr-1002-cst-002,Juan Dela Cruz,Quezon City,1830.1,4000.0,0.46,grab car ride payment,14.666173,121.040433,14.676,121.0437,14.676,121.0437,32.2,1.15,1.15,2.14,False,False,ALLOW,True,ALLOW,GATE_0_FAST_PATH,True,ALLOW,GATE_1_NEURAL_QWEN,True
TX-CAT1-0682,1. Routine Everyday,ALLOW,usr-1002-cst-002,Juan Dela Cruz,Quezon City,3240.57,4000.0,0.81,dinner delivery,14.68042,121.049873,14.676,121.0437,14.676,121.0437,59.5,0.83,0.83,0.84,False,False,ALLOW,True,ALLOW,GATE_0_FAST_PATH,True,ALLOW,GATE_1_NEURAL_QWEN,True
TX-CAT1-0683,1. Routine Everyday,ALLOW,usr-1002-cst-002,Juan Dela Cruz,Quezon City,779.25,4000.0,0.19,dinner delivery,14.679826,121.054926,14.676,121.0437,14.676,121.0437,184.5,1.28,1.28,0.42,False,False,ALLOW,True,ALLOW,GATE_0_FAST_PATH,True,ALLOW,GATE_1_NEURAL_QWEN,True
TX-CAT1-0684,1. Routine Everyday,ALLOW,usr-1004-cst-004,Carlos Tan,Pasig Ortigas,1791.73,2000.0,0.9,supermarket groceries,14.580152,121.061103,14.5869,121.0614,14.5869,121.0614,43.2,0.75,0.75,1.04,False,False,ALLOW,True,ALLOW,GATE_0_FAST_PATH,True,ALLOW,GATE_1_NEURAL_QWEN,True
TX-CAT1-0685,1. Routine Everyday,ALLOW,usr-1003-cst-003,Elena Reyes,Cebu IT Park,3426.68,15000.0,0.23,school supplies,10.308663,123.895185,10.3157,123.8854,10.3157,123.8854,105.9,1.33,1.33,0.75,False,False,ALLOW,True,ALLOW,GATE_0_FAST_PATH,True,ALLOW,GATE_1_NEURAL_QWEN,True
TX-CAT1-0686,1. Routine Everyday,ALLOW,usr-1004-cst-004,Carlos Tan,Pasig Ortigas,1753.87,2000.0,0.88,supermarket groceries,14.575858,121.064965,14.5869,121.0614,14.5869,121.0614,51.7,1.29,1.29,1.5,False,False,ALLOW,True,ALLOW,GATE_0_FAST_PATH,True,ALLOW,GATE_1_NEURAL_QWEN,True
TX-CAT1-0687,1. Routine Everyday,ALLOW,usr-1003-cst-003,Elena Reyes,Cebu IT Park,11916.75,15000.0,0.79,maynilad water payment,10.317587,123.887084,10.3157,123.8854,10.3157,123.8854,109.1,0.28,0.28,0.15,False,False,ALLOW,True,ALLOW,GATE_0_FAST_PATH,True,ALLOW,GATE_1_NEURAL_QWEN,True
TX-CAT1-0688,1. Routine Everyday,ALLOW,usr-1004-cst-004,Carlos Tan,Pasig Ortigas,770.23,2000.0,0.39,school supplies,14.596457,121.051268,14.5869,121.0614,14.5869,121.0614,82.8,1.52,1.52,1.1,False,False,ALLOW,True,ALLOW,GATE_0_FAST_PATH,True,ALLOW,GATE_1_NEURAL_QWEN,True
TX-CAT1-0689,1. Routine Everyday,ALLOW,usr-1002-cst-002,Juan Dela Cruz,Quezon City,2020.25,4000.0,0.51,pharmacy vitamins,14.683614,121.039981,14.676,121.0437,14.676,121.0437,196.5,0.94,0.94,0.29,False,False,ALLOW,True,ALLOW,GATE_0_FAST_PATH,True,ALLOW,GATE_1_NEURAL_QWEN,True
TX-CAT1-0690,1. Routine Everyday,ALLOW,usr-1001-cst-001,Maria Santos,Makati CBD,1251.64,2500.0,0.5,monthly rent payment,14.553258,121.01352,14.5547,121.02,14.5547,121.02,138.1,0.72,0.72,0.31,False,False,ALLOW,True,ALLOW,GATE_0_FAST_PATH,True,ALLOW,GATE_1_NEURAL_QWEN,True
TX-CAT1-0691,1. Routine Everyday,ALLOW,usr-1003-cst-003,Elena Reyes,Cebu IT Park,3108.74,15000.0,0.21,monthly rent payment,10.307477,123.887848,10.3157,123.8854,10.3157,123.8854,201.6,0.95,0.95,0.28,False,False,ALLOW,True,ALLOW,GATE_0_FAST_PATH,True,ALLOW,GATE_1_NEURAL_QWEN,True
TX-CAT1-0692,1. Routine Everyday,ALLOW,usr-1002-cst-002,Juan Dela Cruz,Quezon City,1645.78,4000.0,0.41,pharmacy vitamins,14.681286,121.043256,14.676,121.0437,14.676,121.0437,130.6,0.59,0.59,0.27,False,False,ALLOW,True,ALLOW,GATE_0_FAST_PATH,True,ALLOW,GATE_1_NEURAL_QWEN,True
TX-CAT1-0693,1. Routine Everyday,ALLOW,usr-1002-cst-002,Juan Dela Cruz,Quezon City,2294.11,4000.0,0.57,school supplies,14.684001,121.032239,14.676,121.0437,14.676,121.0437,39.1,1.52,1.52,2.33,False,False,ALLOW,True,ALLOW,GATE_0_FAST_PATH,True,ALLOW,GATE_1_NEURAL_QWEN,True
TX-CAT1-0694,1. Routine Everyday,ALLOW,usr-1002-cst-002,Juan Dela Cruz,Quezon City,615.78,4000.0,0.15,grab car ride payment,14.664941,121.045434,14.676,121.0437,14.676,121.0437,41.7,1.24,1.24,1.78,False,False,ALLOW,True,ALLOW,GATE_0_FAST_PATH,True,ALLOW,GATE_1_NEURAL_QWEN,True
TX-CAT1-0695,1. Routine Everyday,ALLOW,usr-1003-cst-003,Elena Reyes,Cebu IT Park,13154.17,15000.0,0.88,grab car ride payment,10.326698,123.887785,10.3157,123.8854,10.3157,123.8854,148.4,1.25,1.25,0.51,False,False,ALLOW,True,ALLOW,GATE_0_FAST_PATH,True,ALLOW,GATE_1_NEURAL_QWEN,True
TX-CAT1-0696,1. Routine Everyday,ALLOW,usr-1001-cst-001,Maria Santos,Makati CBD,2101.04,2500.0,0.84,pet food purchase,14.558582,121.014803,14.5547,121.02,14.5547,121.02,48.0,0.71,0.71,0.89,False,False,ALLOW,True,ALLOW,GATE_0_FAST_PATH,True,ALLOW,GATE_1_NEURAL_QWEN,True
TX-CAT1-0697,1. Routine Everyday,ALLOW,usr-1004-cst-004,Carlos Tan,Pasig Ortigas,1199.62,2000.0,0.6,allowance transfer,14.595715,121.053494,14.5869,121.0614,14.5869,121.0614,204.4,1.3,1.3,0.38,False,False,ALLOW,True,ALLOW,GATE_0_FAST_PATH,True,ALLOW,GATE_1_NEURAL_QWEN,True
TX-CAT1-0698,1. Routine Everyday,ALLOW,usr-1002-cst-002,Juan Dela Cruz,Quezon City,3044.19,4000.0,0.76,monthly rent payment,14.678957,121.043959,14.676,121.0437,14.676,121.0437,65.2,0.33,0.33,0.3,False,False,ALLOW,True,ALLOW,GATE_0_FAST_PATH,True,ALLOW,GATE_1_NEURAL_QWEN,True
TX-CAT1-0699,1. Routine Everyday,ALLOW,usr-1003-cst-003,Elena Reyes,Cebu IT Park,13152.83,15000.0,0.88,dinner delivery,10.317874,123.878916,10.3157,123.8854,10.3157,123.8854,110.9,0.75,0.75,0.41,False,False,ALLOW,True,ALLOW,GATE_0_FAST_PATH,True,ALLOW,GATE_1_NEURAL_QWEN,True
TX-CAT1-0700,1. Routine Everyday,ALLOW,usr-1001-cst-001,Maria Santos,Makati CBD,157.35,2500.0,0.06,grab car ride payment,14.56333,121.020105,14.5547,121.02,14.5547,121.02,118.2,0.96,0.96,0.49,False,False,ALLOW,True,ALLOW,GATE_0_FAST_PATH,True,ALLOW,GATE_1_NEURAL_QWEN,True
TX-CAT1-0701,1. Routine Everyday,ALLOW,usr-1002-cst-002,Juan Dela Cruz,Quezon City,2348.28,4000.0,0.59,monthly rent payment,14.675421,121.046454,14.676,121.0437,14.676,121.0437,38.2,0.3,0.3,0.47,False,False,ALLOW,True,ALLOW,GATE_0_FAST_PATH,True,ALLOW,GATE_1_NEURAL_QWEN,True
TX-CAT1-0702,1. Routine Everyday,ALLOW,usr-1001-cst-001,Maria Santos,Makati CBD,330.14,2500.0,0.13,school supplies,14.545828,121.022483,14.5547,121.02,14.5547,121.02,203.8,1.02,1.02,0.3,False,False,ALLOW,True,ALLOW,GATE_0_FAST_PATH,True,ALLOW,GATE_1_NEURAL_QWEN,True
TX-CAT1-0703,1. Routine Everyday,ALLOW,usr-1004-cst-004,Carlos Tan,Pasig Ortigas,1049.24,2000.0,0.52,pharmacy vitamins,14.595896,121.066143,14.5869,121.0614,14.5869,121.0614,120.1,1.12,1.12,0.56,False,False,ALLOW,True,ALLOW,GATE_0_FAST_PATH,True,ALLOW,GATE_1_NEURAL_QWEN,True
TX-CAT1-0704,1. Routine Everyday,ALLOW,usr-1004-cst-004,Carlos Tan,Pasig Ortigas,1525.41,2000.0,0.76,coffee and pastry,14.583312,121.068711,14.5869,121.0614,14.5869,121.0614,220.7,0.88,0.88,0.24,False,False,ALLOW,True,ALLOW,GATE_0_FAST_PATH,True,ALLOW,GATE_1_NEURAL_QWEN,True
TX-CAT1-0705,1. Routine Everyday,ALLOW,usr-1001-cst-001,Maria Santos,Makati CBD,1079.48,2500.0,0.43,maynilad water payment,14.554151,121.01358,14.5547,121.02,14.5547,121.02,210.4,0.69,0.69,0.2,False,False,ALLOW,True,ALLOW,GATE_0_FAST_PATH,True,ALLOW,GATE_1_NEURAL_QWEN,True
TX-CAT1-0706,1. Routine Everyday,ALLOW,usr-1003-cst-003,Elena Reyes,Cebu IT Park,8573.87,15000.0,0.57,grab car ride payment,10.313508,123.877937,10.3157,123.8854,10.3157,123.8854,178.9,0.85,0.85,0.29,False,False,ALLOW,True,ALLOW,GATE_0_FAST_PATH,True,ALLOW,GATE_1_NEURAL_QWEN,True
TX-CAT1-0707,1. Routine Everyday,ALLOW,usr-1001-cst-001,Maria Santos,Makati CBD,1423.36,2500.0,0.57,lunch with colleagues,14.555174,121.017001,14.5547,121.02,14.5547,121.02,73.1,0.33,0.33,0.27,False,False,ALLOW,True,ALLOW,GATE_0_FAST_PATH,True,ALLOW,GATE_1_NEURAL_QWEN,True
TX-CAT1-0708,1. Routine Everyday,ALLOW,usr-1003-cst-003,Elena Reyes,Cebu IT Park,5896.98,15000.0,0.39,lunch with colleagues,10.307415,123.889038,10.3157,123.8854,10.3157,123.8854,83.3,1.0,1.0,0.72,False,False,ALLOW,True,ALLOW,GATE_0_FAST_PATH,True,ALLOW,GATE_1_NEURAL_QWEN,True
TX-CAT1-0709,1. Routine Everyday,ALLOW,usr-1004-cst-004,Carlos Tan,Pasig Ortigas,1125.11,2000.0,0.56,dinner delivery,14.581513,121.065735,14.5869,121.0614,14.5869,121.0614,188.5,0.76,0.76,0.24,False,False,ALLOW,True,ALLOW,GATE_0_FAST_PATH,True,ALLOW,GATE_1_NEURAL_QWEN,True
TX-CAT1-0710,1. Routine Everyday,ALLOW,usr-1004-cst-004,Carlos Tan,Pasig Ortigas,1102.75,2000.0,0.55,grab car ride payment,14.586479,121.058285,14.5869,121.0614,14.5869,121.0614,146.5,0.34,0.34,0.14,False,False,ALLOW,True,ALLOW,GATE_0_FAST_PATH,True,ALLOW,GATE_1_NEURAL_QWEN,True
TX-CAT1-0711,1. Routine Everyday,ALLOW,usr-1003-cst-003,Elena Reyes,Cebu IT Park,14087.62,15000.0,0.94,dinner delivery,10.311965,123.890332,10.3157,123.8854,10.3157,123.8854,184.5,0.68,0.68,0.22,False,False,ALLOW,True,ALLOW,GATE_0_FAST_PATH,True,ALLOW,GATE_1_NEURAL_QWEN,True
TX-CAT1-0712,1. Routine Everyday,ALLOW,usr-1001-cst-001,Maria Santos,Makati CBD,1806.32,2500.0,0.72,allowance transfer,14.561495,121.030782,14.5547,121.02,14.5547,121.02,51.1,1.38,1.38,1.62,False,False,ALLOW,True,ALLOW,GATE_0_FAST_PATH,True,ALLOW,GATE_1_NEURAL_QWEN,True
TX-CAT1-0713,1. Routine Everyday,ALLOW,usr-1004-cst-004,Carlos Tan,Pasig Ortigas,1519.22,2000.0,0.76,grab car ride payment,14.589637,121.06583,14.5869,121.0614,14.5869,121.0614,40.9,0.57,0.57,0.84,False,False,ALLOW,True,ALLOW,GATE_0_FAST_PATH,True,ALLOW,GATE_1_NEURAL_QWEN,True
TX-CAT1-0714,1. Routine Everyday,ALLOW,usr-1004-cst-004,Carlos Tan,Pasig Ortigas,1836.94,2000.0,0.92,supermarket groceries,14.594205,121.069158,14.5869,121.0614,14.5869,121.0614,129.1,1.16,1.16,0.54,False,False,ALLOW,True,ALLOW,GATE_0_FAST_PATH,True,ALLOW,GATE_1_NEURAL_QWEN,True
TX-CAT1-0715,1. Routine Everyday,ALLOW,usr-1004-cst-004,Carlos Tan,Pasig Ortigas,276.89,2000.0,0.14,maynilad water payment,14.580222,121.051321,14.5869,121.0614,14.5869,121.0614,37.9,1.31,1.31,2.07,False,False,ALLOW,True,ALLOW,GATE_0_FAST_PATH,True,ALLOW,GATE_1_NEURAL_QWEN,True
TX-CAT1-0716,1. Routine Everyday,ALLOW,usr-1004-cst-004,Carlos Tan,Pasig Ortigas,1776.62,2000.0,0.89,coffee and pastry,14.589635,121.061904,14.5869,121.0614,14.5869,121.0614,179.4,0.31,0.31,0.1,False,False,ALLOW,True,ALLOW,GATE_0_FAST_PATH,True,ALLOW,GATE_1_NEURAL_QWEN,True
TX-CAT1-0717,1. Routine Everyday,ALLOW,usr-1001-cst-001,Maria Santos,Makati CBD,2252.59,2500.0,0.9,monthly rent payment,14.558067,121.018535,14.5547,121.02,14.5547,121.02,72.4,0.41,0.41,0.34,False,False,ALLOW,True,ALLOW,GATE_0_FAST_PATH,True,ALLOW,GATE_1_NEURAL_QWEN,True
TX-CAT1-0718,1. Routine Everyday,ALLOW,usr-1003-cst-003,Elena Reyes,Cebu IT Park,2871.77,15000.0,0.19,dinner delivery,10.315953,123.890163,10.3157,123.8854,10.3157,123.8854,159.2,0.52,0.52,0.2,False,False,ALLOW,True,ALLOW,GATE_0_FAST_PATH,True,ALLOW,GATE_1_NEURAL_QWEN,True
TX-CAT1-0719,1. Routine Everyday,ALLOW,usr-1001-cst-001,Maria Santos,Makati CBD,931.21,2500.0,0.37,school supplies,14.542707,121.011779,14.5547,121.02,14.5547,121.02,239.3,1.6,1.6,0.4,False,False,ALLOW,True,ALLOW,GATE_0_FAST_PATH,True,ALLOW,GATE_1_NEURAL_QWEN,True
TX-CAT1-0720,1. Routine Everyday,ALLOW,usr-1004-cst-004,Carlos Tan,Pasig Ortigas,748.57,2000.0,0.37,coffee and pastry,14.584631,121.054207,14.5869,121.0614,14.5869,121.0614,33.2,0.81,0.81,1.46,False,False,ALLOW,True,ALLOW,GATE_0_FAST_PATH,True,ALLOW,GATE_1_NEURAL_QWEN,True
TX-CAT1-0721,1. Routine Everyday,ALLOW,usr-1001-cst-001,Maria Santos,Makati CBD,2192.75,2500.0,0.88,grab car ride payment,14.549528,121.027914,14.5547,121.02,14.5547,121.02,222.2,1.03,1.03,0.28,False,False,ALLOW,True,ALLOW,GATE_0_FAST_PATH,True,ALLOW,GATE_1_NEURAL_QWEN,True
TX-CAT1-0722,1. Routine Everyday,ALLOW,usr-1003-cst-003,Elena Reyes,Cebu IT Park,5029.82,15000.0,0.34,maynilad water payment,10.309131,123.896513,10.3157,123.8854,10.3157,123.8854,125.5,1.42,1.42,0.68,False,False,ALLOW,True,ALLOW,GATE_0_FAST_PATH,True,ALLOW,GATE_1_NEURAL_QWEN,True
TX-CAT1-0723,1. Routine Everyday,ALLOW,usr-1004-cst-004,Carlos Tan,Pasig Ortigas,1143.33,2000.0,0.57,maynilad water payment,14.579101,121.06155,14.5869,121.0614,14.5869,121.0614,147.3,0.87,0.87,0.35,False,False,ALLOW,True,ALLOW,GATE_0_FAST_PATH,True,ALLOW,GATE_1_NEURAL_QWEN,True
TX-CAT1-0724,1. Routine Everyday,ALLOW,usr-1003-cst-003,Elena Reyes,Cebu IT Park,4923.72,15000.0,0.33,lunch with colleagues,10.322971,123.896361,10.3157,123.8854,10.3157,123.8854,214.0,1.45,1.45,0.41,False,False,ALLOW,True,ALLOW,GATE_0_FAST_PATH,True,ALLOW,GATE_1_NEURAL_QWEN,True
TX-CAT1-0725,1. Routine Everyday,ALLOW,usr-1003-cst-003,Elena Reyes,Cebu IT Park,9928.93,15000.0,0.66,coffee and pastry,10.317216,123.891879,10.3157,123.8854,10.3157,123.8854,189.1,0.73,0.73,0.23,False,False,BLOCK,False,ALLOW,GATE_0_FAST_PATH,True,ALLOW,GATE_1_NEURAL_QWEN,True
TX-CAT1-0726,1. Routine Everyday,ALLOW,usr-1004-cst-004,Carlos Tan,Pasig Ortigas,1333.24,2000.0,0.67,dinner delivery,14.595589,121.060967,14.5869,121.0614,14.5869,121.0614,84.1,0.97,0.97,0.69,False,False,ALLOW,True,ALLOW,GATE_0_FAST_PATH,True,ALLOW,GATE_1_NEURAL_QWEN,True
TX-CAT1-0727,1. Routine Everyday,ALLOW,usr-1004-cst-004,Carlos Tan,Pasig Ortigas,1247.92,2000.0,0.62,meralco electric bill,14.591146,121.054918,14.5869,121.0614,14.5869,121.0614,96.3,0.84,0.84,0.52,False,False,ALLOW,True,ALLOW,GATE_0_FAST_PATH,True,ALLOW,GATE_1_NEURAL_QWEN,True
TX-CAT1-0728,1. Routine Everyday,ALLOW,usr-1003-cst-003,Elena Reyes,Cebu IT Park,7418.2,15000.0,0.49,supermarket groceries,10.32052,123.87972,10.3157,123.8854,10.3157,123.8854,90.3,0.82,0.82,0.54,False,False,ALLOW,True,ALLOW,GATE_0_FAST_PATH,True,ALLOW,GATE_1_NEURAL_QWEN,True
TX-CAT1-0729,1. Routine Everyday,ALLOW,usr-1004-cst-004,Carlos Tan,Pasig Ortigas,1319.18,2000.0,0.66,pharmacy vitamins,14.576725,121.071754,14.5869,121.0614,14.5869,121.0614,130.1,1.59,1.59,0.73,False,False,ALLOW,True,ALLOW,GATE_0_FAST_PATH,True,ALLOW,GATE_1_NEURAL_QWEN,True
TX-CAT1-0730,1. Routine Everyday,ALLOW,usr-1003-cst-003,Elena Reyes,Cebu IT Park,3208.34,15000.0,0.21,dinner delivery,10.310158,123.896131,10.3157,123.8854,10.3157,123.8854,173.5,1.33,1.33,0.46,False,False,ALLOW,True,ALLOW,GATE_0_FAST_PATH,True,ALLOW,GATE_1_NEURAL_QWEN,True
TX-CAT1-0731,1. Routine Everyday,ALLOW,usr-1002-cst-002,Juan Dela Cruz,Quezon City,1956.32,4000.0,0.49,meralco electric bill,14.669637,121.037509,14.676,121.0437,14.676,121.0437,85.7,0.97,0.97,0.68,False,False,ALLOW,True,ALLOW,GATE_0_FAST_PATH,True,ALLOW,GATE_1_NEURAL_QWEN,True
TX-CAT1-0732,1. Routine Everyday,ALLOW,usr-1002-cst-002,Juan Dela Cruz,Quezon City,866.18,4000.0,0.22,meralco electric bill,14.684072,121.040245,14.676,121.0437,14.676,121.0437,193.6,0.97,0.97,0.3,False,False,ALLOW,True,ALLOW,GATE_0_FAST_PATH,True,ALLOW,GATE_1_NEURAL_QWEN,True
TX-CAT1-0733,1. Routine Everyday,ALLOW,usr-1001-cst-001,Maria Santos,Makati CBD,2195.02,2500.0,0.88,school supplies,14.565639,121.019824,14.5547,121.02,14.5547,121.02,31.4,1.22,1.22,2.33,False,False,ALLOW,True,ALLOW,GATE_0_FAST_PATH,True,ALLOW,GATE_1_NEURAL_QWEN,True
TX-CAT1-0734,1. Routine Everyday,ALLOW,usr-1001-cst-001,Maria Santos,Makati CBD,2032.26,2500.0,0.81,pharmacy vitamins,14.557596,121.019816,14.5547,121.02,14.5547,121.02,236.9,0.32,0.32,0.08,False,False,ALLOW,True,ALLOW,GATE_0_FAST_PATH,True,ALLOW,GATE_1_NEURAL_QWEN,True
TX-CAT1-0735,1. Routine Everyday,ALLOW,usr-1003-cst-003,Elena Reyes,Cebu IT Park,7055.08,15000.0,0.47,grab car ride payment,10.310426,123.87873,10.3157,123.8854,10.3157,123.8854,151.1,0.94,0.94,0.37,False,False,ALLOW,True,ALLOW,GATE_0_FAST_PATH,True,ALLOW,GATE_1_NEURAL_QWEN,True
TX-CAT1-0736,1. Routine Everyday,ALLOW,usr-1001-cst-001,Maria Santos,Makati CBD,1305.53,2500.0,0.52,coffee and pastry,14.55418,121.020978,14.5547,121.02,14.5547,121.02,135.5,0.12,0.12,0.05,False,False,ALLOW,True,ALLOW,GATE_0_FAST_PATH,True,ALLOW,GATE_1_NEURAL_QWEN,True
TX-CAT1-0737,1. Routine Everyday,ALLOW,usr-1004-cst-004,Carlos Tan,Pasig Ortigas,1651.51,2000.0,0.83,monthly rent payment,14.585873,121.052289,14.5869,121.0614,14.5869,121.0614,138.8,0.99,0.99,0.43,False,False,ALLOW,True,ALLOW,GATE_0_FAST_PATH,True,ALLOW,GATE_1_NEURAL_QWEN,True
TX-CAT1-0738,1. Routine Everyday,ALLOW,usr-1003-cst-003,Elena Reyes,Cebu IT Park,9858.55,15000.0,0.66,supermarket groceries,10.319878,123.882506,10.3157,123.8854,10.3157,123.8854,51.2,0.56,0.56,0.66,False,False,ALLOW,True,ALLOW,GATE_0_FAST_PATH,True,ALLOW,GATE_1_NEURAL_QWEN,True
TX-CAT1-0739,1. Routine Everyday,ALLOW,usr-1003-cst-003,Elena Reyes,Cebu IT Park,8778.55,15000.0,0.59,maynilad water payment,10.308192,123.879708,10.3157,123.8854,10.3157,123.8854,86.6,1.04,1.04,0.72,False,False,ALLOW,True,ALLOW,GATE_0_FAST_PATH,True,ALLOW,GATE_1_NEURAL_QWEN,True
TX-CAT1-0740,1. Routine Everyday,ALLOW,usr-1003-cst-003,Elena Reyes,Cebu IT Park,5290.51,15000.0,0.35,allowance transfer,10.313875,123.883458,10.3157,123.8854,10.3157,123.8854,188.0,0.29,0.29,0.09,False,False,ALLOW,True,ALLOW,GATE_0_FAST_PATH,True,ALLOW,GATE_1_NEURAL_QWEN,True
TX-CAT1-0741,1. Routine Everyday,ALLOW,usr-1003-cst-003,Elena Reyes,Cebu IT Park,12191.63,15000.0,0.81,maynilad water payment,10.314517,123.887114,10.3157,123.8854,10.3157,123.8854,235.6,0.23,0.23,0.06,False,False,ALLOW,True,ALLOW,GATE_0_FAST_PATH,True,ALLOW,GATE_1_NEURAL_QWEN,True
TX-CAT1-0742,1. Routine Everyday,ALLOW,usr-1002-cst-002,Juan Dela Cruz,Quezon City,3116.22,4000.0,0.78,pet food purchase,14.670479,121.037359,14.676,121.0437,14.676,121.0437,120.8,0.92,0.92,0.46,False,False,ALLOW,True,ALLOW,GATE_0_FAST_PATH,True,ALLOW,GATE_1_NEURAL_QWEN,True
TX-CAT1-0743,1. Routine Everyday,ALLOW,usr-1004-cst-004,Carlos Tan,Pasig Ortigas,468.99,2000.0,0.23,pet food purchase,14.578489,121.068736,14.5869,121.0614,14.5869,121.0614,67.1,1.22,1.22,1.09,False,False,ALLOW,True,ALLOW,GATE_0_FAST_PATH,True,ALLOW,GATE_1_NEURAL_QWEN,True
TX-CAT1-0744,1. Routine Everyday,ALLOW,usr-1004-cst-004,Carlos Tan,Pasig Ortigas,359.36,2000.0,0.18,school supplies,14.587308,121.066693,14.5869,121.0614,14.5869,121.0614,194.9,0.57,0.57,0.18,False,False,ALLOW,True,ALLOW,GATE_0_FAST_PATH,True,ALLOW,GATE_1_NEURAL_QWEN,True
TX-CAT1-0745,1. Routine Everyday,ALLOW,usr-1003-cst-003,Elena Reyes,Cebu IT Park,3666.26,15000.0,0.24,dinner delivery,10.304845,123.875775,10.3157,123.8854,10.3157,123.8854,64.3,1.6,1.6,1.49,False,False,ALLOW,True,ALLOW,GATE_0_FAST_PATH,True,ALLOW,GATE_1_NEURAL_QWEN,True
TX-CAT1-0746,1. Routine Everyday,ALLOW,usr-1002-cst-002,Juan Dela Cruz,Quezon City,3114.85,4000.0,0.78,allowance transfer,14.684135,121.034011,14.676,121.0437,14.676,121.0437,186.4,1.38,1.38,0.44,False,False,ALLOW,True,ALLOW,GATE_0_FAST_PATH,True,ALLOW,GATE_1_NEURAL_QWEN,True
TX-CAT1-0747,1. Routine Everyday,ALLOW,usr-1003-cst-003,Elena Reyes,Cebu IT Park,5220.39,15000.0,0.35,grab car ride payment,10.31708,123.89284,10.3157,123.8854,10.3157,123.8854,102.3,0.83,0.83,0.49,False,False,ALLOW,True,ALLOW,GATE_0_FAST_PATH,True,ALLOW,GATE_1_NEURAL_QWEN,True
TX-CAT1-0748,1. Routine Everyday,ALLOW,usr-1004-cst-004,Carlos Tan,Pasig Ortigas,335.8,2000.0,0.17,school supplies,14.598015,121.054175,14.5869,121.0614,14.5869,121.0614,150.9,1.46,1.46,0.58,False,False,ALLOW,True,ALLOW,GATE_0_FAST_PATH,True,ALLOW,GATE_1_NEURAL_QWEN,True
TX-CAT1-0749,1. Routine Everyday,ALLOW,usr-1002-cst-002,Juan Dela Cruz,Quezon City,3724.09,4000.0,0.93,maynilad water payment,14.672523,121.047857,14.676,121.0437,14.676,121.0437,132.4,0.59,0.59,0.27,False,False,ALLOW,True,ALLOW,GATE_0_FAST_PATH,True,ALLOW,GATE_1_NEURAL_QWEN,True
TX-CAT1-0750,1. Routine Everyday,ALLOW,usr-1004-cst-004,Carlos Tan,Pasig Ortigas,1703.55,2000.0,0.85,coffee and pastry,14.589628,121.06053,14.5869,121.0614,14.5869,121.0614,230.9,0.32,0.32,0.08,False,False,ALLOW,True,ALLOW,GATE_0_FAST_PATH,True,ALLOW,GATE_1_NEURAL_QWEN,True
TX-CAT1-0751,1. Routine Everyday,ALLOW,usr-1002-cst-002,Juan Dela Cruz,Quezon City,2477.34,4000.0,0.62,pharmacy vitamins,14.674124,121.046395,14.676,121.0437,14.676,121.0437,115.0,0.36,0.36,0.19,False,False,ALLOW,True,ALLOW,GATE_0_FAST_PATH,True,ALLOW,GATE_1_NEURAL_QWEN,True
TX-CAT1-0752,1. Routine Everyday,ALLOW,usr-1001-cst-001,Maria Santos,Makati CBD,298.4,2500.0,0.12,pharmacy vitamins,14.548177,121.015605,14.5547,121.02,14.5547,121.02,91.2,0.87,0.87,0.57,False,False,ALLOW,True,ALLOW,GATE_0_FAST_PATH,True,ALLOW,GATE_1_NEURAL_QWEN,True
TX-CAT1-0753,1. Routine Everyday,ALLOW,usr-1003-cst-003,Elena Reyes,Cebu IT Park,8674.09,15000.0,0.58,coffee and pastry,10.31021,123.884078,10.3157,123.8854,10.3157,123.8854,211.2,0.63,0.63,0.18,False,False,BLOCK,False,ALLOW,GATE_0_FAST_PATH,True,ALLOW,GATE_1_NEURAL_QWEN,True
TX-CAT1-0754,1. Routine Everyday,ALLOW,usr-1003-cst-003,Elena Reyes,Cebu IT Park,10687.76,15000.0,0.71,grab car ride payment,10.326873,123.883336,10.3157,123.8854,10.3157,123.8854,68.6,1.26,1.26,1.1,False,False,ALLOW,True,ALLOW,GATE_0_FAST_PATH,True,ALLOW,GATE_1_NEURAL_QWEN,True
TX-CAT1-0755,1. Routine Everyday,ALLOW,usr-1001-cst-001,Maria Santos,Makati CBD,401.96,2500.0,0.16,meralco electric bill,14.558589,121.03057,14.5547,121.02,14.5547,121.02,177.1,1.22,1.22,0.41,False,False,ALLOW,True,ALLOW,GATE_0_FAST_PATH,True,ALLOW,GATE_1_NEURAL_QWEN,True
TX-CAT1-0756,1. Routine Everyday,ALLOW,usr-1001-cst-001,Maria Santos,Makati CBD,594.84,2500.0,0.24,coffee and pastry,14.545172,121.009531,14.5547,121.02,14.5547,121.02,214.5,1.55,1.55,0.43,False,False,ALLOW,True,ALLOW,GATE_0_FAST_PATH,True,ALLOW,GATE_1_NEURAL_QWEN,True
TX-CAT1-0757,1. Routine Everyday,ALLOW,usr-1001-cst-001,Maria Santos,Makati CBD,179.45,2500.0,0.07,coffee and pastry,14.555276,121.031904,14.5547,121.02,14.5547,121.02,51.8,1.28,1.28,1.48,False,False,ALLOW,True,ALLOW,GATE_0_FAST_PATH,True,ALLOW,GATE_1_NEURAL_QWEN,True
TX-CAT1-0758,1. Routine Everyday,ALLOW,usr-1002-cst-002,Juan Dela Cruz,Quezon City,430.27,4000.0,0.11,coffee and pastry,14.671425,121.037638,14.676,121.0437,14.676,121.0437,89.7,0.83,0.83,0.56,False,False,ALLOW,True,ALLOW,GATE_0_FAST_PATH,True,ALLOW,GATE_1_NEURAL_QWEN,True
TX-CAT1-0759,1. Routine Everyday,ALLOW,usr-1002-cst-002,Juan Dela Cruz,Quezon City,603.1,4000.0,0.15,monthly rent payment,14.664686,121.047625,14.676,121.0437,14.676,121.0437,210.7,1.33,1.33,0.38,False,False,ALLOW,True,ALLOW,GATE_0_FAST_PATH,True,ALLOW,GATE_1_NEURAL_QWEN,True
TX-CAT1-0760,1. Routine Everyday,ALLOW,usr-1003-cst-003,Elena Reyes,Cebu IT Park,12331.73,15000.0,0.82,allowance transfer,10.3271,123.886374,10.3157,123.8854,10.3157,123.8854,87.2,1.27,1.27,0.87,False,False,ALLOW,True,ALLOW,GATE_0_FAST_PATH,True,ALLOW,GATE_1_NEURAL_QWEN,True
TX-CAT1-0761,1. Routine Everyday,ALLOW,usr-1004-cst-004,Carlos Tan,Pasig Ortigas,360.5,2000.0,0.18,pet food purchase,14.587843,121.06358,14.5869,121.0614,14.5869,121.0614,125.9,0.26,0.26,0.12,False,False,ALLOW,True,ALLOW,GATE_0_FAST_PATH,True,ALLOW,GATE_1_NEURAL_QWEN,True
TX-CAT1-0762,1. Routine Everyday,ALLOW,usr-1004-cst-004,Carlos Tan,Pasig Ortigas,1051.76,2000.0,0.53,school supplies,14.587711,121.071214,14.5869,121.0614,14.5869,121.0614,131.1,1.06,1.06,0.49,False,False,ALLOW,True,ALLOW,GATE_0_FAST_PATH,True,ALLOW,GATE_1_NEURAL_QWEN,True
TX-CAT1-0763,1. Routine Everyday,ALLOW,usr-1002-cst-002,Juan Dela Cruz,Quezon City,3081.32,4000.0,0.77,allowance transfer,14.671389,121.041593,14.676,121.0437,14.676,121.0437,62.7,0.56,0.56,0.54,False,False,ALLOW,True,ALLOW,GATE_0_FAST_PATH,True,ALLOW,GATE_1_NEURAL_QWEN,True
TX-CAT1-0764,1. Routine Everyday,ALLOW,usr-1001-cst-001,Maria Santos,Makati CBD,120.21,2500.0,0.05,monthly rent payment,14.550953,121.019261,14.5547,121.02,14.5547,121.02,31.7,0.42,0.42,0.79,False,False,ALLOW,True,ALLOW,GATE_0_FAST_PATH,True,ALLOW,GATE_1_NEURAL_QWEN,True
TX-CAT1-0765,1. Routine Everyday,ALLOW,usr-1004-cst-004,Carlos Tan,Pasig Ortigas,1805.58,2000.0,0.9,allowance transfer,14.582091,121.067781,14.5869,121.0614,14.5869,121.0614,197.6,0.87,0.87,0.26,False,False,ALLOW,True,ALLOW,GATE_0_FAST_PATH,True,ALLOW,GATE_1_NEURAL_QWEN,True
TX-CAT1-0766,1. Routine Everyday,ALLOW,usr-1002-cst-002,Juan Dela Cruz,Quezon City,3052.1,4000.0,0.76,grab car ride payment,14.672967,121.041582,14.676,121.0437,14.676,121.0437,147.7,0.41,0.41,0.17,False,False,ALLOW,True,ALLOW,GATE_0_FAST_PATH,True,ALLOW,GATE_1_NEURAL_QWEN,True
TX-CAT1-0767,1. Routine Everyday,ALLOW,usr-1004-cst-004,Carlos Tan,Pasig Ortigas,564.82,2000.0,0.28,pet food purchase,14.592591,121.058753,14.5869,121.0614,14.5869,121.0614,109.5,0.69,0.69,0.38,False,False,ALLOW,True,ALLOW,GATE_0_FAST_PATH,True,ALLOW,GATE_1_NEURAL_QWEN,True
TX-CAT1-0768,1. Routine Everyday,ALLOW,usr-1003-cst-003,Elena Reyes,Cebu IT Park,1239.23,15000.0,0.08,school supplies,10.309449,123.891749,10.3157,123.8854,10.3157,123.8854,221.1,0.98,0.98,0.27,False,False,ALLOW,True,ALLOW,GATE_0_FAST_PATH,True,ALLOW,GATE_1_NEURAL_QWEN,True
TX-CAT1-0769,1. Routine Everyday,ALLOW,usr-1003-cst-003,Elena Reyes,Cebu IT Park,4142.48,15000.0,0.28,pet food purchase,10.316467,123.879852,10.3157,123.8854,10.3157,123.8854,69.5,0.61,0.61,0.53,False,False,ALLOW,True,ALLOW,GATE_0_FAST_PATH,True,ALLOW,GATE_1_NEURAL_QWEN,True
TX-CAT1-0770,1. Routine Everyday,ALLOW,usr-1001-cst-001,Maria Santos,Makati CBD,531.33,2500.0,0.21,maynilad water payment,14.545349,121.018928,14.5547,121.02,14.5547,121.02,125.1,1.05,1.05,0.5,False,False,ALLOW,True,ALLOW,GATE_0_FAST_PATH,True,ALLOW,GATE_1_NEURAL_QWEN,True
TX-CAT1-0771,1. Routine Everyday,ALLOW,usr-1004-cst-004,Carlos Tan,Pasig Ortigas,454.27,2000.0,0.23,supermarket groceries,14.578552,121.072673,14.5869,121.0614,14.5869,121.0614,34.6,1.53,1.53,2.65,False,False,ALLOW,True,ALLOW,GATE_0_FAST_PATH,True,ALLOW,GATE_1_NEURAL_QWEN,True
TX-CAT1-0772,1. Routine Everyday,ALLOW,usr-1001-cst-001,Maria Santos,Makati CBD,756.17,2500.0,0.3,monthly rent payment,14.559865,121.025451,14.5547,121.02,14.5547,121.02,78.9,0.82,0.82,0.62,False,False,ALLOW,True,ALLOW,GATE_0_FAST_PATH,True,ALLOW,GATE_1_NEURAL_QWEN,True
TX-CAT1-0773,1. Routine Everyday,ALLOW,usr-1002-cst-002,Juan Dela Cruz,Quezon City,174.19,4000.0,0.04,meralco electric bill,14.672206,121.039178,14.676,121.0437,14.676,121.0437,197.9,0.64,0.64,0.19,False,False,ALLOW,True,ALLOW,GATE_0_FAST_PATH,True,ALLOW,GATE_1_NEURAL_QWEN,True
TX-CAT1-0774,1. Routine Everyday,ALLOW,usr-1003-cst-003,Elena Reyes,Cebu IT Park,6671.86,15000.0,0.44,supermarket groceries,10.311626,123.893645,10.3157,123.8854,10.3157,123.8854,229.8,1.01,1.01,0.26,False,False,ALLOW,True,ALLOW,GATE_0_FAST_PATH,True,ALLOW,GATE_1_NEURAL_QWEN,True
TX-CAT1-0775,1. Routine Everyday,ALLOW,usr-1001-cst-001,Maria Santos,Makati CBD,720.97,2500.0,0.29,coffee and pastry,14.544413,121.019284,14.5547,121.02,14.5547,121.02,70.4,1.15,1.15,0.98,False,False,ALLOW,True,ALLOW,GATE_0_FAST_PATH,True,ALLOW,GATE_1_NEURAL_QWEN,True
TX-CAT1-0776,1. Routine Everyday,ALLOW,usr-1003-cst-003,Elena Reyes,Cebu IT Park,11667.75,15000.0,0.78,supermarket groceries,10.306627,123.891835,10.3157,123.8854,10.3157,123.8854,82.3,1.23,1.23,0.9,False,False,ALLOW,True,ALLOW,GATE_0_FAST_PATH,True,ALLOW,GATE_1_NEURAL_QWEN,True
TX-CAT1-0777,1. Routine Everyday,ALLOW,usr-1004-cst-004,Carlos Tan,Pasig Ortigas,559.95,2000.0,0.28,supermarket groceries,14.57968,121.067048,14.5869,121.0614,14.5869,121.0614,49.7,1.01,1.01,1.22,False,False,ALLOW,True,ALLOW,GATE_0_FAST_PATH,True,ALLOW,GATE_1_NEURAL_QWEN,True
TX-CAT1-0778,1. Routine Everyday,ALLOW,usr-1002-cst-002,Juan Dela Cruz,Quezon City,1860.0,4000.0,0.47,school supplies,14.687069,121.054169,14.676,121.0437,14.676,121.0437,63.3,1.67,1.67,1.58,False,False,ALLOW,True,ALLOW,GATE_0_FAST_PATH,True,ALLOW,GATE_1_NEURAL_QWEN,True
TX-CAT1-0779,1. Routine Everyday,ALLOW,usr-1001-cst-001,Maria Santos,Makati CBD,1799.35,2500.0,0.72,grab car ride payment,14.555202,121.01408,14.5547,121.02,14.5547,121.02,164.1,0.64,0.64,0.23,False,False,ALLOW,True,ALLOW,GATE_0_FAST_PATH,True,ALLOW,GATE_1_NEURAL_QWEN,True
TX-CAT1-0780,1. Routine Everyday,ALLOW,usr-1002-cst-002,Juan Dela Cruz,Quezon City,1446.37,4000.0,0.36,supermarket groceries,14.684728,121.036927,14.676,121.0437,14.676,121.0437,53.7,1.21,1.21,1.35,False,False,ALLOW,True,ALLOW,GATE_0_FAST_PATH,True,ALLOW,GATE_1_NEURAL_QWEN,True
TX-CAT1-0781,1. Routine Everyday,ALLOW,usr-1004-cst-004,Carlos Tan,Pasig Ortigas,697.63,2000.0,0.35,monthly rent payment,14.593965,121.063433,14.5869,121.0614,14.5869,121.0614,113.1,0.82,0.82,0.44,False,False,ALLOW,True,ALLOW,GATE_0_FAST_PATH,True,ALLOW,GATE_1_NEURAL_QWEN,True
TX-CAT1-0782,1. Routine Everyday,ALLOW,usr-1002-cst-002,Juan Dela Cruz,Quezon City,152.86,4000.0,0.04,supermarket groceries,14.677946,121.048278,14.676,121.0437,14.676,121.0437,174.6,0.54,0.54,0.19,False,False,ALLOW,True,ALLOW,GATE_0_FAST_PATH,True,ALLOW,GATE_1_NEURAL_QWEN,True
TX-CAT1-0783,1. Routine Everyday,ALLOW,usr-1002-cst-002,Juan Dela Cruz,Quezon City,1486.75,4000.0,0.37,lunch with colleagues,14.669969,121.043698,14.676,121.0437,14.676,121.0437,174.0,0.67,0.67,0.23,False,False,ALLOW,True,ALLOW,GATE_0_FAST_PATH,True,ALLOW,GATE_1_NEURAL_QWEN,True
TX-CAT1-0784,1. Routine Everyday,ALLOW,usr-1003-cst-003,Elena Reyes,Cebu IT Park,13272.89,15000.0,0.88,school supplies,10.305141,123.881932,10.3157,123.8854,10.3157,123.8854,62.3,1.23,1.23,1.18,False,False,ALLOW,True,ALLOW,GATE_0_FAST_PATH,True,ALLOW,GATE_1_NEURAL_QWEN,True
TX-CAT1-0785,1. Routine Everyday,ALLOW,usr-1001-cst-001,Maria Santos,Makati CBD,403.74,2500.0,0.16,meralco electric bill,14.550302,121.0214,14.5547,121.02,14.5547,121.02,165.4,0.51,0.51,0.19,False,False,ALLOW,True,ALLOW,GATE_0_FAST_PATH,True,ALLOW,GATE_1_NEURAL_QWEN,True
TX-CAT1-0786,1. Routine Everyday,ALLOW,usr-1003-cst-003,Elena Reyes,Cebu IT Park,11502.07,15000.0,0.77,allowance transfer,10.321297,123.873912,10.3157,123.8854,10.3157,123.8854,109.3,1.4,1.4,0.77,False,False,ALLOW,True,ALLOW,GATE_0_FAST_PATH,True,ALLOW,GATE_1_NEURAL_QWEN,True
TX-CAT1-0787,1. Routine Everyday,ALLOW,usr-1002-cst-002,Juan Dela Cruz,Quezon City,1042.56,4000.0,0.26,supermarket groceries,14.675647,121.0422,14.676,121.0437,14.676,121.0437,91.9,0.17,0.17,0.11,False,False,ALLOW,True,ALLOW,GATE_0_FAST_PATH,True,ALLOW,GATE_1_NEURAL_QWEN,True
TX-CAT1-0788,1. Routine Everyday,ALLOW,usr-1004-cst-004,Carlos Tan,Pasig Ortigas,457.8,2000.0,0.23,monthly rent payment,14.587947,121.057168,14.5869,121.0614,14.5869,121.0614,128.4,0.47,0.47,0.22,False,False,ALLOW,True,ALLOW,GATE_0_FAST_PATH,True,ALLOW,GATE_1_NEURAL_QWEN,True
TX-CAT1-0789,1. Routine Everyday,ALLOW,usr-1002-cst-002,Juan Dela Cruz,Quezon City,373.47,4000.0,0.09,monthly rent payment,14.674785,121.051366,14.676,121.0437,14.676,121.0437,143.7,0.84,0.84,0.35,False,False,ALLOW,True,ALLOW,GATE_0_FAST_PATH,True,ALLOW,GATE_1_NEURAL_QWEN,True
TX-CAT1-0790,1. Routine Everyday,ALLOW,usr-1004-cst-004,Carlos Tan,Pasig Ortigas,121.28,2000.0,0.06,school supplies,14.587043,121.067008,14.5869,121.0614,14.5869,121.0614,215.4,0.6,0.6,0.17,False,False,ALLOW,True,ALLOW,GATE_0_FAST_PATH,True,ALLOW,GATE_1_NEURAL_QWEN,True
TX-CAT1-0791,1. Routine Everyday,ALLOW,usr-1003-cst-003,Elena Reyes,Cebu IT Park,11085.11,15000.0,0.74,meralco electric bill,10.311397,123.87492,10.3157,123.8854,10.3157,123.8854,233.1,1.24,1.24,0.32,False,False,ALLOW,True,ALLOW,GATE_0_FAST_PATH,True,ALLOW,GATE_1_NEURAL_QWEN,True
TX-CAT1-0792,1. Routine Everyday,ALLOW,usr-1004-cst-004,Carlos Tan,Pasig Ortigas,457.97,2000.0,0.23,school supplies,14.586841,121.062635,14.5869,121.0614,14.5869,121.0614,158.7,0.13,0.13,0.05,False,False,ALLOW,True,ALLOW,GATE_0_FAST_PATH,True,ALLOW,GATE_1_NEURAL_QWEN,True
TX-CAT1-0793,1. Routine Everyday,ALLOW,usr-1003-cst-003,Elena Reyes,Cebu IT Park,5910.54,15000.0,0.39,pharmacy vitamins,10.306351,123.885957,10.3157,123.8854,10.3157,123.8854,44.0,1.04,1.04,1.42,False,False,ALLOW,True,ALLOW,GATE_0_FAST_PATH,True,ALLOW,GATE_1_NEURAL_QWEN,True
TX-CAT1-0794,1. Routine Everyday,ALLOW,usr-1002-cst-002,Juan Dela Cruz,Quezon City,777.39,4000.0,0.19,supermarket groceries,14.66885,121.043349,14.676,121.0437,14.676,121.0437,50.7,0.8,0.8,0.95,False,False,ALLOW,True,ALLOW,GATE_0_FAST_PATH,True,ALLOW,GATE_1_NEURAL_QWEN,True
TX-CAT1-0795,1. Routine Everyday,ALLOW,usr-1004-cst-004,Carlos Tan,Pasig Ortigas,1291.1,2000.0,0.65,grab car ride payment,14.589875,121.063567,14.5869,121.0614,14.5869,121.0614,40.3,0.4,0.4,0.6,False,False,ALLOW,True,ALLOW,GATE_0_FAST_PATH,True,ALLOW,GATE_1_NEURAL_QWEN,True
TX-CAT1-0796,1. Routine Everyday,ALLOW,usr-1002-cst-002,Juan Dela Cruz,Quezon City,2349.91,4000.0,0.59,lunch with colleagues,14.664314,121.053805,14.676,121.0437,14.676,121.0437,167.7,1.69,1.69,0.6,False,False,ALLOW,True,ALLOW,GATE_0_FAST_PATH,True,ALLOW,GATE_1_NEURAL_QWEN,True
TX-CAT1-0797,1. Routine Everyday,ALLOW,usr-1001-cst-001,Maria Santos,Makati CBD,1175.47,2500.0,0.47,school supplies,14.544157,121.021392,14.5547,121.02,14.5547,121.02,227.0,1.18,1.18,0.31,False,False,ALLOW,True,ALLOW,GATE_0_FAST_PATH,True,ALLOW,GATE_1_NEURAL_QWEN,True
TX-CAT1-0798,1. Routine Everyday,ALLOW,usr-1004-cst-004,Carlos Tan,Pasig Ortigas,1583.21,2000.0,0.79,pet food purchase,14.576299,121.064206,14.5869,121.0614,14.5869,121.0614,141.1,1.22,1.22,0.52,False,False,ALLOW,True,ALLOW,GATE_0_FAST_PATH,True,ALLOW,GATE_1_NEURAL_QWEN,True
TX-CAT1-0799,1. Routine Everyday,ALLOW,usr-1001-cst-001,Maria Santos,Makati CBD,2001.7,2500.0,0.8,lunch with colleagues,14.56537,121.031054,14.5547,121.02,14.5547,121.02,50.4,1.68,1.68,2.0,False,False,ALLOW,True,ALLOW,GATE_0_FAST_PATH,True,ALLOW,GATE_1_NEURAL_QWEN,True
TX-CAT1-0800,1. Routine Everyday,ALLOW,usr-1002-cst-002,Juan Dela Cruz,Quezon City,2076.51,4000.0,0.52,meralco electric bill,14.668635,121.047465,14.676,121.0437,14.676,121.0437,149.7,0.91,0.91,0.36,False,False,ALLOW,True,ALLOW,GATE_0_FAST_PATH,True,ALLOW,GATE_1_NEURAL_QWEN,True
TX-CAT1-0801,1. Routine Everyday,ALLOW,usr-1002-cst-002,Juan Dela Cruz,Quezon City,2175.0,4000.0,0.54,grab car ride payment,14.673964,121.034232,14.676,121.0437,14.676,121.0437,164.1,1.04,1.04,0.38,False,False,ALLOW,True,ALLOW,GATE_0_FAST_PATH,True,ALLOW,GATE_1_NEURAL_QWEN,True
TX-CAT1-0802,1. Routine Everyday,ALLOW,usr-1003-cst-003,Elena Reyes,Cebu IT Park,9650.58,15000.0,0.64,pet food purchase,10.319666,123.894588,10.3157,123.8854,10.3157,123.8854,65.0,1.1,1.1,1.02,False,False,ALLOW,True,ALLOW,GATE_0_FAST_PATH,True,ALLOW,GATE_1_NEURAL_QWEN,True
TX-CAT1-0803,1. Routine Everyday,ALLOW,usr-1002-cst-002,Juan Dela Cruz,Quezon City,2143.87,4000.0,0.54,grab car ride payment,14.6721,121.035496,14.676,121.0437,14.676,121.0437,239.7,0.98,0.98,0.25,False,False,ALLOW,True,ALLOW,GATE_0_FAST_PATH,True,ALLOW,GATE_1_NEURAL_QWEN,True
TX-CAT1-0804,1. Routine Everyday,ALLOW,usr-1004-cst-004,Carlos Tan,Pasig Ortigas,1781.67,2000.0,0.89,pharmacy vitamins,14.588102,121.073324,14.5869,121.0614,14.5869,121.0614,207.4,1.29,1.29,0.37,False,False,ALLOW,True,ALLOW,GATE_0_FAST_PATH,True,ALLOW,GATE_1_NEURAL_QWEN,True
TX-CAT1-0805,1. Routine Everyday,ALLOW,usr-1004-cst-004,Carlos Tan,Pasig Ortigas,1480.25,2000.0,0.74,coffee and pastry,14.594728,121.057163,14.5869,121.0614,14.5869,121.0614,80.6,0.98,0.98,0.73,False,False,ALLOW,True,ALLOW,GATE_0_FAST_PATH,True,ALLOW,GATE_1_NEURAL_QWEN,True
TX-CAT1-0806,1. Routine Everyday,ALLOW,usr-1002-cst-002,Juan Dela Cruz,Quezon City,1500.23,4000.0,0.38,grab car ride payment,14.686228,121.037798,14.676,121.0437,14.676,121.0437,231.9,1.3,1.3,0.34,False,False,ALLOW,True,ALLOW,GATE_0_FAST_PATH,True,ALLOW,GATE_1_NEURAL_QWEN,True
TX-CAT1-0807,1. Routine Everyday,ALLOW,usr-1004-cst-004,Carlos Tan,Pasig Ortigas,1828.49,2000.0,0.91,supermarket groceries,14.592332,121.072991,14.5869,121.0614,14.5869,121.0614,155.1,1.39,1.39,0.54,False,False,ALLOW,True,ALLOW,GATE_0_FAST_PATH,True,ALLOW,GATE_1_NEURAL_QWEN,True
TX-CAT1-0808,1. Routine Everyday,ALLOW,usr-1002-cst-002,Juan Dela Cruz,Quezon City,3775.76,4000.0,0.94,maynilad water payment,14.664158,121.055325,14.676,121.0437,14.676,121.0437,75.1,1.82,1.82,1.45,False,False,ALLOW,True,ALLOW,GATE_0_FAST_PATH,True,ALLOW,GATE_1_NEURAL_QWEN,True
TX-CAT1-0809,1. Routine Everyday,ALLOW,usr-1003-cst-003,Elena Reyes,Cebu IT Park,426.64,15000.0,0.03,pet food purchase,10.323436,123.895459,10.3157,123.8854,10.3157,123.8854,137.4,1.4,1.4,0.61,False,False,ALLOW,True,ALLOW,GATE_0_FAST_PATH,True,ALLOW,GATE_1_NEURAL_QWEN,True
TX-CAT1-0810,1. Routine Everyday,ALLOW,usr-1002-cst-002,Juan Dela Cruz,Quezon City,466.98,4000.0,0.12,allowance transfer,14.672536,121.035022,14.676,121.0437,14.676,121.0437,107.1,1.01,1.01,0.57,False,False,ALLOW,True,ALLOW,GATE_0_FAST_PATH,True,ALLOW,GATE_1_NEURAL_QWEN,True
TX-CAT1-0811,1. Routine Everyday,ALLOW,usr-1002-cst-002,Juan Dela Cruz,Quezon City,977.42,4000.0,0.24,maynilad water payment,14.666206,121.041295,14.676,121.0437,14.676,121.0437,222.8,1.12,1.12,0.3,False,False,ALLOW,True,ALLOW,GATE_0_FAST_PATH,True,ALLOW,GATE_1_NEURAL_QWEN,True
TX-CAT1-0812,1. Routine Everyday,ALLOW,usr-1001-cst-001,Maria Santos,Makati CBD,1751.67,2500.0,0.7,allowance transfer,14.54685,121.027817,14.5547,121.02,14.5547,121.02,174.8,1.21,1.21,0.42,False,False,ALLOW,True,ALLOW,GATE_0_FAST_PATH,True,ALLOW,GATE_1_NEURAL_QWEN,True
TX-CAT1-0813,1. Routine Everyday,ALLOW,usr-1001-cst-001,Maria Santos,Makati CBD,1462.25,2500.0,0.58,maynilad water payment,14.543597,121.0274,14.5547,121.02,14.5547,121.02,110.1,1.47,1.47,0.8,False,False,ALLOW,True,ALLOW,GATE_0_FAST_PATH,True,ALLOW,GATE_1_NEURAL_QWEN,True
TX-CAT1-0814,1. Routine Everyday,ALLOW,usr-1001-cst-001,Maria Santos,Makati CBD,2198.82,2500.0,0.88,pharmacy vitamins,14.55105,121.027611,14.5547,121.02,14.5547,121.02,117.5,0.91,0.91,0.46,False,False,ALLOW,True,ALLOW,GATE_0_FAST_PATH,True,ALLOW,GATE_1_NEURAL_QWEN,True
TX-CAT1-0815,1. Routine Everyday,ALLOW,usr-1001-cst-001,Maria Santos,Makati CBD,2081.37,2500.0,0.83,meralco electric bill,14.560644,121.028387,14.5547,121.02,14.5547,121.02,225.0,1.12,1.12,0.3,False,False,ALLOW,True,ALLOW,GATE_0_FAST_PATH,True,ALLOW,GATE_1_NEURAL_QWEN,True
TX-CAT1-0816,1. Routine Everyday,ALLOW,usr-1004-cst-004,Carlos Tan,Pasig Ortigas,216.35,2000.0,0.11,grab car ride payment,14.575888,121.062358,14.5869,121.0614,14.5869,121.0614,61.4,1.23,1.23,1.2,False,False,ALLOW,True,ALLOW,GATE_0_FAST_PATH,True,ALLOW,GATE_1_NEURAL_QWEN,True
TX-CAT1-0817,1. Routine Everyday,ALLOW,usr-1002-cst-002,Juan Dela Cruz,Quezon City,683.77,4000.0,0.17,school supplies,14.681558,121.041129,14.676,121.0437,14.676,121.0437,123.6,0.68,0.68,0.33,False,False,ALLOW,True,ALLOW,GATE_0_FAST_PATH,True,ALLOW,GATE_1_NEURAL_QWEN,True
TX-CAT1-0818,1. Routine Everyday,ALLOW,usr-1001-cst-001,Maria Santos,Makati CBD,620.8,2500.0,0.25,maynilad water payment,14.561573,121.011552,14.5547,121.02,14.5547,121.02,100.6,1.19,1.19,0.71,False,False,ALLOW,True,ALLOW,GATE_0_FAST_PATH,True,ALLOW,GATE_1_NEURAL_QWEN,True
TX-CAT1-0819,1. Routine Everyday,ALLOW,usr-1004-cst-004,Carlos Tan,Pasig Ortigas,1137.16,2000.0,0.57,supermarket groceries,14.588056,121.055701,14.5869,121.0614,14.5869,121.0614,113.7,0.63,0.63,0.33,False,False,ALLOW,True,ALLOW,GATE_0_FAST_PATH,True,ALLOW,GATE_1_NEURAL_QWEN,True
TX-CAT1-0820,1. Routine Everyday,ALLOW,usr-1004-cst-004,Carlos Tan,Pasig Ortigas,1497.41,2000.0,0.75,monthly rent payment,14.593189,121.060942,14.5869,121.0614,14.5869,121.0614,71.6,0.7,0.7,0.59,False,False,ALLOW,True,ALLOW,GATE_0_FAST_PATH,True,ALLOW,GATE_1_NEURAL_QWEN,True
TX-CAT1-0821,1. Routine Everyday,ALLOW,usr-1004-cst-004,Carlos Tan,Pasig Ortigas,1281.0,2000.0,0.64,meralco electric bill,14.588368,121.07333,14.5869,121.0614,14.5869,121.0614,140.1,1.29,1.29,0.55,False,False,ALLOW,True,ALLOW,GATE_0_FAST_PATH,True,ALLOW,GATE_1_NEURAL_QWEN,True
TX-CAT1-0822,1. Routine Everyday,ALLOW,usr-1002-cst-002,Juan Dela Cruz,Quezon City,383.65,4000.0,0.1,coffee and pastry,14.671762,121.053879,14.676,121.0437,14.676,121.0437,48.8,1.19,1.19,1.46,False,False,ALLOW,True,ALLOW,GATE_0_FAST_PATH,True,ALLOW,GATE_1_NEURAL_QWEN,True
TX-CAT1-0823,1. Routine Everyday,ALLOW,usr-1004-cst-004,Carlos Tan,Pasig Ortigas,873.9,2000.0,0.44,pharmacy vitamins,14.579472,121.057669,14.5869,121.0614,14.5869,121.0614,167.6,0.92,0.92,0.33,False,False,ALLOW,True,ALLOW,GATE_0_FAST_PATH,True,ALLOW,GATE_1_NEURAL_QWEN,True
TX-CAT1-0824,1. Routine Everyday,ALLOW,usr-1003-cst-003,Elena Reyes,Cebu IT Park,2511.58,15000.0,0.17,pharmacy vitamins,10.318489,123.897164,10.3157,123.8854,10.3157,123.8854,122.9,1.32,1.32,0.64,False,False,ALLOW,True,ALLOW,GATE_0_FAST_PATH,True,ALLOW,GATE_1_NEURAL_QWEN,True
TX-CAT1-0825,1. Routine Everyday,ALLOW,usr-1002-cst-002,Juan Dela Cruz,Quezon City,1740.91,4000.0,0.44,meralco electric bill,14.668792,121.040672,14.676,121.0437,14.676,121.0437,189.1,0.87,0.87,0.28,False,False,ALLOW,True,ALLOW,GATE_0_FAST_PATH,True,ALLOW,GATE_1_NEURAL_QWEN,True
TX-CAT1-0826,1. Routine Everyday,ALLOW,usr-1001-cst-001,Maria Santos,Makati CBD,373.4,2500.0,0.15,supermarket groceries,14.548533,121.022904,14.5547,121.02,14.5547,121.02,61.0,0.75,0.75,0.74,False,False,ALLOW,True,ALLOW,GATE_0_FAST_PATH,True,ALLOW,GATE_1_NEURAL_QWEN,True
TX-CAT1-0827,1. Routine Everyday,ALLOW,usr-1003-cst-003,Elena Reyes,Cebu IT Park,314.05,15000.0,0.02,pet food purchase,10.323003,123.880723,10.3157,123.8854,10.3157,123.8854,128.9,0.96,0.96,0.45,False,False,ALLOW,True,ALLOW,GATE_0_FAST_PATH,True,ALLOW,GATE_1_NEURAL_QWEN,True
TX-CAT1-0828,1. Routine Everyday,ALLOW,usr-1003-cst-003,Elena Reyes,Cebu IT Park,3073.3,15000.0,0.2,grab car ride payment,10.308785,123.886514,10.3157,123.8854,10.3157,123.8854,187.6,0.78,0.78,0.25,False,False,ALLOW,True,ALLOW,GATE_0_FAST_PATH,True,ALLOW,GATE_1_NEURAL_QWEN,True
TX-CAT1-0829,1. Routine Everyday,ALLOW,usr-1004-cst-004,Carlos Tan,Pasig Ortigas,1229.01,2000.0,0.61,monthly rent payment,14.591582,121.065438,14.5869,121.0614,14.5869,121.0614,109.1,0.68,0.68,0.37,False,False,ALLOW,True,ALLOW,GATE_0_FAST_PATH,True,ALLOW,GATE_1_NEURAL_QWEN,True
TX-CAT1-0830,1. Routine Everyday,ALLOW,usr-1001-cst-001,Maria Santos,Makati CBD,696.05,2500.0,0.28,supermarket groceries,14.549516,121.026941,14.5547,121.02,14.5547,121.02,159.8,0.94,0.94,0.35,False,False,ALLOW,True,ALLOW,GATE_0_FAST_PATH,True,ALLOW,GATE_1_NEURAL_QWEN,True
TX-CAT1-0831,1. Routine Everyday,ALLOW,usr-1001-cst-001,Maria Santos,Makati CBD,1168.49,2500.0,0.47,supermarket groceries,14.544298,121.023849,14.5547,121.02,14.5547,121.02,169.2,1.23,1.23,0.44,False,False,ALLOW,True,ALLOW,GATE_0_FAST_PATH,True,ALLOW,GATE_1_NEURAL_QWEN,True
TX-CAT1-0832,1. Routine Everyday,ALLOW,usr-1003-cst-003,Elena Reyes,Cebu IT Park,12332.31,15000.0,0.82,supermarket groceries,10.31072,123.894602,10.3157,123.8854,10.3157,123.8854,111.2,1.15,1.15,0.62,False,False,ALLOW,True,ALLOW,GATE_0_FAST_PATH,True,ALLOW,GATE_1_NEURAL_QWEN,True
TX-CAT1-0833,1. Routine Everyday,ALLOW,usr-1004-cst-004,Carlos Tan,Pasig Ortigas,1025.2,2000.0,0.51,pet food purchase,14.57729,121.056971,14.5869,121.0614,14.5869,121.0614,212.0,1.17,1.17,0.33,False,False,ALLOW,True,ALLOW,GATE_0_FAST_PATH,True,ALLOW,GATE_1_NEURAL_QWEN,True
TX-CAT1-0834,1. Routine Everyday,ALLOW,usr-1001-cst-001,Maria Santos,Makati CBD,540.37,2500.0,0.22,grab car ride payment,14.565903,121.021457,14.5547,121.02,14.5547,121.02,179.6,1.26,1.26,0.42,False,False,ALLOW,True,ALLOW,GATE_0_FAST_PATH,True,ALLOW,GATE_1_NEURAL_QWEN,True
TX-CAT1-0835,1. Routine Everyday,ALLOW,usr-1001-cst-001,Maria Santos,Makati CBD,677.87,2500.0,0.27,grab car ride payment,14.550018,121.019758,14.5547,121.02,14.5547,121.02,186.3,0.52,0.52,0.17,False,False,ALLOW,True,ALLOW,GATE_0_FAST_PATH,True,ALLOW,GATE_1_NEURAL_QWEN,True
TX-CAT1-0836,1. Routine Everyday,ALLOW,usr-1001-cst-001,Maria Santos,Makati CBD,901.99,2500.0,0.36,pharmacy vitamins,14.551229,121.015256,14.5547,121.02,14.5547,121.02,239.2,0.64,0.64,0.16,False,False,ALLOW,True,ALLOW,GATE_0_FAST_PATH,True,ALLOW,GATE_1_NEURAL_QWEN,True
TX-CAT1-0837,1. Routine Everyday,ALLOW,usr-1003-cst-003,Elena Reyes,Cebu IT Park,11592.05,15000.0,0.77,school supplies,10.309884,123.882692,10.3157,123.8854,10.3157,123.8854,240.0,0.71,0.71,0.18,False,False,ALLOW,True,ALLOW,GATE_0_FAST_PATH,True,ALLOW,GATE_1_NEURAL_QWEN,True
TX-CAT1-0838,1. Routine Everyday,ALLOW,usr-1001-cst-001,Maria Santos,Makati CBD,2249.03,2500.0,0.9,maynilad water payment,14.548114,121.016203,14.5547,121.02,14.5547,121.02,112.5,0.84,0.84,0.45,False,False,ALLOW,True,ALLOW,GATE_0_FAST_PATH,True,ALLOW,GATE_1_NEURAL_QWEN,True
TX-CAT1-0839,1. Routine Everyday,ALLOW,usr-1002-cst-002,Juan Dela Cruz,Quezon City,443.09,4000.0,0.11,coffee and pastry,14.676497,121.047972,14.676,121.0437,14.676,121.0437,213.3,0.46,0.46,0.13,False,False,ALLOW,True,ALLOW,GATE_0_FAST_PATH,True,ALLOW,GATE_1_NEURAL_QWEN,True
TX-CAT1-0840,1. Routine Everyday,ALLOW,usr-1002-cst-002,Juan Dela Cruz,Quezon City,1655.79,4000.0,0.41,dinner delivery,14.667666,121.054993,14.676,121.0437,14.676,121.0437,221.0,1.53,1.53,0.42,False,False,ALLOW,True,ALLOW,GATE_0_FAST_PATH,True,ALLOW,GATE_1_NEURAL_QWEN,True
TX-CAT1-0841,1. Routine Everyday,ALLOW,usr-1003-cst-003,Elena Reyes,Cebu IT Park,6466.76,15000.0,0.43,monthly rent payment,10.308662,123.876726,10.3157,123.8854,10.3157,123.8854,143.7,1.23,1.23,0.51,False,False,ALLOW,True,ALLOW,GATE_0_FAST_PATH,True,ALLOW,GATE_1_NEURAL_QWEN,True
TX-CAT1-0842,1. Routine Everyday,ALLOW,usr-1002-cst-002,Juan Dela Cruz,Quezon City,3294.32,4000.0,0.82,maynilad water payment,14.680525,121.053267,14.676,121.0437,14.676,121.0437,221.0,1.15,1.15,0.31,False,False,ALLOW,True,ALLOW,GATE_0_FAST_PATH,True,ALLOW,GATE_1_NEURAL_QWEN,True
TX-CAT1-0843,1. Routine Everyday,ALLOW,usr-1004-cst-004,Carlos Tan,Pasig Ortigas,1892.32,2000.0,0.95,monthly rent payment,14.59065,121.062956,14.5869,121.0614,14.5869,121.0614,63.2,0.45,0.45,0.43,False,False,ALLOW,True,ALLOW,GATE_0_FAST_PATH,True,ALLOW,GATE_1_NEURAL_QWEN,True
TX-CAT1-0844,1. Routine Everyday,ALLOW,usr-1001-cst-001,Maria Santos,Makati CBD,1376.8,2500.0,0.55,pet food purchase,14.545541,121.015622,14.5547,121.02,14.5547,121.02,214.7,1.12,1.12,0.31,False,False,ALLOW,True,ALLOW,GATE_0_FAST_PATH,True,ALLOW,GATE_1_NEURAL_QWEN,True
TX-CAT1-0845,1. Routine Everyday,ALLOW,usr-1001-cst-001,Maria Santos,Makati CBD,1846.06,2500.0,0.74,coffee and pastry,14.565769,121.01528,14.5547,121.02,14.5547,121.02,186.6,1.33,1.33,0.43,False,False,ALLOW,True,ALLOW,GATE_0_FAST_PATH,True,ALLOW,GATE_1_NEURAL_QWEN,True
TX-CAT1-0846,1. Routine Everyday,ALLOW,usr-1003-cst-003,Elena Reyes,Cebu IT Park,2267.15,15000.0,0.15,meralco electric bill,10.306263,123.877834,10.3157,123.8854,10.3157,123.8854,190.1,1.34,1.34,0.42,False,False,ALLOW,True,ALLOW,GATE_0_FAST_PATH,True,ALLOW,GATE_1_NEURAL_QWEN,True
TX-CAT1-0847,1. Routine Everyday,ALLOW,usr-1003-cst-003,Elena Reyes,Cebu IT Park,8677.19,15000.0,0.58,dinner delivery,10.309242,123.878972,10.3157,123.8854,10.3157,123.8854,174.3,1.01,1.01,0.35,False,False,ALLOW,True,ALLOW,GATE_0_FAST_PATH,True,ALLOW,GATE_1_NEURAL_QWEN,True
TX-CAT1-0848,1. Routine Everyday,ALLOW,usr-1003-cst-003,Elena Reyes,Cebu IT Park,1242.99,15000.0,0.08,allowance transfer,10.306918,123.893707,10.3157,123.8854,10.3157,123.8854,128.4,1.33,1.33,0.62,False,False,ALLOW,True,ALLOW,GATE_0_FAST_PATH,True,ALLOW,GATE_1_NEURAL_QWEN,True
TX-CAT1-0849,1. Routine Everyday,ALLOW,usr-1003-cst-003,Elena Reyes,Cebu IT Park,2719.59,15000.0,0.18,coffee and pastry,10.315495,123.8767,10.3157,123.8854,10.3157,123.8854,70.6,0.95,0.95,0.81,False,False,ALLOW,True,ALLOW,GATE_0_FAST_PATH,True,ALLOW,GATE_1_NEURAL_QWEN,True
TX-CAT1-0850,1. Routine Everyday,ALLOW,usr-1001-cst-001,Maria Santos,Makati CBD,1041.37,2500.0,0.42,supermarket groceries,14.56491,121.030805,14.5547,121.02,14.5547,121.02,76.7,1.63,1.63,1.28,False,False,ALLOW,True,ALLOW,GATE_0_FAST_PATH,True,ALLOW,GATE_1_NEURAL_QWEN,True
TX-CAT1-0851,1. Routine Everyday,ALLOW,usr-1002-cst-002,Juan Dela Cruz,Quezon City,2908.62,4000.0,0.73,lunch with colleagues,14.66825,121.054613,14.676,121.0437,14.676,121.0437,122.2,1.46,1.46,0.72,False,False,ALLOW,True,ALLOW,GATE_0_FAST_PATH,True,ALLOW,GATE_1_NEURAL_QWEN,True
TX-CAT1-0852,1. Routine Everyday,ALLOW,usr-1004-cst-004,Carlos Tan,Pasig Ortigas,1344.4,2000.0,0.67,allowance transfer,14.596202,121.059661,14.5869,121.0614,14.5869,121.0614,193.0,1.05,1.05,0.33,False,False,ALLOW,True,ALLOW,GATE_0_FAST_PATH,True,ALLOW,GATE_1_NEURAL_QWEN,True
TX-CAT1-0853,1. Routine Everyday,ALLOW,usr-1004-cst-004,Carlos Tan,Pasig Ortigas,1401.96,2000.0,0.7,coffee and pastry,14.589576,121.067219,14.5869,121.0614,14.5869,121.0614,154.7,0.69,0.69,0.27,False,False,ALLOW,True,ALLOW,GATE_0_FAST_PATH,True,ALLOW,GATE_1_NEURAL_QWEN,True
TX-CAT1-0854,1. Routine Everyday,ALLOW,usr-1001-cst-001,Maria Santos,Makati CBD,1294.06,2500.0,0.52,allowance transfer,14.553666,121.029066,14.5547,121.02,14.5547,121.02,214.3,0.98,0.98,0.27,False,False,ALLOW,True,ALLOW,GATE_0_FAST_PATH,True,ALLOW,GATE_1_NEURAL_QWEN,True
TX-CAT1-0855,1. Routine Everyday,ALLOW,usr-1002-cst-002,Juan Dela Cruz,Quezon City,2028.83,4000.0,0.51,coffee and pastry,14.687612,121.032642,14.676,121.0437,14.676,121.0437,111.4,1.76,1.76,0.95,False,False,ALLOW,True,ALLOW,GATE_0_FAST_PATH,True,ALLOW,GATE_1_NEURAL_QWEN,True
TX-CAT1-0856,1. Routine Everyday,ALLOW,usr-1001-cst-001,Maria Santos,Makati CBD,548.11,2500.0,0.22,allowance transfer,14.552253,121.015309,14.5547,121.02,14.5547,121.02,203.8,0.57,0.57,0.17,False,False,ALLOW,True,ALLOW,GATE_0_FAST_PATH,True,ALLOW,GATE_1_NEURAL_QWEN,True
TX-CAT1-0857,1. Routine Everyday,ALLOW,usr-1004-cst-004,Carlos Tan,Pasig Ortigas,416.35,2000.0,0.21,maynilad water payment,14.589615,121.050709,14.5869,121.0614,14.5869,121.0614,138.6,1.19,1.19,0.52,False,False,ALLOW,True,ALLOW,GATE_0_FAST_PATH,True,ALLOW,GATE_1_NEURAL_QWEN,True
TX-CAT1-0858,1. Routine Everyday,ALLOW,usr-1002-cst-002,Juan Dela Cruz,Quezon City,1825.97,4000.0,0.46,school supplies,14.674841,121.049044,14.676,121.0437,14.676,121.0437,53.8,0.59,0.59,0.66,False,False,ALLOW,True,ALLOW,GATE_0_FAST_PATH,True,ALLOW,GATE_1_NEURAL_QWEN,True
TX-CAT1-0859,1. Routine Everyday,ALLOW,usr-1002-cst-002,Juan Dela Cruz,Quezon City,1566.49,4000.0,0.39,pharmacy vitamins,14.674821,121.035993,14.676,121.0437,14.676,121.0437,154.0,0.84,0.84,0.33,False,False,ALLOW,True,ALLOW,GATE_0_FAST_PATH,True,ALLOW,GATE_1_NEURAL_QWEN,True
TX-CAT1-0860,1. Routine Everyday,ALLOW,usr-1002-cst-002,Juan Dela Cruz,Quezon City,3367.78,4000.0,0.84,lunch with colleagues,14.670002,121.048301,14.676,121.0437,14.676,121.0437,220.5,0.83,0.83,0.23,False,False,ALLOW,True,ALLOW,GATE_0_FAST_PATH,True,ALLOW,GATE_1_NEURAL_QWEN,True
TX-CAT1-0861,1. Routine Everyday,ALLOW,usr-1002-cst-002,Juan Dela Cruz,Quezon City,2763.62,4000.0,0.69,lunch with colleagues,14.666189,121.048649,14.676,121.0437,14.676,121.0437,163.2,1.21,1.21,0.44,False,False,ALLOW,True,ALLOW,GATE_0_FAST_PATH,True,ALLOW,GATE_1_NEURAL_QWEN,True
TX-CAT1-0862,1. Routine Everyday,ALLOW,usr-1001-cst-001,Maria Santos,Makati CBD,1301.21,2500.0,0.52,coffee and pastry,14.560145,121.031405,14.5547,121.02,14.5547,121.02,158.5,1.37,1.37,0.52,False,False,ALLOW,True,ALLOW,GATE_0_FAST_PATH,True,ALLOW,GATE_1_NEURAL_QWEN,True
TX-CAT1-0863,1. Routine Everyday,ALLOW,usr-1002-cst-002,Juan Dela Cruz,Quezon City,1513.54,4000.0,0.38,coffee and pastry,14.665054,121.035801,14.676,121.0437,14.676,121.0437,100.4,1.48,1.48,0.88,False,False,ALLOW,True,ALLOW,GATE_0_FAST_PATH,True,ALLOW,GATE_1_NEURAL_QWEN,True
TX-CAT1-0864,1. Routine Everyday,ALLOW,usr-1002-cst-002,Juan Dela Cruz,Quezon City,716.62,4000.0,0.18,monthly rent payment,14.668293,121.048789,14.676,121.0437,14.676,121.0437,118.1,1.02,1.02,0.52,False,False,ALLOW,True,ALLOW,GATE_0_FAST_PATH,True,ALLOW,GATE_1_NEURAL_QWEN,True
TX-CAT1-0865,1. Routine Everyday,ALLOW,usr-1003-cst-003,Elena Reyes,Cebu IT Park,10437.19,15000.0,0.7,allowance transfer,10.310631,123.877737,10.3157,123.8854,10.3157,123.8854,218.7,1.01,1.01,0.28,False,False,ALLOW,True,ALLOW,GATE_0_FAST_PATH,True,ALLOW,GATE_1_NEURAL_QWEN,True
TX-CAT1-0866,1. Routine Everyday,ALLOW,usr-1002-cst-002,Juan Dela Cruz,Quezon City,133.0,4000.0,0.03,maynilad water payment,14.664293,121.043643,14.676,121.0437,14.676,121.0437,134.7,1.3,1.3,0.58,False,False,ALLOW,True,ALLOW,GATE_0_FAST_PATH,True,ALLOW,GATE_1_NEURAL_QWEN,True
TX-CAT1-0867,1. Routine Everyday,ALLOW,usr-1001-cst-001,Maria Santos,Makati CBD,1491.0,2500.0,0.6,allowance transfer,14.548409,121.022133,14.5547,121.02,14.5547,121.02,129.9,0.74,0.74,0.34,False,False,ALLOW,True,ALLOW,GATE_0_FAST_PATH,True,ALLOW,GATE_1_NEURAL_QWEN,True
TX-CAT1-0868,1. Routine Everyday,ALLOW,usr-1004-cst-004,Carlos Tan,Pasig Ortigas,906.54,2000.0,0.45,dinner delivery,14.589302,121.055273,14.5869,121.0614,14.5869,121.0614,144.9,0.71,0.71,0.29,False,False,ALLOW,True,ALLOW,GATE_0_FAST_PATH,True,ALLOW,GATE_1_NEURAL_QWEN,True
TX-CAT1-0869,1. Routine Everyday,ALLOW,usr-1002-cst-002,Juan Dela Cruz,Quezon City,300.02,4000.0,0.08,monthly rent payment,14.665322,121.040076,14.676,121.0437,14.676,121.0437,60.5,1.25,1.25,1.24,False,False,ALLOW,True,ALLOW,GATE_0_FAST_PATH,True,ALLOW,GATE_1_NEURAL_QWEN,True
TX-CAT1-0870,1. Routine Everyday,ALLOW,usr-1001-cst-001,Maria Santos,Makati CBD,1624.08,2500.0,0.65,dinner delivery,14.549863,121.030089,14.5547,121.02,14.5547,121.02,40.3,1.21,1.21,1.8,False,False,ALLOW,True,ALLOW,GATE_0_FAST_PATH,True,ALLOW,GATE_1_NEURAL_QWEN,True
TX-CAT1-0871,1. Routine Everyday,ALLOW,usr-1004-cst-004,Carlos Tan,Pasig Ortigas,1888.85,2000.0,0.94,monthly rent payment,14.59103,121.064066,14.5869,121.0614,14.5869,121.0614,175.2,0.54,0.54,0.18,False,False,ALLOW,True,ALLOW,GATE_0_FAST_PATH,True,ALLOW,GATE_1_NEURAL_QWEN,True
TX-CAT1-0872,1. Routine Everyday,ALLOW,usr-1002-cst-002,Juan Dela Cruz,Quezon City,3675.96,4000.0,0.92,pet food purchase,14.677895,121.054056,14.676,121.0437,14.676,121.0437,49.6,1.13,1.13,1.37,False,False,ALLOW,True,ALLOW,GATE_0_FAST_PATH,True,ALLOW,GATE_1_NEURAL_QWEN,True
TX-CAT1-0873,1. Routine Everyday,ALLOW,usr-1003-cst-003,Elena Reyes,Cebu IT Park,4681.47,15000.0,0.31,coffee and pastry,10.323386,123.891603,10.3157,123.8854,10.3157,123.8854,207.1,1.09,1.09,0.32,False,False,BLOCK,False,ALLOW,GATE_0_FAST_PATH,True,ALLOW,GATE_1_NEURAL_QWEN,True
TX-CAT1-0874,1. Routine Everyday,ALLOW,usr-1001-cst-001,Maria Santos,Makati CBD,780.34,2500.0,0.31,monthly rent payment,14.545629,121.028626,14.5547,121.02,14.5547,121.02,99.1,1.37,1.37,0.83,False,False,ALLOW,True,ALLOW,GATE_0_FAST_PATH,True,ALLOW,GATE_1_NEURAL_QWEN,True
TX-CAT1-0875,1. Routine Everyday,ALLOW,usr-1004-cst-004,Carlos Tan,Pasig Ortigas,1053.87,2000.0,0.53,pet food purchase,14.579917,121.050796,14.5869,121.0614,14.5869,121.0614,150.0,1.38,1.38,0.55,False,False,ALLOW,True,ALLOW,GATE_0_FAST_PATH,True,ALLOW,GATE_1_NEURAL_QWEN,True
TX-CAT1-0876,1. Routine Everyday,ALLOW,usr-1001-cst-001,Maria Santos,Makati CBD,1210.66,2500.0,0.48,pet food purchase,14.557215,121.026916,14.5547,121.02,14.5547,121.02,178.4,0.8,0.8,0.27,False,False,ALLOW,True,ALLOW,GATE_0_FAST_PATH,True,ALLOW,GATE_1_NEURAL_QWEN,True
TX-CAT1-0877,1. Routine Everyday,ALLOW,usr-1004-cst-004,Carlos Tan,Pasig Ortigas,1203.74,2000.0,0.6,pharmacy vitamins,14.581132,121.063203,14.5869,121.0614,14.5869,121.0614,160.9,0.67,0.67,0.25,False,False,ALLOW,True,ALLOW,GATE_0_FAST_PATH,True,ALLOW,GATE_1_NEURAL_QWEN,True
TX-CAT1-0878,1. Routine Everyday,ALLOW,usr-1002-cst-002,Juan Dela Cruz,Quezon City,2380.59,4000.0,0.6,allowance transfer,14.676473,121.046865,14.676,121.0437,14.676,121.0437,133.4,0.34,0.34,0.15,False,False,ALLOW,True,ALLOW,GATE_0_FAST_PATH,True,ALLOW,GATE_1_NEURAL_QWEN,True
TX-CAT1-0879,1. Routine Everyday,ALLOW,usr-1002-cst-002,Juan Dela Cruz,Quezon City,3371.88,4000.0,0.84,meralco electric bill,14.681006,121.055202,14.676,121.0437,14.676,121.0437,30.3,1.36,1.36,2.69,False,False,ALLOW,True,ALLOW,GATE_0_FAST_PATH,True,ALLOW,GATE_1_NEURAL_QWEN,True
TX-CAT1-0880,1. Routine Everyday,ALLOW,usr-1001-cst-001,Maria Santos,Makati CBD,1168.32,2500.0,0.47,lunch with colleagues,14.560399,121.012976,14.5547,121.02,14.5547,121.02,159.2,0.99,0.99,0.37,False,False,ALLOW,True,ALLOW,GATE_0_FAST_PATH,True,ALLOW,GATE_1_NEURAL_QWEN,True
TX-CAT1-0881,1. Routine Everyday,ALLOW,usr-1004-cst-004,Carlos Tan,Pasig Ortigas,856.99,2000.0,0.43,pharmacy vitamins,14.583292,121.068745,14.5869,121.0614,14.5869,121.0614,74.6,0.89,0.89,0.72,False,False,ALLOW,True,ALLOW,GATE_0_FAST_PATH,True,ALLOW,GATE_1_NEURAL_QWEN,True
TX-CAT1-0882,1. Routine Everyday,ALLOW,usr-1002-cst-002,Juan Dela Cruz,Quezon City,2659.26,4000.0,0.66,maynilad water payment,14.682965,121.039087,14.676,121.0437,14.676,121.0437,136.4,0.92,0.92,0.4,False,False,ALLOW,True,ALLOW,GATE_0_FAST_PATH,True,ALLOW,GATE_1_NEURAL_QWEN,True
TX-CAT1-0883,1. Routine Everyday,ALLOW,usr-1003-cst-003,Elena Reyes,Cebu IT Park,10958.17,15000.0,0.73,lunch with colleagues,10.32016,123.881593,10.3157,123.8854,10.3157,123.8854,182.1,0.65,0.65,0.21,False,False,ALLOW,True,ALLOW,GATE_0_FAST_PATH,True,ALLOW,GATE_1_NEURAL_QWEN,True
TX-CAT1-0884,1. Routine Everyday,ALLOW,usr-1001-cst-001,Maria Santos,Makati CBD,1996.26,2500.0,0.8,meralco electric bill,14.550632,121.01611,14.5547,121.02,14.5547,121.02,171.2,0.62,0.62,0.22,False,False,ALLOW,True,ALLOW,GATE_0_FAST_PATH,True,ALLOW,GATE_1_NEURAL_QWEN,True
TX-CAT1-0885,1. Routine Everyday,ALLOW,usr-1004-cst-004,Carlos Tan,Pasig Ortigas,1539.11,2000.0,0.77,school supplies,14.578158,121.053129,14.5869,121.0614,14.5869,121.0614,126.7,1.32,1.32,0.63,False,False,ALLOW,True,ALLOW,GATE_0_FAST_PATH,True,ALLOW,GATE_1_NEURAL_QWEN,True
TX-CAT1-0886,1. Routine Everyday,ALLOW,usr-1003-cst-003,Elena Reyes,Cebu IT Park,6654.7,15000.0,0.44,coffee and pastry,10.325967,123.874745,10.3157,123.8854,10.3157,123.8854,139.4,1.63,1.63,0.7,False,False,BLOCK,False,ALLOW,GATE_0_FAST_PATH,True,ALLOW,GATE_1_NEURAL_QWEN,True
TX-CAT1-0887,1. Routine Everyday,ALLOW,usr-1003-cst-003,Elena Reyes,Cebu IT Park,7964.65,15000.0,0.53,supermarket groceries,10.308698,123.889852,10.3157,123.8854,10.3157,123.8854,197.9,0.92,0.92,0.28,False,False,ALLOW,True,ALLOW,GATE_0_FAST_PATH,True,ALLOW,GATE_1_NEURAL_QWEN,True
TX-CAT1-0888,1. Routine Everyday,ALLOW,usr-1003-cst-003,Elena Reyes,Cebu IT Park,1055.59,15000.0,0.07,monthly rent payment,10.310431,123.874148,10.3157,123.8854,10.3157,123.8854,236.6,1.36,1.36,0.34,False,False,ALLOW,True,ALLOW,GATE_0_FAST_PATH,True,ALLOW,GATE_1_NEURAL_QWEN,True
TX-CAT1-0889,1. Routine Everyday,ALLOW,usr-1002-cst-002,Juan Dela Cruz,Quezon City,2221.21,4000.0,0.56,coffee and pastry,14.668497,121.034504,14.676,121.0437,14.676,121.0437,194.3,1.29,1.29,0.4,False,False,ALLOW,True,ALLOW,GATE_0_FAST_PATH,True,ALLOW,GATE_1_NEURAL_QWEN,True
TX-CAT1-0890,1. Routine Everyday,ALLOW,usr-1003-cst-003,Elena Reyes,Cebu IT Park,10085.41,15000.0,0.67,pharmacy vitamins,10.320736,123.879916,10.3157,123.8854,10.3157,123.8854,48.2,0.82,0.82,1.02,False,False,ALLOW,True,ALLOW,GATE_0_FAST_PATH,True,ALLOW,GATE_1_NEURAL_QWEN,True
TX-CAT1-0891,1. Routine Everyday,ALLOW,usr-1002-cst-002,Juan Dela Cruz,Quezon City,1487.43,4000.0,0.37,maynilad water payment,14.669187,121.038956,14.676,121.0437,14.676,121.0437,53.6,0.91,0.91,1.02,False,False,ALLOW,True,ALLOW,GATE_0_FAST_PATH,True,ALLOW,GATE_1_NEURAL_QWEN,True
TX-CAT1-0892,1. Routine Everyday,ALLOW,usr-1001-cst-001,Maria Santos,Makati CBD,1873.92,2500.0,0.75,lunch with colleagues,14.553351,121.008598,14.5547,121.02,14.5547,121.02,131.4,1.24,1.24,0.57,False,False,ALLOW,True,ALLOW,GATE_0_FAST_PATH,True,ALLOW,GATE_1_NEURAL_QWEN,True
TX-CAT1-0893,1. Routine Everyday,ALLOW,usr-1002-cst-002,Juan Dela Cruz,Quezon City,819.98,4000.0,0.2,allowance transfer,14.681579,121.044267,14.676,121.0437,14.676,121.0437,192.9,0.62,0.62,0.19,False,False,ALLOW,True,ALLOW,GATE_0_FAST_PATH,True,ALLOW,GATE_1_NEURAL_QWEN,True
TX-CAT1-0894,1. Routine Everyday,ALLOW,usr-1002-cst-002,Juan Dela Cruz,Quezon City,2951.69,4000.0,0.74,lunch with colleagues,14.683731,121.054213,14.676,121.0437,14.676,121.0437,172.1,1.42,1.42,0.5,False,False,ALLOW,True,ALLOW,GATE_0_FAST_PATH,True,ALLOW,GATE_1_NEURAL_QWEN,True
TX-CAT1-0895,1. Routine Everyday,ALLOW,usr-1002-cst-002,Juan Dela Cruz,Quezon City,875.09,4000.0,0.22,supermarket groceries,14.675025,121.048828,14.676,121.0437,14.676,121.0437,139.7,0.56,0.56,0.24,False,False,ALLOW,True,ALLOW,GATE_0_FAST_PATH,True,ALLOW,GATE_1_NEURAL_QWEN,True
TX-CAT1-0896,1. Routine Everyday,ALLOW,usr-1001-cst-001,Maria Santos,Makati CBD,821.26,2500.0,0.33,supermarket groceries,14.559189,121.022263,14.5547,121.02,14.5547,121.02,48.3,0.56,0.56,0.7,False,False,ALLOW,True,ALLOW,GATE_0_FAST_PATH,True,ALLOW,GATE_1_NEURAL_QWEN,True
TX-CAT1-0897,1. Routine Everyday,ALLOW,usr-1004-cst-004,Carlos Tan,Pasig Ortigas,1702.75,2000.0,0.85,lunch with colleagues,14.587394,121.065216,14.5869,121.0614,14.5869,121.0614,95.6,0.41,0.41,0.26,False,False,ALLOW,True,ALLOW,GATE_0_FAST_PATH,True,ALLOW,GATE_1_NEURAL_QWEN,True
TX-CAT1-0898,1. Routine Everyday,ALLOW,usr-1003-cst-003,Elena Reyes,Cebu IT Park,9146.96,15000.0,0.61,meralco electric bill,10.311401,123.878021,10.3157,123.8854,10.3157,123.8854,88.1,0.94,0.94,0.64,False,False,ALLOW,True,ALLOW,GATE_0_FAST_PATH,True,ALLOW,GATE_1_NEURAL_QWEN,True
TX-CAT1-0899,1. Routine Everyday,ALLOW,usr-1003-cst-003,Elena Reyes,Cebu IT Park,11039.48,15000.0,0.74,school supplies,10.306524,123.876984,10.3157,123.8854,10.3157,123.8854,87.5,1.37,1.37,0.94,False,False,ALLOW,True,ALLOW,GATE_0_FAST_PATH,True,ALLOW,GATE_1_NEURAL_QWEN,True
TX-CAT1-0900,1. Routine Everyday,ALLOW,usr-1001-cst-001,Maria Santos,Makati CBD,2280.96,2500.0,0.91,grab car ride payment,14.555037,121.012958,14.5547,121.02,14.5547,121.02,103.6,0.76,0.76,0.44,False,False,ALLOW,True,ALLOW,GATE_0_FAST_PATH,True,ALLOW,GATE_1_NEURAL_QWEN,True
TX-CAT1-0901,1. Routine Everyday,ALLOW,usr-1003-cst-003,Elena Reyes,Cebu IT Park,3949.97,15000.0,0.26,pet food purchase,10.322996,123.887178,10.3157,123.8854,10.3157,123.8854,66.0,0.83,0.83,0.75,False,False,ALLOW,True,ALLOW,GATE_0_FAST_PATH,True,ALLOW,GATE_1_NEURAL_QWEN,True
TX-CAT1-0902,1. Routine Everyday,ALLOW,usr-1003-cst-003,Elena Reyes,Cebu IT Park,8785.4,15000.0,0.59,pharmacy vitamins,10.316674,123.874617,10.3157,123.8854,10.3157,123.8854,36.1,1.18,1.18,1.96,False,False,ALLOW,True,ALLOW,GATE_0_FAST_PATH,True,ALLOW,GATE_1_NEURAL_QWEN,True
TX-CAT1-0903,1. Routine Everyday,ALLOW,usr-1001-cst-001,Maria Santos,Makati CBD,358.87,2500.0,0.14,supermarket groceries,14.544767,121.017406,14.5547,121.02,14.5547,121.02,178.0,1.14,1.14,0.38,False,False,ALLOW,True,ALLOW,GATE_0_FAST_PATH,True,ALLOW,GATE_1_NEURAL_QWEN,True
TX-CAT1-0904,1. Routine Everyday,ALLOW,usr-1004-cst-004,Carlos Tan,Pasig Ortigas,1217.04,2000.0,0.61,maynilad water payment,14.582876,121.054156,14.5869,121.0614,14.5869,121.0614,189.3,0.9,0.9,0.29,False,False,ALLOW,True,ALLOW,GATE_0_FAST_PATH,True,ALLOW,GATE_1_NEURAL_QWEN,True
TX-CAT1-0905,1. Routine Everyday,ALLOW,usr-1001-cst-001,Maria Santos,Makati CBD,2315.65,2500.0,0.93,allowance transfer,14.556327,121.01023,14.5547,121.02,14.5547,121.02,198.5,1.07,1.07,0.32,False,False,ALLOW,True,ALLOW,GATE_0_FAST_PATH,True,ALLOW,GATE_1_NEURAL_QWEN,True
TX-CAT1-0906,1. Routine Everyday,ALLOW,usr-1004-cst-004,Carlos Tan,Pasig Ortigas,293.13,2000.0,0.15,maynilad water payment,14.591327,121.066445,14.5869,121.0614,14.5869,121.0614,127.7,0.73,0.73,0.34,False,False,ALLOW,True,ALLOW,GATE_0_FAST_PATH,True,ALLOW,GATE_1_NEURAL_QWEN,True
TX-CAT1-0907,1. Routine Everyday,ALLOW,usr-1002-cst-002,Juan Dela Cruz,Quezon City,3606.61,4000.0,0.9,monthly rent payment,14.684666,121.046507,14.676,121.0437,14.676,121.0437,221.7,1.01,1.01,0.27,False,False,ALLOW,True,ALLOW,GATE_0_FAST_PATH,True,ALLOW,GATE_1_NEURAL_QWEN,True
TX-CAT1-0908,1. Routine Everyday,ALLOW,usr-1004-cst-004,Carlos Tan,Pasig Ortigas,446.37,2000.0,0.22,school supplies,14.582828,121.070059,14.5869,121.0614,14.5869,121.0614,98.2,1.04,1.04,0.64,False,False,ALLOW,True,ALLOW,GATE_0_FAST_PATH,True,ALLOW,GATE_1_NEURAL_QWEN,True
TX-CAT1-0909,1. Routine Everyday,ALLOW,usr-1004-cst-004,Carlos Tan,Pasig Ortigas,173.87,2000.0,0.09,allowance transfer,14.577609,121.060888,14.5869,121.0614,14.5869,121.0614,207.6,1.03,1.03,0.3,False,False,ALLOW,True,ALLOW,GATE_0_FAST_PATH,True,ALLOW,GATE_1_NEURAL_QWEN,True
TX-CAT1-0910,1. Routine Everyday,ALLOW,usr-1003-cst-003,Elena Reyes,Cebu IT Park,10971.01,15000.0,0.73,dinner delivery,10.317492,123.885591,10.3157,123.8854,10.3157,123.8854,115.2,0.2,0.2,0.1,False,False,ALLOW,True,ALLOW,GATE_0_FAST_PATH,True,ALLOW,GATE_1_NEURAL_QWEN,True
TX-CAT1-0911,1. Routine Everyday,ALLOW,usr-1001-cst-001,Maria Santos,Makati CBD,854.84,2500.0,0.34,school supplies,14.544402,121.015251,14.5547,121.02,14.5547,121.02,126.8,1.25,1.25,0.59,False,False,ALLOW,True,ALLOW,GATE_0_FAST_PATH,True,ALLOW,GATE_1_NEURAL_QWEN,True
TX-CAT1-0912,1. Routine Everyday,ALLOW,usr-1004-cst-004,Carlos Tan,Pasig Ortigas,544.66,2000.0,0.27,meralco electric bill,14.588051,121.072773,14.5869,121.0614,14.5869,121.0614,110.6,1.23,1.23,0.67,False,False,ALLOW,True,ALLOW,GATE_0_FAST_PATH,True,ALLOW,GATE_1_NEURAL_QWEN,True
TX-CAT1-0913,1. Routine Everyday,ALLOW,usr-1003-cst-003,Elena Reyes,Cebu IT Park,3062.41,15000.0,0.2,pet food purchase,10.317883,123.892224,10.3157,123.8854,10.3157,123.8854,121.4,0.78,0.78,0.39,False,False,ALLOW,True,ALLOW,GATE_0_FAST_PATH,True,ALLOW,GATE_1_NEURAL_QWEN,True
TX-CAT1-0914,1. Routine Everyday,ALLOW,usr-1003-cst-003,Elena Reyes,Cebu IT Park,7814.16,15000.0,0.52,meralco electric bill,10.307854,123.889471,10.3157,123.8854,10.3157,123.8854,185.3,0.98,0.98,0.32,False,False,ALLOW,True,ALLOW,GATE_0_FAST_PATH,True,ALLOW,GATE_1_NEURAL_QWEN,True
TX-CAT1-0915,1. Routine Everyday,ALLOW,usr-1004-cst-004,Carlos Tan,Pasig Ortigas,323.49,2000.0,0.16,dinner delivery,14.58601,121.062722,14.5869,121.0614,14.5869,121.0614,202.6,0.17,0.17,0.05,False,False,ALLOW,True,ALLOW,GATE_0_FAST_PATH,True,ALLOW,GATE_1_NEURAL_QWEN,True
TX-CAT1-0916,1. Routine Everyday,ALLOW,usr-1002-cst-002,Juan Dela Cruz,Quezon City,1253.57,4000.0,0.31,coffee and pastry,14.665671,121.03431,14.676,121.0437,14.676,121.0437,201.0,1.53,1.53,0.46,False,False,ALLOW,True,ALLOW,GATE_0_FAST_PATH,True,ALLOW,GATE_1_NEURAL_QWEN,True
TX-CAT1-0917,1. Routine Everyday,ALLOW,usr-1004-cst-004,Carlos Tan,Pasig Ortigas,702.79,2000.0,0.35,school supplies,14.590744,121.051573,14.5869,121.0614,14.5869,121.0614,201.6,1.14,1.14,0.34,False,False,ALLOW,True,ALLOW,GATE_0_FAST_PATH,True,ALLOW,GATE_1_NEURAL_QWEN,True
TX-CAT1-0918,1. Routine Everyday,ALLOW,usr-1001-cst-001,Maria Santos,Makati CBD,1827.21,2500.0,0.73,school supplies,14.546281,121.02075,14.5547,121.02,14.5547,121.02,111.9,0.94,0.94,0.5,False,False,ALLOW,True,ALLOW,GATE_0_FAST_PATH,True,ALLOW,GATE_1_NEURAL_QWEN,True
TX-CAT1-0919,1. Routine Everyday,ALLOW,usr-1004-cst-004,Carlos Tan,Pasig Ortigas,468.29,2000.0,0.23,school supplies,14.595958,121.056594,14.5869,121.0614,14.5869,121.0614,196.8,1.13,1.13,0.34,False,False,ALLOW,True,ALLOW,GATE_0_FAST_PATH,True,ALLOW,GATE_1_NEURAL_QWEN,True
TX-CAT1-0920,1. Routine Everyday,ALLOW,usr-1003-cst-003,Elena Reyes,Cebu IT Park,13098.43,15000.0,0.87,coffee and pastry,10.320927,123.895363,10.3157,123.8854,10.3157,123.8854,238.0,1.24,1.24,0.31,False,False,BLOCK,False,ALLOW,GATE_0_FAST_PATH,True,ALLOW,GATE_1_NEURAL_QWEN,True
TX-CAT1-0921,1. Routine Everyday,ALLOW,usr-1001-cst-001,Maria Santos,Makati CBD,1498.91,2500.0,0.6,grab car ride payment,14.552401,121.011061,14.5547,121.02,14.5547,121.02,91.8,1.0,1.0,0.65,False,False,ALLOW,True,ALLOW,GATE_0_FAST_PATH,True,ALLOW,GATE_1_NEURAL_QWEN,True
TX-CAT1-0922,1. Routine Everyday,ALLOW,usr-1003-cst-003,Elena Reyes,Cebu IT Park,12852.2,15000.0,0.86,supermarket groceries,10.30372,123.886841,10.3157,123.8854,10.3157,123.8854,235.5,1.34,1.34,0.34,False,False,ALLOW,True,ALLOW,GATE_0_FAST_PATH,True,ALLOW,GATE_1_NEURAL_QWEN,True
TX-CAT1-0923,1. Routine Everyday,ALLOW,usr-1001-cst-001,Maria Santos,Makati CBD,2062.11,2500.0,0.82,supermarket groceries,14.548346,121.024853,14.5547,121.02,14.5547,121.02,112.8,0.88,0.88,0.47,False,False,ALLOW,True,ALLOW,GATE_0_FAST_PATH,True,ALLOW,GATE_1_NEURAL_QWEN,True
TX-CAT1-0924,1. Routine Everyday,ALLOW,usr-1003-cst-003,Elena Reyes,Cebu IT Park,10177.36,15000.0,0.68,coffee and pastry,10.312858,123.886483,10.3157,123.8854,10.3157,123.8854,169.1,0.34,0.34,0.12,False,False,BLOCK,False,ALLOW,GATE_0_FAST_PATH,True,ALLOW,GATE_1_NEURAL_QWEN,True
TX-CAT1-0925,1. Routine Everyday,ALLOW,usr-1004-cst-004,Carlos Tan,Pasig Ortigas,367.54,2000.0,0.18,grab car ride payment,14.58413,121.071588,14.5869,121.0614,14.5869,121.0614,206.4,1.14,1.14,0.33,False,False,ALLOW,True,ALLOW,GATE_0_FAST_PATH,True,ALLOW,GATE_1_NEURAL_QWEN,True
TX-CAT1-0926,1. Routine Everyday,ALLOW,usr-1002-cst-002,Juan Dela Cruz,Quezon City,1181.57,4000.0,0.3,school supplies,14.667013,121.031978,14.676,121.0437,14.676,121.0437,166.2,1.61,1.61,0.58,False,False,ALLOW,True,ALLOW,GATE_0_FAST_PATH,True,ALLOW,GATE_1_NEURAL_QWEN,True
TX-CAT1-0927,1. Routine Everyday,ALLOW,usr-1002-cst-002,Juan Dela Cruz,Quezon City,2774.53,4000.0,0.69,allowance transfer,14.67979,121.055099,14.676,121.0437,14.676,121.0437,58.5,1.3,1.3,1.33,False,False,ALLOW,True,ALLOW,GATE_0_FAST_PATH,True,ALLOW,GATE_1_NEURAL_QWEN,True
TX-CAT1-0928,1. Routine Everyday,ALLOW,usr-1002-cst-002,Juan Dela Cruz,Quezon City,2483.45,4000.0,0.62,coffee and pastry,14.684644,121.053146,14.676,121.0437,14.676,121.0437,176.0,1.4,1.4,0.48,False,False,ALLOW,True,ALLOW,GATE_0_FAST_PATH,True,ALLOW,GATE_1_NEURAL_QWEN,True
TX-CAT1-0929,1. Routine Everyday,ALLOW,usr-1004-cst-004,Carlos Tan,Pasig Ortigas,1229.38,2000.0,0.61,allowance transfer,14.587126,121.062649,14.5869,121.0614,14.5869,121.0614,124.5,0.14,0.14,0.07,False,False,ALLOW,True,ALLOW,GATE_0_FAST_PATH,True,ALLOW,GATE_1_NEURAL_QWEN,True
TX-CAT1-0930,1. Routine Everyday,ALLOW,usr-1003-cst-003,Elena Reyes,Cebu IT Park,3309.72,15000.0,0.22,coffee and pastry,10.31821,123.887271,10.3157,123.8854,10.3157,123.8854,207.8,0.35,0.35,0.1,False,False,ALLOW,True,ALLOW,GATE_0_FAST_PATH,True,ALLOW,GATE_1_NEURAL_QWEN,True
TX-CAT1-0931,1. Routine Everyday,ALLOW,usr-1002-cst-002,Juan Dela Cruz,Quezon City,2740.64,4000.0,0.69,maynilad water payment,14.67386,121.044808,14.676,121.0437,14.676,121.0437,107.1,0.27,0.27,0.15,False,False,ALLOW,True,ALLOW,GATE_0_FAST_PATH,True,ALLOW,GATE_1_NEURAL_QWEN,True
TX-CAT1-0932,1. Routine Everyday,ALLOW,usr-1001-cst-001,Maria Santos,Makati CBD,1401.18,2500.0,0.56,pet food purchase,14.551546,121.021926,14.5547,121.02,14.5547,121.02,232.0,0.41,0.41,0.11,False,False,ALLOW,True,ALLOW,GATE_0_FAST_PATH,True,ALLOW,GATE_1_NEURAL_QWEN,True
TX-CAT1-0933,1. Routine Everyday,ALLOW,usr-1001-cst-001,Maria Santos,Makati CBD,440.41,2500.0,0.18,pet food purchase,14.555334,121.028624,14.5547,121.02,14.5547,121.02,187.6,0.93,0.93,0.3,False,False,ALLOW,True,ALLOW,GATE_0_FAST_PATH,True,ALLOW,GATE_1_NEURAL_QWEN,True
TX-CAT1-0934,1. Routine Everyday,ALLOW,usr-1003-cst-003,Elena Reyes,Cebu IT Park,6689.55,15000.0,0.45,lunch with colleagues,10.316261,123.888042,10.3157,123.8854,10.3157,123.8854,81.5,0.3,0.3,0.22,False,False,ALLOW,True,ALLOW,GATE_0_FAST_PATH,True,ALLOW,GATE_1_NEURAL_QWEN,True
TX-CAT1-0935,1. Routine Everyday,ALLOW,usr-1001-cst-001,Maria Santos,Makati CBD,1662.59,2500.0,0.67,grab car ride payment,14.561854,121.0155,14.5547,121.02,14.5547,121.02,41.1,0.93,0.93,1.36,False,False,ALLOW,True,ALLOW,GATE_0_FAST_PATH,True,ALLOW,GATE_1_NEURAL_QWEN,True
TX-CAT1-0936,1. Routine Everyday,ALLOW,usr-1003-cst-003,Elena Reyes,Cebu IT Park,7680.02,15000.0,0.51,supermarket groceries,10.314953,123.885704,10.3157,123.8854,10.3157,123.8854,128.5,0.09,0.09,0.04,False,False,ALLOW,True,ALLOW,GATE_0_FAST_PATH,True,ALLOW,GATE_1_NEURAL_QWEN,True
TX-CAT1-0937,1. Routine Everyday,ALLOW,usr-1003-cst-003,Elena Reyes,Cebu IT Park,6068.96,15000.0,0.4,maynilad water payment,10.310641,123.874248,10.3157,123.8854,10.3157,123.8854,223.8,1.34,1.34,0.36,False,False,ALLOW,True,ALLOW,GATE_0_FAST_PATH,True,ALLOW,GATE_1_NEURAL_QWEN,True
TX-CAT1-0938,1. Routine Everyday,ALLOW,usr-1003-cst-003,Elena Reyes,Cebu IT Park,10392.11,15000.0,0.69,dinner delivery,10.309951,123.888503,10.3157,123.8854,10.3157,123.8854,151.4,0.72,0.72,0.29,False,False,ALLOW,True,ALLOW,GATE_0_FAST_PATH,True,ALLOW,GATE_1_NEURAL_QWEN,True
TX-CAT1-0939,1. Routine Everyday,ALLOW,usr-1001-cst-001,Maria Santos,Makati CBD,1600.0,2500.0,0.64,maynilad water payment,14.562113,121.022984,14.5547,121.02,14.5547,121.02,90.2,0.88,0.88,0.59,False,False,ALLOW,True,ALLOW,GATE_0_FAST_PATH,True,ALLOW,GATE_1_NEURAL_QWEN,True
TX-CAT1-0940,1. Routine Everyday,ALLOW,usr-1001-cst-001,Maria Santos,Makati CBD,405.98,2500.0,0.16,lunch with colleagues,14.563135,121.014668,14.5547,121.02,14.5547,121.02,57.8,1.1,1.1,1.14,False,False,ALLOW,True,ALLOW,GATE_0_FAST_PATH,True,ALLOW,GATE_1_NEURAL_QWEN,True
TX-CAT1-0941,1. Routine Everyday,ALLOW,usr-1003-cst-003,Elena Reyes,Cebu IT Park,4008.82,15000.0,0.27,maynilad water payment,10.304041,123.876077,10.3157,123.8854,10.3157,123.8854,66.7,1.65,1.65,1.48,False,False,ALLOW,True,ALLOW,GATE_0_FAST_PATH,True,ALLOW,GATE_1_NEURAL_QWEN,True
TX-CAT1-0942,1. Routine Everyday,ALLOW,usr-1002-cst-002,Juan Dela Cruz,Quezon City,2545.69,4000.0,0.64,pharmacy vitamins,14.683388,121.03797,14.676,121.0437,14.676,121.0437,177.2,1.03,1.03,0.35,False,False,ALLOW,True,ALLOW,GATE_0_FAST_PATH,True,ALLOW,GATE_1_NEURAL_QWEN,True
TX-CAT1-0943,1. Routine Everyday,ALLOW,usr-1004-cst-004,Carlos Tan,Pasig Ortigas,441.84,2000.0,0.22,grab car ride payment,14.595588,121.057628,14.5869,121.0614,14.5869,121.0614,47.7,1.05,1.05,1.32,False,False,ALLOW,True,ALLOW,GATE_0_FAST_PATH,True,ALLOW,GATE_1_NEURAL_QWEN,True
TX-CAT1-0944,1. Routine Everyday,ALLOW,usr-1002-cst-002,Juan Dela Cruz,Quezon City,2311.6,4000.0,0.58,monthly rent payment,14.684103,121.049766,14.676,121.0437,14.676,121.0437,116.7,1.11,1.11,0.57,False,False,ALLOW,True,ALLOW,GATE_0_FAST_PATH,True,ALLOW,GATE_1_NEURAL_QWEN,True
TX-CAT1-0945,1. Routine Everyday,ALLOW,usr-1004-cst-004,Carlos Tan,Pasig Ortigas,543.55,2000.0,0.27,allowance transfer,14.592324,121.053415,14.5869,121.0614,14.5869,121.0614,151.3,1.05,1.05,0.42,False,False,ALLOW,True,ALLOW,GATE_0_FAST_PATH,True,ALLOW,GATE_1_NEURAL_QWEN,True
TX-CAT1-0946,1. Routine Everyday,ALLOW,usr-1003-cst-003,Elena Reyes,Cebu IT Park,887.62,15000.0,0.06,maynilad water payment,10.321832,123.876184,10.3157,123.8854,10.3157,123.8854,65.2,1.22,1.22,1.12,False,False,ALLOW,True,ALLOW,GATE_0_FAST_PATH,True,ALLOW,GATE_1_NEURAL_QWEN,True
TX-CAT1-0947,1. Routine Everyday,ALLOW,usr-1004-cst-004,Carlos Tan,Pasig Ortigas,967.69,2000.0,0.48,allowance transfer,14.592808,121.067458,14.5869,121.0614,14.5869,121.0614,141.8,0.93,0.93,0.39,False,False,ALLOW,True,ALLOW,GATE_0_FAST_PATH,True,ALLOW,GATE_1_NEURAL_QWEN,True
TX-CAT1-0948,1. Routine Everyday,ALLOW,usr-1004-cst-004,Carlos Tan,Pasig Ortigas,1336.65,2000.0,0.67,coffee and pastry,14.58629,121.052884,14.5869,121.0614,14.5869,121.0614,212.8,0.92,0.92,0.26,False,False,ALLOW,True,ALLOW,GATE_0_FAST_PATH,True,ALLOW,GATE_1_NEURAL_QWEN,True
TX-CAT1-0949,1. Routine Everyday,ALLOW,usr-1001-cst-001,Maria Santos,Makati CBD,771.23,2500.0,0.31,allowance transfer,14.551868,121.015577,14.5547,121.02,14.5547,121.02,141.4,0.57,0.57,0.24,False,False,ALLOW,True,ALLOW,GATE_0_FAST_PATH,True,ALLOW,GATE_1_NEURAL_QWEN,True
TX-CAT1-0950,1. Routine Everyday,ALLOW,usr-1001-cst-001,Maria Santos,Makati CBD,339.56,2500.0,0.14,grab car ride payment,14.557998,121.030948,14.5547,121.02,14.5547,121.02,120.7,1.23,1.23,0.61,False,False,ALLOW,True,ALLOW,GATE_0_FAST_PATH,True,ALLOW,GATE_1_NEURAL_QWEN,True
TX-CAT1-0951,1. Routine Everyday,ALLOW,usr-1003-cst-003,Elena Reyes,Cebu IT Park,4853.09,15000.0,0.32,maynilad water payment,10.322956,123.879528,10.3157,123.8854,10.3157,123.8854,152.7,1.03,1.03,0.4,False,False,ALLOW,True,ALLOW,GATE_0_FAST_PATH,True,ALLOW,GATE_1_NEURAL_QWEN,True
TX-CAT1-0952,1. Routine Everyday,ALLOW,usr-1004-cst-004,Carlos Tan,Pasig Ortigas,1496.21,2000.0,0.75,pet food purchase,14.580703,121.065525,14.5869,121.0614,14.5869,121.0614,191.8,0.82,0.82,0.26,False,False,ALLOW,True,ALLOW,GATE_0_FAST_PATH,True,ALLOW,GATE_1_NEURAL_QWEN,True
TX-CAT1-0953,1. Routine Everyday,ALLOW,usr-1003-cst-003,Elena Reyes,Cebu IT Park,9696.16,15000.0,0.65,monthly rent payment,10.311218,123.873654,10.3157,123.8854,10.3157,123.8854,31.8,1.38,1.38,2.6,False,False,ALLOW,True,ALLOW,GATE_0_FAST_PATH,True,ALLOW,GATE_1_NEURAL_QWEN,True
TX-CAT1-0954,1. Routine Everyday,ALLOW,usr-1001-cst-001,Maria Santos,Makati CBD,146.97,2500.0,0.06,lunch with colleagues,14.555306,121.024452,14.5547,121.02,14.5547,121.02,103.8,0.48,0.48,0.28,False,False,ALLOW,True,ALLOW,GATE_0_FAST_PATH,True,ALLOW,GATE_1_NEURAL_QWEN,True
TX-CAT1-0955,1. Routine Everyday,ALLOW,usr-1003-cst-003,Elena Reyes,Cebu IT Park,3679.29,15000.0,0.25,supermarket groceries,10.304269,123.875607,10.3157,123.8854,10.3157,123.8854,227.1,1.66,1.66,0.44,False,False,ALLOW,True,ALLOW,GATE_0_FAST_PATH,True,ALLOW,GATE_1_NEURAL_QWEN,True
TX-CAT1-0956,1. Routine Everyday,ALLOW,usr-1002-cst-002,Juan Dela Cruz,Quezon City,3617.8,4000.0,0.9,school supplies,14.666923,121.054687,14.676,121.0437,14.676,121.0437,48.1,1.55,1.55,1.93,False,False,ALLOW,True,ALLOW,GATE_0_FAST_PATH,True,ALLOW,GATE_1_NEURAL_QWEN,True
TX-CAT1-0957,1. Routine Everyday,ALLOW,usr-1002-cst-002,Juan Dela Cruz,Quezon City,1503.53,4000.0,0.38,school supplies,14.677586,121.054912,14.676,121.0437,14.676,121.0437,218.2,1.22,1.22,0.34,False,False,ALLOW,True,ALLOW,GATE_0_FAST_PATH,True,ALLOW,GATE_1_NEURAL_QWEN,True
TX-CAT1-0958,1. Routine Everyday,ALLOW,usr-1002-cst-002,Juan Dela Cruz,Quezon City,1052.28,4000.0,0.26,allowance transfer,14.679851,121.033517,14.676,121.0437,14.676,121.0437,125.2,1.18,1.18,0.57,False,False,ALLOW,True,ALLOW,GATE_0_FAST_PATH,True,ALLOW,GATE_1_NEURAL_QWEN,True
TX-CAT1-0959,1. Routine Everyday,ALLOW,usr-1003-cst-003,Elena Reyes,Cebu IT Park,10991.04,15000.0,0.73,pet food purchase,10.325381,123.891877,10.3157,123.8854,10.3157,123.8854,97.9,1.29,1.29,0.79,False,False,ALLOW,True,ALLOW,GATE_0_FAST_PATH,True,ALLOW,GATE_1_NEURAL_QWEN,True
TX-CAT1-0960,1. Routine Everyday,ALLOW,usr-1002-cst-002,Juan Dela Cruz,Quezon City,2993.09,4000.0,0.75,maynilad water payment,14.682651,121.040887,14.676,121.0437,14.676,121.0437,99.9,0.8,0.8,0.48,False,False,ALLOW,True,ALLOW,GATE_0_FAST_PATH,True,ALLOW,GATE_1_NEURAL_QWEN,True
TX-CAT1-0961,1. Routine Everyday,ALLOW,usr-1001-cst-001,Maria Santos,Makati CBD,702.33,2500.0,0.28,maynilad water payment,14.54697,121.009666,14.5547,121.02,14.5547,121.02,235.7,1.41,1.41,0.36,False,False,ALLOW,True,ALLOW,GATE_0_FAST_PATH,True,ALLOW,GATE_1_NEURAL_QWEN,True
TX-CAT1-0962,1. Routine Everyday,ALLOW,usr-1002-cst-002,Juan Dela Cruz,Quezon City,2365.91,4000.0,0.59,monthly rent payment,14.679492,121.034302,14.676,121.0437,14.676,121.0437,143.5,1.08,1.08,0.45,False,False,ALLOW,True,ALLOW,GATE_0_FAST_PATH,True,ALLOW,GATE_1_NEURAL_QWEN,True
TX-CAT1-0963,1. Routine Everyday,ALLOW,usr-1004-cst-004,Carlos Tan,Pasig Ortigas,508.73,2000.0,0.25,school supplies,14.57745,121.059998,14.5869,121.0614,14.5869,121.0614,84.4,1.06,1.06,0.75,False,False,ALLOW,True,ALLOW,GATE_0_FAST_PATH,True,ALLOW,GATE_1_NEURAL_QWEN,True
TX-CAT1-0964,1. Routine Everyday,ALLOW,usr-1001-cst-001,Maria Santos,Makati CBD,284.43,2500.0,0.11,dinner delivery,14.560161,121.026654,14.5547,121.02,14.5547,121.02,33.9,0.94,0.94,1.66,False,False,ALLOW,True,ALLOW,GATE_0_FAST_PATH,True,ALLOW,GATE_1_NEURAL_QWEN,True
TX-CAT1-0965,1. Routine Everyday,ALLOW,usr-1004-cst-004,Carlos Tan,Pasig Ortigas,384.96,2000.0,0.19,school supplies,14.574921,121.050308,14.5869,121.0614,14.5869,121.0614,112.0,1.79,1.79,0.96,False,False,ALLOW,True,ALLOW,GATE_0_FAST_PATH,True,ALLOW,GATE_1_NEURAL_QWEN,True
TX-CAT1-0966,1. Routine Everyday,ALLOW,usr-1002-cst-002,Juan Dela Cruz,Quezon City,2696.2,4000.0,0.67,coffee and pastry,14.677791,121.044069,14.676,121.0437,14.676,121.0437,227.4,0.2,0.2,0.05,False,False,ALLOW,True,ALLOW,GATE_0_FAST_PATH,True,ALLOW,GATE_1_NEURAL_QWEN,True
TX-CAT1-0967,1. Routine Everyday,ALLOW,usr-1004-cst-004,Carlos Tan,Pasig Ortigas,971.09,2000.0,0.49,coffee and pastry,14.595157,121.068142,14.5869,121.0614,14.5869,121.0614,194.9,1.17,1.17,0.36,False,False,ALLOW,True,ALLOW,GATE_0_FAST_PATH,True,ALLOW,GATE_1_NEURAL_QWEN,True
TX-CAT1-0968,1. Routine Everyday,ALLOW,usr-1002-cst-002,Juan Dela Cruz,Quezon City,132.17,4000.0,0.03,pet food purchase,14.683631,121.04327,14.676,121.0437,14.676,121.0437,149.1,0.85,0.85,0.34,False,False,ALLOW,True,ALLOW,GATE_0_FAST_PATH,True,ALLOW,GATE_1_NEURAL_QWEN,True
TX-CAT1-0969,1. Routine Everyday,ALLOW,usr-1003-cst-003,Elena Reyes,Cebu IT Park,4831.5,15000.0,0.32,maynilad water payment,10.313315,123.888575,10.3157,123.8854,10.3157,123.8854,231.4,0.44,0.44,0.11,False,False,ALLOW,True,ALLOW,GATE_0_FAST_PATH,True,ALLOW,GATE_1_NEURAL_QWEN,True
TX-CAT1-0970,1. Routine Everyday,ALLOW,usr-1001-cst-001,Maria Santos,Makati CBD,943.88,2500.0,0.38,pharmacy vitamins,14.544631,121.019031,14.5547,121.02,14.5547,121.02,191.0,1.12,1.12,0.35,False,False,ALLOW,True,ALLOW,GATE_0_FAST_PATH,True,ALLOW,GATE_1_NEURAL_QWEN,True
TX-CAT1-0971,1. Routine Everyday,ALLOW,usr-1002-cst-002,Juan Dela Cruz,Quezon City,769.96,4000.0,0.19,supermarket groceries,14.68722,121.047558,14.676,121.0437,14.676,121.0437,92.8,1.31,1.31,0.85,False,False,ALLOW,True,ALLOW,GATE_0_FAST_PATH,True,ALLOW,GATE_1_NEURAL_QWEN,True
TX-CAT1-0972,1. Routine Everyday,ALLOW,usr-1004-cst-004,Carlos Tan,Pasig Ortigas,1715.7,2000.0,0.86,school supplies,14.591432,121.061076,14.5869,121.0614,14.5869,121.0614,215.9,0.51,0.51,0.14,False,False,ALLOW,True,ALLOW,GATE_0_FAST_PATH,True,ALLOW,GATE_1_NEURAL_QWEN,True
TX-CAT1-0973,1. Routine Everyday,ALLOW,usr-1004-cst-004,Carlos Tan,Pasig Ortigas,1428.88,2000.0,0.71,monthly rent payment,14.575757,121.050009,14.5869,121.0614,14.5869,121.0614,239.2,1.74,1.74,0.44,False,False,ALLOW,True,ALLOW,GATE_0_FAST_PATH,True,ALLOW,GATE_1_NEURAL_QWEN,True
TX-CAT1-0974,1. Routine Everyday,ALLOW,usr-1002-cst-002,Juan Dela Cruz,Quezon City,1920.38,4000.0,0.48,lunch with colleagues,14.683026,121.047142,14.676,121.0437,14.676,121.0437,134.9,0.86,0.86,0.38,False,False,ALLOW,True,ALLOW,GATE_0_FAST_PATH,True,ALLOW,GATE_1_NEURAL_QWEN,True
TX-CAT1-0975,1. Routine Everyday,ALLOW,usr-1004-cst-004,Carlos Tan,Pasig Ortigas,1840.5,2000.0,0.92,supermarket groceries,14.575789,121.050745,14.5869,121.0614,14.5869,121.0614,195.4,1.69,1.69,0.52,False,False,ALLOW,True,ALLOW,GATE_0_FAST_PATH,True,ALLOW,GATE_1_NEURAL_QWEN,True
TX-CAT1-0976,1. Routine Everyday,ALLOW,usr-1001-cst-001,Maria Santos,Makati CBD,1034.42,2500.0,0.41,meralco electric bill,14.56207,121.024016,14.5547,121.02,14.5547,121.02,126.3,0.93,0.93,0.44,False,False,ALLOW,True,ALLOW,GATE_0_FAST_PATH,True,ALLOW,GATE_1_NEURAL_QWEN,True
TX-CAT1-0977,1. Routine Everyday,ALLOW,usr-1002-cst-002,Juan Dela Cruz,Quezon City,2847.07,4000.0,0.71,meralco electric bill,14.686196,121.032585,14.676,121.0437,14.676,121.0437,59.7,1.65,1.65,1.66,False,False,ALLOW,True,ALLOW,GATE_0_FAST_PATH,True,ALLOW,GATE_1_NEURAL_QWEN,True
TX-CAT1-0978,1. Routine Everyday,ALLOW,usr-1001-cst-001,Maria Santos,Makati CBD,1182.6,2500.0,0.47,dinner delivery,14.543799,121.024831,14.5547,121.02,14.5547,121.02,57.4,1.32,1.32,1.38,False,False,ALLOW,True,ALLOW,GATE_0_FAST_PATH,True,ALLOW,GATE_1_NEURAL_QWEN,True
TX-CAT1-0979,1. Routine Everyday,ALLOW,usr-1002-cst-002,Juan Dela Cruz,Quezon City,2448.19,4000.0,0.61,maynilad water payment,14.683698,121.034035,14.676,121.0437,14.676,121.0437,158.4,1.35,1.35,0.51,False,False,ALLOW,True,ALLOW,GATE_0_FAST_PATH,True,ALLOW,GATE_1_NEURAL_QWEN,True
TX-CAT1-0980,1. Routine Everyday,ALLOW,usr-1001-cst-001,Maria Santos,Makati CBD,1964.14,2500.0,0.79,lunch with colleagues,14.54544,121.022279,14.5547,121.02,14.5547,121.02,159.3,1.06,1.06,0.4,False,False,ALLOW,True,ALLOW,GATE_0_FAST_PATH,True,ALLOW,GATE_1_NEURAL_QWEN,True
TX-CAT1-0981,1. Routine Everyday,ALLOW,usr-1001-cst-001,Maria Santos,Makati CBD,1934.04,2500.0,0.77,coffee and pastry,14.550796,121.028062,14.5547,121.02,14.5547,121.02,185.0,0.97,0.97,0.31,False,False,ALLOW,True,ALLOW,GATE_0_FAST_PATH,True,ALLOW,GATE_1_NEURAL_QWEN,True
TX-CAT1-0982,1. Routine Everyday,ALLOW,usr-1004-cst-004,Carlos Tan,Pasig Ortigas,697.14,2000.0,0.35,school supplies,14.588723,121.052696,14.5869,121.0614,14.5869,121.0614,205.6,0.96,0.96,0.28,False,False,ALLOW,True,ALLOW,GATE_0_FAST_PATH,True,ALLOW,GATE_1_NEURAL_QWEN,True
TX-CAT1-0983,1. Routine Everyday,ALLOW,usr-1002-cst-002,Juan Dela Cruz,Quezon City,2932.36,4000.0,0.73,dinner delivery,14.668163,121.033217,14.676,121.0437,14.676,121.0437,87.5,1.43,1.43,0.98,False,False,ALLOW,True,ALLOW,GATE_0_FAST_PATH,True,ALLOW,GATE_1_NEURAL_QWEN,True
TX-CAT1-0984,1. Routine Everyday,ALLOW,usr-1004-cst-004,Carlos Tan,Pasig Ortigas,419.13,2000.0,0.21,pharmacy vitamins,14.588182,121.059928,14.5869,121.0614,14.5869,121.0614,224.4,0.21,0.21,0.06,False,False,ALLOW,True,ALLOW,GATE_0_FAST_PATH,True,ALLOW,GATE_1_NEURAL_QWEN,True
TX-CAT1-0985,1. Routine Everyday,ALLOW,usr-1001-cst-001,Maria Santos,Makati CBD,420.75,2500.0,0.17,school supplies,14.557399,121.026664,14.5547,121.02,14.5547,121.02,33.3,0.78,0.78,1.41,False,False,ALLOW,True,ALLOW,GATE_0_FAST_PATH,True,ALLOW,GATE_1_NEURAL_QWEN,True
TX-CAT1-0986,1. Routine Everyday,ALLOW,usr-1004-cst-004,Carlos Tan,Pasig Ortigas,263.69,2000.0,0.13,supermarket groceries,14.579206,121.051539,14.5869,121.0614,14.5869,121.0614,166.9,1.36,1.36,0.49,False,False,ALLOW,True,ALLOW,GATE_0_FAST_PATH,True,ALLOW,GATE_1_NEURAL_QWEN,True
TX-CAT1-0987,1. Routine Everyday,ALLOW,usr-1003-cst-003,Elena Reyes,Cebu IT Park,6001.22,15000.0,0.4,allowance transfer,10.320317,123.878348,10.3157,123.8854,10.3157,123.8854,164.4,0.93,0.93,0.34,False,False,ALLOW,True,ALLOW,GATE_0_FAST_PATH,True,ALLOW,GATE_1_NEURAL_QWEN,True
TX-CAT1-0988,1. Routine Everyday,ALLOW,usr-1004-cst-004,Carlos Tan,Pasig Ortigas,853.42,2000.0,0.43,monthly rent payment,14.589553,121.050303,14.5869,121.0614,14.5869,121.0614,67.8,1.23,1.23,1.09,False,False,ALLOW,True,ALLOW,GATE_0_FAST_PATH,True,ALLOW,GATE_1_NEURAL_QWEN,True
TX-CAT1-0989,1. Routine Everyday,ALLOW,usr-1004-cst-004,Carlos Tan,Pasig Ortigas,1209.45,2000.0,0.6,lunch with colleagues,14.589953,121.068182,14.5869,121.0614,14.5869,121.0614,103.0,0.8,0.8,0.47,False,False,ALLOW,True,ALLOW,GATE_0_FAST_PATH,True,ALLOW,GATE_1_NEURAL_QWEN,True
TX-CAT1-0990,1. Routine Everyday,ALLOW,usr-1001-cst-001,Maria Santos,Makati CBD,1377.64,2500.0,0.55,meralco electric bill,14.54552,121.020725,14.5547,121.02,14.5547,121.02,50.1,1.02,1.02,1.22,False,False,ALLOW,True,ALLOW,GATE_0_FAST_PATH,True,ALLOW,GATE_1_NEURAL_QWEN,True
TX-CAT1-0991,1. Routine Everyday,ALLOW,usr-1003-cst-003,Elena Reyes,Cebu IT Park,12310.39,15000.0,0.82,grab car ride payment,10.315881,123.884541,10.3157,123.8854,10.3157,123.8854,161.6,0.1,0.1,0.04,False,False,ALLOW,True,ALLOW,GATE_0_FAST_PATH,True,ALLOW,GATE_1_NEURAL_QWEN,True
TX-CAT1-0992,1. Routine Everyday,ALLOW,usr-1002-cst-002,Juan Dela Cruz,Quezon City,1137.25,4000.0,0.28,meralco electric bill,14.666704,121.035281,14.676,121.0437,14.676,121.0437,207.2,1.37,1.37,0.4,False,False,ALLOW,True,ALLOW,GATE_0_FAST_PATH,True,ALLOW,GATE_1_NEURAL_QWEN,True
TX-CAT1-0993,1. Routine Everyday,ALLOW,usr-1004-cst-004,Carlos Tan,Pasig Ortigas,1005.58,2000.0,0.5,monthly rent payment,14.590983,121.050435,14.5869,121.0614,14.5869,121.0614,165.4,1.26,1.26,0.46,False,False,ALLOW,True,ALLOW,GATE_0_FAST_PATH,True,ALLOW,GATE_1_NEURAL_QWEN,True
TX-CAT1-0994,1. Routine Everyday,ALLOW,usr-1003-cst-003,Elena Reyes,Cebu IT Park,3081.5,15000.0,0.21,maynilad water payment,10.311723,123.892724,10.3157,123.8854,10.3157,123.8854,189.3,0.92,0.92,0.29,False,False,ALLOW,True,ALLOW,GATE_0_FAST_PATH,True,ALLOW,GATE_1_NEURAL_QWEN,True
TX-CAT1-0995,1. Routine Everyday,ALLOW,usr-1001-cst-001,Maria Santos,Makati CBD,355.47,2500.0,0.14,supermarket groceries,14.564897,121.012221,14.5547,121.02,14.5547,121.02,195.0,1.41,1.41,0.43,False,False,ALLOW,True,ALLOW,GATE_0_FAST_PATH,True,ALLOW,GATE_1_NEURAL_QWEN,True
TX-CAT1-0996,1. Routine Everyday,ALLOW,usr-1004-cst-004,Carlos Tan,Pasig Ortigas,1036.53,2000.0,0.52,lunch with colleagues,14.596382,121.066714,14.5869,121.0614,14.5869,121.0614,154.5,1.2,1.2,0.47,False,False,ALLOW,True,ALLOW,GATE_0_FAST_PATH,True,ALLOW,GATE_1_NEURAL_QWEN,True
TX-CAT1-0997,1. Routine Everyday,ALLOW,usr-1003-cst-003,Elena Reyes,Cebu IT Park,6041.41,15000.0,0.4,pet food purchase,10.319944,123.881216,10.3157,123.8854,10.3157,123.8854,193.6,0.66,0.66,0.2,False,False,ALLOW,True,ALLOW,GATE_0_FAST_PATH,True,ALLOW,GATE_1_NEURAL_QWEN,True
TX-CAT1-0998,1. Routine Everyday,ALLOW,usr-1003-cst-003,Elena Reyes,Cebu IT Park,3338.56,15000.0,0.22,meralco electric bill,10.321406,123.894277,10.3157,123.8854,10.3157,123.8854,108.9,1.16,1.16,0.64,False,False,ALLOW,True,ALLOW,GATE_0_FAST_PATH,True,ALLOW,GATE_1_NEURAL_QWEN,True
TX-CAT1-0999,1. Routine Everyday,ALLOW,usr-1002-cst-002,Juan Dela Cruz,Quezon City,390.59,4000.0,0.1,dinner delivery,14.675626,121.053072,14.676,121.0437,14.676,121.0437,60.4,1.01,1.01,1.0,False,False,ALLOW,True,ALLOW,GATE_0_FAST_PATH,True,ALLOW,GATE_1_NEURAL_QWEN,True
TX-CAT1-1000,1. Routine Everyday,ALLOW,usr-1004-cst-004,Carlos Tan,Pasig Ortigas,436.95,2000.0,0.22,pharmacy vitamins,14.578174,121.066676,14.5869,121.0614,14.5869,121.0614,162.7,1.12,1.12,0.41,False,False,ALLOW,True,ALLOW,GATE_0_FAST_PATH,True,ALLOW,GATE_1_NEURAL_QWEN,True
TX-CAT1-1001,1. Routine Everyday,ALLOW,usr-1003-cst-003,Elena Reyes,Cebu IT Park,2977.24,15000.0,0.2,monthly rent payment,10.30447,123.887048,10.3157,123.8854,10.3157,123.8854,88.9,1.26,1.26,0.85,False,False,ALLOW,True,ALLOW,GATE_0_FAST_PATH,True,ALLOW,GATE_1_NEURAL_QWEN,True
TX-CAT1-1002,1. Routine Everyday,ALLOW,usr-1001-cst-001,Maria Santos,Makati CBD,2040.47,2500.0,0.82,allowance transfer,14.552737,121.026248,14.5547,121.02,14.5547,121.02,76.2,0.71,0.71,0.56,False,False,ALLOW,True,ALLOW,GATE_0_FAST_PATH,True,ALLOW,GATE_1_NEURAL_QWEN,True
TX-CAT1-1003,1. Routine Everyday,ALLOW,usr-1003-cst-003,Elena Reyes,Cebu IT Park,8649.38,15000.0,0.58,school supplies,10.326566,123.895134,10.3157,123.8854,10.3157,123.8854,151.4,1.61,1.61,0.64,False,False,ALLOW,True,ALLOW,GATE_0_FAST_PATH,True,ALLOW,GATE_1_NEURAL_QWEN,True
TX-CAT1-1004,1. Routine Everyday,ALLOW,usr-1002-cst-002,Juan Dela Cruz,Quezon City,438.23,4000.0,0.11,grab car ride payment,14.675741,121.055596,14.676,121.0437,14.676,121.0437,154.2,1.28,1.28,0.5,False,False,ALLOW,True,ALLOW,GATE_0_FAST_PATH,True,ALLOW,GATE_1_NEURAL_QWEN,True
TX-CAT1-1005,1. Routine Everyday,ALLOW,usr-1004-cst-004,Carlos Tan,Pasig Ortigas,616.92,2000.0,0.31,pet food purchase,14.585175,121.070342,14.5869,121.0614,14.5869,121.0614,82.0,0.98,0.98,0.72,False,False,ALLOW,True,ALLOW,GATE_0_FAST_PATH,True,ALLOW,GATE_1_NEURAL_QWEN,True
TX-CAT1-1006,1. Routine Everyday,ALLOW,usr-1004-cst-004,Carlos Tan,Pasig Ortigas,1151.45,2000.0,0.58,dinner delivery,14.59761,121.07133,14.5869,121.0614,14.5869,121.0614,218.6,1.6,1.6,0.44,False,False,ALLOW,True,ALLOW,GATE_0_FAST_PATH,True,ALLOW,GATE_1_NEURAL_QWEN,True
TX-CAT1-1007,1. Routine Everyday,ALLOW,usr-1004-cst-004,Carlos Tan,Pasig Ortigas,1864.73,2000.0,0.93,supermarket groceries,14.598691,121.067003,14.5869,121.0614,14.5869,121.0614,135.9,1.44,1.44,0.64,False,False,ALLOW,True,ALLOW,GATE_0_FAST_PATH,True,ALLOW,GATE_1_NEURAL_QWEN,True
TX-CAT1-1008,1. Routine Everyday,ALLOW,usr-1004-cst-004,Carlos Tan,Pasig Ortigas,1065.4,2000.0,0.53,allowance transfer,14.594333,121.06612,14.5869,121.0614,14.5869,121.0614,50.6,0.97,0.97,1.15,False,False,ALLOW,True,ALLOW,GATE_0_FAST_PATH,True,ALLOW,GATE_1_NEURAL_QWEN,True
TX-CAT1-1009,1. Routine Everyday,ALLOW,usr-1004-cst-004,Carlos Tan,Pasig Ortigas,548.11,2000.0,0.27,grab car ride payment,14.592974,121.066036,14.5869,121.0614,14.5869,121.0614,115.4,0.84,0.84,0.44,False,False,ALLOW,True,ALLOW,GATE_0_FAST_PATH,True,ALLOW,GATE_1_NEURAL_QWEN,True
TX-CAT1-1010,1. Routine Everyday,ALLOW,usr-1002-cst-002,Juan Dela Cruz,Quezon City,608.38,4000.0,0.15,maynilad water payment,14.669737,121.055675,14.676,121.0437,14.676,121.0437,33.3,1.46,1.46,2.63,False,False,ALLOW,True,ALLOW,GATE_0_FAST_PATH,True,ALLOW,GATE_1_NEURAL_QWEN,True
TX-CAT1-1011,1. Routine Everyday,ALLOW,usr-1003-cst-003,Elena Reyes,Cebu IT Park,2406.27,15000.0,0.16,allowance transfer,10.32429,123.891335,10.3157,123.8854,10.3157,123.8854,35.1,1.15,1.15,1.97,False,False,ALLOW,True,ALLOW,GATE_0_FAST_PATH,True,ALLOW,GATE_1_NEURAL_QWEN,True
TX-CAT1-1012,1. Routine Everyday,ALLOW,usr-1004-cst-004,Carlos Tan,Pasig Ortigas,945.49,2000.0,0.47,monthly rent payment,14.595881,121.059129,14.5869,121.0614,14.5869,121.0614,195.9,1.03,1.03,0.32,False,False,ALLOW,True,ALLOW,GATE_0_FAST_PATH,True,ALLOW,GATE_1_NEURAL_QWEN,True
TX-CAT1-1013,1. Routine Everyday,ALLOW,usr-1003-cst-003,Elena Reyes,Cebu IT Park,8976.84,15000.0,0.6,pet food purchase,10.318902,123.894049,10.3157,123.8854,10.3157,123.8854,44.8,1.01,1.01,1.35,False,False,ALLOW,True,ALLOW,GATE_0_FAST_PATH,True,ALLOW,GATE_1_NEURAL_QWEN,True
TX-CAT1-1014,1. Routine Everyday,ALLOW,usr-1003-cst-003,Elena Reyes,Cebu IT Park,7621.9,15000.0,0.51,maynilad water payment,10.313922,123.879875,10.3157,123.8854,10.3157,123.8854,228.7,0.64,0.64,0.17,False,False,ALLOW,True,ALLOW,GATE_0_FAST_PATH,True,ALLOW,GATE_1_NEURAL_QWEN,True
TX-CAT1-1015,1. Routine Everyday,ALLOW,usr-1002-cst-002,Juan Dela Cruz,Quezon City,3018.71,4000.0,0.75,lunch with colleagues,14.678891,121.039757,14.676,121.0437,14.676,121.0437,225.8,0.53,0.53,0.14,False,False,ALLOW,True,ALLOW,GATE_0_FAST_PATH,True,ALLOW,GATE_1_NEURAL_QWEN,True
TX-CAT1-1016,1. Routine Everyday,ALLOW,usr-1003-cst-003,Elena Reyes,Cebu IT Park,12667.13,15000.0,0.84,lunch with colleagues,10.312891,123.884568,10.3157,123.8854,10.3157,123.8854,38.6,0.33,0.33,0.51,False,False,ALLOW,True,ALLOW,GATE_0_FAST_PATH,True,ALLOW,GATE_1_NEURAL_QWEN,True
TX-CAT1-1017,1. Routine Everyday,ALLOW,usr-1003-cst-003,Elena Reyes,Cebu IT Park,2596.53,15000.0,0.17,grab car ride payment,10.320617,123.886858,10.3157,123.8854,10.3157,123.8854,192.5,0.57,0.57,0.18,False,False,ALLOW,True,ALLOW,GATE_0_FAST_PATH,True,ALLOW,GATE_1_NEURAL_QWEN,True
TX-CAT1-1018,1. Routine Everyday,ALLOW,usr-1002-cst-002,Juan Dela Cruz,Quezon City,3731.01,4000.0,0.93,meralco electric bill,14.676951,121.047277,14.676,121.0437,14.676,121.0437,184.8,0.4,0.4,0.13,False,False,ALLOW,True,ALLOW,GATE_0_FAST_PATH,True,ALLOW,GATE_1_NEURAL_QWEN,True
TX-CAT1-1019,1. Routine Everyday,ALLOW,usr-1002-cst-002,Juan Dela Cruz,Quezon City,2891.68,4000.0,0.72,meralco electric bill,14.671691,121.05325,14.676,121.0437,14.676,121.0437,135.7,1.13,1.13,0.5,False,False,ALLOW,True,ALLOW,GATE_0_FAST_PATH,True,ALLOW,GATE_1_NEURAL_QWEN,True
TX-CAT1-1020,1. Routine Everyday,ALLOW,usr-1004-cst-004,Carlos Tan,Pasig Ortigas,613.32,2000.0,0.31,lunch with colleagues,14.583848,121.060258,14.5869,121.0614,14.5869,121.0614,135.3,0.36,0.36,0.16,False,False,ALLOW,True,ALLOW,GATE_0_FAST_PATH,True,ALLOW,GATE_1_NEURAL_QWEN,True
TX-CAT1-1021,1. Routine Everyday,ALLOW,usr-1001-cst-001,Maria Santos,Makati CBD,1180.22,2500.0,0.47,grab car ride payment,14.558979,121.020789,14.5547,121.02,14.5547,121.02,91.4,0.48,0.48,0.32,False,False,ALLOW,True,ALLOW,GATE_0_FAST_PATH,True,ALLOW,GATE_1_NEURAL_QWEN,True
TX-CAT1-1022,1. Routine Everyday,ALLOW,usr-1003-cst-003,Elena Reyes,Cebu IT Park,11422.64,15000.0,0.76,pet food purchase,10.323111,123.895981,10.3157,123.8854,10.3157,123.8854,43.8,1.42,1.42,1.95,False,False,ALLOW,True,ALLOW,GATE_0_FAST_PATH,True,ALLOW,GATE_1_NEURAL_QWEN,True
TX-CAT1-1023,1. Routine Everyday,ALLOW,usr-1004-cst-004,Carlos Tan,Pasig Ortigas,275.41,2000.0,0.14,coffee and pastry,14.596451,121.056321,14.5869,121.0614,14.5869,121.0614,230.9,1.19,1.19,0.31,False,False,ALLOW,True,ALLOW,GATE_0_FAST_PATH,True,ALLOW,GATE_1_NEURAL_QWEN,True
TX-CAT1-1024,1. Routine Everyday,ALLOW,usr-1001-cst-001,Maria Santos,Makati CBD,491.55,2500.0,0.2,lunch with colleagues,14.55943,121.019912,14.5547,121.02,14.5547,121.02,213.7,0.53,0.53,0.15,False,False,ALLOW,True,ALLOW,GATE_0_FAST_PATH,True,ALLOW,GATE_1_NEURAL_QWEN,True
TX-CAT1-1025,1. Routine Everyday,ALLOW,usr-1001-cst-001,Maria Santos,Makati CBD,781.1,2500.0,0.31,school supplies,14.555694,121.011169,14.5547,121.02,14.5547,121.02,102.8,0.96,0.96,0.56,False,False,ALLOW,True,ALLOW,GATE_0_FAST_PATH,True,ALLOW,GATE_1_NEURAL_QWEN,True
TX-CAT1-1026,1. Routine Everyday,ALLOW,usr-1004-cst-004,Carlos Tan,Pasig Ortigas,1433.12,2000.0,0.72,supermarket groceries,14.581896,121.050911,14.5869,121.0614,14.5869,121.0614,213.1,1.26,1.26,0.35,False,False,ALLOW,True,ALLOW,GATE_0_FAST_PATH,True,ALLOW,GATE_1_NEURAL_QWEN,True
TX-CAT1-1027,1. Routine Everyday,ALLOW,usr-1002-cst-002,Juan Dela Cruz,Quezon City,3192.61,4000.0,0.8,grab car ride payment,14.679472,121.041581,14.676,121.0437,14.676,121.0437,102.0,0.45,0.45,0.26,False,False,ALLOW,True,ALLOW,GATE_0_FAST_PATH,True,ALLOW,GATE_1_NEURAL_QWEN,True
TX-CAT1-1028,1. Routine Everyday,ALLOW,usr-1003-cst-003,Elena Reyes,Cebu IT Park,6989.28,15000.0,0.47,school supplies,10.320425,123.893606,10.3157,123.8854,10.3157,123.8854,123.5,1.04,1.04,0.51,False,False,ALLOW,True,ALLOW,GATE_0_FAST_PATH,True,ALLOW,GATE_1_NEURAL_QWEN,True
TX-CAT1-1029,1. Routine Everyday,ALLOW,usr-1003-cst-003,Elena Reyes,Cebu IT Park,8135.27,15000.0,0.54,maynilad water payment,10.307822,123.87964,10.3157,123.8854,10.3157,123.8854,131.7,1.08,1.08,0.49,False,False,ALLOW,True,ALLOW,GATE_0_FAST_PATH,True,ALLOW,GATE_1_NEURAL_QWEN,True
TX-CAT1-1030,1. Routine Everyday,ALLOW,usr-1003-cst-003,Elena Reyes,Cebu IT Park,10996.56,15000.0,0.73,supermarket groceries,10.30726,123.880225,10.3157,123.8854,10.3157,123.8854,230.8,1.1,1.1,0.29,False,False,ALLOW,True,ALLOW,GATE_0_FAST_PATH,True,ALLOW,GATE_1_NEURAL_QWEN,True
TX-CAT1-1031,1. Routine Everyday,ALLOW,usr-1002-cst-002,Juan Dela Cruz,Quezon City,2739.47,4000.0,0.68,maynilad water payment,14.668375,121.035909,14.676,121.0437,14.676,121.0437,178.7,1.19,1.19,0.4,False,False,ALLOW,True,ALLOW,GATE_0_FAST_PATH,True,ALLOW,GATE_1_NEURAL_QWEN,True
TX-CAT1-1032,1. Routine Everyday,ALLOW,usr-1002-cst-002,Juan Dela Cruz,Quezon City,713.42,4000.0,0.18,lunch with colleagues,14.664988,121.039299,14.676,121.0437,14.676,121.0437,56.6,1.31,1.31,1.39,False,False,ALLOW,True,ALLOW,GATE_0_FAST_PATH,True,ALLOW,GATE_1_NEURAL_QWEN,True
TX-CAT1-1033,1. Routine Everyday,ALLOW,usr-1003-cst-003,Elena Reyes,Cebu IT Park,5343.47,15000.0,0.36,meralco electric bill,10.3172,123.874233,10.3157,123.8854,10.3157,123.8854,96.6,1.23,1.23,0.76,False,False,ALLOW,True,ALLOW,GATE_0_FAST_PATH,True,ALLOW,GATE_1_NEURAL_QWEN,True
TX-CAT1-1034,1. Routine Everyday,ALLOW,usr-1003-cst-003,Elena Reyes,Cebu IT Park,2210.45,15000.0,0.15,allowance transfer,10.316657,123.877302,10.3157,123.8854,10.3157,123.8854,93.3,0.89,0.89,0.57,False,False,ALLOW,True,ALLOW,GATE_0_FAST_PATH,True,ALLOW,GATE_1_NEURAL_QWEN,True
TX-CAT1-1035,1. Routine Everyday,ALLOW,usr-1001-cst-001,Maria Santos,Makati CBD,1032.29,2500.0,0.41,allowance transfer,14.561144,121.030747,14.5547,121.02,14.5547,121.02,224.8,1.36,1.36,0.36,False,False,ALLOW,True,ALLOW,GATE_0_FAST_PATH,True,ALLOW,GATE_1_NEURAL_QWEN,True
TX-CAT1-1036,1. Routine Everyday,ALLOW,usr-1002-cst-002,Juan Dela Cruz,Quezon City,135.8,4000.0,0.03,pet food purchase,14.677107,121.043878,14.676,121.0437,14.676,121.0437,165.9,0.12,0.12,0.04,False,False,ALLOW,True,ALLOW,GATE_0_FAST_PATH,True,ALLOW,GATE_1_NEURAL_QWEN,True
TX-CAT1-1037,1. Routine Everyday,ALLOW,usr-1003-cst-003,Elena Reyes,Cebu IT Park,6816.36,15000.0,0.45,maynilad water payment,10.326971,123.8915,10.3157,123.8854,10.3157,123.8854,238.8,1.42,1.42,0.36,False,False,ALLOW,True,ALLOW,GATE_0_FAST_PATH,True,ALLOW,GATE_1_NEURAL_QWEN,True
TX-CAT1-1038,1. Routine Everyday,ALLOW,usr-1002-cst-002,Juan Dela Cruz,Quezon City,3062.44,4000.0,0.77,pet food purchase,14.685765,121.042311,14.676,121.0437,14.676,121.0437,174.7,1.1,1.1,0.38,False,False,ALLOW,True,ALLOW,GATE_0_FAST_PATH,True,ALLOW,GATE_1_NEURAL_QWEN,True
TX-CAT1-1039,1. Routine Everyday,ALLOW,usr-1004-cst-004,Carlos Tan,Pasig Ortigas,1722.31,2000.0,0.86,monthly rent payment,14.591172,121.052205,14.5869,121.0614,14.5869,121.0614,35.2,1.1,1.1,1.88,False,False,ALLOW,True,ALLOW,GATE_0_FAST_PATH,True,ALLOW,GATE_1_NEURAL_QWEN,True
TX-CAT1-1040,1. Routine Everyday,ALLOW,usr-1002-cst-002,Juan Dela Cruz,Quezon City,1761.18,4000.0,0.44,lunch with colleagues,14.671833,121.046296,14.676,121.0437,14.676,121.0437,71.0,0.54,0.54,0.46,False,False,ALLOW,True,ALLOW,GATE_0_FAST_PATH,True,ALLOW,GATE_1_NEURAL_QWEN,True
TX-CAT1-1041,1. Routine Everyday,ALLOW,usr-1002-cst-002,Juan Dela Cruz,Quezon City,2995.12,4000.0,0.75,maynilad water payment,14.668697,121.033706,14.676,121.0437,14.676,121.0437,208.4,1.35,1.35,0.39,False,False,ALLOW,True,ALLOW,GATE_0_FAST_PATH,True,ALLOW,GATE_1_NEURAL_QWEN,True
TX-CAT1-1042,1. Routine Everyday,ALLOW,usr-1001-cst-001,Maria Santos,Makati CBD,2320.52,2500.0,0.93,coffee and pastry,14.547367,121.015626,14.5547,121.02,14.5547,121.02,157.1,0.94,0.94,0.36,False,False,ALLOW,True,ALLOW,GATE_0_FAST_PATH,True,ALLOW,GATE_1_NEURAL_QWEN,True
TX-CAT1-1043,1. Routine Everyday,ALLOW,usr-1001-cst-001,Maria Santos,Makati CBD,2168.55,2500.0,0.87,pharmacy vitamins,14.552241,121.025183,14.5547,121.02,14.5547,121.02,119.8,0.62,0.62,0.31,False,False,ALLOW,True,ALLOW,GATE_0_FAST_PATH,True,ALLOW,GATE_1_NEURAL_QWEN,True
TX-CAT1-1044,1. Routine Everyday,ALLOW,usr-1004-cst-004,Carlos Tan,Pasig Ortigas,783.64,2000.0,0.39,maynilad water payment,14.583178,121.056794,14.5869,121.0614,14.5869,121.0614,123.6,0.65,0.65,0.32,False,False,ALLOW,True,ALLOW,GATE_0_FAST_PATH,True,ALLOW,GATE_1_NEURAL_QWEN,True
TX-CAT1-1045,1. Routine Everyday,ALLOW,usr-1001-cst-001,Maria Santos,Makati CBD,606.39,2500.0,0.24,allowance transfer,14.560497,121.017975,14.5547,121.02,14.5547,121.02,122.9,0.68,0.68,0.33,False,False,ALLOW,True,ALLOW,GATE_0_FAST_PATH,True,ALLOW,GATE_1_NEURAL_QWEN,True
TX-CAT1-1046,1. Routine Everyday,ALLOW,usr-1002-cst-002,Juan Dela Cruz,Quezon City,3084.88,4000.0,0.77,coffee and pastry,14.681487,121.041641,14.676,121.0437,14.676,121.0437,205.5,0.65,0.65,0.19,False,False,ALLOW,True,ALLOW,GATE_0_FAST_PATH,True,ALLOW,GATE_1_NEURAL_QWEN,True
TX-CAT1-1047,1. Routine Everyday,ALLOW,usr-1001-cst-001,Maria Santos,Makati CBD,443.91,2500.0,0.18,maynilad water payment,14.554091,121.028821,14.5547,121.02,14.5547,121.02,237.2,0.95,0.95,0.24,False,False,ALLOW,True,ALLOW,GATE_0_FAST_PATH,True,ALLOW,GATE_1_NEURAL_QWEN,True
TX-CAT1-1048,1. Routine Everyday,ALLOW,usr-1001-cst-001,Maria Santos,Makati CBD,2224.26,2500.0,0.89,dinner delivery,14.560847,121.010123,14.5547,121.02,14.5547,121.02,116.0,1.26,1.26,0.65,False,False,ALLOW,True,ALLOW,GATE_0_FAST_PATH,True,ALLOW,GATE_1_NEURAL_QWEN,True
TX-CAT1-1049,1. Routine Everyday,ALLOW,usr-1003-cst-003,Elena Reyes,Cebu IT Park,5977.08,15000.0,0.4,grab car ride payment,10.314791,123.88703,10.3157,123.8854,10.3157,123.8854,222.1,0.2,0.2,0.05,False,False,ALLOW,True,ALLOW,GATE_0_FAST_PATH,True,ALLOW,GATE_1_NEURAL_QWEN,True
TX-CAT1-1050,1. Routine Everyday,ALLOW,usr-1002-cst-002,Juan Dela Cruz,Quezon City,804.5,4000.0,0.2,coffee and pastry,14.670947,121.043474,14.676,121.0437,14.676,121.0437,202.8,0.56,0.56,0.17,False,False,ALLOW,True,ALLOW,GATE_0_FAST_PATH,True,ALLOW,GATE_1_NEURAL_QWEN,True
TX-CAT1-1051,1. Routine Everyday,ALLOW,usr-1003-cst-003,Elena Reyes,Cebu IT Park,11912.69,15000.0,0.79,maynilad water payment,10.315558,123.891157,10.3157,123.8854,10.3157,123.8854,77.1,0.63,0.63,0.49,False,False,ALLOW,True,ALLOW,GATE_0_FAST_PATH,True,ALLOW,GATE_1_NEURAL_QWEN,True
TX-CAT1-1052,1. Routine Everyday,ALLOW,usr-1001-cst-001,Maria Santos,Makati CBD,467.32,2500.0,0.19,maynilad water payment,14.565645,121.028022,14.5547,121.02,14.5547,121.02,129.2,1.49,1.49,0.69,False,False,ALLOW,True,ALLOW,GATE_0_FAST_PATH,True,ALLOW,GATE_1_NEURAL_QWEN,True
TX-CAT1-1053,1. Routine Everyday,ALLOW,usr-1003-cst-003,Elena Reyes,Cebu IT Park,6014.43,15000.0,0.4,allowance transfer,10.325463,123.888875,10.3157,123.8854,10.3157,123.8854,36.0,1.15,1.15,1.92,False,False,ALLOW,True,ALLOW,GATE_0_FAST_PATH,True,ALLOW,GATE_1_NEURAL_QWEN,True
TX-CAT1-1054,1. Routine Everyday,ALLOW,usr-1003-cst-003,Elena Reyes,Cebu IT Park,7086.8,15000.0,0.47,lunch with colleagues,10.318073,123.882082,10.3157,123.8854,10.3157,123.8854,130.9,0.45,0.45,0.21,False,False,ALLOW,True,ALLOW,GATE_0_FAST_PATH,True,ALLOW,GATE_1_NEURAL_QWEN,True
TX-CAT1-1055,1. Routine Everyday,ALLOW,usr-1004-cst-004,Carlos Tan,Pasig Ortigas,1665.66,2000.0,0.83,school supplies,14.591362,121.072782,14.5869,121.0614,14.5869,121.0614,201.8,1.32,1.32,0.39,False,False,ALLOW,True,ALLOW,GATE_0_FAST_PATH,True,ALLOW,GATE_1_NEURAL_QWEN,True
TX-CAT1-1056,1. Routine Everyday,ALLOW,usr-1003-cst-003,Elena Reyes,Cebu IT Park,7361.99,15000.0,0.49,dinner delivery,10.304121,123.879629,10.3157,123.8854,10.3157,123.8854,152.1,1.43,1.43,0.56,False,False,ALLOW,True,ALLOW,GATE_0_FAST_PATH,True,ALLOW,GATE_1_NEURAL_QWEN,True
TX-CAT1-1057,1. Routine Everyday,ALLOW,usr-1002-cst-002,Juan Dela Cruz,Quezon City,1296.43,4000.0,0.32,pet food purchase,14.667252,121.035619,14.676,121.0437,14.676,121.0437,87.3,1.3,1.3,0.89,False,False,ALLOW,True,ALLOW,GATE_0_FAST_PATH,True,ALLOW,GATE_1_NEURAL_QWEN,True
TX-CAT1-1058,1. Routine Everyday,ALLOW,usr-1004-cst-004,Carlos Tan,Pasig Ortigas,1252.52,2000.0,0.63,pharmacy vitamins,14.576069,121.0564,14.5869,121.0614,14.5869,121.0614,164.2,1.32,1.32,0.48,False,False,ALLOW,True,ALLOW,GATE_0_FAST_PATH,True,ALLOW,GATE_1_NEURAL_QWEN,True
TX-CAT1-1059,1. Routine Everyday,ALLOW,usr-1001-cst-001,Maria Santos,Makati CBD,1278.77,2500.0,0.51,school supplies,14.547098,121.010268,14.5547,121.02,14.5547,121.02,188.1,1.35,1.35,0.43,False,False,ALLOW,True,ALLOW,GATE_0_FAST_PATH,True,ALLOW,GATE_1_NEURAL_QWEN,True
TX-CAT1-1060,1. Routine Everyday,ALLOW,usr-1003-cst-003,Elena Reyes,Cebu IT Park,12447.62,15000.0,0.83,school supplies,10.322897,123.879915,10.3157,123.8854,10.3157,123.8854,176.6,1.0,1.0,0.34,False,False,ALLOW,True,ALLOW,GATE_0_FAST_PATH,True,ALLOW,GATE_1_NEURAL_QWEN,True
TX-CAT1-1061,1. Routine Everyday,ALLOW,usr-1003-cst-003,Elena Reyes,Cebu IT Park,1474.13,15000.0,0.1,dinner delivery,10.312139,123.876849,10.3157,123.8854,10.3157,123.8854,58.8,1.02,1.02,1.04,False,False,ALLOW,True,ALLOW,GATE_0_FAST_PATH,True,ALLOW,GATE_1_NEURAL_QWEN,True
TX-CAT1-1062,1. Routine Everyday,ALLOW,usr-1003-cst-003,Elena Reyes,Cebu IT Park,5390.69,15000.0,0.36,allowance transfer,10.313588,123.895502,10.3157,123.8854,10.3157,123.8854,64.2,1.13,1.13,1.06,False,False,ALLOW,True,ALLOW,GATE_0_FAST_PATH,True,ALLOW,GATE_1_NEURAL_QWEN,True
TX-CAT1-1063,1. Routine Everyday,ALLOW,usr-1002-cst-002,Juan Dela Cruz,Quezon City,688.76,4000.0,0.17,meralco electric bill,14.683958,121.050783,14.676,121.0437,14.676,121.0437,147.3,1.17,1.17,0.48,False,False,ALLOW,True,ALLOW,GATE_0_FAST_PATH,True,ALLOW,GATE_1_NEURAL_QWEN,True
TX-CAT1-1064,1. Routine Everyday,ALLOW,usr-1001-cst-001,Maria Santos,Makati CBD,1061.12,2500.0,0.42,lunch with colleagues,14.545498,121.01115,14.5547,121.02,14.5547,121.02,33.6,1.4,1.4,2.5,False,False,ALLOW,True,ALLOW,GATE_0_FAST_PATH,True,ALLOW,GATE_1_NEURAL_QWEN,True
TX-CAT1-1065,1. Routine Everyday,ALLOW,usr-1003-cst-003,Elena Reyes,Cebu IT Park,4522.53,15000.0,0.3,pharmacy vitamins,10.307036,123.884007,10.3157,123.8854,10.3157,123.8854,237.4,0.98,0.98,0.25,False,False,ALLOW,True,ALLOW,GATE_0_FAST_PATH,True,ALLOW,GATE_1_NEURAL_QWEN,True
TX-CAT1-1066,1. Routine Everyday,ALLOW,usr-1003-cst-003,Elena Reyes,Cebu IT Park,2553.29,15000.0,0.17,maynilad water payment,10.30439,123.89295,10.3157,123.8854,10.3157,123.8854,76.7,1.5,1.5,1.17,False,False,ALLOW,True,ALLOW,GATE_0_FAST_PATH,True,ALLOW,GATE_1_NEURAL_QWEN,True
TX-CAT1-1067,1. Routine Everyday,ALLOW,usr-1002-cst-002,Juan Dela Cruz,Quezon City,2652.01,4000.0,0.66,maynilad water payment,14.667008,121.034825,14.676,121.0437,14.676,121.0437,46.5,1.38,1.38,1.78,False,False,ALLOW,True,ALLOW,GATE_0_FAST_PATH,True,ALLOW,GATE_1_NEURAL_QWEN,True
TX-CAT1-1068,1. Routine Everyday,ALLOW,usr-1001-cst-001,Maria Santos,Makati CBD,295.29,2500.0,0.12,allowance transfer,14.560876,121.00902,14.5547,121.02,14.5547,121.02,52.6,1.37,1.37,1.56,False,False,ALLOW,True,ALLOW,GATE_0_FAST_PATH,True,ALLOW,GATE_1_NEURAL_QWEN,True
TX-CAT1-1069,1. Routine Everyday,ALLOW,usr-1001-cst-001,Maria Santos,Makati CBD,1177.78,2500.0,0.47,maynilad water payment,14.543739,121.015239,14.5547,121.02,14.5547,121.02,32.2,1.32,1.32,2.46,False,False,ALLOW,True,ALLOW,GATE_0_FAST_PATH,True,ALLOW,GATE_1_NEURAL_QWEN,True
TX-CAT1-1070,1. Routine Everyday,ALLOW,usr-1001-cst-001,Maria Santos,Makati CBD,1884.25,2500.0,0.75,dinner delivery,14.54763,121.029628,14.5547,121.02,14.5547,121.02,68.8,1.3,1.3,1.13,False,False,ALLOW,True,ALLOW,GATE_0_FAST_PATH,True,ALLOW,GATE_1_NEURAL_QWEN,True
TX-CAT1-1071,1. Routine Everyday,ALLOW,usr-1003-cst-003,Elena Reyes,Cebu IT Park,533.43,15000.0,0.04,monthly rent payment,10.324001,123.896004,10.3157,123.8854,10.3157,123.8854,229.2,1.48,1.48,0.39,False,False,ALLOW,True,ALLOW,GATE_0_FAST_PATH,True,ALLOW,GATE_1_NEURAL_QWEN,True
TX-CAT1-1072,1. Routine Everyday,ALLOW,usr-1003-cst-003,Elena Reyes,Cebu IT Park,5096.63,15000.0,0.34,grab car ride payment,10.322439,123.888111,10.3157,123.8854,10.3157,123.8854,136.0,0.81,0.81,0.36,False,False,ALLOW,True,ALLOW,GATE_0_FAST_PATH,True,ALLOW,GATE_1_NEURAL_QWEN,True
TX-CAT1-1073,1. Routine Everyday,ALLOW,usr-1001-cst-001,Maria Santos,Makati CBD,343.48,2500.0,0.14,dinner delivery,14.561018,121.020692,14.5547,121.02,14.5547,121.02,180.3,0.71,0.71,0.24,False,False,ALLOW,True,ALLOW,GATE_0_FAST_PATH,True,ALLOW,GATE_1_NEURAL_QWEN,True
TX-CAT1-1074,1. Routine Everyday,ALLOW,usr-1003-cst-003,Elena Reyes,Cebu IT Park,2547.16,15000.0,0.17,grab car ride payment,10.303804,123.890808,10.3157,123.8854,10.3157,123.8854,224.1,1.45,1.45,0.39,False,False,ALLOW,True,ALLOW,GATE_0_FAST_PATH,True,ALLOW,GATE_1_NEURAL_QWEN,True
TX-CAT1-1075,1. Routine Everyday,ALLOW,usr-1004-cst-004,Carlos Tan,Pasig Ortigas,772.3,2000.0,0.39,dinner delivery,14.579343,121.065565,14.5869,121.0614,14.5869,121.0614,52.5,0.95,0.95,1.09,False,False,ALLOW,True,ALLOW,GATE_0_FAST_PATH,True,ALLOW,GATE_1_NEURAL_QWEN,True
TX-CAT1-1076,1. Routine Everyday,ALLOW,usr-1003-cst-003,Elena Reyes,Cebu IT Park,13985.78,15000.0,0.93,coffee and pastry,10.308843,123.878861,10.3157,123.8854,10.3157,123.8854,53.7,1.05,1.05,1.17,False,False,BLOCK,False,ALLOW,GATE_0_FAST_PATH,True,ALLOW,GATE_1_NEURAL_QWEN,True
TX-CAT1-1077,1. Routine Everyday,ALLOW,usr-1003-cst-003,Elena Reyes,Cebu IT Park,1866.69,15000.0,0.12,lunch with colleagues,10.316173,123.8853,10.3157,123.8854,10.3157,123.8854,105.9,0.05,0.05,0.03,False,False,ALLOW,True,ALLOW,GATE_0_FAST_PATH,True,ALLOW,GATE_1_NEURAL_QWEN,True
TX-CAT1-1078,1. Routine Everyday,ALLOW,usr-1003-cst-003,Elena Reyes,Cebu IT Park,7992.28,15000.0,0.53,supermarket groceries,10.305674,123.885249,10.3157,123.8854,10.3157,123.8854,110.8,1.11,1.11,0.6,False,False,ALLOW,True,ALLOW,GATE_0_FAST_PATH,True,ALLOW,GATE_1_NEURAL_QWEN,True
TX-CAT1-1079,1. Routine Everyday,ALLOW,usr-1004-cst-004,Carlos Tan,Pasig Ortigas,1188.69,2000.0,0.59,maynilad water payment,14.591389,121.069586,14.5869,121.0614,14.5869,121.0614,77.4,1.01,1.01,0.78,False,False,ALLOW,True,ALLOW,GATE_0_FAST_PATH,True,ALLOW,GATE_1_NEURAL_QWEN,True
TX-CAT1-1080,1. Routine Everyday,ALLOW,usr-1004-cst-004,Carlos Tan,Pasig Ortigas,637.25,2000.0,0.32,coffee and pastry,14.579431,121.051071,14.5869,121.0614,14.5869,121.0614,206.6,1.39,1.39,0.4,False,False,ALLOW,True,ALLOW,GATE_0_FAST_PATH,True,ALLOW,GATE_1_NEURAL_QWEN,True
TX-CAT1-1081,1. Routine Everyday,ALLOW,usr-1004-cst-004,Carlos Tan,Pasig Ortigas,1791.57,2000.0,0.9,pharmacy vitamins,14.579203,121.073369,14.5869,121.0614,14.5869,121.0614,133.2,1.55,1.55,0.7,False,False,ALLOW,True,ALLOW,GATE_0_FAST_PATH,True,ALLOW,GATE_1_NEURAL_QWEN,True
TX-CAT1-1082,1. Routine Everyday,ALLOW,usr-1001-cst-001,Maria Santos,Makati CBD,1013.81,2500.0,0.41,grab car ride payment,14.558505,121.01004,14.5547,121.02,14.5547,121.02,60.1,1.15,1.15,1.15,False,False,ALLOW,True,ALLOW,GATE_0_FAST_PATH,True,ALLOW,GATE_1_NEURAL_QWEN,True
TX-CAT1-1083,1. Routine Everyday,ALLOW,usr-1004-cst-004,Carlos Tan,Pasig Ortigas,1357.17,2000.0,0.68,lunch with colleagues,14.592694,121.070818,14.5869,121.0614,14.5869,121.0614,65.4,1.2,1.2,1.1,False,False,ALLOW,True,ALLOW,GATE_0_FAST_PATH,True,ALLOW,GATE_1_NEURAL_QWEN,True
TX-CAT1-1084,1. Routine Everyday,ALLOW,usr-1003-cst-003,Elena Reyes,Cebu IT Park,13899.68,15000.0,0.93,pharmacy vitamins,10.308506,123.893657,10.3157,123.8854,10.3157,123.8854,114.9,1.21,1.21,0.63,False,False,ALLOW,True,ALLOW,GATE_0_FAST_PATH,True,ALLOW,GATE_1_NEURAL_QWEN,True
TX-CAT1-1085,1. Routine Everyday,ALLOW,usr-1002-cst-002,Juan Dela Cruz,Quezon City,3204.24,4000.0,0.8,pet food purchase,14.675979,121.050056,14.676,121.0437,14.676,121.0437,190.9,0.68,0.68,0.21,False,False,ALLOW,True,ALLOW,GATE_0_FAST_PATH,True,ALLOW,GATE_1_NEURAL_QWEN,True
TX-CAT1-1086,1. Routine Everyday,ALLOW,usr-1003-cst-003,Elena Reyes,Cebu IT Park,10806.56,15000.0,0.72,school supplies,10.326337,123.881946,10.3157,123.8854,10.3157,123.8854,170.0,1.24,1.24,0.44,False,False,ALLOW,True,ALLOW,GATE_0_FAST_PATH,True,ALLOW,GATE_1_NEURAL_QWEN,True
TX-CAT1-1087,1. Routine Everyday,ALLOW,usr-1004-cst-004,Carlos Tan,Pasig Ortigas,1877.79,2000.0,0.94,grab car ride payment,14.581593,121.067832,14.5869,121.0614,14.5869,121.0614,52.7,0.91,0.91,1.04,False,False,ALLOW,True,ALLOW,GATE_0_FAST_PATH,True,ALLOW,GATE_1_NEURAL_QWEN,True
TX-CAT1-1088,1. Routine Everyday,ALLOW,usr-1003-cst-003,Elena Reyes,Cebu IT Park,7034.39,15000.0,0.47,meralco electric bill,10.318781,123.876631,10.3157,123.8854,10.3157,123.8854,50.9,1.02,1.02,1.2,False,False,ALLOW,True,ALLOW,GATE_0_FAST_PATH,True,ALLOW,GATE_1_NEURAL_QWEN,True
TX-CAT1-1089,1. Routine Everyday,ALLOW,usr-1001-cst-001,Maria Santos,Makati CBD,1992.35,2500.0,0.8,allowance transfer,14.558975,121.03133,14.5547,121.02,14.5547,121.02,110.4,1.31,1.31,0.71,False,False,ALLOW,True,ALLOW,GATE_0_FAST_PATH,True,ALLOW,GATE_1_NEURAL_QWEN,True
TX-CAT1-1090,1. Routine Everyday,ALLOW,usr-1003-cst-003,Elena Reyes,Cebu IT Park,2278.17,15000.0,0.15,dinner delivery,10.318658,123.891644,10.3157,123.8854,10.3157,123.8854,168.8,0.76,0.76,0.27,False,False,ALLOW,True,ALLOW,GATE_0_FAST_PATH,True,ALLOW,GATE_1_NEURAL_QWEN,True
TX-CAT1-1091,1. Routine Everyday,ALLOW,usr-1004-cst-004,Carlos Tan,Pasig Ortigas,1531.06,2000.0,0.77,meralco electric bill,14.581946,121.06135,14.5869,121.0614,14.5869,121.0614,136.0,0.55,0.55,0.24,False,False,ALLOW,True,ALLOW,GATE_0_FAST_PATH,True,ALLOW,GATE_1_NEURAL_QWEN,True
TX-CAT1-1092,1. Routine Everyday,ALLOW,usr-1003-cst-003,Elena Reyes,Cebu IT Park,11557.97,15000.0,0.77,grab car ride payment,10.316819,123.896262,10.3157,123.8854,10.3157,123.8854,36.6,1.19,1.19,1.95,False,False,ALLOW,True,ALLOW,GATE_0_FAST_PATH,True,ALLOW,GATE_1_NEURAL_QWEN,True
TX-CAT1-1093,1. Routine Everyday,ALLOW,usr-1004-cst-004,Carlos Tan,Pasig Ortigas,1686.62,2000.0,0.84,lunch with colleagues,14.584107,121.056949,14.5869,121.0614,14.5869,121.0614,109.0,0.57,0.57,0.31,False,False,ALLOW,True,ALLOW,GATE_0_FAST_PATH,True,ALLOW,GATE_1_NEURAL_QWEN,True
TX-CAT1-1094,1. Routine Everyday,ALLOW,usr-1004-cst-004,Carlos Tan,Pasig Ortigas,184.05,2000.0,0.09,monthly rent payment,14.58826,121.070049,14.5869,121.0614,14.5869,121.0614,93.6,0.94,0.94,0.6,False,False,ALLOW,True,ALLOW,GATE_0_FAST_PATH,True,ALLOW,GATE_1_NEURAL_QWEN,True
TX-CAT1-1095,1. Routine Everyday,ALLOW,usr-1002-cst-002,Juan Dela Cruz,Quezon City,1928.64,4000.0,0.48,monthly rent payment,14.671499,121.041038,14.676,121.0437,14.676,121.0437,190.4,0.58,0.58,0.18,False,False,ALLOW,True,ALLOW,GATE_0_FAST_PATH,True,ALLOW,GATE_1_NEURAL_QWEN,True
TX-CAT1-1096,1. Routine Everyday,ALLOW,usr-1004-cst-004,Carlos Tan,Pasig Ortigas,1294.94,2000.0,0.65,school supplies,14.587845,121.060676,14.5869,121.0614,14.5869,121.0614,148.1,0.13,0.13,0.05,False,False,ALLOW,True,ALLOW,GATE_0_FAST_PATH,True,ALLOW,GATE_1_NEURAL_QWEN,True
TX-CAT1-1097,1. Routine Everyday,ALLOW,usr-1002-cst-002,Juan Dela Cruz,Quezon City,1984.6,4000.0,0.5,coffee and pastry,14.670321,121.045885,14.676,121.0437,14.676,121.0437,109.3,0.67,0.67,0.37,False,False,ALLOW,True,ALLOW,GATE_0_FAST_PATH,True,ALLOW,GATE_1_NEURAL_QWEN,True
TX-CAT1-1098,1. Routine Everyday,ALLOW,usr-1003-cst-003,Elena Reyes,Cebu IT Park,10950.23,15000.0,0.73,maynilad water payment,10.311392,123.874076,10.3157,123.8854,10.3157,123.8854,39.5,1.33,1.33,2.02,False,False,ALLOW,True,ALLOW,GATE_0_FAST_PATH,True,ALLOW,GATE_1_NEURAL_QWEN,True
TX-CAT1-1099,1. Routine Everyday,ALLOW,usr-1003-cst-003,Elena Reyes,Cebu IT Park,5049.63,15000.0,0.34,pet food purchase,10.317715,123.891765,10.3157,123.8854,10.3157,123.8854,161.3,0.73,0.73,0.27,False,False,ALLOW,True,ALLOW,GATE_0_FAST_PATH,True,ALLOW,GATE_1_NEURAL_QWEN,True
TX-CAT1-1100,1. Routine Everyday,ALLOW,usr-1004-cst-004,Carlos Tan,Pasig Ortigas,293.28,2000.0,0.15,pharmacy vitamins,14.598707,121.059286,14.5869,121.0614,14.5869,121.0614,41.9,1.33,1.33,1.9,False,False,ALLOW,True,ALLOW,GATE_0_FAST_PATH,True,ALLOW,GATE_1_NEURAL_QWEN,True
TX-CAT1-1101,1. Routine Everyday,ALLOW,usr-1002-cst-002,Juan Dela Cruz,Quezon City,1031.22,4000.0,0.26,school supplies,14.67149,121.033739,14.676,121.0437,14.676,121.0437,174.5,1.18,1.18,0.41,False,False,ALLOW,True,ALLOW,GATE_0_FAST_PATH,True,ALLOW,GATE_1_NEURAL_QWEN,True
TX-CAT1-1102,1. Routine Everyday,ALLOW,usr-1003-cst-003,Elena Reyes,Cebu IT Park,1737.48,15000.0,0.12,monthly rent payment,10.304173,123.881227,10.3157,123.8854,10.3157,123.8854,126.8,1.36,1.36,0.64,False,False,ALLOW,True,ALLOW,GATE_0_FAST_PATH,True,ALLOW,GATE_1_NEURAL_QWEN,True
TX-CAT1-1103,1. Routine Everyday,ALLOW,usr-1004-cst-004,Carlos Tan,Pasig Ortigas,1131.13,2000.0,0.57,coffee and pastry,14.581299,121.066103,14.5869,121.0614,14.5869,121.0614,153.5,0.8,0.8,0.31,False,False,ALLOW,True,ALLOW,GATE_0_FAST_PATH,True,ALLOW,GATE_1_NEURAL_QWEN,True
TX-CAT1-1104,1. Routine Everyday,ALLOW,usr-1003-cst-003,Elena Reyes,Cebu IT Park,5457.43,15000.0,0.36,coffee and pastry,10.311438,123.875745,10.3157,123.8854,10.3157,123.8854,132.6,1.16,1.16,0.52,False,False,BLOCK,False,ALLOW,GATE_0_FAST_PATH,True,ALLOW,GATE_1_NEURAL_QWEN,True
TX-CAT1-1105,1. Routine Everyday,ALLOW,usr-1002-cst-002,Juan Dela Cruz,Quezon City,1356.36,4000.0,0.34,grab car ride payment,14.683475,121.047717,14.676,121.0437,14.676,121.0437,65.0,0.94,0.94,0.87,False,False,ALLOW,True,ALLOW,GATE_0_FAST_PATH,True,ALLOW,GATE_1_NEURAL_QWEN,True
TX-CAT1-1106,1. Routine Everyday,ALLOW,usr-1003-cst-003,Elena Reyes,Cebu IT Park,5253.91,15000.0,0.35,coffee and pastry,10.308542,123.888651,10.3157,123.8854,10.3157,123.8854,234.6,0.87,0.87,0.22,False,False,BLOCK,False,ALLOW,GATE_0_FAST_PATH,True,ALLOW,GATE_1_NEURAL_QWEN,True
TX-CAT1-1107,1. Routine Everyday,ALLOW,usr-1001-cst-001,Maria Santos,Makati CBD,2015.06,2500.0,0.81,grab car ride payment,14.547838,121.014364,14.5547,121.02,14.5547,121.02,92.4,0.97,0.97,0.63,False,False,ALLOW,True,ALLOW,GATE_0_FAST_PATH,True,ALLOW,GATE_1_NEURAL_QWEN,True
TX-CAT1-1108,1. Routine Everyday,ALLOW,usr-1004-cst-004,Carlos Tan,Pasig Ortigas,1552.19,2000.0,0.78,dinner delivery,14.592729,121.051607,14.5869,121.0614,14.5869,121.0614,207.3,1.24,1.24,0.36,False,False,ALLOW,True,ALLOW,GATE_0_FAST_PATH,True,ALLOW,GATE_1_NEURAL_QWEN,True
TX-CAT1-1109,1. Routine Everyday,ALLOW,usr-1001-cst-001,Maria Santos,Makati CBD,1454.65,2500.0,0.58,maynilad water payment,14.544314,121.027228,14.5547,121.02,14.5547,121.02,129.8,1.39,1.39,0.64,False,False,ALLOW,True,ALLOW,GATE_0_FAST_PATH,True,ALLOW,GATE_1_NEURAL_QWEN,True
TX-CAT1-1110,1. Routine Everyday,ALLOW,usr-1002-cst-002,Juan Dela Cruz,Quezon City,1398.12,4000.0,0.35,lunch with colleagues,14.679637,121.038944,14.676,121.0437,14.676,121.0437,198.9,0.65,0.65,0.2,False,False,ALLOW,True,ALLOW,GATE_0_FAST_PATH,True,ALLOW,GATE_1_NEURAL_QWEN,True
TX-CAT1-1111,1. Routine Everyday,ALLOW,usr-1004-cst-004,Carlos Tan,Pasig Ortigas,1300.95,2000.0,0.65,pharmacy vitamins,14.579702,121.059055,14.5869,121.0614,14.5869,121.0614,161.2,0.84,0.84,0.31,False,False,ALLOW,True,ALLOW,GATE_0_FAST_PATH,True,ALLOW,GATE_1_NEURAL_QWEN,True
TX-CAT1-1112,1. Routine Everyday,ALLOW,usr-1004-cst-004,Carlos Tan,Pasig Ortigas,1315.38,2000.0,0.66,grab car ride payment,14.579234,121.049846,14.5869,121.0614,14.5869,121.0614,177.7,1.51,1.51,0.51,False,False,ALLOW,True,ALLOW,GATE_0_FAST_PATH,True,ALLOW,GATE_1_NEURAL_QWEN,True
TX-CAT1-1113,1. Routine Everyday,ALLOW,usr-1002-cst-002,Juan Dela Cruz,Quezon City,2242.78,4000.0,0.56,meralco electric bill,14.679859,121.051474,14.676,121.0437,14.676,121.0437,227.0,0.94,0.94,0.25,False,False,ALLOW,True,ALLOW,GATE_0_FAST_PATH,True,ALLOW,GATE_1_NEURAL_QWEN,True
TX-CAT1-1114,1. Routine Everyday,ALLOW,usr-1003-cst-003,Elena Reyes,Cebu IT Park,13362.11,15000.0,0.89,grab car ride payment,10.323114,123.893867,10.3157,123.8854,10.3157,123.8854,220.4,1.24,1.24,0.34,False,False,ALLOW,True,ALLOW,GATE_0_FAST_PATH,True,ALLOW,GATE_1_NEURAL_QWEN,True
TX-CAT1-1115,1. Routine Everyday,ALLOW,usr-1001-cst-001,Maria Santos,Makati CBD,1297.72,2500.0,0.52,pharmacy vitamins,14.5538,121.013769,14.5547,121.02,14.5547,121.02,186.8,0.68,0.68,0.22,False,False,ALLOW,True,ALLOW,GATE_0_FAST_PATH,True,ALLOW,GATE_1_NEURAL_QWEN,True
TX-CAT1-1116,1. Routine Everyday,ALLOW,usr-1003-cst-003,Elena Reyes,Cebu IT Park,12047.44,15000.0,0.8,coffee and pastry,10.311348,123.893325,10.3157,123.8854,10.3157,123.8854,43.5,0.99,0.99,1.37,False,False,BLOCK,False,ALLOW,GATE_0_FAST_PATH,True,ALLOW,GATE_1_NEURAL_QWEN,True
TX-CAT1-1117,1. Routine Everyday,ALLOW,usr-1002-cst-002,Juan Dela Cruz,Quezon City,3233.16,4000.0,0.81,maynilad water payment,14.683769,121.047205,14.676,121.0437,14.676,121.0437,83.9,0.94,0.94,0.67,False,False,ALLOW,True,ALLOW,GATE_0_FAST_PATH,True,ALLOW,GATE_1_NEURAL_QWEN,True
TX-CAT1-1118,1. Routine Everyday,ALLOW,usr-1002-cst-002,Juan Dela Cruz,Quezon City,1613.59,4000.0,0.4,lunch with colleagues,14.667599,121.032365,14.676,121.0437,14.676,121.0437,197.4,1.54,1.54,0.47,False,False,ALLOW,True,ALLOW,GATE_0_FAST_PATH,True,ALLOW,GATE_1_NEURAL_QWEN,True
TX-CAT1-1119,1. Routine Everyday,ALLOW,usr-1003-cst-003,Elena Reyes,Cebu IT Park,6678.58,15000.0,0.45,grab car ride payment,10.327491,123.883528,10.3157,123.8854,10.3157,123.8854,220.2,1.33,1.33,0.36,False,False,ALLOW,True,ALLOW,GATE_0_FAST_PATH,True,ALLOW,GATE_1_NEURAL_QWEN,True
TX-CAT1-1120,1. Routine Everyday,ALLOW,usr-1002-cst-002,Juan Dela Cruz,Quezon City,706.44,4000.0,0.18,monthly rent payment,14.664699,121.050652,14.676,121.0437,14.676,121.0437,88.3,1.46,1.46,0.99,False,False,ALLOW,True,ALLOW,GATE_0_FAST_PATH,True,ALLOW,GATE_1_NEURAL_QWEN,True
TX-CAT1-1121,1. Routine Everyday,ALLOW,usr-1002-cst-002,Juan Dela Cruz,Quezon City,2491.0,4000.0,0.62,supermarket groceries,14.687131,121.04336,14.676,121.0437,14.676,121.0437,34.2,1.24,1.24,2.18,False,False,ALLOW,True,ALLOW,GATE_0_FAST_PATH,True,ALLOW,GATE_1_NEURAL_QWEN,True
TX-CAT1-1122,1. Routine Everyday,ALLOW,usr-1001-cst-001,Maria Santos,Makati CBD,827.86,2500.0,0.33,maynilad water payment,14.563512,121.029614,14.5547,121.02,14.5547,121.02,115.5,1.43,1.43,0.74,False,False,ALLOW,True,ALLOW,GATE_0_FAST_PATH,True,ALLOW,GATE_1_NEURAL_QWEN,True
TX-CAT1-1123,1. Routine Everyday,ALLOW,usr-1003-cst-003,Elena Reyes,Cebu IT Park,9610.73,15000.0,0.64,lunch with colleagues,10.313225,123.893555,10.3157,123.8854,10.3157,123.8854,207.0,0.93,0.93,0.27,False,False,ALLOW,True,ALLOW,GATE_0_FAST_PATH,True,ALLOW,GATE_1_NEURAL_QWEN,True
TX-CAT1-1124,1. Routine Everyday,ALLOW,usr-1002-cst-002,Juan Dela Cruz,Quezon City,531.91,4000.0,0.13,pet food purchase,14.676006,121.034595,14.676,121.0437,14.676,121.0437,169.5,0.98,0.98,0.35,False,False,ALLOW,True,ALLOW,GATE_0_FAST_PATH,True,ALLOW,GATE_1_NEURAL_QWEN,True
TX-CAT1-1125,1. Routine Everyday,ALLOW,usr-1003-cst-003,Elena Reyes,Cebu IT Park,7134.85,15000.0,0.48,lunch with colleagues,10.309414,123.876335,10.3157,123.8854,10.3157,123.8854,199.4,1.21,1.21,0.36,False,False,ALLOW,True,ALLOW,GATE_0_FAST_PATH,True,ALLOW,GATE_1_NEURAL_QWEN,True
TX-CAT1-1126,1. Routine Everyday,ALLOW,usr-1003-cst-003,Elena Reyes,Cebu IT Park,11880.88,15000.0,0.79,pet food purchase,10.313059,123.891361,10.3157,123.8854,10.3157,123.8854,79.5,0.72,0.72,0.54,False,False,ALLOW,True,ALLOW,GATE_0_FAST_PATH,True,ALLOW,GATE_1_NEURAL_QWEN,True
TX-CAT1-1127,1. Routine Everyday,ALLOW,usr-1004-cst-004,Carlos Tan,Pasig Ortigas,508.05,2000.0,0.25,lunch with colleagues,14.579104,121.072678,14.5869,121.0614,14.5869,121.0614,122.3,1.49,1.49,0.73,False,False,ALLOW,True,ALLOW,GATE_0_FAST_PATH,True,ALLOW,GATE_1_NEURAL_QWEN,True
TX-CAT1-1128,1. Routine Everyday,ALLOW,usr-1003-cst-003,Elena Reyes,Cebu IT Park,12312.78,15000.0,0.82,supermarket groceries,10.315469,123.882393,10.3157,123.8854,10.3157,123.8854,229.2,0.33,0.33,0.09,False,False,ALLOW,True,ALLOW,GATE_0_FAST_PATH,True,ALLOW,GATE_1_NEURAL_QWEN,True
TX-CAT1-1129,1. Routine Everyday,ALLOW,usr-1003-cst-003,Elena Reyes,Cebu IT Park,7831.38,15000.0,0.52,allowance transfer,10.320086,123.89652,10.3157,123.8854,10.3157,123.8854,214.7,1.31,1.31,0.37,False,False,ALLOW,True,ALLOW,GATE_0_FAST_PATH,True,ALLOW,GATE_1_NEURAL_QWEN,True
TX-CAT1-1130,1. Routine Everyday,ALLOW,usr-1002-cst-002,Juan Dela Cruz,Quezon City,1455.83,4000.0,0.36,pet food purchase,14.672826,121.039096,14.676,121.0437,14.676,121.0437,165.5,0.61,0.61,0.22,False,False,ALLOW,True,ALLOW,GATE_0_FAST_PATH,True,ALLOW,GATE_1_NEURAL_QWEN,True
TX-CAT1-1131,1. Routine Everyday,ALLOW,usr-1001-cst-001,Maria Santos,Makati CBD,2017.52,2500.0,0.81,school supplies,14.561875,121.009312,14.5547,121.02,14.5547,121.02,222.7,1.4,1.4,0.38,False,False,ALLOW,True,ALLOW,GATE_0_FAST_PATH,True,ALLOW,GATE_1_NEURAL_QWEN,True
TX-CAT1-1132,1. Routine Everyday,ALLOW,usr-1002-cst-002,Juan Dela Cruz,Quezon City,1050.98,4000.0,0.26,coffee and pastry,14.671422,121.054704,14.676,121.0437,14.676,121.0437,106.2,1.29,1.29,0.73,False,False,ALLOW,True,ALLOW,GATE_0_FAST_PATH,True,ALLOW,GATE_1_NEURAL_QWEN,True
TX-CAT1-1133,1. Routine Everyday,ALLOW,usr-1001-cst-001,Maria Santos,Makati CBD,1326.22,2500.0,0.53,meralco electric bill,14.563284,121.017323,14.5547,121.02,14.5547,121.02,221.1,1.0,1.0,0.27,False,False,ALLOW,True,ALLOW,GATE_0_FAST_PATH,True,ALLOW,GATE_1_NEURAL_QWEN,True
TX-CAT1-1134,1. Routine Everyday,ALLOW,usr-1004-cst-004,Carlos Tan,Pasig Ortigas,1770.96,2000.0,0.89,maynilad water payment,14.582121,121.071872,14.5869,121.0614,14.5869,121.0614,188.9,1.25,1.25,0.4,False,False,ALLOW,True,ALLOW,GATE_0_FAST_PATH,True,ALLOW,GATE_1_NEURAL_QWEN,True
TX-CAT1-1135,1. Routine Everyday,ALLOW,usr-1003-cst-003,Elena Reyes,Cebu IT Park,3092.76,15000.0,0.21,monthly rent payment,10.325681,123.888552,10.3157,123.8854,10.3157,123.8854,214.7,1.16,1.16,0.32,False,False,ALLOW,True,ALLOW,GATE_0_FAST_PATH,True,ALLOW,GATE_1_NEURAL_QWEN,True
TX-CAT1-1136,1. Routine Everyday,ALLOW,usr-1004-cst-004,Carlos Tan,Pasig Ortigas,1524.98,2000.0,0.76,maynilad water payment,14.595695,121.069157,14.5869,121.0614,14.5869,121.0614,227.5,1.29,1.29,0.34,False,False,ALLOW,True,ALLOW,GATE_0_FAST_PATH,True,ALLOW,GATE_1_NEURAL_QWEN,True
TX-CAT1-1137,1. Routine Everyday,ALLOW,usr-1004-cst-004,Carlos Tan,Pasig Ortigas,1431.76,2000.0,0.72,pharmacy vitamins,14.592117,121.070442,14.5869,121.0614,14.5869,121.0614,202.3,1.13,1.13,0.34,False,False,ALLOW,True,ALLOW,GATE_0_FAST_PATH,True,ALLOW,GATE_1_NEURAL_QWEN,True
TX-CAT1-1138,1. Routine Everyday,ALLOW,usr-1002-cst-002,Juan Dela Cruz,Quezon City,2690.41,4000.0,0.67,grab car ride payment,14.665593,121.041801,14.676,121.0437,14.676,121.0437,183.1,1.18,1.18,0.39,False,False,ALLOW,True,ALLOW,GATE_0_FAST_PATH,True,ALLOW,GATE_1_NEURAL_QWEN,True
TX-CAT1-1139,1. Routine Everyday,ALLOW,usr-1003-cst-003,Elena Reyes,Cebu IT Park,6524.59,15000.0,0.43,supermarket groceries,10.321987,123.888793,10.3157,123.8854,10.3157,123.8854,68.6,0.79,0.79,0.69,False,False,ALLOW,True,ALLOW,GATE_0_FAST_PATH,True,ALLOW,GATE_1_NEURAL_QWEN,True
TX-CAT1-1140,1. Routine Everyday,ALLOW,usr-1004-cst-004,Carlos Tan,Pasig Ortigas,1528.01,2000.0,0.76,monthly rent payment,14.574974,121.054202,14.5869,121.0614,14.5869,121.0614,94.2,1.54,1.54,0.98,False,False,ALLOW,True,ALLOW,GATE_0_FAST_PATH,True,ALLOW,GATE_1_NEURAL_QWEN,True
TX-CAT1-1141,1. Routine Everyday,ALLOW,usr-1001-cst-001,Maria Santos,Makati CBD,369.92,2500.0,0.15,meralco electric bill,14.555093,121.031272,14.5547,121.02,14.5547,121.02,204.4,1.21,1.21,0.36,False,False,ALLOW,True,ALLOW,GATE_0_FAST_PATH,True,ALLOW,GATE_1_NEURAL_QWEN,True
TX-CAT1-1142,1. Routine Everyday,ALLOW,usr-1002-cst-002,Juan Dela Cruz,Quezon City,3236.81,4000.0,0.81,school supplies,14.673848,121.054246,14.676,121.0437,14.676,121.0437,124.8,1.16,1.16,0.56,False,False,ALLOW,True,ALLOW,GATE_0_FAST_PATH,True,ALLOW,GATE_1_NEURAL_QWEN,True
TX-CAT1-1143,1. Routine Everyday,ALLOW,usr-1002-cst-002,Juan Dela Cruz,Quezon City,1079.3,4000.0,0.27,school supplies,14.678232,121.039562,14.676,121.0437,14.676,121.0437,89.2,0.51,0.51,0.34,False,False,ALLOW,True,ALLOW,GATE_0_FAST_PATH,True,ALLOW,GATE_1_NEURAL_QWEN,True
TX-CAT1-1144,1. Routine Everyday,ALLOW,usr-1001-cst-001,Maria Santos,Makati CBD,1054.69,2500.0,0.42,monthly rent payment,14.552144,121.017056,14.5547,121.02,14.5547,121.02,205.3,0.43,0.43,0.13,False,False,ALLOW,True,ALLOW,GATE_0_FAST_PATH,True,ALLOW,GATE_1_NEURAL_QWEN,True
TX-CAT1-1145,1. Routine Everyday,ALLOW,usr-1002-cst-002,Juan Dela Cruz,Quezon City,196.3,4000.0,0.05,supermarket groceries,14.686155,121.047231,14.676,121.0437,14.676,121.0437,161.6,1.19,1.19,0.44,False,False,ALLOW,True,ALLOW,GATE_0_FAST_PATH,True,ALLOW,GATE_1_NEURAL_QWEN,True
TX-CAT1-1146,1. Routine Everyday,ALLOW,usr-1001-cst-001,Maria Santos,Makati CBD,2316.66,2500.0,0.93,meralco electric bill,14.548983,121.028444,14.5547,121.02,14.5547,121.02,40.5,1.11,1.11,1.64,False,False,ALLOW,True,ALLOW,GATE_0_FAST_PATH,True,ALLOW,GATE_1_NEURAL_QWEN,True
TX-CAT1-1147,1. Routine Everyday,ALLOW,usr-1004-cst-004,Carlos Tan,Pasig Ortigas,1188.7,2000.0,0.59,monthly rent payment,14.577037,121.05823,14.5869,121.0614,14.5869,121.0614,228.9,1.15,1.15,0.3,False,False,ALLOW,True,ALLOW,GATE_0_FAST_PATH,True,ALLOW,GATE_1_NEURAL_QWEN,True
TX-CAT1-1148,1. Routine Everyday,ALLOW,usr-1001-cst-001,Maria Santos,Makati CBD,151.83,2500.0,0.06,grab car ride payment,14.553144,121.03008,14.5547,121.02,14.5547,121.02,125.3,1.1,1.1,0.53,False,False,ALLOW,True,ALLOW,GATE_0_FAST_PATH,True,ALLOW,GATE_1_NEURAL_QWEN,True
TX-CAT1-1149,1. Routine Everyday,ALLOW,usr-1004-cst-004,Carlos Tan,Pasig Ortigas,330.95,2000.0,0.17,pet food purchase,14.579775,121.072105,14.5869,121.0614,14.5869,121.0614,200.8,1.4,1.4,0.42,False,False,ALLOW,True,ALLOW,GATE_0_FAST_PATH,True,ALLOW,GATE_1_NEURAL_QWEN,True
TX-CAT1-1150,1. Routine Everyday,ALLOW,usr-1003-cst-003,Elena Reyes,Cebu IT Park,4188.9,15000.0,0.28,allowance transfer,10.31287,123.883751,10.3157,123.8854,10.3157,123.8854,73.4,0.36,0.36,0.29,False,False,ALLOW,True,ALLOW,GATE_0_FAST_PATH,True,ALLOW,GATE_1_NEURAL_QWEN,True
TX-CAT1-1151,1. Routine Everyday,ALLOW,usr-1002-cst-002,Juan Dela Cruz,Quezon City,3782.36,4000.0,0.95,maynilad water payment,14.681441,121.036245,14.676,121.0437,14.676,121.0437,67.9,1.0,1.0,0.88,False,False,ALLOW,True,ALLOW,GATE_0_FAST_PATH,True,ALLOW,GATE_1_NEURAL_QWEN,True
TX-CAT1-1152,1. Routine Everyday,ALLOW,usr-1002-cst-002,Juan Dela Cruz,Quezon City,225.89,4000.0,0.06,maynilad water payment,14.669652,121.042523,14.676,121.0437,14.676,121.0437,82.1,0.72,0.72,0.53,False,False,ALLOW,True,ALLOW,GATE_0_FAST_PATH,True,ALLOW,GATE_1_NEURAL_QWEN,True
TX-CAT1-1153,1. Routine Everyday,ALLOW,usr-1004-cst-004,Carlos Tan,Pasig Ortigas,272.61,2000.0,0.14,allowance transfer,14.578097,121.057158,14.5869,121.0614,14.5869,121.0614,175.5,1.08,1.08,0.37,False,False,ALLOW,True,ALLOW,GATE_0_FAST_PATH,True,ALLOW,GATE_1_NEURAL_QWEN,True
TX-CAT1-1154,1. Routine Everyday,ALLOW,usr-1002-cst-002,Juan Dela Cruz,Quezon City,2745.08,4000.0,0.69,pet food purchase,14.674159,121.046033,14.676,121.0437,14.676,121.0437,45.3,0.32,0.32,0.42,False,False,ALLOW,True,ALLOW,GATE_0_FAST_PATH,True,ALLOW,GATE_1_NEURAL_QWEN,True
TX-CAT1-1155,1. Routine Everyday,ALLOW,usr-1001-cst-001,Maria Santos,Makati CBD,237.51,2500.0,0.1,meralco electric bill,14.554002,121.016503,14.5547,121.02,14.5547,121.02,157.3,0.38,0.38,0.14,False,False,ALLOW,True,ALLOW,GATE_0_FAST_PATH,True,ALLOW,GATE_1_NEURAL_QWEN,True
TX-CAT1-1156,1. Routine Everyday,ALLOW,usr-1001-cst-001,Maria Santos,Makati CBD,132.09,2500.0,0.05,grab car ride payment,14.557572,121.01526,14.5547,121.02,14.5547,121.02,112.9,0.6,0.6,0.32,False,False,ALLOW,True,ALLOW,GATE_0_FAST_PATH,True,ALLOW,GATE_1_NEURAL_QWEN,True
TX-CAT1-1157,1. Routine Everyday,ALLOW,usr-1003-cst-003,Elena Reyes,Cebu IT Park,1988.53,15000.0,0.13,grab car ride payment,10.304687,123.877705,10.3157,123.8854,10.3157,123.8854,65.7,1.49,1.49,1.36,False,False,ALLOW,True,ALLOW,GATE_0_FAST_PATH,True,ALLOW,GATE_1_NEURAL_QWEN,True
TX-CAT1-1158,1. Routine Everyday,ALLOW,usr-1004-cst-004,Carlos Tan,Pasig Ortigas,1775.98,2000.0,0.89,allowance transfer,14.578066,121.057016,14.5869,121.0614,14.5869,121.0614,141.4,1.09,1.09,0.46,False,False,ALLOW,True,ALLOW,GATE_0_FAST_PATH,True,ALLOW,GATE_1_NEURAL_QWEN,True
TX-CAT1-1159,1. Routine Everyday,ALLOW,usr-1002-cst-002,Juan Dela Cruz,Quezon City,1078.29,4000.0,0.27,pharmacy vitamins,14.66506,121.034769,14.676,121.0437,14.676,121.0437,213.1,1.55,1.55,0.44,False,False,ALLOW,True,ALLOW,GATE_0_FAST_PATH,True,ALLOW,GATE_1_NEURAL_QWEN,True
TX-CAT1-1160,1. Routine Everyday,ALLOW,usr-1003-cst-003,Elena Reyes,Cebu IT Park,10686.74,15000.0,0.71,coffee and pastry,10.31049,123.894446,10.3157,123.8854,10.3157,123.8854,158.7,1.15,1.15,0.43,False,False,BLOCK,False,ALLOW,GATE_0_FAST_PATH,True,ALLOW,GATE_1_NEURAL_QWEN,True
TX-CAT1-1161,1. Routine Everyday,ALLOW,usr-1003-cst-003,Elena Reyes,Cebu IT Park,7424.82,15000.0,0.49,coffee and pastry,10.325124,123.880973,10.3157,123.8854,10.3157,123.8854,238.9,1.15,1.15,0.29,False,False,BLOCK,False,ALLOW,GATE_0_FAST_PATH,True,ALLOW,GATE_1_NEURAL_QWEN,True
TX-CAT1-1162,1. Routine Everyday,ALLOW,usr-1002-cst-002,Juan Dela Cruz,Quezon City,2164.88,4000.0,0.54,school supplies,14.67928,121.04226,14.676,121.0437,14.676,121.0437,69.7,0.4,0.4,0.34,False,False,ALLOW,True,ALLOW,GATE_0_FAST_PATH,True,ALLOW,GATE_1_NEURAL_QWEN,True
TX-CAT1-1163,1. Routine Everyday,ALLOW,usr-1001-cst-001,Maria Santos,Makati CBD,638.34,2500.0,0.26,supermarket groceries,14.553986,121.011925,14.5547,121.02,14.5547,121.02,128.1,0.87,0.87,0.41,False,False,ALLOW,True,ALLOW,GATE_0_FAST_PATH,True,ALLOW,GATE_1_NEURAL_QWEN,True
TX-CAT1-1164,1. Routine Everyday,ALLOW,usr-1001-cst-001,Maria Santos,Makati CBD,2364.18,2500.0,0.95,allowance transfer,14.543679,121.016556,14.5547,121.02,14.5547,121.02,178.9,1.28,1.28,0.43,False,False,ALLOW,True,ALLOW,GATE_0_FAST_PATH,True,ALLOW,GATE_1_NEURAL_QWEN,True
TX-CAT1-1165,1. Routine Everyday,ALLOW,usr-1004-cst-004,Carlos Tan,Pasig Ortigas,934.81,2000.0,0.47,lunch with colleagues,14.5952,121.070205,14.5869,121.0614,14.5869,121.0614,56.0,1.32,1.32,1.41,False,False,ALLOW,True,ALLOW,GATE_0_FAST_PATH,True,ALLOW,GATE_1_NEURAL_QWEN,True
TX-CAT1-1166,1. Routine Everyday,ALLOW,usr-1001-cst-001,Maria Santos,Makati CBD,579.42,2500.0,0.23,maynilad water payment,14.547036,121.012039,14.5547,121.02,14.5547,121.02,136.8,1.21,1.21,0.53,False,False,ALLOW,True,ALLOW,GATE_0_FAST_PATH,True,ALLOW,GATE_1_NEURAL_QWEN,True
TX-CAT1-1167,1. Routine Everyday,ALLOW,usr-1003-cst-003,Elena Reyes,Cebu IT Park,8078.69,15000.0,0.54,school supplies,10.317756,123.887405,10.3157,123.8854,10.3157,123.8854,234.0,0.32,0.32,0.08,False,False,ALLOW,True,ALLOW,GATE_0_FAST_PATH,True,ALLOW,GATE_1_NEURAL_QWEN,True
TX-CAT1-1168,1. Routine Everyday,ALLOW,usr-1002-cst-002,Juan Dela Cruz,Quezon City,1652.42,4000.0,0.41,lunch with colleagues,14.669908,121.043655,14.676,121.0437,14.676,121.0437,49.8,0.68,0.68,0.82,False,False,ALLOW,True,ALLOW,GATE_0_FAST_PATH,True,ALLOW,GATE_1_NEURAL_QWEN,True
TX-CAT1-1169,1. Routine Everyday,ALLOW,usr-1003-cst-003,Elena Reyes,Cebu IT Park,486.85,15000.0,0.03,school supplies,10.327252,123.876328,10.3157,123.8854,10.3157,123.8854,108.4,1.62,1.62,0.9,False,False,ALLOW,True,ALLOW,GATE_0_FAST_PATH,True,ALLOW,GATE_1_NEURAL_QWEN,True
TX-CAT1-1170,1. Routine Everyday,ALLOW,usr-1001-cst-001,Maria Santos,Makati CBD,2007.38,2500.0,0.8,monthly rent payment,14.543393,121.019046,14.5547,121.02,14.5547,121.02,178.6,1.26,1.26,0.42,False,False,ALLOW,True,ALLOW,GATE_0_FAST_PATH,True,ALLOW,GATE_1_NEURAL_QWEN,True
TX-CAT1-1171,1. Routine Everyday,ALLOW,usr-1004-cst-004,Carlos Tan,Pasig Ortigas,928.22,2000.0,0.46,maynilad water payment,14.589161,121.049539,14.5869,121.0614,14.5869,121.0614,233.7,1.3,1.3,0.33,False,False,ALLOW,True,ALLOW,GATE_0_FAST_PATH,True,ALLOW,GATE_1_NEURAL_QWEN,True
TX-CAT1-1172,1. Routine Everyday,ALLOW,usr-1004-cst-004,Carlos Tan,Pasig Ortigas,698.35,2000.0,0.35,pet food purchase,14.598896,121.071165,14.5869,121.0614,14.5869,121.0614,197.4,1.7,1.7,0.52,False,False,ALLOW,True,ALLOW,GATE_0_FAST_PATH,True,ALLOW,GATE_1_NEURAL_QWEN,True
TX-CAT1-1173,1. Routine Everyday,ALLOW,usr-1002-cst-002,Juan Dela Cruz,Quezon City,897.83,4000.0,0.22,supermarket groceries,14.683237,121.038491,14.676,121.0437,14.676,121.0437,197.6,0.98,0.98,0.3,False,False,ALLOW,True,ALLOW,GATE_0_FAST_PATH,True,ALLOW,GATE_1_NEURAL_QWEN,True
TX-CAT1-1174,1. Routine Everyday,ALLOW,usr-1001-cst-001,Maria Santos,Makati CBD,1353.84,2500.0,0.54,dinner delivery,14.551853,121.017573,14.5547,121.02,14.5547,121.02,67.4,0.41,0.41,0.36,False,False,ALLOW,True,ALLOW,GATE_0_FAST_PATH,True,ALLOW,GATE_1_NEURAL_QWEN,True
TX-CAT1-1175,1. Routine Everyday,ALLOW,usr-1004-cst-004,Carlos Tan,Pasig Ortigas,278.76,2000.0,0.14,meralco electric bill,14.578811,121.068108,14.5869,121.0614,14.5869,121.0614,89.8,1.15,1.15,0.77,False,False,ALLOW,True,ALLOW,GATE_0_FAST_PATH,True,ALLOW,GATE_1_NEURAL_QWEN,True
TX-CAT1-1176,1. Routine Everyday,ALLOW,usr-1002-cst-002,Juan Dela Cruz,Quezon City,563.82,4000.0,0.14,allowance transfer,14.683226,121.049361,14.676,121.0437,14.676,121.0437,223.6,1.01,1.01,0.27,False,False,ALLOW,True,ALLOW,GATE_0_FAST_PATH,True,ALLOW,GATE_1_NEURAL_QWEN,True
TX-CAT1-1177,1. Routine Everyday,ALLOW,usr-1002-cst-002,Juan Dela Cruz,Quezon City,1441.28,4000.0,0.36,lunch with colleagues,14.683969,121.044004,14.676,121.0437,14.676,121.0437,132.8,0.89,0.89,0.4,False,False,ALLOW,True,ALLOW,GATE_0_FAST_PATH,True,ALLOW,GATE_1_NEURAL_QWEN,True
TX-CAT1-1178,1. Routine Everyday,ALLOW,usr-1004-cst-004,Carlos Tan,Pasig Ortigas,968.06,2000.0,0.48,dinner delivery,14.589308,121.051565,14.5869,121.0614,14.5869,121.0614,118.7,1.09,1.09,0.55,False,False,ALLOW,True,ALLOW,GATE_0_FAST_PATH,True,ALLOW,GATE_1_NEURAL_QWEN,True
TX-CAT1-1179,1. Routine Everyday,ALLOW,usr-1003-cst-003,Elena Reyes,Cebu IT Park,8793.95,15000.0,0.59,coffee and pastry,10.318836,123.875631,10.3157,123.8854,10.3157,123.8854,137.8,1.12,1.12,0.49,False,False,BLOCK,False,ALLOW,GATE_0_FAST_PATH,True,ALLOW,GATE_1_NEURAL_QWEN,True
TX-CAT1-1180,1. Routine Everyday,ALLOW,usr-1004-cst-004,Carlos Tan,Pasig Ortigas,1324.06,2000.0,0.66,school supplies,14.59137,121.053122,14.5869,121.0614,14.5869,121.0614,134.0,1.02,1.02,0.46,False,False,ALLOW,True,ALLOW,GATE_0_FAST_PATH,True,ALLOW,GATE_1_NEURAL_QWEN,True
TX-CAT1-1181,1. Routine Everyday,ALLOW,usr-1001-cst-001,Maria Santos,Makati CBD,775.54,2500.0,0.31,coffee and pastry,14.5446,121.027237,14.5547,121.02,14.5547,121.02,93.1,1.37,1.37,0.88,False,False,ALLOW,True,ALLOW,GATE_0_FAST_PATH,True,ALLOW,GATE_1_NEURAL_QWEN,True
TX-CAT1-1182,1. Routine Everyday,ALLOW,usr-1002-cst-002,Juan Dela Cruz,Quezon City,2638.28,4000.0,0.66,maynilad water payment,14.684197,121.044254,14.676,121.0437,14.676,121.0437,92.1,0.91,0.91,0.59,False,False,ALLOW,True,ALLOW,GATE_0_FAST_PATH,True,ALLOW,GATE_1_NEURAL_QWEN,True
TX-CAT1-1183,1. Routine Everyday,ALLOW,usr-1001-cst-001,Maria Santos,Makati CBD,1362.49,2500.0,0.54,supermarket groceries,14.555022,121.020256,14.5547,121.02,14.5547,121.02,116.7,0.05,0.05,0.03,False,False,ALLOW,True,ALLOW,GATE_0_FAST_PATH,True,ALLOW,GATE_1_NEURAL_QWEN,True
TX-CAT1-1184,1. Routine Everyday,ALLOW,usr-1004-cst-004,Carlos Tan,Pasig Ortigas,1296.32,2000.0,0.65,dinner delivery,14.594408,121.057931,14.5869,121.0614,14.5869,121.0614,153.0,0.91,0.91,0.36,False,False,ALLOW,True,ALLOW,GATE_0_FAST_PATH,True,ALLOW,GATE_1_NEURAL_QWEN,True
TX-CAT1-1185,1. Routine Everyday,ALLOW,usr-1001-cst-001,Maria Santos,Makati CBD,376.92,2500.0,0.15,school supplies,14.553809,121.026868,14.5547,121.02,14.5547,121.02,207.0,0.75,0.75,0.22,False,False,ALLOW,True,ALLOW,GATE_0_FAST_PATH,True,ALLOW,GATE_1_NEURAL_QWEN,True
TX-CAT1-1186,1. Routine Everyday,ALLOW,usr-1001-cst-001,Maria Santos,Makati CBD,307.82,2500.0,0.12,pet food purchase,14.549844,121.022093,14.5547,121.02,14.5547,121.02,125.5,0.59,0.59,0.28,False,False,ALLOW,True,ALLOW,GATE_0_FAST_PATH,True,ALLOW,GATE_1_NEURAL_QWEN,True
TX-CAT1-1187,1. Routine Everyday,ALLOW,usr-1004-cst-004,Carlos Tan,Pasig Ortigas,1230.38,2000.0,0.62,maynilad water payment,14.583092,121.071435,14.5869,121.0614,14.5869,121.0614,200.1,1.16,1.16,0.35,False,False,ALLOW,True,ALLOW,GATE_0_FAST_PATH,True,ALLOW,GATE_1_NEURAL_QWEN,True
TX-CAT1-1188,1. Routine Everyday,ALLOW,usr-1002-cst-002,Juan Dela Cruz,Quezon City,801.12,4000.0,0.2,pet food purchase,14.687572,121.037924,14.676,121.0437,14.676,121.0437,171.4,1.43,1.43,0.5,False,False,ALLOW,True,ALLOW,GATE_0_FAST_PATH,True,ALLOW,GATE_1_NEURAL_QWEN,True
TX-CAT1-1189,1. Routine Everyday,ALLOW,usr-1004-cst-004,Carlos Tan,Pasig Ortigas,1071.19,2000.0,0.54,supermarket groceries,14.584378,121.049719,14.5869,121.0614,14.5869,121.0614,167.7,1.29,1.29,0.46,False,False,ALLOW,True,ALLOW,GATE_0_FAST_PATH,True,ALLOW,GATE_1_NEURAL_QWEN,True
TX-CAT1-1190,1. Routine Everyday,ALLOW,usr-1004-cst-004,Carlos Tan,Pasig Ortigas,1351.42,2000.0,0.68,school supplies,14.598079,121.063845,14.5869,121.0614,14.5869,121.0614,132.2,1.27,1.27,0.58,False,False,ALLOW,True,ALLOW,GATE_0_FAST_PATH,True,ALLOW,GATE_1_NEURAL_QWEN,True
TX-CAT1-1191,1. Routine Everyday,ALLOW,usr-1003-cst-003,Elena Reyes,Cebu IT Park,9879.06,15000.0,0.66,pet food purchase,10.319902,123.892711,10.3157,123.8854,10.3157,123.8854,48.4,0.93,0.93,1.15,False,False,ALLOW,True,ALLOW,GATE_0_FAST_PATH,True,ALLOW,GATE_1_NEURAL_QWEN,True
TX-CAT1-1192,1. Routine Everyday,ALLOW,usr-1002-cst-002,Juan Dela Cruz,Quezon City,171.06,4000.0,0.04,lunch with colleagues,14.683583,121.048405,14.676,121.0437,14.676,121.0437,69.5,0.98,0.98,0.85,False,False,ALLOW,True,ALLOW,GATE_0_FAST_PATH,True,ALLOW,GATE_1_NEURAL_QWEN,True
TX-CAT1-1193,1. Routine Everyday,ALLOW,usr-1001-cst-001,Maria Santos,Makati CBD,591.81,2500.0,0.24,school supplies,14.546184,121.013803,14.5547,121.02,14.5547,121.02,206.8,1.16,1.16,0.34,False,False,ALLOW,True,ALLOW,GATE_0_FAST_PATH,True,ALLOW,GATE_1_NEURAL_QWEN,True
TX-CAT1-1194,1. Routine Everyday,ALLOW,usr-1002-cst-002,Juan Dela Cruz,Quezon City,436.82,4000.0,0.11,allowance transfer,14.667556,121.041825,14.676,121.0437,14.676,121.0437,54.5,0.96,0.96,1.06,False,False,ALLOW,True,ALLOW,GATE_0_FAST_PATH,True,ALLOW,GATE_1_NEURAL_QWEN,True
TX-CAT1-1195,1. Routine Everyday,ALLOW,usr-1002-cst-002,Juan Dela Cruz,Quezon City,2838.71,4000.0,0.71,allowance transfer,14.687133,121.043016,14.676,121.0437,14.676,121.0437,210.6,1.24,1.24,0.35,False,False,ALLOW,True,ALLOW,GATE_0_FAST_PATH,True,ALLOW,GATE_1_NEURAL_QWEN,True
TX-CAT1-1196,1. Routine Everyday,ALLOW,usr-1002-cst-002,Juan Dela Cruz,Quezon City,860.93,4000.0,0.22,dinner delivery,14.683907,121.041102,14.676,121.0437,14.676,121.0437,100.1,0.92,0.92,0.55,False,False,ALLOW,True,ALLOW,GATE_0_FAST_PATH,True,ALLOW,GATE_1_NEURAL_QWEN,True
TX-CAT1-1197,1. Routine Everyday,ALLOW,usr-1001-cst-001,Maria Santos,Makati CBD,1541.57,2500.0,0.62,pet food purchase,14.553063,121.017976,14.5547,121.02,14.5547,121.02,134.1,0.28,0.28,0.13,False,False,ALLOW,True,ALLOW,GATE_0_FAST_PATH,True,ALLOW,GATE_1_NEURAL_QWEN,True
TX-CAT1-1198,1. Routine Everyday,ALLOW,usr-1003-cst-003,Elena Reyes,Cebu IT Park,643.05,15000.0,0.04,coffee and pastry,10.315366,123.887585,10.3157,123.8854,10.3157,123.8854,158.4,0.24,0.24,0.09,False,False,ALLOW,True,ALLOW,GATE_0_FAST_PATH,True,ALLOW,GATE_1_NEURAL_QWEN,True
TX-CAT1-1199,1. Routine Everyday,ALLOW,usr-1004-cst-004,Carlos Tan,Pasig Ortigas,532.79,2000.0,0.27,supermarket groceries,14.587579,121.059528,14.5869,121.0614,14.5869,121.0614,96.3,0.22,0.22,0.14,False,False,ALLOW,True,ALLOW,GATE_0_FAST_PATH,True,ALLOW,GATE_1_NEURAL_QWEN,True
TX-CAT1-1200,1. Routine Everyday,ALLOW,usr-1001-cst-001,Maria Santos,Makati CBD,724.0,2500.0,0.29,school supplies,14.552711,121.01936,14.5547,121.02,14.5547,121.02,133.9,0.23,0.23,0.1,False,False,ALLOW,True,ALLOW,GATE_0_FAST_PATH,True,ALLOW,GATE_1_NEURAL_QWEN,True
TX-CAT1-1201,1. Routine Everyday,ALLOW,usr-1003-cst-003,Elena Reyes,Cebu IT Park,6454.84,15000.0,0.43,coffee and pastry,10.304199,123.880312,10.3157,123.8854,10.3157,123.8854,70.4,1.39,1.39,1.18,False,False,BLOCK,False,ALLOW,GATE_0_FAST_PATH,True,ALLOW,GATE_1_NEURAL_QWEN,True
TX-CAT1-1202,1. Routine Everyday,ALLOW,usr-1003-cst-003,Elena Reyes,Cebu IT Park,6310.5,15000.0,0.42,grab car ride payment,10.308973,123.895218,10.3157,123.8854,10.3157,123.8854,101.2,1.31,1.31,0.78,False,False,ALLOW,True,ALLOW,GATE_0_FAST_PATH,True,ALLOW,GATE_1_NEURAL_QWEN,True
TX-CAT1-1203,1. Routine Everyday,ALLOW,usr-1004-cst-004,Carlos Tan,Pasig Ortigas,353.46,2000.0,0.18,maynilad water payment,14.592252,121.058769,14.5869,121.0614,14.5869,121.0614,117.5,0.66,0.66,0.34,False,False,ALLOW,True,ALLOW,GATE_0_FAST_PATH,True,ALLOW,GATE_1_NEURAL_QWEN,True
TX-CAT1-1204,1. Routine Everyday,ALLOW,usr-1003-cst-003,Elena Reyes,Cebu IT Park,11367.09,15000.0,0.76,monthly rent payment,10.318624,123.880179,10.3157,123.8854,10.3157,123.8854,187.3,0.66,0.66,0.21,False,False,ALLOW,True,ALLOW,GATE_0_FAST_PATH,True,ALLOW,GATE_1_NEURAL_QWEN,True
TX-CAT1-1205,1. Routine Everyday,ALLOW,usr-1004-cst-004,Carlos Tan,Pasig Ortigas,349.79,2000.0,0.17,meralco electric bill,14.578652,121.061212,14.5869,121.0614,14.5869,121.0614,196.6,0.92,0.92,0.28,False,False,ALLOW,True,ALLOW,GATE_0_FAST_PATH,True,ALLOW,GATE_1_NEURAL_QWEN,True
TX-CAT1-1206,1. Routine Everyday,ALLOW,usr-1004-cst-004,Carlos Tan,Pasig Ortigas,660.5,2000.0,0.33,meralco electric bill,14.588264,121.073382,14.5869,121.0614,14.5869,121.0614,105.3,1.3,1.3,0.74,False,False,ALLOW,True,ALLOW,GATE_0_FAST_PATH,True,ALLOW,GATE_1_NEURAL_QWEN,True
TX-CAT1-1207,1. Routine Everyday,ALLOW,usr-1003-cst-003,Elena Reyes,Cebu IT Park,5165.03,15000.0,0.34,monthly rent payment,10.307893,123.894027,10.3157,123.8854,10.3157,123.8854,135.7,1.28,1.28,0.57,False,False,ALLOW,True,ALLOW,GATE_0_FAST_PATH,True,ALLOW,GATE_1_NEURAL_QWEN,True
TX-CAT1-1208,1. Routine Everyday,ALLOW,usr-1001-cst-001,Maria Santos,Makati CBD,881.59,2500.0,0.35,lunch with colleagues,14.557522,121.010897,14.5547,121.02,14.5547,121.02,77.1,1.03,1.03,0.8,False,False,ALLOW,True,ALLOW,GATE_0_FAST_PATH,True,ALLOW,GATE_1_NEURAL_QWEN,True
TX-CAT1-1209,1. Routine Everyday,ALLOW,usr-1003-cst-003,Elena Reyes,Cebu IT Park,14160.46,15000.0,0.94,pharmacy vitamins,10.322165,123.891882,10.3157,123.8854,10.3157,123.8854,147.0,1.01,1.01,0.41,False,False,ALLOW,True,ALLOW,GATE_0_FAST_PATH,True,ALLOW,GATE_1_NEURAL_QWEN,True
TX-CAT1-1210,1. Routine Everyday,ALLOW,usr-1002-cst-002,Juan Dela Cruz,Quezon City,3260.54,4000.0,0.82,grab car ride payment,14.678503,121.034199,14.676,121.0437,14.676,121.0437,40.6,1.06,1.06,1.57,False,False,ALLOW,True,ALLOW,GATE_0_FAST_PATH,True,ALLOW,GATE_1_NEURAL_QWEN,True
TX-CAT1-1211,1. Routine Everyday,ALLOW,usr-1004-cst-004,Carlos Tan,Pasig Ortigas,1542.2,2000.0,0.77,lunch with colleagues,14.598292,121.06816,14.5869,121.0614,14.5869,121.0614,158.0,1.46,1.46,0.55,False,False,ALLOW,True,ALLOW,GATE_0_FAST_PATH,True,ALLOW,GATE_1_NEURAL_QWEN,True
TX-CAT1-1212,1. Routine Everyday,ALLOW,usr-1001-cst-001,Maria Santos,Makati CBD,1977.24,2500.0,0.79,supermarket groceries,14.554875,121.012009,14.5547,121.02,14.5547,121.02,54.8,0.86,0.86,0.94,False,False,ALLOW,True,ALLOW,GATE_0_FAST_PATH,True,ALLOW,GATE_1_NEURAL_QWEN,True
TX-CAT1-1213,1. Routine Everyday,ALLOW,usr-1002-cst-002,Juan Dela Cruz,Quezon City,3472.43,4000.0,0.87,monthly rent payment,14.68148,121.048696,14.676,121.0437,14.676,121.0437,190.0,0.81,0.81,0.26,False,False,ALLOW,True,ALLOW,GATE_0_FAST_PATH,True,ALLOW,GATE_1_NEURAL_QWEN,True
TX-CAT1-1214,1. Routine Everyday,ALLOW,usr-1004-cst-004,Carlos Tan,Pasig Ortigas,1423.94,2000.0,0.71,lunch with colleagues,14.578603,121.05813,14.5869,121.0614,14.5869,121.0614,202.0,0.99,0.99,0.29,False,False,ALLOW,True,ALLOW,GATE_0_FAST_PATH,True,ALLOW,GATE_1_NEURAL_QWEN,True
TX-CAT1-1215,1. Routine Everyday,ALLOW,usr-1001-cst-001,Maria Santos,Makati CBD,2033.58,2500.0,0.81,allowance transfer,14.565971,121.026461,14.5547,121.02,14.5547,121.02,31.4,1.43,1.43,2.73,False,False,ALLOW,True,ALLOW,GATE_0_FAST_PATH,True,ALLOW,GATE_1_NEURAL_QWEN,True
TX-CAT1-1216,1. Routine Everyday,ALLOW,usr-1004-cst-004,Carlos Tan,Pasig Ortigas,727.55,2000.0,0.36,grab car ride payment,14.57901,121.055784,14.5869,121.0614,14.5869,121.0614,180.2,1.07,1.07,0.36,False,False,ALLOW,True,ALLOW,GATE_0_FAST_PATH,True,ALLOW,GATE_1_NEURAL_QWEN,True
TX-CAT1-1217,1. Routine Everyday,ALLOW,usr-1004-cst-004,Carlos Tan,Pasig Ortigas,761.95,2000.0,0.38,school supplies,14.580791,121.067477,14.5869,121.0614,14.5869,121.0614,141.2,0.94,0.94,0.4,False,False,ALLOW,True,ALLOW,GATE_0_FAST_PATH,True,ALLOW,GATE_1_NEURAL_QWEN,True
TX-CAT1-1218,1. Routine Everyday,ALLOW,usr-1002-cst-002,Juan Dela Cruz,Quezon City,627.82,4000.0,0.16,coffee and pastry,14.673922,121.041523,14.676,121.0437,14.676,121.0437,126.3,0.33,0.33,0.16,False,False,ALLOW,True,ALLOW,GATE_0_FAST_PATH,True,ALLOW,GATE_1_NEURAL_QWEN,True
TX-CAT1-1219,1. Routine Everyday,ALLOW,usr-1003-cst-003,Elena Reyes,Cebu IT Park,13455.05,15000.0,0.9,allowance transfer,10.307194,123.873639,10.3157,123.8854,10.3157,123.8854,199.3,1.6,1.6,0.48,False,False,ALLOW,True,ALLOW,GATE_0_FAST_PATH,True,ALLOW,GATE_1_NEURAL_QWEN,True
TX-CAT1-1220,1. Routine Everyday,ALLOW,usr-1001-cst-001,Maria Santos,Makati CBD,311.17,2500.0,0.12,pharmacy vitamins,14.55234,121.026537,14.5547,121.02,14.5547,121.02,121.2,0.75,0.75,0.37,False,False,ALLOW,True,ALLOW,GATE_0_FAST_PATH,True,ALLOW,GATE_1_NEURAL_QWEN,True
TX-CAT1-1221,1. Routine Everyday,ALLOW,usr-1004-cst-004,Carlos Tan,Pasig Ortigas,1471.36,2000.0,0.74,school supplies,14.59704,121.053023,14.5869,121.0614,14.5869,121.0614,150.7,1.44,1.44,0.57,False,False,ALLOW,True,ALLOW,GATE_0_FAST_PATH,True,ALLOW,GATE_1_NEURAL_QWEN,True
TX-CAT1-1222,1. Routine Everyday,ALLOW,usr-1003-cst-003,Elena Reyes,Cebu IT Park,6044.78,15000.0,0.4,school supplies,10.320519,123.894365,10.3157,123.8854,10.3157,123.8854,181.5,1.12,1.12,0.37,False,False,ALLOW,True,ALLOW,GATE_0_FAST_PATH,True,ALLOW,GATE_1_NEURAL_QWEN,True
TX-CAT1-1223,1. Routine Everyday,ALLOW,usr-1003-cst-003,Elena Reyes,Cebu IT Park,12967.43,15000.0,0.86,supermarket groceries,10.323548,123.895005,10.3157,123.8854,10.3157,123.8854,158.2,1.37,1.37,0.52,False,False,ALLOW,True,ALLOW,GATE_0_FAST_PATH,True,ALLOW,GATE_1_NEURAL_QWEN,True
TX-CAT1-1224,1. Routine Everyday,ALLOW,usr-1002-cst-002,Juan Dela Cruz,Quezon City,2697.09,4000.0,0.67,allowance transfer,14.679453,121.053002,14.676,121.0437,14.676,121.0437,161.1,1.07,1.07,0.4,False,False,ALLOW,True,ALLOW,GATE_0_FAST_PATH,True,ALLOW,GATE_1_NEURAL_QWEN,True
TX-CAT1-1225,1. Routine Everyday,ALLOW,usr-1004-cst-004,Carlos Tan,Pasig Ortigas,1361.5,2000.0,0.68,school supplies,14.584608,121.054135,14.5869,121.0614,14.5869,121.0614,93.3,0.82,0.82,0.53,False,False,ALLOW,True,ALLOW,GATE_0_FAST_PATH,True,ALLOW,GATE_1_NEURAL_QWEN,True
TX-CAT1-1226,1. Routine Everyday,ALLOW,usr-1001-cst-001,Maria Santos,Makati CBD,1331.91,2500.0,0.53,coffee and pastry,14.560102,121.025761,14.5547,121.02,14.5547,121.02,56.5,0.86,0.86,0.91,False,False,ALLOW,True,ALLOW,GATE_0_FAST_PATH,True,ALLOW,GATE_1_NEURAL_QWEN,True
TX-CAT1-1227,1. Routine Everyday,ALLOW,usr-1003-cst-003,Elena Reyes,Cebu IT Park,3140.07,15000.0,0.21,grab car ride payment,10.316943,123.885912,10.3157,123.8854,10.3157,123.8854,189.0,0.15,0.15,0.05,False,False,ALLOW,True,ALLOW,GATE_0_FAST_PATH,True,ALLOW,GATE_1_NEURAL_QWEN,True
TX-CAT1-1228,1. Routine Everyday,ALLOW,usr-1002-cst-002,Juan Dela Cruz,Quezon City,206.19,4000.0,0.05,grab car ride payment,14.67822,121.037492,14.676,121.0437,14.676,121.0437,192.6,0.71,0.71,0.22,False,False,ALLOW,True,ALLOW,GATE_0_FAST_PATH,True,ALLOW,GATE_1_NEURAL_QWEN,True
TX-CAT1-1229,1. Routine Everyday,ALLOW,usr-1004-cst-004,Carlos Tan,Pasig Ortigas,1876.78,2000.0,0.94,lunch with colleagues,14.592468,121.069598,14.5869,121.0614,14.5869,121.0614,84.5,1.08,1.08,0.77,False,False,ALLOW,True,ALLOW,GATE_0_FAST_PATH,True,ALLOW,GATE_1_NEURAL_QWEN,True
TX-CAT1-1230,1. Routine Everyday,ALLOW,usr-1003-cst-003,Elena Reyes,Cebu IT Park,1869.48,15000.0,0.12,school supplies,10.326292,123.88417,10.3157,123.8854,10.3157,123.8854,150.2,1.19,1.19,0.48,False,False,ALLOW,True,ALLOW,GATE_0_FAST_PATH,True,ALLOW,GATE_1_NEURAL_QWEN,True
TX-CAT1-1231,1. Routine Everyday,ALLOW,usr-1001-cst-001,Maria Santos,Makati CBD,1141.85,2500.0,0.46,meralco electric bill,14.562029,121.031736,14.5547,121.02,14.5547,121.02,148.8,1.5,1.5,0.6,False,False,ALLOW,True,ALLOW,GATE_0_FAST_PATH,True,ALLOW,GATE_1_NEURAL_QWEN,True
TX-CAT1-1232,1. Routine Everyday,ALLOW,usr-1002-cst-002,Juan Dela Cruz,Quezon City,1409.24,4000.0,0.35,maynilad water payment,14.680006,121.051262,14.676,121.0437,14.676,121.0437,150.3,0.93,0.93,0.37,False,False,ALLOW,True,ALLOW,GATE_0_FAST_PATH,True,ALLOW,GATE_1_NEURAL_QWEN,True
TX-CAT1-1233,1. Routine Everyday,ALLOW,usr-1002-cst-002,Juan Dela Cruz,Quezon City,2748.81,4000.0,0.69,grab car ride payment,14.6817,121.034225,14.676,121.0437,14.676,121.0437,138.5,1.2,1.2,0.52,False,False,ALLOW,True,ALLOW,GATE_0_FAST_PATH,True,ALLOW,GATE_1_NEURAL_QWEN,True
TX-CAT1-1234,1. Routine Everyday,ALLOW,usr-1002-cst-002,Juan Dela Cruz,Quezon City,3148.06,4000.0,0.79,pharmacy vitamins,14.674903,121.035217,14.676,121.0437,14.676,121.0437,119.4,0.92,0.92,0.46,False,False,ALLOW,True,ALLOW,GATE_0_FAST_PATH,True,ALLOW,GATE_1_NEURAL_QWEN,True
TX-CAT1-1235,1. Routine Everyday,ALLOW,usr-1004-cst-004,Carlos Tan,Pasig Ortigas,265.87,2000.0,0.13,supermarket groceries,14.585097,121.052522,14.5869,121.0614,14.5869,121.0614,75.1,0.98,0.98,0.78,False,False,ALLOW,True,ALLOW,GATE_0_FAST_PATH,True,ALLOW,GATE_1_NEURAL_QWEN,True
TX-CAT1-1236,1. Routine Everyday,ALLOW,usr-1001-cst-001,Maria Santos,Makati CBD,952.76,2500.0,0.38,grab car ride payment,14.552366,121.021415,14.5547,121.02,14.5547,121.02,193.6,0.3,0.3,0.09,False,False,ALLOW,True,ALLOW,GATE_0_FAST_PATH,True,ALLOW,GATE_1_NEURAL_QWEN,True
TX-CAT1-1237,1. Routine Everyday,ALLOW,usr-1003-cst-003,Elena Reyes,Cebu IT Park,8376.21,15000.0,0.56,school supplies,10.313862,123.883962,10.3157,123.8854,10.3157,123.8854,225.5,0.26,0.26,0.07,False,False,ALLOW,True,ALLOW,GATE_0_FAST_PATH,True,ALLOW,GATE_1_NEURAL_QWEN,True
TX-CAT1-1238,1. Routine Everyday,ALLOW,usr-1004-cst-004,Carlos Tan,Pasig Ortigas,1422.46,2000.0,0.71,coffee and pastry,14.594671,121.052864,14.5869,121.0614,14.5869,121.0614,56.7,1.26,1.26,1.33,False,False,ALLOW,True,ALLOW,GATE_0_FAST_PATH,True,ALLOW,GATE_1_NEURAL_QWEN,True
TX-CAT1-1239,1. Routine Everyday,ALLOW,usr-1004-cst-004,Carlos Tan,Pasig Ortigas,350.31,2000.0,0.18,pet food purchase,14.587216,121.062099,14.5869,121.0614,14.5869,121.0614,175.8,0.08,0.08,0.03,False,False,ALLOW,True,ALLOW,GATE_0_FAST_PATH,True,ALLOW,GATE_1_NEURAL_QWEN,True
TX-CAT1-1240,1. Routine Everyday,ALLOW,usr-1004-cst-004,Carlos Tan,Pasig Ortigas,962.57,2000.0,0.48,pet food purchase,14.578664,121.062817,14.5869,121.0614,14.5869,121.0614,223.6,0.93,0.93,0.25,False,False,ALLOW,True,ALLOW,GATE_0_FAST_PATH,True,ALLOW,GATE_1_NEURAL_QWEN,True
TX-CAT1-1241,1. Routine Everyday,ALLOW,usr-1001-cst-001,Maria Santos,Makati CBD,1476.61,2500.0,0.59,coffee and pastry,14.545348,121.01687,14.5547,121.02,14.5547,121.02,90.8,1.09,1.09,0.72,False,False,ALLOW,True,ALLOW,GATE_0_FAST_PATH,True,ALLOW,GATE_1_NEURAL_QWEN,True
TX-CAT1-1242,1. Routine Everyday,ALLOW,usr-1002-cst-002,Juan Dela Cruz,Quezon City,553.29,4000.0,0.14,maynilad water payment,14.687784,121.038978,14.676,121.0437,14.676,121.0437,132.0,1.41,1.41,0.64,False,False,ALLOW,True,ALLOW,GATE_0_FAST_PATH,True,ALLOW,GATE_1_NEURAL_QWEN,True
TX-CAT1-1243,1. Routine Everyday,ALLOW,usr-1002-cst-002,Juan Dela Cruz,Quezon City,643.07,4000.0,0.16,dinner delivery,14.674122,121.054184,14.676,121.0437,14.676,121.0437,94.1,1.15,1.15,0.73,False,False,ALLOW,True,ALLOW,GATE_0_FAST_PATH,True,ALLOW,GATE_1_NEURAL_QWEN,True
TX-CAT1-1244,1. Routine Everyday,ALLOW,usr-1003-cst-003,Elena Reyes,Cebu IT Park,3166.17,15000.0,0.21,pet food purchase,10.315431,123.876336,10.3157,123.8854,10.3157,123.8854,103.2,0.99,0.99,0.58,False,False,ALLOW,True,ALLOW,GATE_0_FAST_PATH,True,ALLOW,GATE_1_NEURAL_QWEN,True
TX-CAT1-1245,1. Routine Everyday,ALLOW,usr-1001-cst-001,Maria Santos,Makati CBD,1061.63,2500.0,0.42,dinner delivery,14.550133,121.018857,14.5547,121.02,14.5547,121.02,100.9,0.52,0.52,0.31,False,False,ALLOW,True,ALLOW,GATE_0_FAST_PATH,True,ALLOW,GATE_1_NEURAL_QWEN,True
TX-CAT1-1246,1. Routine Everyday,ALLOW,usr-1004-cst-004,Carlos Tan,Pasig Ortigas,965.91,2000.0,0.48,pet food purchase,14.594908,121.052587,14.5869,121.0614,14.5869,121.0614,59.1,1.3,1.3,1.32,False,False,ALLOW,True,ALLOW,GATE_0_FAST_PATH,True,ALLOW,GATE_1_NEURAL_QWEN,True
TX-CAT1-1247,1. Routine Everyday,ALLOW,usr-1004-cst-004,Carlos Tan,Pasig Ortigas,1475.79,2000.0,0.74,school supplies,14.585678,121.070192,14.5869,121.0614,14.5869,121.0614,98.3,0.96,0.96,0.59,False,False,ALLOW,True,ALLOW,GATE_0_FAST_PATH,True,ALLOW,GATE_1_NEURAL_QWEN,True
TX-CAT1-1248,1. Routine Everyday,ALLOW,usr-1004-cst-004,Carlos Tan,Pasig Ortigas,809.28,2000.0,0.4,coffee and pastry,14.583036,121.0505,14.5869,121.0614,14.5869,121.0614,170.8,1.25,1.25,0.44,False,False,ALLOW,True,ALLOW,GATE_0_FAST_PATH,True,ALLOW,GATE_1_NEURAL_QWEN,True
TX-CAT1-1249,1. Routine Everyday,ALLOW,usr-1004-cst-004,Carlos Tan,Pasig Ortigas,1429.92,2000.0,0.71,school supplies,14.577025,121.053375,14.5869,121.0614,14.5869,121.0614,35.2,1.4,1.4,2.39,False,False,ALLOW,True,ALLOW,GATE_0_FAST_PATH,True,ALLOW,GATE_1_NEURAL_QWEN,True
TX-CAT1-1250,1. Routine Everyday,ALLOW,usr-1003-cst-003,Elena Reyes,Cebu IT Park,8047.56,15000.0,0.54,lunch with colleagues,10.319154,123.875444,10.3157,123.8854,10.3157,123.8854,230.6,1.15,1.15,0.3,False,False,ALLOW,True,ALLOW,GATE_0_FAST_PATH,True,ALLOW,GATE_1_NEURAL_QWEN,True
TX-CAT1-1251,1. Routine Everyday,ALLOW,usr-1001-cst-001,Maria Santos,Makati CBD,2278.7,2500.0,0.91,grab car ride payment,14.547246,121.01942,14.5547,121.02,14.5547,121.02,218.3,0.83,0.83,0.23,False,False,ALLOW,True,ALLOW,GATE_0_FAST_PATH,True,ALLOW,GATE_1_NEURAL_QWEN,True
TX-CAT1-1252,1. Routine Everyday,ALLOW,usr-1001-cst-001,Maria Santos,Makati CBD,1604.36,2500.0,0.64,grab car ride payment,14.547014,121.008455,14.5547,121.02,14.5547,121.02,195.2,1.51,1.51,0.46,False,False,ALLOW,True,ALLOW,GATE_0_FAST_PATH,True,ALLOW,GATE_1_NEURAL_QWEN,True
TX-CAT1-1253,1. Routine Everyday,ALLOW,usr-1002-cst-002,Juan Dela Cruz,Quezon City,3173.26,4000.0,0.79,dinner delivery,14.674662,121.051066,14.676,121.0437,14.676,121.0437,157.4,0.81,0.81,0.31,False,False,ALLOW,True,ALLOW,GATE_0_FAST_PATH,True,ALLOW,GATE_1_NEURAL_QWEN,True
TX-CAT1-1254,1. Routine Everyday,ALLOW,usr-1004-cst-004,Carlos Tan,Pasig Ortigas,1168.23,2000.0,0.58,allowance transfer,14.595587,121.049958,14.5869,121.0614,14.5869,121.0614,121.8,1.56,1.56,0.77,False,False,ALLOW,True,ALLOW,GATE_0_FAST_PATH,True,ALLOW,GATE_1_NEURAL_QWEN,True
TX-CAT1-1255,1. Routine Everyday,ALLOW,usr-1004-cst-004,Carlos Tan,Pasig Ortigas,162.82,2000.0,0.08,grab car ride payment,14.582517,121.055572,14.5869,121.0614,14.5869,121.0614,54.1,0.79,0.79,0.88,False,False,ALLOW,True,ALLOW,GATE_0_FAST_PATH,True,ALLOW,GATE_1_NEURAL_QWEN,True
TX-CAT1-1256,1. Routine Everyday,ALLOW,usr-1001-cst-001,Maria Santos,Makati CBD,1341.71,2500.0,0.54,maynilad water payment,14.546157,121.014133,14.5547,121.02,14.5547,121.02,48.8,1.14,1.14,1.4,False,False,ALLOW,True,ALLOW,GATE_0_FAST_PATH,True,ALLOW,GATE_1_NEURAL_QWEN,True
TX-CAT1-1257,1. Routine Everyday,ALLOW,usr-1003-cst-003,Elena Reyes,Cebu IT Park,13574.09,15000.0,0.9,school supplies,10.307761,123.888147,10.3157,123.8854,10.3157,123.8854,98.3,0.93,0.93,0.57,False,False,ALLOW,True,ALLOW,GATE_0_FAST_PATH,True,ALLOW,GATE_1_NEURAL_QWEN,True
TX-CAT1-1258,1. Routine Everyday,ALLOW,usr-1001-cst-001,Maria Santos,Makati CBD,1728.49,2500.0,0.69,maynilad water payment,14.552059,121.015681,14.5547,121.02,14.5547,121.02,116.7,0.55,0.55,0.28,False,False,ALLOW,True,ALLOW,GATE_0_FAST_PATH,True,ALLOW,GATE_1_NEURAL_QWEN,True
TX-CAT1-1259,1. Routine Everyday,ALLOW,usr-1003-cst-003,Elena Reyes,Cebu IT Park,3764.61,15000.0,0.25,lunch with colleagues,10.304945,123.879151,10.3157,123.8854,10.3157,123.8854,155.4,1.38,1.38,0.53,False,False,ALLOW,True,ALLOW,GATE_0_FAST_PATH,True,ALLOW,GATE_1_NEURAL_QWEN,True
TX-CAT1-1260,1. Routine Everyday,ALLOW,usr-1002-cst-002,Juan Dela Cruz,Quezon City,1934.16,4000.0,0.48,grab car ride payment,14.673241,121.034462,14.676,121.0437,14.676,121.0437,42.7,1.04,1.04,1.46,False,False,ALLOW,True,ALLOW,GATE_0_FAST_PATH,True,ALLOW,GATE_1_NEURAL_QWEN,True
TX-CAT1-1261,1. Routine Everyday,ALLOW,usr-1004-cst-004,Carlos Tan,Pasig Ortigas,1104.56,2000.0,0.55,lunch with colleagues,14.58652,121.05918,14.5869,121.0614,14.5869,121.0614,79.1,0.24,0.24,0.18,False,False,ALLOW,True,ALLOW,GATE_0_FAST_PATH,True,ALLOW,GATE_1_NEURAL_QWEN,True
TX-CAT1-1262,1. Routine Everyday,ALLOW,usr-1001-cst-001,Maria Santos,Makati CBD,726.96,2500.0,0.29,dinner delivery,14.558902,121.013912,14.5547,121.02,14.5547,121.02,146.5,0.8,0.8,0.33,False,False,ALLOW,True,ALLOW,GATE_0_FAST_PATH,True,ALLOW,GATE_1_NEURAL_QWEN,True
TX-CAT1-1263,1. Routine Everyday,ALLOW,usr-1002-cst-002,Juan Dela Cruz,Quezon City,1240.98,4000.0,0.31,coffee and pastry,14.674704,121.052011,14.676,121.0437,14.676,121.0437,135.1,0.91,0.91,0.4,False,False,ALLOW,True,ALLOW,GATE_0_FAST_PATH,True,ALLOW,GATE_1_NEURAL_QWEN,True
TX-CAT1-1264,1. Routine Everyday,ALLOW,usr-1002-cst-002,Juan Dela Cruz,Quezon City,1493.76,4000.0,0.37,monthly rent payment,14.682769,121.044601,14.676,121.0437,14.676,121.0437,119.0,0.76,0.76,0.38,False,False,ALLOW,True,ALLOW,GATE_0_FAST_PATH,True,ALLOW,GATE_1_NEURAL_QWEN,True
TX-CAT1-1265,1. Routine Everyday,ALLOW,usr-1004-cst-004,Carlos Tan,Pasig Ortigas,194.39,2000.0,0.1,allowance transfer,14.597967,121.064298,14.5869,121.0614,14.5869,121.0614,167.1,1.27,1.27,0.46,False,False,ALLOW,True,ALLOW,GATE_0_FAST_PATH,True,ALLOW,GATE_1_NEURAL_QWEN,True
TX-CAT1-1266,1. Routine Everyday,ALLOW,usr-1002-cst-002,Juan Dela Cruz,Quezon City,122.0,4000.0,0.03,allowance transfer,14.670559,121.037721,14.676,121.0437,14.676,121.0437,172.8,0.88,0.88,0.31,False,False,ALLOW,True,ALLOW,GATE_0_FAST_PATH,True,ALLOW,GATE_1_NEURAL_QWEN,True
TX-CAT1-1267,1. Routine Everyday,ALLOW,usr-1003-cst-003,Elena Reyes,Cebu IT Park,12023.66,15000.0,0.8,meralco electric bill,10.317744,123.885648,10.3157,123.8854,10.3157,123.8854,39.6,0.23,0.23,0.35,False,False,ALLOW,True,ALLOW,GATE_0_FAST_PATH,True,ALLOW,GATE_1_NEURAL_QWEN,True
TX-CAT1-1268,1. Routine Everyday,ALLOW,usr-1001-cst-001,Maria Santos,Makati CBD,797.94,2500.0,0.32,coffee and pastry,14.559462,121.027932,14.5547,121.02,14.5547,121.02,182.3,1.0,1.0,0.33,False,False,ALLOW,True,ALLOW,GATE_0_FAST_PATH,True,ALLOW,GATE_1_NEURAL_QWEN,True
TX-CAT1-1269,1. Routine Everyday,ALLOW,usr-1003-cst-003,Elena Reyes,Cebu IT Park,12530.09,15000.0,0.84,meralco electric bill,10.318351,123.896378,10.3157,123.8854,10.3157,123.8854,96.8,1.24,1.24,0.77,False,False,ALLOW,True,ALLOW,GATE_0_FAST_PATH,True,ALLOW,GATE_1_NEURAL_QWEN,True
TX-CAT1-1270,1. Routine Everyday,ALLOW,usr-1003-cst-003,Elena Reyes,Cebu IT Park,9094.95,15000.0,0.61,pet food purchase,10.314565,123.879302,10.3157,123.8854,10.3157,123.8854,236.4,0.68,0.68,0.17,False,False,ALLOW,True,ALLOW,GATE_0_FAST_PATH,True,ALLOW,GATE_1_NEURAL_QWEN,True
TX-CAT1-1271,1. Routine Everyday,ALLOW,usr-1003-cst-003,Elena Reyes,Cebu IT Park,3096.12,15000.0,0.21,dinner delivery,10.311583,123.895336,10.3157,123.8854,10.3157,123.8854,58.1,1.18,1.18,1.22,False,False,ALLOW,True,ALLOW,GATE_0_FAST_PATH,True,ALLOW,GATE_1_NEURAL_QWEN,True
TX-CAT1-1272,1. Routine Everyday,ALLOW,usr-1001-cst-001,Maria Santos,Makati CBD,1492.81,2500.0,0.6,supermarket groceries,14.564335,121.024145,14.5547,121.02,14.5547,121.02,116.8,1.16,1.16,0.6,False,False,ALLOW,True,ALLOW,GATE_0_FAST_PATH,True,ALLOW,GATE_1_NEURAL_QWEN,True
TX-CAT1-1273,1. Routine Everyday,ALLOW,usr-1004-cst-004,Carlos Tan,Pasig Ortigas,1477.19,2000.0,0.74,grab car ride payment,14.576848,121.070441,14.5869,121.0614,14.5869,121.0614,166.8,1.48,1.48,0.53,False,False,ALLOW,True,ALLOW,GATE_0_FAST_PATH,True,ALLOW,GATE_1_NEURAL_QWEN,True
TX-CAT1-1274,1. Routine Everyday,ALLOW,usr-1001-cst-001,Maria Santos,Makati CBD,2132.75,2500.0,0.85,school supplies,14.553384,121.010962,14.5547,121.02,14.5547,121.02,234.1,0.98,0.98,0.25,False,False,ALLOW,True,ALLOW,GATE_0_FAST_PATH,True,ALLOW,GATE_1_NEURAL_QWEN,True
TX-CAT1-1275,1. Routine Everyday,ALLOW,usr-1004-cst-004,Carlos Tan,Pasig Ortigas,1592.89,2000.0,0.8,pharmacy vitamins,14.584182,121.069539,14.5869,121.0614,14.5869,121.0614,200.5,0.93,0.93,0.28,False,False,ALLOW,True,ALLOW,GATE_0_FAST_PATH,True,ALLOW,GATE_1_NEURAL_QWEN,True
TX-CAT1-1276,1. Routine Everyday,ALLOW,usr-1001-cst-001,Maria Santos,Makati CBD,401.34,2500.0,0.16,pharmacy vitamins,14.56517,121.01867,14.5547,121.02,14.5547,121.02,76.5,1.17,1.17,0.92,False,False,ALLOW,True,ALLOW,GATE_0_FAST_PATH,True,ALLOW,GATE_1_NEURAL_QWEN,True
TX-CAT1-1277,1. Routine Everyday,ALLOW,usr-1001-cst-001,Maria Santos,Makati CBD,1830.24,2500.0,0.73,school supplies,14.564814,121.016588,14.5547,121.02,14.5547,121.02,48.9,1.18,1.18,1.45,False,False,ALLOW,True,ALLOW,GATE_0_FAST_PATH,True,ALLOW,GATE_1_NEURAL_QWEN,True
TX-CAT1-1278,1. Routine Everyday,ALLOW,usr-1003-cst-003,Elena Reyes,Cebu IT Park,11542.9,15000.0,0.77,meralco electric bill,10.309322,123.885251,10.3157,123.8854,10.3157,123.8854,106.2,0.71,0.71,0.4,False,False,ALLOW,True,ALLOW,GATE_0_FAST_PATH,True,ALLOW,GATE_1_NEURAL_QWEN,True
TX-CAT1-1279,1. Routine Everyday,ALLOW,usr-1003-cst-003,Elena Reyes,Cebu IT Park,7083.8,15000.0,0.47,pet food purchase,10.320667,123.878418,10.3157,123.8854,10.3157,123.8854,71.2,0.94,0.94,0.79,False,False,ALLOW,True,ALLOW,GATE_0_FAST_PATH,True,ALLOW,GATE_1_NEURAL_QWEN,True
TX-CAT1-1280,1. Routine Everyday,ALLOW,usr-1004-cst-004,Carlos Tan,Pasig Ortigas,317.48,2000.0,0.16,maynilad water payment,14.588558,121.061256,14.5869,121.0614,14.5869,121.0614,145.9,0.19,0.19,0.08,False,False,ALLOW,True,ALLOW,GATE_0_FAST_PATH,True,ALLOW,GATE_1_NEURAL_QWEN,True
TX-CAT1-1281,1. Routine Everyday,ALLOW,usr-1002-cst-002,Juan Dela Cruz,Quezon City,360.53,4000.0,0.09,monthly rent payment,14.681903,121.034758,14.676,121.0437,14.676,121.0437,226.0,1.16,1.16,0.31,False,False,ALLOW,True,ALLOW,GATE_0_FAST_PATH,True,ALLOW,GATE_1_NEURAL_QWEN,True
TX-CAT1-1282,1. Routine Everyday,ALLOW,usr-1002-cst-002,Juan Dela Cruz,Quezon City,3362.09,4000.0,0.84,pet food purchase,14.682774,121.036304,14.676,121.0437,14.676,121.0437,172.4,1.1,1.1,0.38,False,False,ALLOW,True,ALLOW,GATE_0_FAST_PATH,True,ALLOW,GATE_1_NEURAL_QWEN,True
TX-CAT1-1283,1. Routine Everyday,ALLOW,usr-1003-cst-003,Elena Reyes,Cebu IT Park,9738.01,15000.0,0.65,allowance transfer,10.303747,123.883651,10.3157,123.8854,10.3157,123.8854,171.4,1.34,1.34,0.47,False,False,ALLOW,True,ALLOW,GATE_0_FAST_PATH,True,ALLOW,GATE_1_NEURAL_QWEN,True
TX-CAT1-1284,1. Routine Everyday,ALLOW,usr-1001-cst-001,Maria Santos,Makati CBD,2045.45,2500.0,0.82,pharmacy vitamins,14.553081,121.031883,14.5547,121.02,14.5547,121.02,87.5,1.29,1.29,0.88,False,False,ALLOW,True,ALLOW,GATE_0_FAST_PATH,True,ALLOW,GATE_1_NEURAL_QWEN,True
TX-CAT1-1285,1. Routine Everyday,ALLOW,usr-1004-cst-004,Carlos Tan,Pasig Ortigas,1002.12,2000.0,0.5,grab car ride payment,14.593117,121.070611,14.5869,121.0614,14.5869,121.0614,77.2,1.21,1.21,0.94,False,False,ALLOW,True,ALLOW,GATE_0_FAST_PATH,True,ALLOW,GATE_1_NEURAL_QWEN,True
TX-CAT1-1286,1. Routine Everyday,ALLOW,usr-1003-cst-003,Elena Reyes,Cebu IT Park,13096.87,15000.0,0.87,grab car ride payment,10.314473,123.873524,10.3157,123.8854,10.3157,123.8854,70.9,1.31,1.31,1.11,False,False,ALLOW,True,ALLOW,GATE_0_FAST_PATH,True,ALLOW,GATE_1_NEURAL_QWEN,True
TX-CAT1-1287,1. Routine Everyday,ALLOW,usr-1001-cst-001,Maria Santos,Makati CBD,2104.62,2500.0,0.84,supermarket groceries,14.566466,121.013415,14.5547,121.02,14.5547,121.02,174.8,1.49,1.49,0.51,False,False,ALLOW,True,ALLOW,GATE_0_FAST_PATH,True,ALLOW,GATE_1_NEURAL_QWEN,True
TX-CAT1-1288,1. Routine Everyday,ALLOW,usr-1001-cst-001,Maria Santos,Makati CBD,2187.82,2500.0,0.88,meralco electric bill,14.546648,121.015459,14.5547,121.02,14.5547,121.02,161.5,1.02,1.02,0.38,False,False,ALLOW,True,ALLOW,GATE_0_FAST_PATH,True,ALLOW,GATE_1_NEURAL_QWEN,True
TX-CAT1-1289,1. Routine Everyday,ALLOW,usr-1001-cst-001,Maria Santos,Makati CBD,182.85,2500.0,0.07,coffee and pastry,14.562093,121.022221,14.5547,121.02,14.5547,121.02,161.5,0.86,0.86,0.32,False,False,ALLOW,True,ALLOW,GATE_0_FAST_PATH,True,ALLOW,GATE_1_NEURAL_QWEN,True
TX-CAT1-1290,1. Routine Everyday,ALLOW,usr-1003-cst-003,Elena Reyes,Cebu IT Park,11996.37,15000.0,0.8,meralco electric bill,10.306288,123.879121,10.3157,123.8854,10.3157,123.8854,101.6,1.25,1.25,0.74,False,False,ALLOW,True,ALLOW,GATE_0_FAST_PATH,True,ALLOW,GATE_1_NEURAL_QWEN,True
TX-CAT1-1291,1. Routine Everyday,ALLOW,usr-1001-cst-001,Maria Santos,Makati CBD,1972.78,2500.0,0.79,grab car ride payment,14.561759,121.030645,14.5547,121.02,14.5547,121.02,192.9,1.39,1.39,0.43,False,False,ALLOW,True,ALLOW,GATE_0_FAST_PATH,True,ALLOW,GATE_1_NEURAL_QWEN,True
TX-CAT1-1292,1. Routine Everyday,ALLOW,usr-1004-cst-004,Carlos Tan,Pasig Ortigas,1480.1,2000.0,0.74,school supplies,14.585615,121.052396,14.5869,121.0614,14.5869,121.0614,234.7,0.98,0.98,0.25,False,False,ALLOW,True,ALLOW,GATE_0_FAST_PATH,True,ALLOW,GATE_1_NEURAL_QWEN,True
TX-CAT1-1293,1. Routine Everyday,ALLOW,usr-1001-cst-001,Maria Santos,Makati CBD,971.03,2500.0,0.39,pet food purchase,14.544261,121.011061,14.5547,121.02,14.5547,121.02,223.0,1.51,1.51,0.41,False,False,ALLOW,True,ALLOW,GATE_0_FAST_PATH,True,ALLOW,GATE_1_NEURAL_QWEN,True
TX-CAT1-1294,1. Routine Everyday,ALLOW,usr-1004-cst-004,Carlos Tan,Pasig Ortigas,217.52,2000.0,0.11,dinner delivery,14.589928,121.050979,14.5869,121.0614,14.5869,121.0614,172.3,1.17,1.17,0.41,False,False,ALLOW,True,ALLOW,GATE_0_FAST_PATH,True,ALLOW,GATE_1_NEURAL_QWEN,True
TX-CAT1-1295,1. Routine Everyday,ALLOW,usr-1001-cst-001,Maria Santos,Makati CBD,785.04,2500.0,0.31,coffee and pastry,14.55234,121.022815,14.5547,121.02,14.5547,121.02,116.3,0.4,0.4,0.21,False,False,ALLOW,True,ALLOW,GATE_0_FAST_PATH,True,ALLOW,GATE_1_NEURAL_QWEN,True
TX-CAT1-1296,1. Routine Everyday,ALLOW,usr-1001-cst-001,Maria Santos,Makati CBD,1142.44,2500.0,0.46,allowance transfer,14.561784,121.029119,14.5547,121.02,14.5547,121.02,160.0,1.26,1.26,0.47,False,False,ALLOW,True,ALLOW,GATE_0_FAST_PATH,True,ALLOW,GATE_1_NEURAL_QWEN,True
TX-CAT1-1297,1. Routine Everyday,ALLOW,usr-1003-cst-003,Elena Reyes,Cebu IT Park,9317.52,15000.0,0.62,school supplies,10.32249,123.884298,10.3157,123.8854,10.3157,123.8854,98.9,0.76,0.76,0.46,False,False,ALLOW,True,ALLOW,GATE_0_FAST_PATH,True,ALLOW,GATE_1_NEURAL_QWEN,True
TX-CAT1-1298,1. Routine Everyday,ALLOW,usr-1002-cst-002,Juan Dela Cruz,Quezon City,517.46,4000.0,0.13,supermarket groceries,14.678284,121.033321,14.676,121.0437,14.676,121.0437,195.8,1.14,1.14,0.35,False,False,ALLOW,True,ALLOW,GATE_0_FAST_PATH,True,ALLOW,GATE_1_NEURAL_QWEN,True
TX-CAT1-1299,1. Routine Everyday,ALLOW,usr-1002-cst-002,Juan Dela Cruz,Quezon City,3448.08,4000.0,0.86,monthly rent payment,14.679297,121.037851,14.676,121.0437,14.676,121.0437,118.4,0.73,0.73,0.37,False,False,ALLOW,True,ALLOW,GATE_0_FAST_PATH,True,ALLOW,GATE_1_NEURAL_QWEN,True
TX-CAT1-1300,1. Routine Everyday,ALLOW,usr-1004-cst-004,Carlos Tan,Pasig Ortigas,450.94,2000.0,0.23,monthly rent payment,14.594029,121.050852,14.5869,121.0614,14.5869,121.0614,95.5,1.38,1.38,0.87,False,False,ALLOW,True,ALLOW,GATE_0_FAST_PATH,True,ALLOW,GATE_1_NEURAL_QWEN,True
TX-CAT1-1301,1. Routine Everyday,ALLOW,usr-1004-cst-004,Carlos Tan,Pasig Ortigas,1033.36,2000.0,0.52,school supplies,14.593005,121.056869,14.5869,121.0614,14.5869,121.0614,215.9,0.84,0.84,0.23,False,False,ALLOW,True,ALLOW,GATE_0_FAST_PATH,True,ALLOW,GATE_1_NEURAL_QWEN,True
TX-CAT1-1302,1. Routine Everyday,ALLOW,usr-1002-cst-002,Juan Dela Cruz,Quezon City,662.47,4000.0,0.17,maynilad water payment,14.67848,121.038686,14.676,121.0437,14.676,121.0437,233.8,0.61,0.61,0.16,False,False,ALLOW,True,ALLOW,GATE_0_FAST_PATH,True,ALLOW,GATE_1_NEURAL_QWEN,True
TX-CAT1-1303,1. Routine Everyday,ALLOW,usr-1002-cst-002,Juan Dela Cruz,Quezon City,330.93,4000.0,0.08,grab car ride payment,14.68366,121.045127,14.676,121.0437,14.676,121.0437,41.5,0.87,0.87,1.26,False,False,ALLOW,True,ALLOW,GATE_0_FAST_PATH,True,ALLOW,GATE_1_NEURAL_QWEN,True
TX-CAT1-1304,1. Routine Everyday,ALLOW,usr-1003-cst-003,Elena Reyes,Cebu IT Park,2881.1,15000.0,0.19,meralco electric bill,10.319073,123.87823,10.3157,123.8854,10.3157,123.8854,44.4,0.87,0.87,1.18,False,False,ALLOW,True,ALLOW,GATE_0_FAST_PATH,True,ALLOW,GATE_1_NEURAL_QWEN,True
TX-CAT1-1305,1. Routine Everyday,ALLOW,usr-1002-cst-002,Juan Dela Cruz,Quezon City,2577.73,4000.0,0.64,pet food purchase,14.680604,121.042918,14.676,121.0437,14.676,121.0437,175.4,0.52,0.52,0.18,False,False,ALLOW,True,ALLOW,GATE_0_FAST_PATH,True,ALLOW,GATE_1_NEURAL_QWEN,True
TX-CAT1-1306,1. Routine Everyday,ALLOW,usr-1003-cst-003,Elena Reyes,Cebu IT Park,8825.54,15000.0,0.59,coffee and pastry,10.311587,123.875916,10.3157,123.8854,10.3157,123.8854,214.0,1.13,1.13,0.32,False,False,BLOCK,False,ALLOW,GATE_0_FAST_PATH,True,ALLOW,GATE_1_NEURAL_QWEN,True
TX-CAT1-1307,1. Routine Everyday,ALLOW,usr-1001-cst-001,Maria Santos,Makati CBD,1238.32,2500.0,0.5,supermarket groceries,14.55803,121.024637,14.5547,121.02,14.5547,121.02,128.0,0.62,0.62,0.29,False,False,ALLOW,True,ALLOW,GATE_0_FAST_PATH,True,ALLOW,GATE_1_NEURAL_QWEN,True
TX-CAT1-1308,1. Routine Everyday,ALLOW,usr-1002-cst-002,Juan Dela Cruz,Quezon City,999.59,4000.0,0.25,pet food purchase,14.68244,121.051252,14.676,121.0437,14.676,121.0437,199.5,1.08,1.08,0.32,False,False,ALLOW,True,ALLOW,GATE_0_FAST_PATH,True,ALLOW,GATE_1_NEURAL_QWEN,True
TX-CAT1-1309,1. Routine Everyday,ALLOW,usr-1004-cst-004,Carlos Tan,Pasig Ortigas,485.46,2000.0,0.24,monthly rent payment,14.594726,121.049561,14.5869,121.0614,14.5869,121.0614,32.1,1.54,1.54,2.88,False,False,ALLOW,True,ALLOW,GATE_0_FAST_PATH,True,ALLOW,GATE_1_NEURAL_QWEN,True
TX-CAT1-1310,1. Routine Everyday,ALLOW,usr-1003-cst-003,Elena Reyes,Cebu IT Park,544.15,15000.0,0.04,lunch with colleagues,10.307118,123.88397,10.3157,123.8854,10.3157,123.8854,162.6,0.97,0.97,0.36,False,False,ALLOW,True,ALLOW,GATE_0_FAST_PATH,True,ALLOW,GATE_1_NEURAL_QWEN,True
TX-CAT1-1311,1. Routine Everyday,ALLOW,usr-1003-cst-003,Elena Reyes,Cebu IT Park,740.38,15000.0,0.05,supermarket groceries,10.308479,123.880218,10.3157,123.8854,10.3157,123.8854,76.0,0.98,0.98,0.77,False,False,ALLOW,True,ALLOW,GATE_0_FAST_PATH,True,ALLOW,GATE_1_NEURAL_QWEN,True
TX-CAT1-1312,1. Routine Everyday,ALLOW,usr-1003-cst-003,Elena Reyes,Cebu IT Park,10277.16,15000.0,0.69,pharmacy vitamins,10.324041,123.879303,10.3157,123.8854,10.3157,123.8854,71.2,1.14,1.14,0.96,False,False,ALLOW,True,ALLOW,GATE_0_FAST_PATH,True,ALLOW,GATE_1_NEURAL_QWEN,True
TX-CAT1-1313,1. Routine Everyday,ALLOW,usr-1002-cst-002,Juan Dela Cruz,Quezon City,3221.8,4000.0,0.81,lunch with colleagues,14.664504,121.047959,14.676,121.0437,14.676,121.0437,109.6,1.36,1.36,0.74,False,False,ALLOW,True,ALLOW,GATE_0_FAST_PATH,True,ALLOW,GATE_1_NEURAL_QWEN,True
TX-CAT1-1314,1. Routine Everyday,ALLOW,usr-1001-cst-001,Maria Santos,Makati CBD,883.05,2500.0,0.35,meralco electric bill,14.550022,121.013764,14.5547,121.02,14.5547,121.02,200.0,0.85,0.85,0.26,False,False,ALLOW,True,ALLOW,GATE_0_FAST_PATH,True,ALLOW,GATE_1_NEURAL_QWEN,True
TX-CAT1-1315,1. Routine Everyday,ALLOW,usr-1002-cst-002,Juan Dela Cruz,Quezon City,3583.48,4000.0,0.9,dinner delivery,14.68516,121.052781,14.676,121.0437,14.676,121.0437,43.7,1.41,1.41,1.94,False,False,ALLOW,True,ALLOW,GATE_0_FAST_PATH,True,ALLOW,GATE_1_NEURAL_QWEN,True
TX-CAT1-1316,1. Routine Everyday,ALLOW,usr-1002-cst-002,Juan Dela Cruz,Quezon City,3368.42,4000.0,0.84,monthly rent payment,14.683078,121.0363,14.676,121.0437,14.676,121.0437,109.4,1.12,1.12,0.61,False,False,ALLOW,True,ALLOW,GATE_0_FAST_PATH,True,ALLOW,GATE_1_NEURAL_QWEN,True
TX-CAT1-1317,1. Routine Everyday,ALLOW,usr-1003-cst-003,Elena Reyes,Cebu IT Park,4612.66,15000.0,0.31,coffee and pastry,10.327148,123.879269,10.3157,123.8854,10.3157,123.8854,39.7,1.44,1.44,2.18,False,False,BLOCK,False,ALLOW,GATE_0_FAST_PATH,True,ALLOW,GATE_1_NEURAL_QWEN,True
TX-CAT1-1318,1. Routine Everyday,ALLOW,usr-1002-cst-002,Juan Dela Cruz,Quezon City,3264.32,4000.0,0.82,maynilad water payment,14.68295,121.039564,14.676,121.0437,14.676,121.0437,41.2,0.89,0.89,1.3,False,False,ALLOW,True,ALLOW,GATE_0_FAST_PATH,True,ALLOW,GATE_1_NEURAL_QWEN,True
TX-CAT1-1319,1. Routine Everyday,ALLOW,usr-1003-cst-003,Elena Reyes,Cebu IT Park,12453.39,15000.0,0.83,grab car ride payment,10.326941,123.89466,10.3157,123.8854,10.3157,123.8854,73.9,1.61,1.61,1.31,False,False,ALLOW,True,ALLOW,GATE_0_FAST_PATH,True,ALLOW,GATE_1_NEURAL_QWEN,True
TX-CAT1-1320,1. Routine Everyday,ALLOW,usr-1001-cst-001,Maria Santos,Makati CBD,1889.42,2500.0,0.76,school supplies,14.557457,121.012018,14.5547,121.02,14.5547,121.02,111.5,0.91,0.91,0.49,False,False,ALLOW,True,ALLOW,GATE_0_FAST_PATH,True,ALLOW,GATE_1_NEURAL_QWEN,True
TX-CAT1-1321,1. Routine Everyday,ALLOW,usr-1003-cst-003,Elena Reyes,Cebu IT Park,7165.05,15000.0,0.48,allowance transfer,10.307996,123.8905,10.3157,123.8854,10.3157,123.8854,140.3,1.02,1.02,0.44,False,False,ALLOW,True,ALLOW,GATE_0_FAST_PATH,True,ALLOW,GATE_1_NEURAL_QWEN,True
TX-CAT1-1322,1. Routine Everyday,ALLOW,usr-1004-cst-004,Carlos Tan,Pasig Ortigas,1393.86,2000.0,0.7,allowance transfer,14.58627,121.063348,14.5869,121.0614,14.5869,121.0614,164.0,0.22,0.22,0.08,False,False,ALLOW,True,ALLOW,GATE_0_FAST_PATH,True,ALLOW,GATE_1_NEURAL_QWEN,True
TX-CAT1-1323,1. Routine Everyday,ALLOW,usr-1001-cst-001,Maria Santos,Makati CBD,587.24,2500.0,0.23,meralco electric bill,14.55355,121.013625,14.5547,121.02,14.5547,121.02,75.9,0.7,0.7,0.55,False,False,ALLOW,True,ALLOW,GATE_0_FAST_PATH,True,ALLOW,GATE_1_NEURAL_QWEN,True
TX-CAT1-1324,1. Routine Everyday,ALLOW,usr-1004-cst-004,Carlos Tan,Pasig Ortigas,1701.9,2000.0,0.85,dinner delivery,14.578673,121.069618,14.5869,121.0614,14.5869,121.0614,83.5,1.27,1.27,0.91,False,False,ALLOW,True,ALLOW,GATE_0_FAST_PATH,True,ALLOW,GATE_1_NEURAL_QWEN,True
TX-CAT1-1325,1. Routine Everyday,ALLOW,usr-1001-cst-001,Maria Santos,Makati CBD,422.91,2500.0,0.17,lunch with colleagues,14.549781,121.020452,14.5547,121.02,14.5547,121.02,78.3,0.55,0.55,0.42,False,False,ALLOW,True,ALLOW,GATE_0_FAST_PATH,True,ALLOW,GATE_1_NEURAL_QWEN,True
TX-CAT1-1326,1. Routine Everyday,ALLOW,usr-1001-cst-001,Maria Santos,Makati CBD,1169.15,2500.0,0.47,dinner delivery,14.550773,121.018828,14.5547,121.02,14.5547,121.02,120.8,0.45,0.45,0.22,False,False,ALLOW,True,ALLOW,GATE_0_FAST_PATH,True,ALLOW,GATE_1_NEURAL_QWEN,True
TX-CAT1-1327,1. Routine Everyday,ALLOW,usr-1003-cst-003,Elena Reyes,Cebu IT Park,11487.65,15000.0,0.77,pharmacy vitamins,10.310252,123.873993,10.3157,123.8854,10.3157,123.8854,122.8,1.39,1.39,0.68,False,False,ALLOW,True,ALLOW,GATE_0_FAST_PATH,True,ALLOW,GATE_1_NEURAL_QWEN,True
TX-CAT1-1328,1. Routine Everyday,ALLOW,usr-1003-cst-003,Elena Reyes,Cebu IT Park,9238.86,15000.0,0.62,pharmacy vitamins,10.325335,123.880468,10.3157,123.8854,10.3157,123.8854,135.4,1.2,1.2,0.53,False,False,ALLOW,True,ALLOW,GATE_0_FAST_PATH,True,ALLOW,GATE_1_NEURAL_QWEN,True
TX-CAT1-1329,1. Routine Everyday,ALLOW,usr-1001-cst-001,Maria Santos,Makati CBD,1892.14,2500.0,0.76,meralco electric bill,14.545062,121.009712,14.5547,121.02,14.5547,121.02,38.0,1.54,1.54,2.43,False,False,ALLOW,True,ALLOW,GATE_0_FAST_PATH,True,ALLOW,GATE_1_NEURAL_QWEN,True
TX-CAT1-1330,1. Routine Everyday,ALLOW,usr-1002-cst-002,Juan Dela Cruz,Quezon City,1348.23,4000.0,0.34,school supplies,14.671902,121.038965,14.676,121.0437,14.676,121.0437,201.3,0.68,0.68,0.2,False,False,ALLOW,True,ALLOW,GATE_0_FAST_PATH,True,ALLOW,GATE_1_NEURAL_QWEN,True
TX-CAT1-1331,1. Routine Everyday,ALLOW,usr-1003-cst-003,Elena Reyes,Cebu IT Park,2813.78,15000.0,0.19,dinner delivery,10.327652,123.897362,10.3157,123.8854,10.3157,123.8854,188.0,1.87,1.87,0.6,False,False,ALLOW,True,ALLOW,GATE_0_FAST_PATH,True,ALLOW,GATE_1_NEURAL_QWEN,True
TX-CAT1-1332,1. Routine Everyday,ALLOW,usr-1003-cst-003,Elena Reyes,Cebu IT Park,240.58,15000.0,0.02,maynilad water payment,10.310464,123.881719,10.3157,123.8854,10.3157,123.8854,239.3,0.71,0.71,0.18,False,False,ALLOW,True,ALLOW,GATE_0_FAST_PATH,True,ALLOW,GATE_1_NEURAL_QWEN,True
TX-CAT1-1333,1. Routine Everyday,ALLOW,usr-1004-cst-004,Carlos Tan,Pasig Ortigas,1582.91,2000.0,0.79,school supplies,14.575185,121.065098,14.5869,121.0614,14.5869,121.0614,237.7,1.36,1.36,0.34,False,False,ALLOW,True,ALLOW,GATE_0_FAST_PATH,True,ALLOW,GATE_1_NEURAL_QWEN,True
TX-CAT1-1334,1. Routine Everyday,ALLOW,usr-1002-cst-002,Juan Dela Cruz,Quezon City,3304.92,4000.0,0.83,meralco electric bill,14.669446,121.049679,14.676,121.0437,14.676,121.0437,129.6,0.97,0.97,0.45,False,False,ALLOW,True,ALLOW,GATE_0_FAST_PATH,True,ALLOW,GATE_1_NEURAL_QWEN,True
TX-CAT1-1335,1. Routine Everyday,ALLOW,usr-1004-cst-004,Carlos Tan,Pasig Ortigas,1406.07,2000.0,0.7,allowance transfer,14.583076,121.051461,14.5869,121.0614,14.5869,121.0614,207.6,1.15,1.15,0.33,False,False,ALLOW,True,ALLOW,GATE_0_FAST_PATH,True,ALLOW,GATE_1_NEURAL_QWEN,True
TX-CAT1-1336,1. Routine Everyday,ALLOW,usr-1004-cst-004,Carlos Tan,Pasig Ortigas,1490.83,2000.0,0.75,pet food purchase,14.584925,121.059928,14.5869,121.0614,14.5869,121.0614,209.1,0.27,0.27,0.08,False,False,ALLOW,True,ALLOW,GATE_0_FAST_PATH,True,ALLOW,GATE_1_NEURAL_QWEN,True
TX-CAT1-1337,1. Routine Everyday,ALLOW,usr-1001-cst-001,Maria Santos,Makati CBD,964.95,2500.0,0.39,dinner delivery,14.56367,121.015334,14.5547,121.02,14.5547,121.02,184.9,1.12,1.12,0.36,False,False,ALLOW,True,ALLOW,GATE_0_FAST_PATH,True,ALLOW,GATE_1_NEURAL_QWEN,True
TX-CAT1-1338,1. Routine Everyday,ALLOW,usr-1004-cst-004,Carlos Tan,Pasig Ortigas,1562.51,2000.0,0.78,pharmacy vitamins,14.583056,121.05946,14.5869,121.0614,14.5869,121.0614,174.0,0.48,0.48,0.17,False,False,ALLOW,True,ALLOW,GATE_0_FAST_PATH,True,ALLOW,GATE_1_NEURAL_QWEN,True
TX-CAT1-1339,1. Routine Everyday,ALLOW,usr-1004-cst-004,Carlos Tan,Pasig Ortigas,1477.86,2000.0,0.74,pet food purchase,14.587802,121.057226,14.5869,121.0614,14.5869,121.0614,34.9,0.46,0.46,0.79,False,False,ALLOW,True,ALLOW,GATE_0_FAST_PATH,True,ALLOW,GATE_1_NEURAL_QWEN,True
TX-CAT1-1340,1. Routine Everyday,ALLOW,usr-1001-cst-001,Maria Santos,Makati CBD,2199.44,2500.0,0.88,monthly rent payment,14.566154,121.031862,14.5547,121.02,14.5547,121.02,149.3,1.8,1.8,0.72,False,False,ALLOW,True,ALLOW,GATE_0_FAST_PATH,True,ALLOW,GATE_1_NEURAL_QWEN,True
TX-CAT1-1341,1. Routine Everyday,ALLOW,usr-1004-cst-004,Carlos Tan,Pasig Ortigas,1864.71,2000.0,0.93,meralco electric bill,14.597669,121.050929,14.5869,121.0614,14.5869,121.0614,111.2,1.64,1.64,0.88,False,False,ALLOW,True,ALLOW,GATE_0_FAST_PATH,True,ALLOW,GATE_1_NEURAL_QWEN,True
TX-CAT1-1342,1. Routine Everyday,ALLOW,usr-1004-cst-004,Carlos Tan,Pasig Ortigas,313.38,2000.0,0.16,dinner delivery,14.597987,121.064736,14.5869,121.0614,14.5869,121.0614,94.0,1.28,1.28,0.82,False,False,ALLOW,True,ALLOW,GATE_0_FAST_PATH,True,ALLOW,GATE_1_NEURAL_QWEN,True
TX-CAT1-1343,1. Routine Everyday,ALLOW,usr-1002-cst-002,Juan Dela Cruz,Quezon City,503.87,4000.0,0.13,grab car ride payment,14.668263,121.051535,14.676,121.0437,14.676,121.0437,156.7,1.2,1.2,0.46,False,False,ALLOW,True,ALLOW,GATE_0_FAST_PATH,True,ALLOW,GATE_1_NEURAL_QWEN,True
TX-CAT1-1344,1. Routine Everyday,ALLOW,usr-1001-cst-001,Maria Santos,Makati CBD,540.99,2500.0,0.22,lunch with colleagues,14.564572,121.017261,14.5547,121.02,14.5547,121.02,73.2,1.14,1.14,0.93,False,False,ALLOW,True,ALLOW,GATE_0_FAST_PATH,True,ALLOW,GATE_1_NEURAL_QWEN,True
TX-CAT1-1345,1. Routine Everyday,ALLOW,usr-1003-cst-003,Elena Reyes,Cebu IT Park,9439.72,15000.0,0.63,lunch with colleagues,10.314612,123.882248,10.3157,123.8854,10.3157,123.8854,32.3,0.37,0.37,0.69,False,False,ALLOW,True,ALLOW,GATE_0_FAST_PATH,True,ALLOW,GATE_1_NEURAL_QWEN,True
TX-CAT1-1346,1. Routine Everyday,ALLOW,usr-1003-cst-003,Elena Reyes,Cebu IT Park,12267.66,15000.0,0.82,coffee and pastry,10.313087,123.89715,10.3157,123.8854,10.3157,123.8854,57.1,1.32,1.32,1.39,False,False,BLOCK,False,ALLOW,GATE_0_FAST_PATH,True,ALLOW,GATE_1_NEURAL_QWEN,True
TX-CAT1-1347,1. Routine Everyday,ALLOW,usr-1004-cst-004,Carlos Tan,Pasig Ortigas,971.29,2000.0,0.49,lunch with colleagues,14.584236,121.071086,14.5869,121.0614,14.5869,121.0614,73.4,1.08,1.08,0.88,False,False,ALLOW,True,ALLOW,GATE_0_FAST_PATH,True,ALLOW,GATE_1_NEURAL_QWEN,True
TX-CAT1-1348,1. Routine Everyday,ALLOW,usr-1002-cst-002,Juan Dela Cruz,Quezon City,1259.91,4000.0,0.31,pet food purchase,14.679955,121.035511,14.676,121.0437,14.676,121.0437,150.8,0.98,0.98,0.39,False,False,ALLOW,True,ALLOW,GATE_0_FAST_PATH,True,ALLOW,GATE_1_NEURAL_QWEN,True
TX-CAT1-1349,1. Routine Everyday,ALLOW,usr-1003-cst-003,Elena Reyes,Cebu IT Park,8421.26,15000.0,0.56,grab car ride payment,10.320903,123.884415,10.3157,123.8854,10.3157,123.8854,72.4,0.59,0.59,0.49,False,False,ALLOW,True,ALLOW,GATE_0_FAST_PATH,True,ALLOW,GATE_1_NEURAL_QWEN,True
TX-CAT1-1350,1. Routine Everyday,ALLOW,usr-1002-cst-002,Juan Dela Cruz,Quezon City,1760.29,4000.0,0.44,coffee and pastry,14.678516,121.037624,14.676,121.0437,14.676,121.0437,99.1,0.71,0.71,0.43,False,False,ALLOW,True,ALLOW,GATE_0_FAST_PATH,True,ALLOW,GATE_1_NEURAL_QWEN,True
TX-CAT1-1351,1. Routine Everyday,ALLOW,usr-1004-cst-004,Carlos Tan,Pasig Ortigas,939.16,2000.0,0.47,dinner delivery,14.575838,121.051586,14.5869,121.0614,14.5869,121.0614,165.7,1.62,1.62,0.59,False,False,ALLOW,True,ALLOW,GATE_0_FAST_PATH,True,ALLOW,GATE_1_NEURAL_QWEN,True
TX-CAT1-1352,1. Routine Everyday,ALLOW,usr-1004-cst-004,Carlos Tan,Pasig Ortigas,737.27,2000.0,0.37,pet food purchase,14.593916,121.058786,14.5869,121.0614,14.5869,121.0614,202.9,0.83,0.83,0.25,False,False,ALLOW,True,ALLOW,GATE_0_FAST_PATH,True,ALLOW,GATE_1_NEURAL_QWEN,True
TX-CAT1-1353,1. Routine Everyday,ALLOW,usr-1002-cst-002,Juan Dela Cruz,Quezon City,1647.39,4000.0,0.41,monthly rent payment,14.685599,121.049298,14.676,121.0437,14.676,121.0437,126.1,1.23,1.23,0.59,False,False,ALLOW,True,ALLOW,GATE_0_FAST_PATH,True,ALLOW,GATE_1_NEURAL_QWEN,True
TX-CAT1-1354,1. Routine Everyday,ALLOW,usr-1002-cst-002,Juan Dela Cruz,Quezon City,2690.56,4000.0,0.67,lunch with colleagues,14.673445,121.054396,14.676,121.0437,14.676,121.0437,80.3,1.19,1.19,0.89,False,False,ALLOW,True,ALLOW,GATE_0_FAST_PATH,True,ALLOW,GATE_1_NEURAL_QWEN,True
TX-CAT1-1355,1. Routine Everyday,ALLOW,usr-1002-cst-002,Juan Dela Cruz,Quezon City,1127.5,4000.0,0.28,school supplies,14.676906,121.0477,14.676,121.0437,14.676,121.0437,44.0,0.44,0.44,0.6,False,False,ALLOW,True,ALLOW,GATE_0_FAST_PATH,True,ALLOW,GATE_1_NEURAL_QWEN,True
TX-CAT1-1356,1. Routine Everyday,ALLOW,usr-1002-cst-002,Juan Dela Cruz,Quezon City,3464.15,4000.0,0.87,coffee and pastry,14.687817,121.044968,14.676,121.0437,14.676,121.0437,239.0,1.32,1.32,0.33,False,False,ALLOW,True,ALLOW,GATE_0_FAST_PATH,True,ALLOW,GATE_1_NEURAL_QWEN,True
TX-CAT1-1357,1. Routine Everyday,ALLOW,usr-1001-cst-001,Maria Santos,Makati CBD,1823.42,2500.0,0.73,grab car ride payment,14.561097,121.015824,14.5547,121.02,14.5547,121.02,124.7,0.84,0.84,0.4,False,False,ALLOW,True,ALLOW,GATE_0_FAST_PATH,True,ALLOW,GATE_1_NEURAL_QWEN,True
TX-CAT1-1358,1. Routine Everyday,ALLOW,usr-1003-cst-003,Elena Reyes,Cebu IT Park,3050.17,15000.0,0.2,supermarket groceries,10.314792,123.875157,10.3157,123.8854,10.3157,123.8854,175.8,1.13,1.13,0.39,False,False,ALLOW,True,ALLOW,GATE_0_FAST_PATH,True,ALLOW,GATE_1_NEURAL_QWEN,True
TX-CAT1-1359,1. Routine Everyday,ALLOW,usr-1004-cst-004,Carlos Tan,Pasig Ortigas,798.46,2000.0,0.4,pet food purchase,14.584484,121.054066,14.5869,121.0614,14.5869,121.0614,37.9,0.83,0.83,1.31,False,False,ALLOW,True,ALLOW,GATE_0_FAST_PATH,True,ALLOW,GATE_1_NEURAL_QWEN,True
TX-CAT1-1360,1. Routine Everyday,ALLOW,usr-1003-cst-003,Elena Reyes,Cebu IT Park,1740.47,15000.0,0.12,monthly rent payment,10.311551,123.891368,10.3157,123.8854,10.3157,123.8854,131.8,0.8,0.8,0.36,False,False,ALLOW,True,ALLOW,GATE_0_FAST_PATH,True,ALLOW,GATE_1_NEURAL_QWEN,True
TX-CAT1-1361,1. Routine Everyday,ALLOW,usr-1001-cst-001,Maria Santos,Makati CBD,306.15,2500.0,0.12,school supplies,14.548515,121.0308,14.5547,121.02,14.5547,121.02,59.5,1.35,1.35,1.36,False,False,ALLOW,True,ALLOW,GATE_0_FAST_PATH,True,ALLOW,GATE_1_NEURAL_QWEN,True
TX-CAT1-1362,1. Routine Everyday,ALLOW,usr-1003-cst-003,Elena Reyes,Cebu IT Park,12011.28,15000.0,0.8,monthly rent payment,10.323824,123.887968,10.3157,123.8854,10.3157,123.8854,67.2,0.95,0.95,0.85,False,False,ALLOW,True,ALLOW,GATE_0_FAST_PATH,True,ALLOW,GATE_1_NEURAL_QWEN,True
TX-CAT1-1363,1. Routine Everyday,ALLOW,usr-1001-cst-001,Maria Santos,Makati CBD,1325.64,2500.0,0.53,coffee and pastry,14.546743,121.024113,14.5547,121.02,14.5547,121.02,32.4,0.99,0.99,1.83,False,False,ALLOW,True,ALLOW,GATE_0_FAST_PATH,True,ALLOW,GATE_1_NEURAL_QWEN,True
TX-CAT1-1364,1. Routine Everyday,ALLOW,usr-1003-cst-003,Elena Reyes,Cebu IT Park,2288.91,15000.0,0.15,pharmacy vitamins,10.307971,123.890546,10.3157,123.8854,10.3157,123.8854,217.5,1.03,1.03,0.28,False,False,ALLOW,True,ALLOW,GATE_0_FAST_PATH,True,ALLOW,GATE_1_NEURAL_QWEN,True
TX-CAT1-1365,1. Routine Everyday,ALLOW,usr-1002-cst-002,Juan Dela Cruz,Quezon City,1746.77,4000.0,0.44,supermarket groceries,14.684076,121.051176,14.676,121.0437,14.676,121.0437,164.6,1.21,1.21,0.44,False,False,ALLOW,True,ALLOW,GATE_0_FAST_PATH,True,ALLOW,GATE_1_NEURAL_QWEN,True
TX-CAT1-1366,1. Routine Everyday,ALLOW,usr-1001-cst-001,Maria Santos,Makati CBD,1000.84,2500.0,0.4,maynilad water payment,14.553356,121.022357,14.5547,121.02,14.5547,121.02,40.2,0.29,0.29,0.43,False,False,ALLOW,True,ALLOW,GATE_0_FAST_PATH,True,ALLOW,GATE_1_NEURAL_QWEN,True
TX-CAT1-1367,1. Routine Everyday,ALLOW,usr-1004-cst-004,Carlos Tan,Pasig Ortigas,1485.46,2000.0,0.74,meralco electric bill,14.583891,121.055125,14.5869,121.0614,14.5869,121.0614,49.2,0.75,0.75,0.91,False,False,ALLOW,True,ALLOW,GATE_0_FAST_PATH,True,ALLOW,GATE_1_NEURAL_QWEN,True
TX-CAT1-1368,1. Routine Everyday,ALLOW,usr-1004-cst-004,Carlos Tan,Pasig Ortigas,169.74,2000.0,0.08,supermarket groceries,14.582991,121.054012,14.5869,121.0614,14.5869,121.0614,170.5,0.91,0.91,0.32,False,False,ALLOW,True,ALLOW,GATE_0_FAST_PATH,True,ALLOW,GATE_1_NEURAL_QWEN,True
TX-CAT1-1369,1. Routine Everyday,ALLOW,usr-1002-cst-002,Juan Dela Cruz,Quezon City,3648.18,4000.0,0.91,lunch with colleagues,14.683126,121.051631,14.676,121.0437,14.676,121.0437,65.3,1.16,1.16,1.07,False,False,ALLOW,True,ALLOW,GATE_0_FAST_PATH,True,ALLOW,GATE_1_NEURAL_QWEN,True
TX-CAT1-1370,1. Routine Everyday,ALLOW,usr-1002-cst-002,Juan Dela Cruz,Quezon City,281.97,4000.0,0.07,grab car ride payment,14.666584,121.039551,14.676,121.0437,14.676,121.0437,148.0,1.14,1.14,0.46,False,False,ALLOW,True,ALLOW,GATE_0_FAST_PATH,True,ALLOW,GATE_1_NEURAL_QWEN,True
TX-CAT1-1371,1. Routine Everyday,ALLOW,usr-1002-cst-002,Juan Dela Cruz,Quezon City,2418.8,4000.0,0.6,grab car ride payment,14.673482,121.041969,14.676,121.0437,14.676,121.0437,78.8,0.34,0.34,0.26,False,False,ALLOW,True,ALLOW,GATE_0_FAST_PATH,True,ALLOW,GATE_1_NEURAL_QWEN,True
TX-CAT1-1372,1. Routine Everyday,ALLOW,usr-1001-cst-001,Maria Santos,Makati CBD,924.08,2500.0,0.37,monthly rent payment,14.54306,121.023696,14.5547,121.02,14.5547,121.02,32.5,1.35,1.35,2.49,False,False,ALLOW,True,ALLOW,GATE_0_FAST_PATH,True,ALLOW,GATE_1_NEURAL_QWEN,True
TX-CAT1-1373,1. Routine Everyday,ALLOW,usr-1002-cst-002,Juan Dela Cruz,Quezon City,1808.3,4000.0,0.45,lunch with colleagues,14.679791,121.038383,14.676,121.0437,14.676,121.0437,161.0,0.71,0.71,0.26,False,False,ALLOW,True,ALLOW,GATE_0_FAST_PATH,True,ALLOW,GATE_1_NEURAL_QWEN,True
TX-CAT1-1374,1. Routine Everyday,ALLOW,usr-1001-cst-001,Maria Santos,Makati CBD,271.83,2500.0,0.11,meralco electric bill,14.552566,121.026421,14.5547,121.02,14.5547,121.02,134.9,0.73,0.73,0.32,False,False,ALLOW,True,ALLOW,GATE_0_FAST_PATH,True,ALLOW,GATE_1_NEURAL_QWEN,True
TX-CAT1-1375,1. Routine Everyday,ALLOW,usr-1001-cst-001,Maria Santos,Makati CBD,1726.76,2500.0,0.69,dinner delivery,14.546815,121.031017,14.5547,121.02,14.5547,121.02,156.0,1.47,1.47,0.57,False,False,ALLOW,True,ALLOW,GATE_0_FAST_PATH,True,ALLOW,GATE_1_NEURAL_QWEN,True
TX-CAT1-1376,1. Routine Everyday,ALLOW,usr-1004-cst-004,Carlos Tan,Pasig Ortigas,1326.66,2000.0,0.66,pet food purchase,14.57809,121.053608,14.5869,121.0614,14.5869,121.0614,190.0,1.29,1.29,0.41,False,False,ALLOW,True,ALLOW,GATE_0_FAST_PATH,True,ALLOW,GATE_1_NEURAL_QWEN,True
TX-CAT1-1377,1. Routine Everyday,ALLOW,usr-1003-cst-003,Elena Reyes,Cebu IT Park,13939.44,15000.0,0.93,school supplies,10.315271,123.881443,10.3157,123.8854,10.3157,123.8854,157.8,0.44,0.44,0.17,False,False,ALLOW,True,ALLOW,GATE_0_FAST_PATH,True,ALLOW,GATE_1_NEURAL_QWEN,True
TX-CAT1-1378,1. Routine Everyday,ALLOW,usr-1004-cst-004,Carlos Tan,Pasig Ortigas,800.62,2000.0,0.4,school supplies,14.592704,121.061482,14.5869,121.0614,14.5869,121.0614,178.0,0.65,0.65,0.22,False,False,ALLOW,True,ALLOW,GATE_0_FAST_PATH,True,ALLOW,GATE_1_NEURAL_QWEN,True
TX-CAT1-1379,1. Routine Everyday,ALLOW,usr-1001-cst-001,Maria Santos,Makati CBD,644.53,2500.0,0.26,dinner delivery,14.560915,121.010977,14.5547,121.02,14.5547,121.02,79.6,1.19,1.19,0.9,False,False,ALLOW,True,ALLOW,GATE_0_FAST_PATH,True,ALLOW,GATE_1_NEURAL_QWEN,True
TX-CAT1-1380,1. Routine Everyday,ALLOW,usr-1004-cst-004,Carlos Tan,Pasig Ortigas,1467.9,2000.0,0.73,dinner delivery,14.576805,121.052701,14.5869,121.0614,14.5869,121.0614,134.7,1.46,1.46,0.65,False,False,ALLOW,True,ALLOW,GATE_0_FAST_PATH,True,ALLOW,GATE_1_NEURAL_QWEN,True
TX-CAT1-1381,1. Routine Everyday,ALLOW,usr-1002-cst-002,Juan Dela Cruz,Quezon City,678.15,4000.0,0.17,meralco electric bill,14.679409,121.037414,14.676,121.0437,14.676,121.0437,182.3,0.78,0.78,0.26,False,False,ALLOW,True,ALLOW,GATE_0_FAST_PATH,True,ALLOW,GATE_1_NEURAL_QWEN,True
TX-CAT1-1382,1. Routine Everyday,ALLOW,usr-1004-cst-004,Carlos Tan,Pasig Ortigas,1435.88,2000.0,0.72,pharmacy vitamins,14.578122,121.057021,14.5869,121.0614,14.5869,121.0614,195.3,1.08,1.08,0.33,False,False,ALLOW,True,ALLOW,GATE_0_FAST_PATH,True,ALLOW,GATE_1_NEURAL_QWEN,True
TX-CAT1-1383,1. Routine Everyday,ALLOW,usr-1001-cst-001,Maria Santos,Makati CBD,1294.57,2500.0,0.52,coffee and pastry,14.558253,121.014923,14.5547,121.02,14.5547,121.02,35.0,0.67,0.67,1.15,False,False,ALLOW,True,ALLOW,GATE_0_FAST_PATH,True,ALLOW,GATE_1_NEURAL_QWEN,True
TX-CAT1-1384,1. Routine Everyday,ALLOW,usr-1003-cst-003,Elena Reyes,Cebu IT Park,4962.75,15000.0,0.33,meralco electric bill,10.316643,123.895159,10.3157,123.8854,10.3157,123.8854,169.7,1.07,1.07,0.38,False,False,ALLOW,True,ALLOW,GATE_0_FAST_PATH,True,ALLOW,GATE_1_NEURAL_QWEN,True
TX-CAT1-1385,1. Routine Everyday,ALLOW,usr-1002-cst-002,Juan Dela Cruz,Quezon City,3069.34,4000.0,0.77,pet food purchase,14.681268,121.046294,14.676,121.0437,14.676,121.0437,110.1,0.65,0.65,0.35,False,False,ALLOW,True,ALLOW,GATE_0_FAST_PATH,True,ALLOW,GATE_1_NEURAL_QWEN,True
TX-CAT1-1386,1. Routine Everyday,ALLOW,usr-1003-cst-003,Elena Reyes,Cebu IT Park,2713.5,15000.0,0.18,school supplies,10.303845,123.894277,10.3157,123.8854,10.3157,123.8854,44.7,1.64,1.64,2.2,False,False,ALLOW,True,ALLOW,GATE_0_FAST_PATH,True,ALLOW,GATE_1_NEURAL_QWEN,True
TX-CAT1-1387,1. Routine Everyday,ALLOW,usr-1002-cst-002,Juan Dela Cruz,Quezon City,311.75,4000.0,0.08,monthly rent payment,14.686519,121.034713,14.676,121.0437,14.676,121.0437,66.5,1.52,1.52,1.37,False,False,ALLOW,True,ALLOW,GATE_0_FAST_PATH,True,ALLOW,GATE_1_NEURAL_QWEN,True
TX-CAT1-1388,1. Routine Everyday,ALLOW,usr-1002-cst-002,Juan Dela Cruz,Quezon City,989.62,4000.0,0.25,lunch with colleagues,14.67423,121.04291,14.676,121.0437,14.676,121.0437,64.5,0.21,0.21,0.2,False,False,ALLOW,True,ALLOW,GATE_0_FAST_PATH,True,ALLOW,GATE_1_NEURAL_QWEN,True
TX-CAT1-1389,1. Routine Everyday,ALLOW,usr-1002-cst-002,Juan Dela Cruz,Quezon City,1021.32,4000.0,0.26,monthly rent payment,14.67854,121.038974,14.676,121.0437,14.676,121.0437,151.0,0.58,0.58,0.23,False,False,ALLOW,True,ALLOW,GATE_0_FAST_PATH,True,ALLOW,GATE_1_NEURAL_QWEN,True
TX-CAT1-1390,1. Routine Everyday,ALLOW,usr-1002-cst-002,Juan Dela Cruz,Quezon City,1120.45,4000.0,0.28,allowance transfer,14.66592,121.055041,14.676,121.0437,14.676,121.0437,113.6,1.66,1.66,0.88,False,False,ALLOW,True,ALLOW,GATE_0_FAST_PATH,True,ALLOW,GATE_1_NEURAL_QWEN,True
TX-CAT1-1391,1. Routine Everyday,ALLOW,usr-1002-cst-002,Juan Dela Cruz,Quezon City,1852.23,4000.0,0.46,coffee and pastry,14.676127,121.049338,14.676,121.0437,14.676,121.0437,189.7,0.61,0.61,0.19,False,False,ALLOW,True,ALLOW,GATE_0_FAST_PATH,True,ALLOW,GATE_1_NEURAL_QWEN,True
TX-CAT1-1392,1. Routine Everyday,ALLOW,usr-1004-cst-004,Carlos Tan,Pasig Ortigas,155.26,2000.0,0.08,coffee and pastry,14.585158,121.051398,14.5869,121.0614,14.5869,121.0614,220.4,1.09,1.09,0.3,False,False,ALLOW,True,ALLOW,GATE_0_FAST_PATH,True,ALLOW,GATE_1_NEURAL_QWEN,True
TX-CAT1-1393,1. Routine Everyday,ALLOW,usr-1003-cst-003,Elena Reyes,Cebu IT Park,8529.94,15000.0,0.57,monthly rent payment,10.316968,123.877617,10.3157,123.8854,10.3157,123.8854,109.9,0.86,0.86,0.47,False,False,ALLOW,True,ALLOW,GATE_0_FAST_PATH,True,ALLOW,GATE_1_NEURAL_QWEN,True
TX-CAT1-1394,1. Routine Everyday,ALLOW,usr-1003-cst-003,Elena Reyes,Cebu IT Park,6529.41,15000.0,0.44,coffee and pastry,10.317191,123.88494,10.3157,123.8854,10.3157,123.8854,100.0,0.17,0.17,0.1,False,False,BLOCK,False,ALLOW,GATE_0_FAST_PATH,True,ALLOW,GATE_1_NEURAL_QWEN,True
TX-CAT1-1395,1. Routine Everyday,ALLOW,usr-1004-cst-004,Carlos Tan,Pasig Ortigas,468.37,2000.0,0.23,meralco electric bill,14.575,121.07008,14.5869,121.0614,14.5869,121.0614,183.4,1.62,1.62,0.53,False,False,ALLOW,True,ALLOW,GATE_0_FAST_PATH,True,ALLOW,GATE_1_NEURAL_QWEN,True
TX-CAT1-1396,1. Routine Everyday,ALLOW,usr-1003-cst-003,Elena Reyes,Cebu IT Park,7064.24,15000.0,0.47,coffee and pastry,10.326267,123.896692,10.3157,123.8854,10.3157,123.8854,108.4,1.7,1.7,0.94,False,False,BLOCK,False,ALLOW,GATE_0_FAST_PATH,True,ALLOW,GATE_1_NEURAL_QWEN,True
TX-CAT1-1397,1. Routine Everyday,ALLOW,usr-1004-cst-004,Carlos Tan,Pasig Ortigas,667.9,2000.0,0.33,dinner delivery,14.57661,121.07064,14.5869,121.0614,14.5869,121.0614,238.4,1.52,1.52,0.38,False,False,ALLOW,True,ALLOW,GATE_0_FAST_PATH,True,ALLOW,GATE_1_NEURAL_QWEN,True
TX-CAT1-1398,1. Routine Everyday,ALLOW,usr-1001-cst-001,Maria Santos,Makati CBD,987.78,2500.0,0.4,dinner delivery,14.546597,121.026311,14.5547,121.02,14.5547,121.02,231.0,1.13,1.13,0.29,False,False,ALLOW,True,ALLOW,GATE_0_FAST_PATH,True,ALLOW,GATE_1_NEURAL_QWEN,True
TX-CAT1-1399,1. Routine Everyday,ALLOW,usr-1003-cst-003,Elena Reyes,Cebu IT Park,7320.77,15000.0,0.49,allowance transfer,10.31894,123.882236,10.3157,123.8854,10.3157,123.8854,42.1,0.5,0.5,0.71,False,False,ALLOW,True,ALLOW,GATE_0_FAST_PATH,True,ALLOW,GATE_1_NEURAL_QWEN,True
TX-CAT1-1400,1. Routine Everyday,ALLOW,usr-1004-cst-004,Carlos Tan,Pasig Ortigas,1769.2,2000.0,0.88,pet food purchase,14.580823,121.060865,14.5869,121.0614,14.5869,121.0614,223.5,0.68,0.68,0.18,False,False,ALLOW,True,ALLOW,GATE_0_FAST_PATH,True,ALLOW,GATE_1_NEURAL_QWEN,True
TX-CAT2-1401,2. Legitimate Edge Cases,ALLOW,usr-1003-cst-003,Elena Reyes,Cebu IT Park,22519.75,15000.0,1.5,condo association dues and maintenance fee,10.318607,123.880627,10.3157,123.8854,10.3157,123.8854,196.6,0.61,0.61,0.19,False,False,BLOCK,False,ALLOW,GATE_1_NEURAL_QWEN,True,ALLOW,GATE_1_NEURAL_QWEN,True
TX-CAT2-1402,2. Legitimate Edge Cases,ALLOW,usr-1002-cst-002,Juan Dela Cruz,Quezon City,3174.74,4000.0,0.79,attorney legal document notarization service fee,14.677567,121.046952,14.676,121.0437,14.676,121.0437,108.4,0.39,0.39,0.22,False,False,ALLOW,True,ALLOW,GATE_1_NEURAL_QWEN,True,ALLOW,GATE_1_NEURAL_QWEN,True
TX-CAT2-1403,2. Legitimate Edge Cases,ALLOW,usr-1001-cst-001,Maria Santos,Makati CBD,3764.44,2500.0,1.51,condo association dues and maintenance fee,14.563038,121.017953,14.5547,121.02,14.5547,121.02,235.8,0.95,0.95,0.24,False,False,ALLOW,True,ALLOW,GATE_1_NEURAL_QWEN,True,ALLOW,GATE_1_NEURAL_QWEN,True
TX-CAT2-1404,2. Legitimate Edge Cases,ALLOW,usr-1001-cst-001,Maria Santos,Makati CBD,3040.99,2500.0,1.22,family dinner at country club,16.4023,120.596,14.5547,121.02,14.5547,121.02,315.0,210.41,210.41,40.08,False,False,BLOCK,False,ALLOW,GATE_1_NEURAL_QWEN,True,ALLOW,GATE_1_NEURAL_QWEN,True
TX-CAT2-1405,2. Legitimate Edge Cases,ALLOW,usr-1004-cst-004,Carlos Tan,Pasig Ortigas,9032.97,2000.0,4.52,university tuition matriculation fee installment 2,14.581957,121.057444,14.5869,121.0614,14.5869,121.0614,350.3,0.7,0.7,0.12,False,False,BLOCK,False,REQUIRE_2FA,GATE_1_NEURAL_QWEN,False,REQUIRE_2FA,GATE_1_NEURAL_QWEN,False
TX-CAT2-1406,2. Legitimate Edge Cases,ALLOW,usr-1004-cst-004,Carlos Tan,Pasig Ortigas,2380.8,2000.0,1.19,family dinner at country club,16.4023,120.596,14.5869,121.0614,14.5869,121.0614,315.0,207.93,207.93,39.61,False,False,BLOCK,False,ALLOW,GATE_1_NEURAL_QWEN,True,ALLOW,GATE_1_NEURAL_QWEN,True
TX-CAT2-1407,2. Legitimate Edge Cases,ALLOW,usr-1004-cst-004,Carlos Tan,Pasig Ortigas,2960.93,2000.0,1.48,condo association dues and maintenance fee,14.588352,121.067351,14.5869,121.0614,14.5869,121.0614,304.3,0.66,0.66,0.13,False,False,ALLOW,True,ALLOW,GATE_1_NEURAL_QWEN,True,ALLOW,GATE_1_NEURAL_QWEN,True
TX-CAT2-1408,2. Legitimate Edge Cases,ALLOW,usr-1003-cst-003,Elena Reyes,Cebu IT Park,67543.0,15000.0,4.5,university tuition matriculation fee installment 2,10.313659,123.881562,10.3157,123.8854,10.3157,123.8854,356.1,0.48,0.48,0.08,False,False,BLOCK,False,REQUIRE_2FA,GATE_1_NEURAL_QWEN,False,REQUIRE_2FA,GATE_1_NEURAL_QWEN,False
TX-CAT2-1409,2. Legitimate Edge Cases,ALLOW,usr-1004-cst-004,Carlos Tan,Pasig Ortigas,2959.69,2000.0,1.48,condo association dues and maintenance fee,14.592375,121.059757,14.5869,121.0614,14.5869,121.0614,185.1,0.63,0.63,0.2,False,False,ALLOW,True,ALLOW,GATE_1_NEURAL_QWEN,True,ALLOW,GATE_1_NEURAL_QWEN,True
TX-CAT2-1410,2. Legitimate Edge Cases,ALLOW,usr-1003-cst-003,Elena Reyes,Cebu IT Park,7467.06,15000.0,0.5,oreilly mastering cryptocurrency book tutorial,10.313193,123.889481,10.3157,123.8854,10.3157,123.8854,119.4,0.53,0.53,0.27,False,False,BLOCK,False,ALLOW,GATE_1_NEURAL_QWEN,True,ALLOW,GATE_1_NEURAL_QWEN,True
TX-CAT2-1411,2. Legitimate Edge Cases,ALLOW,usr-1002-cst-002,Juan Dela Cruz,Quezon City,4844.85,4000.0,1.21,family dinner at country club,16.4023,120.596,14.676,121.0437,14.676,121.0437,315.0,197.86,197.86,37.69,False,False,BLOCK,False,ALLOW,GATE_1_NEURAL_QWEN,True,ALLOW,GATE_1_NEURAL_QWEN,True
TX-CAT2-1412,2. Legitimate Edge Cases,ALLOW,usr-1004-cst-004,Carlos Tan,Pasig Ortigas,2431.44,2000.0,1.22,family dinner at country club,16.4023,120.596,14.5869,121.0614,14.5869,121.0614,315.0,207.93,207.93,39.61,False,False,BLOCK,False,ALLOW,GATE_1_NEURAL_QWEN,True,ALLOW,GATE_1_NEURAL_QWEN,True
TX-CAT2-1413,2. Legitimate Edge Cases,ALLOW,usr-1002-cst-002,Juan Dela Cruz,Quezon City,17955.9,4000.0,4.49,university tuition matriculation fee installment 2,14.669655,121.048883,14.676,121.0437,14.676,121.0437,137.8,0.9,0.9,0.39,False,False,BLOCK,False,REQUIRE_2FA,GATE_1_NEURAL_QWEN,False,REQUIRE_2FA,GATE_1_NEURAL_QWEN,False
TX-CAT2-1414,2. Legitimate Edge Cases,ALLOW,usr-1004-cst-004,Carlos Tan,Pasig Ortigas,1012.68,2000.0,0.51,oreilly mastering cryptocurrency book tutorial,14.589388,121.068767,14.5869,121.0614,14.5869,121.0614,109.8,0.84,0.84,0.46,False,False,BLOCK,False,ALLOW,GATE_1_NEURAL_QWEN,True,ALLOW,GATE_1_NEURAL_QWEN,True
TX-CAT2-1415,2. Legitimate Edge Cases,ALLOW,usr-1003-cst-003,Elena Reyes,Cebu IT Park,22487.77,15000.0,1.5,condo association dues and maintenance fee,10.311235,123.882243,10.3157,123.8854,10.3157,123.8854,235.7,0.6,0.6,0.15,False,False,BLOCK,False,ALLOW,GATE_1_NEURAL_QWEN,True,ALLOW,GATE_1_NEURAL_QWEN,True
TX-CAT2-1416,2. Legitimate Edge Cases,ALLOW,usr-1004-cst-004,Carlos Tan,Pasig Ortigas,1017.28,2000.0,0.51,oreilly mastering cryptocurrency book tutorial,14.578916,121.052621,14.5869,121.0614,14.5869,121.0614,285.5,1.3,1.3,0.27,False,False,BLOCK,False,ALLOW,GATE_1_NEURAL_QWEN,True,ALLOW,GATE_1_NEURAL_QWEN,True
TX-CAT2-1417,2. Legitimate Edge Cases,ALLOW,usr-1001-cst-001,Maria Santos,Makati CBD,3028.92,2500.0,1.21,family dinner at country club,16.4023,120.596,14.5547,121.02,14.5547,121.02,315.0,210.41,210.41,40.08,False,False,BLOCK,False,ALLOW,GATE_1_NEURAL_QWEN,True,ALLOW,GATE_1_NEURAL_QWEN,True
TX-CAT2-1418,2. Legitimate Edge Cases,ALLOW,usr-1001-cst-001,Maria Santos,Makati CBD,3721.11,2500.0,1.49,condo association dues and maintenance fee,14.560536,121.017513,14.5547,121.02,14.5547,121.02,216.0,0.7,0.7,0.19,False,False,ALLOW,True,ALLOW,GATE_1_NEURAL_QWEN,True,ALLOW,GATE_1_NEURAL_QWEN,True
TX-CAT2-1419,2. Legitimate Edge Cases,ALLOW,usr-1003-cst-003,Elena Reyes,Cebu IT Park,7497.32,15000.0,0.5,oreilly mastering cryptocurrency book tutorial,10.312441,123.883989,10.3157,123.8854,10.3157,123.8854,171.2,0.39,0.39,0.14,False,False,BLOCK,False,ALLOW,GATE_1_NEURAL_QWEN,True,ALLOW,GATE_1_NEURAL_QWEN,True
TX-CAT2-1420,2. Legitimate Edge Cases,ALLOW,usr-1003-cst-003,Elena Reyes,Cebu IT Park,12031.68,15000.0,0.8,attorney legal document notarization service fee,10.32452,123.888702,10.3157,123.8854,10.3157,123.8854,173.5,1.05,1.05,0.36,False,False,BLOCK,False,ALLOW,GATE_1_NEURAL_QWEN,True,ALLOW,GATE_1_NEURAL_QWEN,True
TX-CAT2-1421,2. Legitimate Edge Cases,ALLOW,usr-1001-cst-001,Maria Santos,Makati CBD,2037.31,2500.0,0.81,attorney legal document notarization service fee,14.560825,121.010062,14.5547,121.02,14.5547,121.02,321.2,1.27,1.27,0.24,False,False,ALLOW,True,ALLOW,GATE_1_NEURAL_QWEN,True,ALLOW,GATE_1_NEURAL_QWEN,True
TX-CAT2-1422,2. Legitimate Edge Cases,ALLOW,usr-1004-cst-004,Carlos Tan,Pasig Ortigas,8952.57,2000.0,4.48,university tuition matriculation fee installment 2,14.579358,121.062013,14.5869,121.0614,14.5869,121.0614,345.3,0.84,0.84,0.15,False,False,BLOCK,False,REQUIRE_2FA,GATE_1_NEURAL_QWEN,False,REQUIRE_2FA,GATE_1_NEURAL_QWEN,False
TX-CAT2-1423,2. Legitimate Edge Cases,ALLOW,usr-1002-cst-002,Juan Dela Cruz,Quezon City,3195.19,4000.0,0.8,attorney legal document notarization service fee,14.679724,121.051097,14.676,121.0437,14.676,121.0437,214.5,0.9,0.9,0.25,False,False,ALLOW,True,ALLOW,GATE_1_NEURAL_QWEN,True,ALLOW,GATE_1_NEURAL_QWEN,True
TX-CAT2-1424,2. Legitimate Edge Cases,ALLOW,usr-1002-cst-002,Juan Dela Cruz,Quezon City,6048.62,4000.0,1.51,condo association dues and maintenance fee,14.685151,121.049952,14.676,121.0437,14.676,121.0437,65.0,1.22,1.22,1.13,False,False,BLOCK,False,ALLOW,GATE_1_NEURAL_QWEN,True,ALLOW,GATE_1_NEURAL_QWEN,True
TX-CAT2-1425,2. Legitimate Edge Cases,ALLOW,usr-1003-cst-003,Elena Reyes,Cebu IT Park,22546.96,15000.0,1.5,condo association dues and maintenance fee,10.320416,123.888959,10.3157,123.8854,10.3157,123.8854,130.1,0.65,0.65,0.3,False,False,BLOCK,False,ALLOW,GATE_1_NEURAL_QWEN,True,ALLOW,GATE_1_NEURAL_QWEN,True
TX-CAT2-1426,2. Legitimate Edge Cases,ALLOW,usr-1004-cst-004,Carlos Tan,Pasig Ortigas,1023.92,2000.0,0.51,oreilly mastering cryptocurrency book tutorial,14.592779,121.058367,14.5869,121.0614,14.5869,121.0614,341.7,0.73,0.73,0.13,False,False,BLOCK,False,ALLOW,GATE_1_NEURAL_QWEN,True,ALLOW,GATE_1_NEURAL_QWEN,True
TX-CAT2-1427,2. Legitimate Edge Cases,ALLOW,usr-1004-cst-004,Carlos Tan,Pasig Ortigas,3023.43,2000.0,1.51,condo association dues and maintenance fee,14.582777,121.055302,14.5869,121.0614,14.5869,121.0614,102.9,0.8,0.8,0.47,False,False,ALLOW,True,ALLOW,GATE_1_NEURAL_QWEN,True,ALLOW,GATE_1_NEURAL_QWEN,True
TX-CAT2-1428,2. Legitimate Edge Cases,ALLOW,usr-1001-cst-001,Maria Santos,Makati CBD,11249.79,2500.0,4.5,university tuition matriculation fee installment 2,14.546442,121.026647,14.5547,121.02,14.5547,121.02,358.9,1.16,1.16,0.19,False,False,BLOCK,False,REQUIRE_2FA,GATE_1_NEURAL_QWEN,False,REQUIRE_2FA,GATE_1_NEURAL_QWEN,False
TX-CAT2-1429,2. Legitimate Edge Cases,ALLOW,usr-1004-cst-004,Carlos Tan,Pasig Ortigas,9039.64,2000.0,4.52,university tuition matriculation fee installment 2,14.596001,121.061043,14.5869,121.0614,14.5869,121.0614,222.2,1.01,1.01,0.27,False,False,BLOCK,False,REQUIRE_2FA,GATE_1_NEURAL_QWEN,False,REQUIRE_2FA,GATE_1_NEURAL_QWEN,False
TX-CAT2-1430,2. Legitimate Edge Cases,ALLOW,usr-1002-cst-002,Juan Dela Cruz,Quezon City,17967.04,4000.0,4.49,university tuition matriculation fee installment 2,14.684884,121.047698,14.676,121.0437,14.676,121.0437,91.6,1.08,1.08,0.71,False,False,BLOCK,False,REQUIRE_2FA,GATE_1_NEURAL_QWEN,False,REQUIRE_2FA,GATE_1_NEURAL_QWEN,False
TX-CAT2-1431,2. Legitimate Edge Cases,ALLOW,usr-1001-cst-001,Maria Santos,Makati CBD,11292.9,2500.0,4.52,university tuition matriculation fee installment 2,14.55123,121.01767,14.5547,121.02,14.5547,121.02,144.1,0.46,0.46,0.19,False,False,BLOCK,False,REQUIRE_2FA,GATE_1_NEURAL_QWEN,False,REQUIRE_2FA,GATE_1_NEURAL_QWEN,False
TX-CAT2-1432,2. Legitimate Edge Cases,ALLOW,usr-1003-cst-003,Elena Reyes,Cebu IT Park,7545.15,15000.0,0.5,oreilly mastering cryptocurrency book tutorial,10.319112,123.88871,10.3157,123.8854,10.3157,123.8854,336.8,0.52,0.52,0.09,False,False,BLOCK,False,ALLOW,GATE_1_NEURAL_QWEN,True,ALLOW,GATE_1_NEURAL_QWEN,True
TX-CAT2-1433,2. Legitimate Edge Cases,ALLOW,usr-1004-cst-004,Carlos Tan,Pasig Ortigas,3029.55,2000.0,1.51,condo association dues and maintenance fee,14.583556,121.055876,14.5869,121.0614,14.5869,121.0614,232.8,0.7,0.7,0.18,False,False,ALLOW,True,ALLOW,GATE_1_NEURAL_QWEN,True,ALLOW,GATE_1_NEURAL_QWEN,True
TX-CAT2-1434,2. Legitimate Edge Cases,ALLOW,usr-1001-cst-001,Maria Santos,Makati CBD,1987.7,2500.0,0.8,attorney legal document notarization service fee,14.559049,121.02472,14.5547,121.02,14.5547,121.02,174.5,0.7,0.7,0.24,False,False,ALLOW,True,ALLOW,GATE_1_NEURAL_QWEN,True,ALLOW,GATE_1_NEURAL_QWEN,True
TX-CAT2-1435,2. Legitimate Edge Cases,ALLOW,usr-1004-cst-004,Carlos Tan,Pasig Ortigas,8972.36,2000.0,4.49,university tuition matriculation fee installment 2,14.579214,121.053154,14.5869,121.0614,14.5869,121.0614,86.7,1.23,1.23,0.85,False,False,BLOCK,False,REQUIRE_2FA,GATE_1_NEURAL_QWEN,False,REQUIRE_2FA,GATE_1_NEURAL_QWEN,False
TX-CAT2-1436,2. Legitimate Edge Cases,ALLOW,usr-1002-cst-002,Juan Dela Cruz,Quezon City,6007.28,4000.0,1.5,condo association dues and maintenance fee,14.668548,121.039967,14.676,121.0437,14.676,121.0437,174.1,0.92,0.92,0.32,False,False,BLOCK,False,ALLOW,GATE_1_NEURAL_QWEN,True,ALLOW,GATE_1_NEURAL_QWEN,True
TX-CAT2-1437,2. Legitimate Edge Cases,ALLOW,usr-1001-cst-001,Maria Santos,Makati CBD,1956.19,2500.0,0.78,attorney legal document notarization service fee,14.555412,121.026942,14.5547,121.02,14.5547,121.02,354.0,0.75,0.75,0.13,False,False,ALLOW,True,ALLOW,GATE_1_NEURAL_QWEN,True,ALLOW,GATE_1_NEURAL_QWEN,True
TX-CAT2-1438,2. Legitimate Edge Cases,ALLOW,usr-1003-cst-003,Elena Reyes,Cebu IT Park,12029.75,15000.0,0.8,attorney legal document notarization service fee,10.324379,123.877926,10.3157,123.8854,10.3157,123.8854,259.1,1.26,1.26,0.29,False,False,BLOCK,False,ALLOW,GATE_1_NEURAL_QWEN,True,ALLOW,GATE_1_NEURAL_QWEN,True
TX-CAT2-1439,2. Legitimate Edge Cases,ALLOW,usr-1002-cst-002,Juan Dela Cruz,Quezon City,5989.53,4000.0,1.5,condo association dues and maintenance fee,14.676766,121.042912,14.676,121.0437,14.676,121.0437,103.4,0.12,0.12,0.07,False,False,BLOCK,False,ALLOW,GATE_1_NEURAL_QWEN,True,ALLOW,GATE_1_NEURAL_QWEN,True
TX-CAT2-1440,2. Legitimate Edge Cases,ALLOW,usr-1003-cst-003,Elena Reyes,Cebu IT Park,67499.98,15000.0,4.5,university tuition matriculation fee installment 2,10.314816,123.887429,10.3157,123.8854,10.3157,123.8854,103.8,0.24,0.24,0.14,False,False,BLOCK,False,REQUIRE_2FA,GATE_1_NEURAL_QWEN,False,REQUIRE_2FA,GATE_1_NEURAL_QWEN,False
TX-CAT2-1441,2. Legitimate Edge Cases,ALLOW,usr-1001-cst-001,Maria Santos,Makati CBD,2982.01,2500.0,1.19,family dinner at country club,16.4023,120.596,14.5547,121.02,14.5547,121.02,315.0,210.41,210.41,40.08,False,False,BLOCK,False,ALLOW,GATE_1_NEURAL_QWEN,True,ALLOW,GATE_1_NEURAL_QWEN,True
TX-CAT2-1442,2. Legitimate Edge Cases,ALLOW,usr-1001-cst-001,Maria Santos,Makati CBD,2049.68,2500.0,0.82,attorney legal document notarization service fee,14.55883,121.019566,14.5547,121.02,14.5547,121.02,308.6,0.46,0.46,0.09,False,False,ALLOW,True,ALLOW,GATE_1_NEURAL_QWEN,True,ALLOW,GATE_1_NEURAL_QWEN,True
TX-CAT2-1443,2. Legitimate Edge Cases,ALLOW,usr-1004-cst-004,Carlos Tan,Pasig Ortigas,1620.41,2000.0,0.81,attorney legal document notarization service fee,14.584434,121.071023,14.5869,121.0614,14.5869,121.0614,159.9,1.07,1.07,0.4,False,False,ALLOW,True,ALLOW,GATE_1_NEURAL_QWEN,True,ALLOW,GATE_1_NEURAL_QWEN,True
TX-CAT2-1444,2. Legitimate Edge Cases,ALLOW,usr-1002-cst-002,Juan Dela Cruz,Quezon City,18020.04,4000.0,4.51,university tuition matriculation fee installment 2,14.667051,121.051009,14.676,121.0437,14.676,121.0437,113.7,1.27,1.27,0.67,False,False,BLOCK,False,REQUIRE_2FA,GATE_1_NEURAL_QWEN,False,REQUIRE_2FA,GATE_1_NEURAL_QWEN,False
TX-CAT2-1445,2. Legitimate Edge Cases,ALLOW,usr-1004-cst-004,Carlos Tan,Pasig Ortigas,979.91,2000.0,0.49,oreilly mastering cryptocurrency book tutorial,14.5932,121.069648,14.5869,121.0614,14.5869,121.0614,107.8,1.13,1.13,0.63,False,False,BLOCK,False,ALLOW,GATE_1_NEURAL_QWEN,True,ALLOW,GATE_1_NEURAL_QWEN,True
TX-CAT2-1446,2. Legitimate Edge Cases,ALLOW,usr-1001-cst-001,Maria Santos,Makati CBD,2989.23,2500.0,1.2,family dinner at country club,16.4023,120.596,14.5547,121.02,14.5547,121.02,315.0,210.41,210.41,40.08,False,False,BLOCK,False,ALLOW,GATE_1_NEURAL_QWEN,True,ALLOW,GATE_1_NEURAL_QWEN,True
TX-CAT2-1447,2. Legitimate Edge Cases,ALLOW,usr-1004-cst-004,Carlos Tan,Pasig Ortigas,1049.03,2000.0,0.52,oreilly mastering cryptocurrency book tutorial,14.592054,121.059221,14.5869,121.0614,14.5869,121.0614,218.4,0.62,0.62,0.17,False,False,BLOCK,False,ALLOW,GATE_1_NEURAL_QWEN,True,ALLOW,GATE_1_NEURAL_QWEN,True
TX-CAT2-1448,2. Legitimate Edge Cases,ALLOW,usr-1003-cst-003,Elena Reyes,Cebu IT Park,12019.64,15000.0,0.8,attorney legal document notarization service fee,10.309602,123.892525,10.3157,123.8854,10.3157,123.8854,178.1,1.03,1.03,0.35,False,False,BLOCK,False,ALLOW,GATE_1_NEURAL_QWEN,True,ALLOW,GATE_1_NEURAL_QWEN,True
TX-CAT2-1449,2. Legitimate Edge Cases,ALLOW,usr-1002-cst-002,Juan Dela Cruz,Quezon City,3225.23,4000.0,0.81,attorney legal document notarization service fee,14.677608,121.049801,14.676,121.0437,14.676,121.0437,314.9,0.68,0.68,0.13,False,False,ALLOW,True,ALLOW,GATE_1_NEURAL_QWEN,True,ALLOW,GATE_1_NEURAL_QWEN,True
TX-CAT2-1450,2. Legitimate Edge Cases,ALLOW,usr-1003-cst-003,Elena Reyes,Cebu IT Park,7515.46,15000.0,0.5,oreilly mastering cryptocurrency book tutorial,10.317243,123.884238,10.3157,123.8854,10.3157,123.8854,204.7,0.21,0.21,0.06,False,False,BLOCK,False,ALLOW,GATE_1_NEURAL_QWEN,True,ALLOW,GATE_1_NEURAL_QWEN,True
TX-CAT2-1451,2. Legitimate Edge Cases,ALLOW,usr-1002-cst-002,Juan Dela Cruz,Quezon City,17971.81,4000.0,4.49,university tuition matriculation fee installment 2,14.680968,121.048406,14.676,121.0437,14.676,121.0437,62.7,0.75,0.75,0.72,False,False,BLOCK,False,REQUIRE_2FA,GATE_1_NEURAL_QWEN,False,REQUIRE_2FA,GATE_1_NEURAL_QWEN,False
TX-CAT2-1452,2. Legitimate Edge Cases,ALLOW,usr-1001-cst-001,Maria Santos,Makati CBD,11237.66,2500.0,4.5,university tuition matriculation fee installment 2,14.564354,121.023589,14.5547,121.02,14.5547,121.02,110.5,1.14,1.14,0.62,False,False,BLOCK,False,REQUIRE_2FA,GATE_1_NEURAL_QWEN,False,REQUIRE_2FA,GATE_1_NEURAL_QWEN,False
TX-CAT2-1453,2. Legitimate Edge Cases,ALLOW,usr-1001-cst-001,Maria Santos,Makati CBD,3735.56,2500.0,1.49,condo association dues and maintenance fee,14.554178,121.028901,14.5547,121.02,14.5547,121.02,95.2,0.96,0.96,0.61,False,False,ALLOW,True,ALLOW,GATE_1_NEURAL_QWEN,True,ALLOW,GATE_1_NEURAL_QWEN,True
TX-CAT2-1454,2. Legitimate Edge Cases,ALLOW,usr-1003-cst-003,Elena Reyes,Cebu IT Park,17993.38,15000.0,1.2,family dinner at country club,16.4023,120.596,10.3157,123.8854,10.3157,123.8854,315.0,764.56,764.56,145.63,False,False,BLOCK,False,ALLOW,GATE_1_NEURAL_QWEN,True,ALLOW,GATE_1_NEURAL_QWEN,True
TX-CAT2-1455,2. Legitimate Edge Cases,ALLOW,usr-1002-cst-002,Juan Dela Cruz,Quezon City,1974.5,4000.0,0.49,oreilly mastering cryptocurrency book tutorial,14.668376,121.041633,14.676,121.0437,14.676,121.0437,150.8,0.88,0.88,0.35,False,False,BLOCK,False,ALLOW,GATE_1_NEURAL_QWEN,True,ALLOW,GATE_1_NEURAL_QWEN,True
TX-CAT2-1456,2. Legitimate Edge Cases,ALLOW,usr-1002-cst-002,Juan Dela Cruz,Quezon City,2027.58,4000.0,0.51,oreilly mastering cryptocurrency book tutorial,14.685823,121.047115,14.676,121.0437,14.676,121.0437,86.9,1.15,1.15,0.79,False,False,BLOCK,False,ALLOW,GATE_1_NEURAL_QWEN,True,ALLOW,GATE_1_NEURAL_QWEN,True
TX-CAT2-1457,2. Legitimate Edge Cases,ALLOW,usr-1004-cst-004,Carlos Tan,Pasig Ortigas,977.52,2000.0,0.49,oreilly mastering cryptocurrency book tutorial,14.589964,121.058746,14.5869,121.0614,14.5869,121.0614,96.0,0.44,0.44,0.27,False,False,BLOCK,False,ALLOW,GATE_1_NEURAL_QWEN,True,ALLOW,GATE_1_NEURAL_QWEN,True
TX-CAT2-1458,2. Legitimate Edge Cases,ALLOW,usr-1001-cst-001,Maria Santos,Makati CBD,3748.92,2500.0,1.5,condo association dues and maintenance fee,14.558076,121.020195,14.5547,121.02,14.5547,121.02,66.9,0.38,0.38,0.34,False,False,ALLOW,True,ALLOW,GATE_1_NEURAL_QWEN,True,ALLOW,GATE_1_NEURAL_QWEN,True
TX-CAT2-1459,2. Legitimate Edge Cases,ALLOW,usr-1004-cst-004,Carlos Tan,Pasig Ortigas,1619.37,2000.0,0.81,attorney legal document notarization service fee,14.578791,121.063258,14.5869,121.0614,14.5869,121.0614,175.2,0.92,0.92,0.32,False,False,ALLOW,True,ALLOW,GATE_1_NEURAL_QWEN,True,ALLOW,GATE_1_NEURAL_QWEN,True
TX-CAT2-1460,2. Legitimate Edge Cases,ALLOW,usr-1004-cst-004,Carlos Tan,Pasig Ortigas,1607.14,2000.0,0.8,attorney legal document notarization service fee,14.578889,121.05267,14.5869,121.0614,14.5869,121.0614,332.7,1.29,1.29,0.23,False,False,ALLOW,True,ALLOW,GATE_1_NEURAL_QWEN,True,ALLOW,GATE_1_NEURAL_QWEN,True
TX-CAT2-1461,2. Legitimate Edge Cases,ALLOW,usr-1002-cst-002,Juan Dela Cruz,Quezon City,2031.29,4000.0,0.51,oreilly mastering cryptocurrency book tutorial,14.666395,121.044821,14.676,121.0437,14.676,121.0437,220.9,1.07,1.07,0.29,False,False,BLOCK,False,ALLOW,GATE_1_NEURAL_QWEN,True,ALLOW,GATE_1_NEURAL_QWEN,True
TX-CAT2-1462,2. Legitimate Edge Cases,ALLOW,usr-1004-cst-004,Carlos Tan,Pasig Ortigas,3001.89,2000.0,1.5,condo association dues and maintenance fee,14.588594,121.065675,14.5869,121.0614,14.5869,121.0614,297.0,0.5,0.5,0.1,False,False,ALLOW,True,ALLOW,GATE_1_NEURAL_QWEN,True,ALLOW,GATE_1_NEURAL_QWEN,True
TX-CAT2-1463,2. Legitimate Edge Cases,ALLOW,usr-1001-cst-001,Maria Santos,Makati CBD,11296.57,2500.0,4.52,university tuition matriculation fee installment 2,14.562652,121.013613,14.5547,121.02,14.5547,121.02,239.7,1.12,1.12,0.28,False,False,BLOCK,False,REQUIRE_2FA,GATE_1_NEURAL_QWEN,False,REQUIRE_2FA,GATE_1_NEURAL_QWEN,False
TX-CAT2-1464,2. Legitimate Edge Cases,ALLOW,usr-1002-cst-002,Juan Dela Cruz,Quezon City,6005.47,4000.0,1.5,condo association dues and maintenance fee,14.68201,121.036161,14.676,121.0437,14.676,121.0437,98.6,1.05,1.05,0.64,False,False,BLOCK,False,ALLOW,GATE_1_NEURAL_QWEN,True,ALLOW,GATE_1_NEURAL_QWEN,True
TX-CAT2-1465,2. Legitimate Edge Cases,ALLOW,usr-1002-cst-002,Juan Dela Cruz,Quezon City,17958.78,4000.0,4.49,university tuition matriculation fee installment 2,14.671135,121.048761,14.676,121.0437,14.676,121.0437,85.4,0.77,0.77,0.54,False,False,BLOCK,False,REQUIRE_2FA,GATE_1_NEURAL_QWEN,False,REQUIRE_2FA,GATE_1_NEURAL_QWEN,False
TX-CAT2-1466,2. Legitimate Edge Cases,ALLOW,usr-1001-cst-001,Maria Santos,Makati CBD,2979.86,2500.0,1.19,family dinner at country club,16.4023,120.596,14.5547,121.02,14.5547,121.02,315.0,210.41,210.41,40.08,False,False,BLOCK,False,ALLOW,GATE_1_NEURAL_QWEN,True,ALLOW,GATE_1_NEURAL_QWEN,True
TX-CAT2-1467,2. Legitimate Edge Cases,ALLOW,usr-1002-cst-002,Juan Dela Cruz,Quezon City,2047.71,4000.0,0.51,oreilly mastering cryptocurrency book tutorial,14.679163,121.038667,14.676,121.0437,14.676,121.0437,73.8,0.65,0.65,0.53,False,False,BLOCK,False,ALLOW,GATE_1_NEURAL_QWEN,True,ALLOW,GATE_1_NEURAL_QWEN,True
TX-CAT2-1468,2. Legitimate Edge Cases,ALLOW,usr-1003-cst-003,Elena Reyes,Cebu IT Park,17994.49,15000.0,1.2,family dinner at country club,16.4023,120.596,10.3157,123.8854,10.3157,123.8854,315.0,764.56,764.56,145.63,False,False,BLOCK,False,ALLOW,GATE_1_NEURAL_QWEN,True,ALLOW,GATE_1_NEURAL_QWEN,True
TX-CAT2-1469,2. Legitimate Edge Cases,ALLOW,usr-1004-cst-004,Carlos Tan,Pasig Ortigas,1602.27,2000.0,0.8,attorney legal document notarization service fee,14.59662,121.058442,14.5869,121.0614,14.5869,121.0614,221.5,1.13,1.13,0.31,False,False,ALLOW,True,ALLOW,GATE_1_NEURAL_QWEN,True,ALLOW,GATE_1_NEURAL_QWEN,True
TX-CAT2-1470,2. Legitimate Edge Cases,ALLOW,usr-1002-cst-002,Juan Dela Cruz,Quezon City,6016.26,4000.0,1.5,condo association dues and maintenance fee,14.666895,121.034435,14.676,121.0437,14.676,121.0437,102.5,1.42,1.42,0.83,False,False,BLOCK,False,ALLOW,GATE_1_NEURAL_QWEN,True,ALLOW,GATE_1_NEURAL_QWEN,True
TX-CAT2-1471,2. Legitimate Edge Cases,ALLOW,usr-1002-cst-002,Juan Dela Cruz,Quezon City,18010.21,4000.0,4.5,university tuition matriculation fee installment 2,14.670321,121.040881,14.676,121.0437,14.676,121.0437,98.5,0.7,0.7,0.43,False,False,BLOCK,False,REQUIRE_2FA,GATE_1_NEURAL_QWEN,False,REQUIRE_2FA,GATE_1_NEURAL_QWEN,False
TX-CAT2-1472,2. Legitimate Edge Cases,ALLOW,usr-1004-cst-004,Carlos Tan,Pasig Ortigas,3004.98,2000.0,1.5,condo association dues and maintenance fee,14.582113,121.064395,14.5869,121.0614,14.5869,121.0614,109.0,0.62,0.62,0.34,False,False,ALLOW,True,ALLOW,GATE_1_NEURAL_QWEN,True,ALLOW,GATE_1_NEURAL_QWEN,True
TX-CAT2-1473,2. Legitimate Edge Cases,ALLOW,usr-1004-cst-004,Carlos Tan,Pasig Ortigas,3044.47,2000.0,1.52,condo association dues and maintenance fee,14.590431,121.070204,14.5869,121.0614,14.5869,121.0614,103.0,1.03,1.03,0.6,False,False,ALLOW,True,ALLOW,GATE_1_NEURAL_QWEN,True,ALLOW,GATE_1_NEURAL_QWEN,True
TX-CAT2-1474,2. Legitimate Edge Cases,ALLOW,usr-1002-cst-002,Juan Dela Cruz,Quezon City,6012.96,4000.0,1.5,condo association dues and maintenance fee,14.671388,121.046362,14.676,121.0437,14.676,121.0437,253.7,0.59,0.59,0.14,False,False,BLOCK,False,ALLOW,GATE_1_NEURAL_QWEN,True,ALLOW,GATE_1_NEURAL_QWEN,True
TX-CAT2-1475,2. Legitimate Edge Cases,ALLOW,usr-1003-cst-003,Elena Reyes,Cebu IT Park,18015.73,15000.0,1.2,family dinner at country club,16.4023,120.596,10.3157,123.8854,10.3157,123.8854,315.0,764.56,764.56,145.63,False,False,BLOCK,False,ALLOW,GATE_1_NEURAL_QWEN,True,ALLOW,GATE_1_NEURAL_QWEN,True
TX-CAT2-1476,2. Legitimate Edge Cases,ALLOW,usr-1002-cst-002,Juan Dela Cruz,Quezon City,2032.16,4000.0,0.51,oreilly mastering cryptocurrency book tutorial,14.672327,121.049456,14.676,121.0437,14.676,121.0437,173.7,0.74,0.74,0.26,False,False,BLOCK,False,ALLOW,GATE_1_NEURAL_QWEN,True,ALLOW,GATE_1_NEURAL_QWEN,True
TX-CAT2-1477,2. Legitimate Edge Cases,ALLOW,usr-1002-cst-002,Juan Dela Cruz,Quezon City,5977.01,4000.0,1.49,condo association dues and maintenance fee,14.676629,121.04738,14.676,121.0437,14.676,121.0437,182.0,0.4,0.4,0.13,False,False,BLOCK,False,ALLOW,GATE_1_NEURAL_QWEN,True,ALLOW,GATE_1_NEURAL_QWEN,True
TX-CAT2-1478,2. Legitimate Edge Cases,ALLOW,usr-1003-cst-003,Elena Reyes,Cebu IT Park,22486.28,15000.0,1.5,condo association dues and maintenance fee,10.31237,123.880865,10.3157,123.8854,10.3157,123.8854,320.7,0.62,0.62,0.12,False,False,BLOCK,False,ALLOW,GATE_1_NEURAL_QWEN,True,ALLOW,GATE_1_NEURAL_QWEN,True
TX-CAT2-1479,2. Legitimate Edge Cases,ALLOW,usr-1002-cst-002,Juan Dela Cruz,Quezon City,3150.99,4000.0,0.79,attorney legal document notarization service fee,14.673543,121.053075,14.676,121.0437,14.676,121.0437,173.6,1.04,1.04,0.36,False,False,ALLOW,True,ALLOW,GATE_1_NEURAL_QWEN,True,ALLOW,GATE_1_NEURAL_QWEN,True
TX-CAT2-1480,2. Legitimate Edge Cases,ALLOW,usr-1001-cst-001,Maria Santos,Makati CBD,3717.57,2500.0,1.49,condo association dues and maintenance fee,14.559267,121.016131,14.5547,121.02,14.5547,121.02,306.4,0.66,0.66,0.13,False,False,ALLOW,True,ALLOW,GATE_1_NEURAL_QWEN,True,ALLOW,GATE_1_NEURAL_QWEN,True
TX-CAT2-1481,2. Legitimate Edge Cases,ALLOW,usr-1004-cst-004,Carlos Tan,Pasig Ortigas,3002.9,2000.0,1.5,condo association dues and maintenance fee,14.590909,121.068708,14.5869,121.0614,14.5869,121.0614,225.5,0.9,0.9,0.24,False,False,ALLOW,True,ALLOW,GATE_1_NEURAL_QWEN,True,ALLOW,GATE_1_NEURAL_QWEN,True
TX-CAT2-1482,2. Legitimate Edge Cases,ALLOW,usr-1001-cst-001,Maria Santos,Makati CBD,3717.07,2500.0,1.49,condo association dues and maintenance fee,14.56363,121.017791,14.5547,121.02,14.5547,121.02,163.6,1.02,1.02,0.37,False,False,ALLOW,True,ALLOW,GATE_1_NEURAL_QWEN,True,ALLOW,GATE_1_NEURAL_QWEN,True
TX-CAT2-1483,2. Legitimate Edge Cases,ALLOW,usr-1004-cst-004,Carlos Tan,Pasig Ortigas,1009.23,2000.0,0.5,oreilly mastering cryptocurrency book tutorial,14.582081,121.065133,14.5869,121.0614,14.5869,121.0614,274.0,0.67,0.67,0.15,False,False,BLOCK,False,ALLOW,GATE_1_NEURAL_QWEN,True,ALLOW,GATE_1_NEURAL_QWEN,True
TX-CAT2-1484,2. Legitimate Edge Cases,ALLOW,usr-1002-cst-002,Juan Dela Cruz,Quezon City,17987.88,4000.0,4.5,university tuition matriculation fee installment 2,14.680708,121.034757,14.676,121.0437,14.676,121.0437,277.6,1.1,1.1,0.24,False,False,BLOCK,False,REQUIRE_2FA,GATE_1_NEURAL_QWEN,False,REQUIRE_2FA,GATE_1_NEURAL_QWEN,False
TX-CAT2-1485,2. Legitimate Edge Cases,ALLOW,usr-1003-cst-003,Elena Reyes,Cebu IT Park,67517.82,15000.0,4.5,university tuition matriculation fee installment 2,10.314065,123.884556,10.3157,123.8854,10.3157,123.8854,191.7,0.2,0.2,0.06,False,False,BLOCK,False,REQUIRE_2FA,GATE_1_NEURAL_QWEN,False,REQUIRE_2FA,GATE_1_NEURAL_QWEN,False
TX-CAT2-1486,2. Legitimate Edge Cases,ALLOW,usr-1003-cst-003,Elena Reyes,Cebu IT Park,7500.22,15000.0,0.5,oreilly mastering cryptocurrency book tutorial,10.311216,123.883955,10.3157,123.8854,10.3157,123.8854,342.5,0.52,0.52,0.09,False,False,BLOCK,False,ALLOW,GATE_1_NEURAL_QWEN,True,ALLOW,GATE_1_NEURAL_QWEN,True
TX-CAT2-1487,2. Legitimate Edge Cases,ALLOW,usr-1002-cst-002,Juan Dela Cruz,Quezon City,3213.56,4000.0,0.8,attorney legal document notarization service fee,14.667739,121.039813,14.676,121.0437,14.676,121.0437,291.2,1.01,1.01,0.21,False,False,ALLOW,True,ALLOW,GATE_1_NEURAL_QWEN,True,ALLOW,GATE_1_NEURAL_QWEN,True
TX-CAT2-1488,2. Legitimate Edge Cases,ALLOW,usr-1001-cst-001,Maria Santos,Makati CBD,3707.67,2500.0,1.48,condo association dues and maintenance fee,14.549501,121.011873,14.5547,121.02,14.5547,121.02,232.6,1.05,1.05,0.27,False,False,ALLOW,True,ALLOW,GATE_1_NEURAL_QWEN,True,ALLOW,GATE_1_NEURAL_QWEN,True
TX-CAT2-1489,2. Legitimate Edge Cases,ALLOW,usr-1001-cst-001,Maria Santos,Makati CBD,2005.42,2500.0,0.8,attorney legal document notarization service fee,14.554557,121.027487,14.5547,121.02,14.5547,121.02,348.6,0.81,0.81,0.14,False,False,ALLOW,True,ALLOW,GATE_1_NEURAL_QWEN,True,ALLOW,GATE_1_NEURAL_QWEN,True
TX-CAT2-1490,2. Legitimate Edge Cases,ALLOW,usr-1004-cst-004,Carlos Tan,Pasig Ortigas,2443.24,2000.0,1.22,family dinner at country club,16.4023,120.596,14.5869,121.0614,14.5869,121.0614,315.0,207.93,207.93,39.61,False,False,BLOCK,False,ALLOW,GATE_1_NEURAL_QWEN,True,ALLOW,GATE_1_NEURAL_QWEN,True
TX-CAT2-1491,2. Legitimate Edge Cases,ALLOW,usr-1002-cst-002,Juan Dela Cruz,Quezon City,1999.78,4000.0,0.5,oreilly mastering cryptocurrency book tutorial,14.679702,121.047235,14.676,121.0437,14.676,121.0437,219.7,0.56,0.56,0.15,False,False,BLOCK,False,ALLOW,GATE_1_NEURAL_QWEN,True,ALLOW,GATE_1_NEURAL_QWEN,True
TX-CAT2-1492,2. Legitimate Edge Cases,ALLOW,usr-1001-cst-001,Maria Santos,Makati CBD,1201.39,2500.0,0.48,oreilly mastering cryptocurrency book tutorial,14.548504,121.026628,14.5547,121.02,14.5547,121.02,62.2,0.99,0.99,0.95,False,False,BLOCK,False,ALLOW,GATE_1_NEURAL_QWEN,True,ALLOW,GATE_1_NEURAL_QWEN,True
TX-CAT2-1493,2. Legitimate Edge Cases,ALLOW,usr-1004-cst-004,Carlos Tan,Pasig Ortigas,2424.97,2000.0,1.21,family dinner at country club,16.4023,120.596,14.5869,121.0614,14.5869,121.0614,315.0,207.93,207.93,39.61,False,False,BLOCK,False,ALLOW,GATE_1_NEURAL_QWEN,True,ALLOW,GATE_1_NEURAL_QWEN,True
TX-CAT2-1494,2. Legitimate Edge Cases,ALLOW,usr-1002-cst-002,Juan Dela Cruz,Quezon City,4818.41,4000.0,1.2,family dinner at country club,16.4023,120.596,14.676,121.0437,14.676,121.0437,315.0,197.86,197.86,37.69,False,False,BLOCK,False,ALLOW,GATE_1_NEURAL_QWEN,True,ALLOW,GATE_1_NEURAL_QWEN,True
TX-CAT2-1495,2. Legitimate Edge Cases,ALLOW,usr-1001-cst-001,Maria Santos,Makati CBD,2994.87,2500.0,1.2,family dinner at country club,16.4023,120.596,14.5547,121.02,14.5547,121.02,315.0,210.41,210.41,40.08,False,False,BLOCK,False,ALLOW,GATE_1_NEURAL_QWEN,True,ALLOW,GATE_1_NEURAL_QWEN,True
TX-CAT2-1496,2. Legitimate Edge Cases,ALLOW,usr-1002-cst-002,Juan Dela Cruz,Quezon City,4840.38,4000.0,1.21,family dinner at country club,16.4023,120.596,14.676,121.0437,14.676,121.0437,315.0,197.86,197.86,37.69,False,False,BLOCK,False,ALLOW,GATE_1_NEURAL_QWEN,True,ALLOW,GATE_1_NEURAL_QWEN,True
TX-CAT2-1497,2. Legitimate Edge Cases,ALLOW,usr-1002-cst-002,Juan Dela Cruz,Quezon City,5986.71,4000.0,1.5,condo association dues and maintenance fee,14.668666,121.040766,14.676,121.0437,14.676,121.0437,75.3,0.87,0.87,0.69,False,False,BLOCK,False,ALLOW,GATE_1_NEURAL_QWEN,True,ALLOW,GATE_1_NEURAL_QWEN,True
TX-CAT2-1498,2. Legitimate Edge Cases,ALLOW,usr-1004-cst-004,Carlos Tan,Pasig Ortigas,967.05,2000.0,0.48,oreilly mastering cryptocurrency book tutorial,14.596295,121.058159,14.5869,121.0614,14.5869,121.0614,263.7,1.1,1.1,0.25,False,False,BLOCK,False,ALLOW,GATE_1_NEURAL_QWEN,True,ALLOW,GATE_1_NEURAL_QWEN,True
TX-CAT2-1499,2. Legitimate Edge Cases,ALLOW,usr-1001-cst-001,Maria Santos,Makati CBD,1979.92,2500.0,0.79,attorney legal document notarization service fee,14.550571,121.014261,14.5547,121.02,14.5547,121.02,281.4,0.77,0.77,0.16,False,False,ALLOW,True,ALLOW,GATE_1_NEURAL_QWEN,True,ALLOW,GATE_1_NEURAL_QWEN,True
TX-CAT2-1500,2. Legitimate Edge Cases,ALLOW,usr-1004-cst-004,Carlos Tan,Pasig Ortigas,9042.31,2000.0,4.52,university tuition matriculation fee installment 2,14.595482,121.070583,14.5869,121.0614,14.5869,121.0614,214.7,1.37,1.37,0.38,False,False,BLOCK,False,REQUIRE_2FA,GATE_1_NEURAL_QWEN,False,REQUIRE_2FA,GATE_1_NEURAL_QWEN,False
TX-CAT2-1501,2. Legitimate Edge Cases,ALLOW,usr-1001-cst-001,Maria Santos,Makati CBD,1289.25,2500.0,0.52,oreilly mastering cryptocurrency book tutorial,14.561667,121.01115,14.5547,121.02,14.5547,121.02,61.8,1.23,1.23,1.19,False,False,BLOCK,False,ALLOW,GATE_1_NEURAL_QWEN,True,ALLOW,GATE_1_NEURAL_QWEN,True
TX-CAT2-1502,2. Legitimate Edge Cases,ALLOW,usr-1004-cst-004,Carlos Tan,Pasig Ortigas,1579.84,2000.0,0.79,attorney legal document notarization service fee,14.579043,121.058394,14.5869,121.0614,14.5869,121.0614,276.7,0.93,0.93,0.2,False,False,ALLOW,True,ALLOW,GATE_1_NEURAL_QWEN,True,ALLOW,GATE_1_NEURAL_QWEN,True
TX-CAT2-1503,2. Legitimate Edge Cases,ALLOW,usr-1004-cst-004,Carlos Tan,Pasig Ortigas,1550.89,2000.0,0.78,attorney legal document notarization service fee,14.585516,121.055351,14.5869,121.0614,14.5869,121.0614,218.7,0.67,0.67,0.18,False,False,ALLOW,True,ALLOW,GATE_1_NEURAL_QWEN,True,ALLOW,GATE_1_NEURAL_QWEN,True
TX-CAT2-1504,2. Legitimate Edge Cases,ALLOW,usr-1002-cst-002,Juan Dela Cruz,Quezon City,1962.38,4000.0,0.49,oreilly mastering cryptocurrency book tutorial,14.675748,121.036813,14.676,121.0437,14.676,121.0437,257.0,0.74,0.74,0.17,False,False,BLOCK,False,ALLOW,GATE_1_NEURAL_QWEN,True,ALLOW,GATE_1_NEURAL_QWEN,True
TX-CAT2-1505,2. Legitimate Edge Cases,ALLOW,usr-1002-cst-002,Juan Dela Cruz,Quezon City,1989.54,4000.0,0.5,oreilly mastering cryptocurrency book tutorial,14.671986,121.042267,14.676,121.0437,14.676,121.0437,114.7,0.47,0.47,0.25,False,False,BLOCK,False,ALLOW,GATE_1_NEURAL_QWEN,True,ALLOW,GATE_1_NEURAL_QWEN,True
TX-CAT2-1506,2. Legitimate Edge Cases,ALLOW,usr-1003-cst-003,Elena Reyes,Cebu IT Park,22548.94,15000.0,1.5,condo association dues and maintenance fee,10.318826,123.884187,10.3157,123.8854,10.3157,123.8854,102.0,0.37,0.37,0.22,False,False,BLOCK,False,ALLOW,GATE_1_NEURAL_QWEN,True,ALLOW,GATE_1_NEURAL_QWEN,True
TX-CAT2-1507,2. Legitimate Edge Cases,ALLOW,usr-1004-cst-004,Carlos Tan,Pasig Ortigas,2985.92,2000.0,1.49,condo association dues and maintenance fee,14.59431,121.055369,14.5869,121.0614,14.5869,121.0614,116.9,1.05,1.05,0.54,False,False,ALLOW,True,ALLOW,GATE_1_NEURAL_QWEN,True,ALLOW,GATE_1_NEURAL_QWEN,True
TX-CAT2-1508,2. Legitimate Edge Cases,ALLOW,usr-1001-cst-001,Maria Santos,Makati CBD,11239.45,2500.0,4.5,university tuition matriculation fee installment 2,14.559578,121.02802,14.5547,121.02,14.5547,121.02,108.1,1.02,1.02,0.57,False,False,BLOCK,False,REQUIRE_2FA,GATE_1_NEURAL_QWEN,False,REQUIRE_2FA,GATE_1_NEURAL_QWEN,False
TX-CAT2-1509,2. Legitimate Edge Cases,ALLOW,usr-1002-cst-002,Juan Dela Cruz,Quezon City,2045.97,4000.0,0.51,oreilly mastering cryptocurrency book tutorial,14.685659,121.036076,14.676,121.0437,14.676,121.0437,206.7,1.35,1.35,0.39,False,False,BLOCK,False,ALLOW,GATE_1_NEURAL_QWEN,True,ALLOW,GATE_1_NEURAL_QWEN,True
TX-CAT2-1510,2. Legitimate Edge Cases,ALLOW,usr-1004-cst-004,Carlos Tan,Pasig Ortigas,8982.49,2000.0,4.49,university tuition matriculation fee installment 2,14.592188,121.069035,14.5869,121.0614,14.5869,121.0614,210.6,1.01,1.01,0.29,False,False,BLOCK,False,REQUIRE_2FA,GATE_1_NEURAL_QWEN,False,REQUIRE_2FA,GATE_1_NEURAL_QWEN,False
TX-CAT2-1511,2. Legitimate Edge Cases,ALLOW,usr-1004-cst-004,Carlos Tan,Pasig Ortigas,8960.97,2000.0,4.48,university tuition matriculation fee installment 2,14.579058,121.051823,14.5869,121.0614,14.5869,121.0614,106.7,1.35,1.35,0.76,False,False,BLOCK,False,REQUIRE_2FA,GATE_1_NEURAL_QWEN,False,REQUIRE_2FA,GATE_1_NEURAL_QWEN,False
TX-CAT2-1512,2. Legitimate Edge Cases,ALLOW,usr-1001-cst-001,Maria Santos,Makati CBD,11205.2,2500.0,4.48,university tuition matriculation fee installment 2,14.561297,121.018593,14.5547,121.02,14.5547,121.02,239.1,0.75,0.75,0.19,False,False,BLOCK,False,REQUIRE_2FA,GATE_1_NEURAL_QWEN,False,REQUIRE_2FA,GATE_1_NEURAL_QWEN,False
TX-CAT2-1513,2. Legitimate Edge Cases,ALLOW,usr-1001-cst-001,Maria Santos,Makati CBD,1248.02,2500.0,0.5,oreilly mastering cryptocurrency book tutorial,14.550344,121.011652,14.5547,121.02,14.5547,121.02,188.7,1.02,1.02,0.32,False,False,BLOCK,False,ALLOW,GATE_1_NEURAL_QWEN,True,ALLOW,GATE_1_NEURAL_QWEN,True
TX-CAT2-1514,2. Legitimate Edge Cases,ALLOW,usr-1002-cst-002,Juan Dela Cruz,Quezon City,4768.69,4000.0,1.19,family dinner at country club,16.4023,120.596,14.676,121.0437,14.676,121.0437,315.0,197.86,197.86,37.69,False,False,BLOCK,False,ALLOW,GATE_1_NEURAL_QWEN,True,ALLOW,GATE_1_NEURAL_QWEN,True
TX-CAT2-1515,2. Legitimate Edge Cases,ALLOW,usr-1003-cst-003,Elena Reyes,Cebu IT Park,22536.42,15000.0,1.5,condo association dues and maintenance fee,10.325585,123.880347,10.3157,123.8854,10.3157,123.8854,306.2,1.23,1.23,0.24,False,False,BLOCK,False,ALLOW,GATE_1_NEURAL_QWEN,True,ALLOW,GATE_1_NEURAL_QWEN,True
TX-CAT2-1516,2. Legitimate Edge Cases,ALLOW,usr-1002-cst-002,Juan Dela Cruz,Quezon City,2020.65,4000.0,0.51,oreilly mastering cryptocurrency book tutorial,14.682199,121.047723,14.676,121.0437,14.676,121.0437,210.7,0.81,0.81,0.23,False,False,BLOCK,False,ALLOW,GATE_1_NEURAL_QWEN,True,ALLOW,GATE_1_NEURAL_QWEN,True
TX-CAT2-1517,2. Legitimate Edge Cases,ALLOW,usr-1002-cst-002,Juan Dela Cruz,Quezon City,18049.26,4000.0,4.51,university tuition matriculation fee installment 2,14.677824,121.04639,14.676,121.0437,14.676,121.0437,128.8,0.35,0.35,0.16,False,False,BLOCK,False,REQUIRE_2FA,GATE_1_NEURAL_QWEN,False,REQUIRE_2FA,GATE_1_NEURAL_QWEN,False
TX-CAT2-1518,2. Legitimate Edge Cases,ALLOW,usr-1002-cst-002,Juan Dela Cruz,Quezon City,1953.84,4000.0,0.49,oreilly mastering cryptocurrency book tutorial,14.685808,121.052282,14.676,121.0437,14.676,121.0437,187.9,1.43,1.43,0.46,False,False,BLOCK,False,ALLOW,GATE_1_NEURAL_QWEN,True,ALLOW,GATE_1_NEURAL_QWEN,True
TX-CAT2-1519,2. Legitimate Edge Cases,ALLOW,usr-1002-cst-002,Juan Dela Cruz,Quezon City,6036.44,4000.0,1.51,condo association dues and maintenance fee,14.673607,121.044199,14.676,121.0437,14.676,121.0437,270.0,0.27,0.27,0.06,False,False,BLOCK,False,ALLOW,GATE_1_NEURAL_QWEN,True,ALLOW,GATE_1_NEURAL_QWEN,True
TX-CAT2-1520,2. Legitimate Edge Cases,ALLOW,usr-1002-cst-002,Juan Dela Cruz,Quezon City,17983.62,4000.0,4.5,university tuition matriculation fee installment 2,14.675584,121.043897,14.676,121.0437,14.676,121.0437,253.2,0.05,0.05,0.01,False,False,BLOCK,False,REQUIRE_2FA,GATE_1_NEURAL_QWEN,False,REQUIRE_2FA,GATE_1_NEURAL_QWEN,False
TX-CAT2-1521,2. Legitimate Edge Cases,ALLOW,usr-1003-cst-003,Elena Reyes,Cebu IT Park,22476.92,15000.0,1.5,condo association dues and maintenance fee,10.311311,123.88242,10.3157,123.8854,10.3157,123.8854,185.4,0.59,0.59,0.19,False,False,BLOCK,False,ALLOW,GATE_1_NEURAL_QWEN,True,ALLOW,GATE_1_NEURAL_QWEN,True
TX-CAT2-1522,2. Legitimate Edge Cases,ALLOW,usr-1003-cst-003,Elena Reyes,Cebu IT Park,22468.18,15000.0,1.5,condo association dues and maintenance fee,10.305711,123.888609,10.3157,123.8854,10.3157,123.8854,156.5,1.16,1.16,0.44,False,False,BLOCK,False,ALLOW,GATE_1_NEURAL_QWEN,True,ALLOW,GATE_1_NEURAL_QWEN,True
TX-CAT2-1523,2. Legitimate Edge Cases,ALLOW,usr-1003-cst-003,Elena Reyes,Cebu IT Park,7478.02,15000.0,0.5,oreilly mastering cryptocurrency book tutorial,10.31783,123.884018,10.3157,123.8854,10.3157,123.8854,135.7,0.28,0.28,0.12,False,False,BLOCK,False,ALLOW,GATE_1_NEURAL_QWEN,True,ALLOW,GATE_1_NEURAL_QWEN,True
TX-CAT2-1524,2. Legitimate Edge Cases,ALLOW,usr-1004-cst-004,Carlos Tan,Pasig Ortigas,1583.43,2000.0,0.79,attorney legal document notarization service fee,14.579131,121.064779,14.5869,121.0614,14.5869,121.0614,264.9,0.94,0.94,0.21,False,False,ALLOW,True,ALLOW,GATE_1_NEURAL_QWEN,True,ALLOW,GATE_1_NEURAL_QWEN,True
TX-CAT2-1525,2. Legitimate Edge Cases,ALLOW,usr-1002-cst-002,Juan Dela Cruz,Quezon City,3186.06,4000.0,0.8,attorney legal document notarization service fee,14.682201,121.048559,14.676,121.0437,14.676,121.0437,236.7,0.87,0.87,0.22,False,False,ALLOW,True,ALLOW,GATE_1_NEURAL_QWEN,True,ALLOW,GATE_1_NEURAL_QWEN,True
TX-CAT2-1526,2. Legitimate Edge Cases,ALLOW,usr-1003-cst-003,Elena Reyes,Cebu IT Park,67515.02,15000.0,4.5,university tuition matriculation fee installment 2,10.309901,123.883081,10.3157,123.8854,10.3157,123.8854,326.2,0.69,0.69,0.13,False,False,BLOCK,False,REQUIRE_2FA,GATE_1_NEURAL_QWEN,False,REQUIRE_2FA,GATE_1_NEURAL_QWEN,False
TX-CAT2-1527,2. Legitimate Edge Cases,ALLOW,usr-1002-cst-002,Juan Dela Cruz,Quezon City,4762.04,4000.0,1.19,family dinner at country club,16.4023,120.596,14.676,121.0437,14.676,121.0437,315.0,197.86,197.86,37.69,False,False,BLOCK,False,ALLOW,GATE_1_NEURAL_QWEN,True,ALLOW,GATE_1_NEURAL_QWEN,True
TX-CAT2-1528,2. Legitimate Edge Cases,ALLOW,usr-1002-cst-002,Juan Dela Cruz,Quezon City,18020.47,4000.0,4.51,university tuition matriculation fee installment 2,14.68451,121.035198,14.676,121.0437,14.676,121.0437,224.0,1.32,1.32,0.35,False,False,BLOCK,False,REQUIRE_2FA,GATE_1_NEURAL_QWEN,False,REQUIRE_2FA,GATE_1_NEURAL_QWEN,False
TX-CAT2-1529,2. Legitimate Edge Cases,ALLOW,usr-1003-cst-003,Elena Reyes,Cebu IT Park,12022.54,15000.0,0.8,attorney legal document notarization service fee,10.325493,123.87944,10.3157,123.8854,10.3157,123.8854,276.2,1.27,1.27,0.28,False,False,BLOCK,False,ALLOW,GATE_1_NEURAL_QWEN,True,ALLOW,GATE_1_NEURAL_QWEN,True
TX-CAT2-1530,2. Legitimate Edge Cases,ALLOW,usr-1001-cst-001,Maria Santos,Makati CBD,11219.17,2500.0,4.49,university tuition matriculation fee installment 2,14.55571,121.015051,14.5547,121.02,14.5547,121.02,323.1,0.54,0.54,0.1,False,False,BLOCK,False,REQUIRE_2FA,GATE_1_NEURAL_QWEN,False,REQUIRE_2FA,GATE_1_NEURAL_QWEN,False
TX-CAT2-1531,2. Legitimate Edge Cases,ALLOW,usr-1003-cst-003,Elena Reyes,Cebu IT Park,11994.85,15000.0,0.8,attorney legal document notarization service fee,10.320047,123.893617,10.3157,123.8854,10.3157,123.8854,80.3,1.02,1.02,0.76,False,False,BLOCK,False,ALLOW,GATE_1_NEURAL_QWEN,True,ALLOW,GATE_1_NEURAL_QWEN,True
TX-CAT2-1532,2. Legitimate Edge Cases,ALLOW,usr-1004-cst-004,Carlos Tan,Pasig Ortigas,2443.13,2000.0,1.22,family dinner at country club,16.4023,120.596,14.5869,121.0614,14.5869,121.0614,315.0,207.93,207.93,39.61,False,False,BLOCK,False,ALLOW,GATE_1_NEURAL_QWEN,True,ALLOW,GATE_1_NEURAL_QWEN,True
TX-CAT2-1533,2. Legitimate Edge Cases,ALLOW,usr-1001-cst-001,Maria Santos,Makati CBD,11259.92,2500.0,4.5,university tuition matriculation fee installment 2,14.558634,121.012579,14.5547,121.02,14.5547,121.02,73.6,0.91,0.91,0.74,False,False,BLOCK,False,REQUIRE_2FA,GATE_1_NEURAL_QWEN,False,REQUIRE_2FA,GATE_1_NEURAL_QWEN,False
TX-CAT2-1534,2. Legitimate Edge Cases,ALLOW,usr-1001-cst-001,Maria Santos,Makati CBD,11274.07,2500.0,4.51,university tuition matriculation fee installment 2,14.55265,121.023694,14.5547,121.02,14.5547,121.02,321.1,0.46,0.46,0.09,False,False,BLOCK,False,REQUIRE_2FA,GATE_1_NEURAL_QWEN,False,REQUIRE_2FA,GATE_1_NEURAL_QWEN,False
TX-CAT2-1535,2. Legitimate Edge Cases,ALLOW,usr-1001-cst-001,Maria Santos,Makati CBD,11243.77,2500.0,4.5,university tuition matriculation fee installment 2,14.554886,121.02125,14.5547,121.02,14.5547,121.02,177.1,0.14,0.14,0.05,False,False,BLOCK,False,REQUIRE_2FA,GATE_1_NEURAL_QWEN,False,REQUIRE_2FA,GATE_1_NEURAL_QWEN,False
TX-CAT2-1536,2. Legitimate Edge Cases,ALLOW,usr-1003-cst-003,Elena Reyes,Cebu IT Park,67468.41,15000.0,4.5,university tuition matriculation fee installment 2,10.3089,123.879756,10.3157,123.8854,10.3157,123.8854,269.0,0.98,0.98,0.22,False,False,BLOCK,False,REQUIRE_2FA,GATE_1_NEURAL_QWEN,False,REQUIRE_2FA,GATE_1_NEURAL_QWEN,False
TX-CAT2-1537,2. Legitimate Edge Cases,ALLOW,usr-1004-cst-004,Carlos Tan,Pasig Ortigas,2420.78,2000.0,1.21,family dinner at country club,16.4023,120.596,14.5869,121.0614,14.5869,121.0614,315.0,207.93,207.93,39.61,False,False,BLOCK,False,ALLOW,GATE_1_NEURAL_QWEN,True,ALLOW,GATE_1_NEURAL_QWEN,True
TX-CAT2-1538,2. Legitimate Edge Cases,ALLOW,usr-1003-cst-003,Elena Reyes,Cebu IT Park,12035.25,15000.0,0.8,attorney legal document notarization service fee,10.311627,123.88077,10.3157,123.8854,10.3157,123.8854,95.7,0.68,0.68,0.43,False,False,BLOCK,False,ALLOW,GATE_1_NEURAL_QWEN,True,ALLOW,GATE_1_NEURAL_QWEN,True
TX-CAT2-1539,2. Legitimate Edge Cases,ALLOW,usr-1002-cst-002,Juan Dela Cruz,Quezon City,6003.36,4000.0,1.5,condo association dues and maintenance fee,14.671837,121.046492,14.676,121.0437,14.676,121.0437,342.6,0.55,0.55,0.1,False,False,BLOCK,False,ALLOW,GATE_1_NEURAL_QWEN,True,ALLOW,GATE_1_NEURAL_QWEN,True
TX-CAT2-1540,2. Legitimate Edge Cases,ALLOW,usr-1003-cst-003,Elena Reyes,Cebu IT Park,67477.04,15000.0,4.5,university tuition matriculation fee installment 2,10.321512,123.888248,10.3157,123.8854,10.3157,123.8854,134.7,0.72,0.72,0.32,False,False,BLOCK,False,REQUIRE_2FA,GATE_1_NEURAL_QWEN,False,REQUIRE_2FA,GATE_1_NEURAL_QWEN,False
TX-CAT2-1541,2. Legitimate Edge Cases,ALLOW,usr-1002-cst-002,Juan Dela Cruz,Quezon City,4761.62,4000.0,1.19,family dinner at country club,16.4023,120.596,14.676,121.0437,14.676,121.0437,315.0,197.86,197.86,37.69,False,False,BLOCK,False,ALLOW,GATE_1_NEURAL_QWEN,True,ALLOW,GATE_1_NEURAL_QWEN,True
TX-CAT2-1542,2. Legitimate Edge Cases,ALLOW,usr-1003-cst-003,Elena Reyes,Cebu IT Park,18047.22,15000.0,1.2,family dinner at country club,16.4023,120.596,10.3157,123.8854,10.3157,123.8854,315.0,764.56,764.56,145.63,False,False,BLOCK,False,ALLOW,GATE_1_NEURAL_QWEN,True,ALLOW,GATE_1_NEURAL_QWEN,True
TX-CAT2-1543,2. Legitimate Edge Cases,ALLOW,usr-1003-cst-003,Elena Reyes,Cebu IT Park,22544.64,15000.0,1.5,condo association dues and maintenance fee,10.32338,123.880681,10.3157,123.8854,10.3157,123.8854,100.1,1.0,1.0,0.6,False,False,BLOCK,False,ALLOW,GATE_1_NEURAL_QWEN,True,ALLOW,GATE_1_NEURAL_QWEN,True
TX-CAT2-1544,2. Legitimate Edge Cases,ALLOW,usr-1003-cst-003,Elena Reyes,Cebu IT Park,12048.53,15000.0,0.8,attorney legal document notarization service fee,10.318219,123.875608,10.3157,123.8854,10.3157,123.8854,166.6,1.11,1.11,0.4,False,False,BLOCK,False,ALLOW,GATE_1_NEURAL_QWEN,True,ALLOW,GATE_1_NEURAL_QWEN,True
TX-CAT2-1545,2. Legitimate Edge Cases,ALLOW,usr-1003-cst-003,Elena Reyes,Cebu IT Park,67475.6,15000.0,4.5,university tuition matriculation fee installment 2,10.306013,123.888546,10.3157,123.8854,10.3157,123.8854,320.4,1.13,1.13,0.21,False,False,BLOCK,False,REQUIRE_2FA,GATE_1_NEURAL_QWEN,False,REQUIRE_2FA,GATE_1_NEURAL_QWEN,False
TX-CAT2-1546,2. Legitimate Edge Cases,ALLOW,usr-1001-cst-001,Maria Santos,Makati CBD,1294.57,2500.0,0.52,oreilly mastering cryptocurrency book tutorial,14.549847,121.022525,14.5547,121.02,14.5547,121.02,241.3,0.6,0.6,0.15,False,False,BLOCK,False,ALLOW,GATE_1_NEURAL_QWEN,True,ALLOW,GATE_1_NEURAL_QWEN,True
TX-CAT2-1547,2. Legitimate Edge Cases,ALLOW,usr-1002-cst-002,Juan Dela Cruz,Quezon City,1972.06,4000.0,0.49,oreilly mastering cryptocurrency book tutorial,14.671376,121.045333,14.676,121.0437,14.676,121.0437,302.3,0.54,0.54,0.11,False,False,BLOCK,False,ALLOW,GATE_1_NEURAL_QWEN,True,ALLOW,GATE_1_NEURAL_QWEN,True
TX-CAT2-1548,2. Legitimate Edge Cases,ALLOW,usr-1004-cst-004,Carlos Tan,Pasig Ortigas,8994.61,2000.0,4.5,university tuition matriculation fee installment 2,14.591496,121.060078,14.5869,121.0614,14.5869,121.0614,104.5,0.53,0.53,0.3,False,False,BLOCK,False,REQUIRE_2FA,GATE_1_NEURAL_QWEN,False,REQUIRE_2FA,GATE_1_NEURAL_QWEN,False
TX-CAT2-1549,2. Legitimate Edge Cases,ALLOW,usr-1004-cst-004,Carlos Tan,Pasig Ortigas,2999.6,2000.0,1.5,condo association dues and maintenance fee,14.586088,121.067712,14.5869,121.0614,14.5869,121.0614,112.8,0.69,0.69,0.37,False,False,ALLOW,True,ALLOW,GATE_1_NEURAL_QWEN,True,ALLOW,GATE_1_NEURAL_QWEN,True
TX-CAT2-1550,2. Legitimate Edge Cases,ALLOW,usr-1004-cst-004,Carlos Tan,Pasig Ortigas,9014.76,2000.0,4.51,university tuition matriculation fee installment 2,14.577321,121.054658,14.5869,121.0614,14.5869,121.0614,113.3,1.29,1.29,0.68,False,False,BLOCK,False,REQUIRE_2FA,GATE_1_NEURAL_QWEN,False,REQUIRE_2FA,GATE_1_NEURAL_QWEN,False
TX-CAT2-1551,2. Legitimate Edge Cases,ALLOW,usr-1004-cst-004,Carlos Tan,Pasig Ortigas,2368.78,2000.0,1.18,family dinner at country club,16.4023,120.596,14.5869,121.0614,14.5869,121.0614,315.0,207.93,207.93,39.61,False,False,BLOCK,False,ALLOW,GATE_1_NEURAL_QWEN,True,ALLOW,GATE_1_NEURAL_QWEN,True
TX-CAT2-1552,2. Legitimate Edge Cases,ALLOW,usr-1002-cst-002,Juan Dela Cruz,Quezon City,5992.64,4000.0,1.5,condo association dues and maintenance fee,14.6751,121.046602,14.676,121.0437,14.676,121.0437,180.8,0.33,0.33,0.11,False,False,BLOCK,False,ALLOW,GATE_1_NEURAL_QWEN,True,ALLOW,GATE_1_NEURAL_QWEN,True
TX-CAT2-1553,2. Legitimate Edge Cases,ALLOW,usr-1002-cst-002,Juan Dela Cruz,Quezon City,6010.33,4000.0,1.5,condo association dues and maintenance fee,14.673558,121.034114,14.676,121.0437,14.676,121.0437,308.0,1.07,1.07,0.21,False,False,BLOCK,False,ALLOW,GATE_1_NEURAL_QWEN,True,ALLOW,GATE_1_NEURAL_QWEN,True
TX-CAT2-1554,2. Legitimate Edge Cases,ALLOW,usr-1001-cst-001,Maria Santos,Makati CBD,11224.83,2500.0,4.49,university tuition matriculation fee installment 2,14.546372,121.012853,14.5547,121.02,14.5547,121.02,248.2,1.2,1.2,0.29,False,False,BLOCK,False,REQUIRE_2FA,GATE_1_NEURAL_QWEN,False,REQUIRE_2FA,GATE_1_NEURAL_QWEN,False
TX-CAT2-1555,2. Legitimate Edge Cases,ALLOW,usr-1001-cst-001,Maria Santos,Makati CBD,3795.76,2500.0,1.52,condo association dues and maintenance fee,14.546827,121.024723,14.5547,121.02,14.5547,121.02,161.5,1.01,1.01,0.38,False,False,ALLOW,True,ALLOW,GATE_1_NEURAL_QWEN,True,ALLOW,GATE_1_NEURAL_QWEN,True
TX-CAT2-1556,2. Legitimate Edge Cases,ALLOW,usr-1001-cst-001,Maria Santos,Makati CBD,11213.92,2500.0,4.49,university tuition matriculation fee installment 2,14.559893,121.027848,14.5547,121.02,14.5547,121.02,304.6,1.02,1.02,0.2,False,False,BLOCK,False,REQUIRE_2FA,GATE_1_NEURAL_QWEN,False,REQUIRE_2FA,GATE_1_NEURAL_QWEN,False
TX-CAT2-1557,2. Legitimate Edge Cases,ALLOW,usr-1003-cst-003,Elena Reyes,Cebu IT Park,11997.89,15000.0,0.8,attorney legal document notarization service fee,10.310576,123.886271,10.3157,123.8854,10.3157,123.8854,140.2,0.58,0.58,0.25,False,False,BLOCK,False,ALLOW,GATE_1_NEURAL_QWEN,True,ALLOW,GATE_1_NEURAL_QWEN,True
TX-CAT2-1558,2. Legitimate Edge Cases,ALLOW,usr-1001-cst-001,Maria Santos,Makati CBD,3782.49,2500.0,1.51,condo association dues and maintenance fee,14.546756,121.015935,14.5547,121.02,14.5547,121.02,213.5,0.99,0.99,0.28,False,False,ALLOW,True,ALLOW,GATE_1_NEURAL_QWEN,True,ALLOW,GATE_1_NEURAL_QWEN,True
TX-CAT2-1559,2. Legitimate Edge Cases,ALLOW,usr-1004-cst-004,Carlos Tan,Pasig Ortigas,8950.12,2000.0,4.48,university tuition matriculation fee installment 2,14.581386,121.055934,14.5869,121.0614,14.5869,121.0614,175.6,0.85,0.85,0.29,False,False,BLOCK,False,REQUIRE_2FA,GATE_1_NEURAL_QWEN,False,REQUIRE_2FA,GATE_1_NEURAL_QWEN,False
TX-CAT2-1560,2. Legitimate Edge Cases,ALLOW,usr-1003-cst-003,Elena Reyes,Cebu IT Park,11972.59,15000.0,0.8,attorney legal document notarization service fee,10.32328,123.883095,10.3157,123.8854,10.3157,123.8854,325.3,0.88,0.88,0.16,False,False,BLOCK,False,ALLOW,GATE_1_NEURAL_QWEN,True,ALLOW,GATE_1_NEURAL_QWEN,True
TX-CAT2-1561,2. Legitimate Edge Cases,ALLOW,usr-1001-cst-001,Maria Santos,Makati CBD,1216.96,2500.0,0.49,oreilly mastering cryptocurrency book tutorial,14.546903,121.012035,14.5547,121.02,14.5547,121.02,346.8,1.22,1.22,0.21,False,False,BLOCK,False,ALLOW,GATE_1_NEURAL_QWEN,True,ALLOW,GATE_1_NEURAL_QWEN,True
TX-CAT2-1562,2. Legitimate Edge Cases,ALLOW,usr-1003-cst-003,Elena Reyes,Cebu IT Park,22511.57,15000.0,1.5,condo association dues and maintenance fee,10.308067,123.893866,10.3157,123.8854,10.3157,123.8854,336.0,1.26,1.26,0.23,False,False,BLOCK,False,ALLOW,GATE_1_NEURAL_QWEN,True,ALLOW,GATE_1_NEURAL_QWEN,True
TX-CAT2-1563,2. Legitimate Edge Cases,ALLOW,usr-1001-cst-001,Maria Santos,Makati CBD,2965.11,2500.0,1.19,family dinner at country club,16.4023,120.596,14.5547,121.02,14.5547,121.02,315.0,210.41,210.41,40.08,False,False,BLOCK,False,ALLOW,GATE_1_NEURAL_QWEN,True,ALLOW,GATE_1_NEURAL_QWEN,True
TX-CAT2-1564,2. Legitimate Edge Cases,ALLOW,usr-1004-cst-004,Carlos Tan,Pasig Ortigas,2383.48,2000.0,1.19,family dinner at country club,16.4023,120.596,14.5869,121.0614,14.5869,121.0614,315.0,207.93,207.93,39.61,False,False,BLOCK,False,ALLOW,GATE_1_NEURAL_QWEN,True,ALLOW,GATE_1_NEURAL_QWEN,True
TX-CAT2-1565,2. Legitimate Edge Cases,ALLOW,usr-1002-cst-002,Juan Dela Cruz,Quezon City,1965.02,4000.0,0.49,oreilly mastering cryptocurrency book tutorial,14.679345,121.039731,14.676,121.0437,14.676,121.0437,305.3,0.57,0.57,0.11,False,False,BLOCK,False,ALLOW,GATE_1_NEURAL_QWEN,True,ALLOW,GATE_1_NEURAL_QWEN,True
TX-CAT2-1566,2. Legitimate Edge Cases,ALLOW,usr-1003-cst-003,Elena Reyes,Cebu IT Park,22477.11,15000.0,1.5,condo association dues and maintenance fee,10.315685,123.882782,10.3157,123.8854,10.3157,123.8854,139.6,0.29,0.29,0.12,False,False,BLOCK,False,ALLOW,GATE_1_NEURAL_QWEN,True,ALLOW,GATE_1_NEURAL_QWEN,True
TX-CAT2-1567,2. Legitimate Edge Cases,ALLOW,usr-1001-cst-001,Maria Santos,Makati CBD,3786.17,2500.0,1.51,condo association dues and maintenance fee,14.564261,121.025556,14.5547,121.02,14.5547,121.02,104.0,1.22,1.22,0.7,False,False,ALLOW,True,ALLOW,GATE_1_NEURAL_QWEN,True,ALLOW,GATE_1_NEURAL_QWEN,True
TX-CAT2-1568,2. Legitimate Edge Cases,ALLOW,usr-1002-cst-002,Juan Dela Cruz,Quezon City,1994.67,4000.0,0.5,oreilly mastering cryptocurrency book tutorial,14.681937,121.053227,14.676,121.0437,14.676,121.0437,304.4,1.22,1.22,0.24,False,False,BLOCK,False,ALLOW,GATE_1_NEURAL_QWEN,True,ALLOW,GATE_1_NEURAL_QWEN,True
TX-CAT2-1569,2. Legitimate Edge Cases,ALLOW,usr-1001-cst-001,Maria Santos,Makati CBD,2992.75,2500.0,1.2,family dinner at country club,16.4023,120.596,14.5547,121.02,14.5547,121.02,315.0,210.41,210.41,40.08,False,False,BLOCK,False,ALLOW,GATE_1_NEURAL_QWEN,True,ALLOW,GATE_1_NEURAL_QWEN,True
TX-CAT2-1570,2. Legitimate Edge Cases,ALLOW,usr-1003-cst-003,Elena Reyes,Cebu IT Park,67459.04,15000.0,4.5,university tuition matriculation fee installment 2,10.325595,123.879037,10.3157,123.8854,10.3157,123.8854,175.5,1.3,1.3,0.44,False,False,BLOCK,False,REQUIRE_2FA,GATE_1_NEURAL_QWEN,False,REQUIRE_2FA,GATE_1_NEURAL_QWEN,False
TX-CAT2-1571,2. Legitimate Edge Cases,ALLOW,usr-1003-cst-003,Elena Reyes,Cebu IT Park,7492.38,15000.0,0.5,oreilly mastering cryptocurrency book tutorial,10.319568,123.883679,10.3157,123.8854,10.3157,123.8854,298.1,0.47,0.47,0.09,False,False,BLOCK,False,ALLOW,GATE_1_NEURAL_QWEN,True,ALLOW,GATE_1_NEURAL_QWEN,True
TX-CAT2-1572,2. Legitimate Edge Cases,ALLOW,usr-1003-cst-003,Elena Reyes,Cebu IT Park,67530.21,15000.0,4.5,university tuition matriculation fee installment 2,10.318779,123.880318,10.3157,123.8854,10.3157,123.8854,185.6,0.65,0.65,0.21,False,False,BLOCK,False,REQUIRE_2FA,GATE_1_NEURAL_QWEN,False,REQUIRE_2FA,GATE_1_NEURAL_QWEN,False
TX-CAT2-1573,2. Legitimate Edge Cases,ALLOW,usr-1004-cst-004,Carlos Tan,Pasig Ortigas,2403.38,2000.0,1.2,family dinner at country club,16.4023,120.596,14.5869,121.0614,14.5869,121.0614,315.0,207.93,207.93,39.61,False,False,BLOCK,False,ALLOW,GATE_1_NEURAL_QWEN,True,ALLOW,GATE_1_NEURAL_QWEN,True
TX-CAT2-1574,2. Legitimate Edge Cases,ALLOW,usr-1002-cst-002,Juan Dela Cruz,Quezon City,1958.36,4000.0,0.49,oreilly mastering cryptocurrency book tutorial,14.680298,121.044239,14.676,121.0437,14.676,121.0437,293.0,0.48,0.48,0.1,False,False,BLOCK,False,ALLOW,GATE_1_NEURAL_QWEN,True,ALLOW,GATE_1_NEURAL_QWEN,True
TX-CAT2-1575,2. Legitimate Edge Cases,ALLOW,usr-1002-cst-002,Juan Dela Cruz,Quezon City,5973.52,4000.0,1.49,condo association dues and maintenance fee,14.666057,121.053578,14.676,121.0437,14.676,121.0437,65.1,1.53,1.53,1.41,False,False,BLOCK,False,ALLOW,GATE_1_NEURAL_QWEN,True,ALLOW,GATE_1_NEURAL_QWEN,True
TX-CAT2-1576,2. Legitimate Edge Cases,ALLOW,usr-1004-cst-004,Carlos Tan,Pasig Ortigas,9042.09,2000.0,4.52,university tuition matriculation fee installment 2,14.578092,121.058387,14.5869,121.0614,14.5869,121.0614,314.6,1.03,1.03,0.2,False,False,BLOCK,False,REQUIRE_2FA,GATE_1_NEURAL_QWEN,False,REQUIRE_2FA,GATE_1_NEURAL_QWEN,False
TX-CAT2-1577,2. Legitimate Edge Cases,ALLOW,usr-1002-cst-002,Juan Dela Cruz,Quezon City,3196.04,4000.0,0.8,attorney legal document notarization service fee,14.682705,121.04473,14.676,121.0437,14.676,121.0437,339.4,0.75,0.75,0.13,False,False,ALLOW,True,ALLOW,GATE_1_NEURAL_QWEN,True,ALLOW,GATE_1_NEURAL_QWEN,True
TX-CAT2-1578,2. Legitimate Edge Cases,ALLOW,usr-1004-cst-004,Carlos Tan,Pasig Ortigas,8971.07,2000.0,4.49,university tuition matriculation fee installment 2,14.581392,121.06634,14.5869,121.0614,14.5869,121.0614,95.2,0.81,0.81,0.51,False,False,BLOCK,False,REQUIRE_2FA,GATE_1_NEURAL_QWEN,False,REQUIRE_2FA,GATE_1_NEURAL_QWEN,False
TX-CAT2-1579,2. Legitimate Edge Cases,ALLOW,usr-1002-cst-002,Juan Dela Cruz,Quezon City,2023.31,4000.0,0.51,oreilly mastering cryptocurrency book tutorial,14.679922,121.042194,14.676,121.0437,14.676,121.0437,76.2,0.47,0.47,0.37,False,False,BLOCK,False,ALLOW,GATE_1_NEURAL_QWEN,True,ALLOW,GATE_1_NEURAL_QWEN,True
TX-CAT2-1580,2. Legitimate Edge Cases,ALLOW,usr-1001-cst-001,Maria Santos,Makati CBD,2957.38,2500.0,1.18,family dinner at country club,16.4023,120.596,14.5547,121.02,14.5547,121.02,315.0,210.41,210.41,40.08,False,False,BLOCK,False,ALLOW,GATE_1_NEURAL_QWEN,True,ALLOW,GATE_1_NEURAL_QWEN,True
TX-CAT2-1581,2. Legitimate Edge Cases,ALLOW,usr-1002-cst-002,Juan Dela Cruz,Quezon City,5964.69,4000.0,1.49,condo association dues and maintenance fee,14.668826,121.038601,14.676,121.0437,14.676,121.0437,63.7,0.97,0.97,0.91,False,False,BLOCK,False,ALLOW,GATE_1_NEURAL_QWEN,True,ALLOW,GATE_1_NEURAL_QWEN,True
TX-CAT2-1582,2. Legitimate Edge Cases,ALLOW,usr-1004-cst-004,Carlos Tan,Pasig Ortigas,9026.54,2000.0,4.51,university tuition matriculation fee installment 2,14.586295,121.054202,14.5869,121.0614,14.5869,121.0614,218.2,0.78,0.78,0.21,False,False,BLOCK,False,REQUIRE_2FA,GATE_1_NEURAL_QWEN,False,REQUIRE_2FA,GATE_1_NEURAL_QWEN,False
TX-CAT2-1583,2. Legitimate Edge Cases,ALLOW,usr-1003-cst-003,Elena Reyes,Cebu IT Park,7491.15,15000.0,0.5,oreilly mastering cryptocurrency book tutorial,10.312447,123.891028,10.3157,123.8854,10.3157,123.8854,268.6,0.71,0.71,0.16,False,False,BLOCK,False,ALLOW,GATE_1_NEURAL_QWEN,True,ALLOW,GATE_1_NEURAL_QWEN,True
TX-CAT2-1584,2. Legitimate Edge Cases,ALLOW,usr-1003-cst-003,Elena Reyes,Cebu IT Park,22465.59,15000.0,1.5,condo association dues and maintenance fee,10.323323,123.876042,10.3157,123.8854,10.3157,123.8854,285.3,1.33,1.33,0.28,False,False,BLOCK,False,ALLOW,GATE_1_NEURAL_QWEN,True,ALLOW,GATE_1_NEURAL_QWEN,True
TX-CAT2-1585,2. Legitimate Edge Cases,ALLOW,usr-1002-cst-002,Juan Dela Cruz,Quezon City,5989.64,4000.0,1.5,condo association dues and maintenance fee,14.674472,121.052665,14.676,121.0437,14.676,121.0437,196.3,0.98,0.98,0.3,False,False,BLOCK,False,ALLOW,GATE_1_NEURAL_QWEN,True,ALLOW,GATE_1_NEURAL_QWEN,True
TX-CAT2-1586,2. Legitimate Edge Cases,ALLOW,usr-1003-cst-003,Elena Reyes,Cebu IT Park,18000.19,15000.0,1.2,family dinner at country club,16.4023,120.596,10.3157,123.8854,10.3157,123.8854,315.0,764.56,764.56,145.63,False,False,BLOCK,False,ALLOW,GATE_1_NEURAL_QWEN,True,ALLOW,GATE_1_NEURAL_QWEN,True
TX-CAT2-1587,2. Legitimate Edge Cases,ALLOW,usr-1002-cst-002,Juan Dela Cruz,Quezon City,2043.15,4000.0,0.51,oreilly mastering cryptocurrency book tutorial,14.671437,121.035539,14.676,121.0437,14.676,121.0437,173.3,1.01,1.01,0.35,False,False,BLOCK,False,ALLOW,GATE_1_NEURAL_QWEN,True,ALLOW,GATE_1_NEURAL_QWEN,True
TX-CAT2-1588,2. Legitimate Edge Cases,ALLOW,usr-1002-cst-002,Juan Dela Cruz,Quezon City,17990.04,4000.0,4.5,university tuition matriculation fee installment 2,14.66712,121.041546,14.676,121.0437,14.676,121.0437,306.8,1.01,1.01,0.2,False,False,BLOCK,False,REQUIRE_2FA,GATE_1_NEURAL_QWEN,False,REQUIRE_2FA,GATE_1_NEURAL_QWEN,False
TX-CAT2-1589,2. Legitimate Edge Cases,ALLOW,usr-1001-cst-001,Maria Santos,Makati CBD,1247.74,2500.0,0.5,oreilly mastering cryptocurrency book tutorial,14.557754,121.018102,14.5547,121.02,14.5547,121.02,174.1,0.4,0.4,0.14,False,False,BLOCK,False,ALLOW,GATE_1_NEURAL_QWEN,True,ALLOW,GATE_1_NEURAL_QWEN,True
TX-CAT2-1590,2. Legitimate Edge Cases,ALLOW,usr-1001-cst-001,Maria Santos,Makati CBD,2014.66,2500.0,0.81,attorney legal document notarization service fee,14.548595,121.012168,14.5547,121.02,14.5547,121.02,83.3,1.08,1.08,0.78,False,False,ALLOW,True,ALLOW,GATE_1_NEURAL_QWEN,True,ALLOW,GATE_1_NEURAL_QWEN,True
TX-CAT2-1591,2. Legitimate Edge Cases,ALLOW,usr-1003-cst-003,Elena Reyes,Cebu IT Park,22473.95,15000.0,1.5,condo association dues and maintenance fee,10.308955,123.877529,10.3157,123.8854,10.3157,123.8854,123.6,1.14,1.14,0.55,False,False,BLOCK,False,ALLOW,GATE_1_NEURAL_QWEN,True,ALLOW,GATE_1_NEURAL_QWEN,True
TX-CAT2-1592,2. Legitimate Edge Cases,ALLOW,usr-1001-cst-001,Maria Santos,Makati CBD,1968.77,2500.0,0.79,attorney legal document notarization service fee,14.548735,121.028584,14.5547,121.02,14.5547,121.02,132.1,1.14,1.14,0.52,False,False,ALLOW,True,ALLOW,GATE_1_NEURAL_QWEN,True,ALLOW,GATE_1_NEURAL_QWEN,True
TX-CAT2-1593,2. Legitimate Edge Cases,ALLOW,usr-1001-cst-001,Maria Santos,Makati CBD,3006.48,2500.0,1.2,family dinner at country club,16.4023,120.596,14.5547,121.02,14.5547,121.02,315.0,210.41,210.41,40.08,False,False,BLOCK,False,ALLOW,GATE_1_NEURAL_QWEN,True,ALLOW,GATE_1_NEURAL_QWEN,True
TX-CAT2-1594,2. Legitimate Edge Cases,ALLOW,usr-1004-cst-004,Carlos Tan,Pasig Ortigas,2954.8,2000.0,1.48,condo association dues and maintenance fee,14.578764,121.057572,14.5869,121.0614,14.5869,121.0614,354.2,0.99,0.99,0.17,False,False,ALLOW,True,ALLOW,GATE_1_NEURAL_QWEN,True,ALLOW,GATE_1_NEURAL_QWEN,True
TX-CAT2-1595,2. Legitimate Edge Cases,ALLOW,usr-1003-cst-003,Elena Reyes,Cebu IT Park,7500.02,15000.0,0.5,oreilly mastering cryptocurrency book tutorial,10.311989,123.883213,10.3157,123.8854,10.3157,123.8854,166.8,0.48,0.48,0.17,False,False,BLOCK,False,ALLOW,GATE_1_NEURAL_QWEN,True,ALLOW,GATE_1_NEURAL_QWEN,True
TX-CAT2-1596,2. Legitimate Edge Cases,ALLOW,usr-1002-cst-002,Juan Dela Cruz,Quezon City,5983.13,4000.0,1.5,condo association dues and maintenance fee,14.68393,121.043772,14.676,121.0437,14.676,121.0437,210.7,0.88,0.88,0.25,False,False,BLOCK,False,ALLOW,GATE_1_NEURAL_QWEN,True,ALLOW,GATE_1_NEURAL_QWEN,True
TX-CAT2-1597,2. Legitimate Edge Cases,ALLOW,usr-1002-cst-002,Juan Dela Cruz,Quezon City,6008.72,4000.0,1.5,condo association dues and maintenance fee,14.673642,121.045427,14.676,121.0437,14.676,121.0437,315.6,0.32,0.32,0.06,False,False,BLOCK,False,ALLOW,GATE_1_NEURAL_QWEN,True,ALLOW,GATE_1_NEURAL_QWEN,True
TX-CAT2-1598,2. Legitimate Edge Cases,ALLOW,usr-1003-cst-003,Elena Reyes,Cebu IT Park,67465.15,15000.0,4.5,university tuition matriculation fee installment 2,10.314962,123.893104,10.3157,123.8854,10.3157,123.8854,88.0,0.85,0.85,0.58,False,False,BLOCK,False,REQUIRE_2FA,GATE_1_NEURAL_QWEN,False,REQUIRE_2FA,GATE_1_NEURAL_QWEN,False
TX-CAT2-1599,2. Legitimate Edge Cases,ALLOW,usr-1002-cst-002,Juan Dela Cruz,Quezon City,18030.75,4000.0,4.51,university tuition matriculation fee installment 2,14.679084,121.049077,14.676,121.0437,14.676,121.0437,108.3,0.67,0.67,0.37,False,False,BLOCK,False,REQUIRE_2FA,GATE_1_NEURAL_QWEN,False,REQUIRE_2FA,GATE_1_NEURAL_QWEN,False
TX-CAT2-1600,2. Legitimate Edge Cases,ALLOW,usr-1003-cst-003,Elena Reyes,Cebu IT Park,7528.54,15000.0,0.5,oreilly mastering cryptocurrency book tutorial,10.31248,123.882606,10.3157,123.8854,10.3157,123.8854,316.8,0.47,0.47,0.09,False,False,BLOCK,False,ALLOW,GATE_1_NEURAL_QWEN,True,ALLOW,GATE_1_NEURAL_QWEN,True
TX-CAT2-1601,2. Legitimate Edge Cases,ALLOW,usr-1004-cst-004,Carlos Tan,Pasig Ortigas,3039.07,2000.0,1.52,condo association dues and maintenance fee,14.592384,121.059153,14.5869,121.0614,14.5869,121.0614,122.6,0.66,0.66,0.32,False,False,ALLOW,True,ALLOW,GATE_1_NEURAL_QWEN,True,ALLOW,GATE_1_NEURAL_QWEN,True
TX-CAT2-1602,2. Legitimate Edge Cases,ALLOW,usr-1001-cst-001,Maria Santos,Makati CBD,11256.69,2500.0,4.5,university tuition matriculation fee installment 2,14.564588,121.011948,14.5547,121.02,14.5547,121.02,64.5,1.4,1.4,1.3,False,False,BLOCK,False,REQUIRE_2FA,GATE_1_NEURAL_QWEN,False,REQUIRE_2FA,GATE_1_NEURAL_QWEN,False
TX-CAT2-1603,2. Legitimate Edge Cases,ALLOW,usr-1003-cst-003,Elena Reyes,Cebu IT Park,18036.75,15000.0,1.2,family dinner at country club,16.4023,120.596,10.3157,123.8854,10.3157,123.8854,315.0,764.56,764.56,145.63,False,False,BLOCK,False,ALLOW,GATE_1_NEURAL_QWEN,True,ALLOW,GATE_1_NEURAL_QWEN,True
TX-CAT2-1604,2. Legitimate Edge Cases,ALLOW,usr-1001-cst-001,Maria Santos,Makati CBD,1209.41,2500.0,0.48,oreilly mastering cryptocurrency book tutorial,14.550974,121.028681,14.5547,121.02,14.5547,121.02,108.4,1.02,1.02,0.56,False,False,BLOCK,False,ALLOW,GATE_1_NEURAL_QWEN,True,ALLOW,GATE_1_NEURAL_QWEN,True
TX-CAT2-1605,2. Legitimate Edge Cases,ALLOW,usr-1003-cst-003,Elena Reyes,Cebu IT Park,17986.33,15000.0,1.2,family dinner at country club,16.4023,120.596,10.3157,123.8854,10.3157,123.8854,315.0,764.56,764.56,145.63,False,False,BLOCK,False,ALLOW,GATE_1_NEURAL_QWEN,True,ALLOW,GATE_1_NEURAL_QWEN,True
TX-CAT2-1606,2. Legitimate Edge Cases,ALLOW,usr-1001-cst-001,Maria Santos,Makati CBD,3717.92,2500.0,1.49,condo association dues and maintenance fee,14.560139,121.015159,14.5547,121.02,14.5547,121.02,202.0,0.8,0.8,0.24,False,False,ALLOW,True,ALLOW,GATE_1_NEURAL_QWEN,True,ALLOW,GATE_1_NEURAL_QWEN,True
TX-CAT2-1607,2. Legitimate Edge Cases,ALLOW,usr-1003-cst-003,Elena Reyes,Cebu IT Park,7515.03,15000.0,0.5,oreilly mastering cryptocurrency book tutorial,10.308509,123.877879,10.3157,123.8854,10.3157,123.8854,230.6,1.15,1.15,0.3,False,False,BLOCK,False,ALLOW,GATE_1_NEURAL_QWEN,True,ALLOW,GATE_1_NEURAL_QWEN,True
TX-CAT2-1608,2. Legitimate Edge Cases,ALLOW,usr-1001-cst-001,Maria Santos,Makati CBD,2035.9,2500.0,0.81,attorney legal document notarization service fee,14.552719,121.02714,14.5547,121.02,14.5547,121.02,335.1,0.8,0.8,0.14,False,False,ALLOW,True,ALLOW,GATE_1_NEURAL_QWEN,True,ALLOW,GATE_1_NEURAL_QWEN,True
TX-CAT2-1609,2. Legitimate Edge Cases,ALLOW,usr-1002-cst-002,Juan Dela Cruz,Quezon City,1986.67,4000.0,0.5,oreilly mastering cryptocurrency book tutorial,14.682897,121.052741,14.676,121.0437,14.676,121.0437,172.1,1.24,1.24,0.43,False,False,BLOCK,False,ALLOW,GATE_1_NEURAL_QWEN,True,ALLOW,GATE_1_NEURAL_QWEN,True
TX-CAT2-1610,2. Legitimate Edge Cases,ALLOW,usr-1004-cst-004,Carlos Tan,Pasig Ortigas,2395.01,2000.0,1.2,family dinner at country club,16.4023,120.596,14.5869,121.0614,14.5869,121.0614,315.0,207.93,207.93,39.61,False,False,BLOCK,False,ALLOW,GATE_1_NEURAL_QWEN,True,ALLOW,GATE_1_NEURAL_QWEN,True
TX-CAT2-1611,2. Legitimate Edge Cases,ALLOW,usr-1001-cst-001,Maria Santos,Makati CBD,3047.74,2500.0,1.22,family dinner at country club,16.4023,120.596,14.5547,121.02,14.5547,121.02,315.0,210.41,210.41,40.08,False,False,BLOCK,False,ALLOW,GATE_1_NEURAL_QWEN,True,ALLOW,GATE_1_NEURAL_QWEN,True
TX-CAT2-1612,2. Legitimate Edge Cases,ALLOW,usr-1001-cst-001,Maria Santos,Makati CBD,11269.97,2500.0,4.51,university tuition matriculation fee installment 2,14.555916,121.013091,14.5547,121.02,14.5547,121.02,91.6,0.76,0.76,0.5,False,False,BLOCK,False,REQUIRE_2FA,GATE_1_NEURAL_QWEN,False,REQUIRE_2FA,GATE_1_NEURAL_QWEN,False
TX-CAT2-1613,2. Legitimate Edge Cases,ALLOW,usr-1004-cst-004,Carlos Tan,Pasig Ortigas,9007.01,2000.0,4.5,university tuition matriculation fee installment 2,14.593977,121.055861,14.5869,121.0614,14.5869,121.0614,322.2,0.99,0.99,0.18,False,False,BLOCK,False,REQUIRE_2FA,GATE_1_NEURAL_QWEN,False,REQUIRE_2FA,GATE_1_NEURAL_QWEN,False
TX-CAT2-1614,2. Legitimate Edge Cases,ALLOW,usr-1001-cst-001,Maria Santos,Makati CBD,1996.59,2500.0,0.8,attorney legal document notarization service fee,14.55755,121.028003,14.5547,121.02,14.5547,121.02,199.5,0.92,0.92,0.28,False,False,ALLOW,True,ALLOW,GATE_1_NEURAL_QWEN,True,ALLOW,GATE_1_NEURAL_QWEN,True
TX-CAT2-1615,2. Legitimate Edge Cases,ALLOW,usr-1001-cst-001,Maria Santos,Makati CBD,11273.18,2500.0,4.51,university tuition matriculation fee installment 2,14.563049,121.02845,14.5547,121.02,14.5547,121.02,290.5,1.3,1.3,0.27,False,False,BLOCK,False,REQUIRE_2FA,GATE_1_NEURAL_QWEN,False,REQUIRE_2FA,GATE_1_NEURAL_QWEN,False
TX-CAT2-1616,2. Legitimate Edge Cases,ALLOW,usr-1002-cst-002,Juan Dela Cruz,Quezon City,1982.87,4000.0,0.5,oreilly mastering cryptocurrency book tutorial,14.672346,121.053629,14.676,121.0437,14.676,121.0437,205.9,1.14,1.14,0.33,False,False,BLOCK,False,ALLOW,GATE_1_NEURAL_QWEN,True,ALLOW,GATE_1_NEURAL_QWEN,True
TX-CAT2-1617,2. Legitimate Edge Cases,ALLOW,usr-1004-cst-004,Carlos Tan,Pasig Ortigas,2977.84,2000.0,1.49,condo association dues and maintenance fee,14.577666,121.054515,14.5869,121.0614,14.5869,121.0614,201.0,1.27,1.27,0.38,False,False,ALLOW,True,ALLOW,GATE_1_NEURAL_QWEN,True,ALLOW,GATE_1_NEURAL_QWEN,True
TX-CAT2-1618,2. Legitimate Edge Cases,ALLOW,usr-1002-cst-002,Juan Dela Cruz,Quezon City,3206.82,4000.0,0.8,attorney legal document notarization service fee,14.685756,121.049184,14.676,121.0437,14.676,121.0437,78.7,1.23,1.23,0.94,False,False,ALLOW,True,ALLOW,GATE_1_NEURAL_QWEN,True,ALLOW,GATE_1_NEURAL_QWEN,True
TX-CAT2-1619,2. Legitimate Edge Cases,ALLOW,usr-1003-cst-003,Elena Reyes,Cebu IT Park,7547.86,15000.0,0.5,oreilly mastering cryptocurrency book tutorial,10.309968,123.87963,10.3157,123.8854,10.3157,123.8854,66.9,0.9,0.9,0.81,False,False,BLOCK,False,ALLOW,GATE_1_NEURAL_QWEN,True,ALLOW,GATE_1_NEURAL_QWEN,True
TX-CAT2-1620,2. Legitimate Edge Cases,ALLOW,usr-1004-cst-004,Carlos Tan,Pasig Ortigas,1575.21,2000.0,0.79,attorney legal document notarization service fee,14.580422,121.054235,14.5869,121.0614,14.5869,121.0614,142.2,1.06,1.06,0.45,False,False,ALLOW,True,ALLOW,GATE_1_NEURAL_QWEN,True,ALLOW,GATE_1_NEURAL_QWEN,True
TX-CAT2-1621,2. Legitimate Edge Cases,ALLOW,usr-1001-cst-001,Maria Santos,Makati CBD,2037.38,2500.0,0.81,attorney legal document notarization service fee,14.553728,121.018394,14.5547,121.02,14.5547,121.02,124.2,0.2,0.2,0.1,False,False,ALLOW,True,ALLOW,GATE_1_NEURAL_QWEN,True,ALLOW,GATE_1_NEURAL_QWEN,True
TX-CAT2-1622,2. Legitimate Edge Cases,ALLOW,usr-1003-cst-003,Elena Reyes,Cebu IT Park,67533.05,15000.0,4.5,university tuition matriculation fee installment 2,10.307549,123.893433,10.3157,123.8854,10.3157,123.8854,162.6,1.26,1.26,0.46,False,False,BLOCK,False,REQUIRE_2FA,GATE_1_NEURAL_QWEN,False,REQUIRE_2FA,GATE_1_NEURAL_QWEN,False
TX-CAT2-1623,2. Legitimate Edge Cases,ALLOW,usr-1003-cst-003,Elena Reyes,Cebu IT Park,67469.86,15000.0,4.5,university tuition matriculation fee installment 2,10.324539,123.885033,10.3157,123.8854,10.3157,123.8854,220.7,0.98,0.98,0.27,False,False,BLOCK,False,REQUIRE_2FA,GATE_1_NEURAL_QWEN,False,REQUIRE_2FA,GATE_1_NEURAL_QWEN,False
TX-CAT2-1624,2. Legitimate Edge Cases,ALLOW,usr-1002-cst-002,Juan Dela Cruz,Quezon City,1985.47,4000.0,0.5,oreilly mastering cryptocurrency book tutorial,14.679858,121.041483,14.676,121.0437,14.676,121.0437,63.0,0.49,0.49,0.47,False,False,BLOCK,False,ALLOW,GATE_1_NEURAL_QWEN,True,ALLOW,GATE_1_NEURAL_QWEN,True
TX-CAT2-1625,2. Legitimate Edge Cases,ALLOW,usr-1002-cst-002,Juan Dela Cruz,Quezon City,6022.27,4000.0,1.51,condo association dues and maintenance fee,14.67757,121.036592,14.676,121.0437,14.676,121.0437,259.2,0.78,0.78,0.18,False,False,BLOCK,False,ALLOW,GATE_1_NEURAL_QWEN,True,ALLOW,GATE_1_NEURAL_QWEN,True
TX-CAT2-1626,2. Legitimate Edge Cases,ALLOW,usr-1003-cst-003,Elena Reyes,Cebu IT Park,22465.05,15000.0,1.5,condo association dues and maintenance fee,10.314873,123.87835,10.3157,123.8854,10.3157,123.8854,319.3,0.78,0.78,0.15,False,False,BLOCK,False,ALLOW,GATE_1_NEURAL_QWEN,True,ALLOW,GATE_1_NEURAL_QWEN,True
TX-CAT2-1627,2. Legitimate Edge Cases,ALLOW,usr-1001-cst-001,Maria Santos,Makati CBD,1226.28,2500.0,0.49,oreilly mastering cryptocurrency book tutorial,14.559146,121.029765,14.5547,121.02,14.5547,121.02,343.0,1.16,1.16,0.2,False,False,BLOCK,False,ALLOW,GATE_1_NEURAL_QWEN,True,ALLOW,GATE_1_NEURAL_QWEN,True
TX-CAT2-1628,2. Legitimate Edge Cases,ALLOW,usr-1002-cst-002,Juan Dela Cruz,Quezon City,2013.89,4000.0,0.5,oreilly mastering cryptocurrency book tutorial,14.677568,121.03443,14.676,121.0437,14.676,121.0437,283.7,1.01,1.01,0.21,False,False,BLOCK,False,ALLOW,GATE_1_NEURAL_QWEN,True,ALLOW,GATE_1_NEURAL_QWEN,True
TX-CAT2-1629,2. Legitimate Edge Cases,ALLOW,usr-1002-cst-002,Juan Dela Cruz,Quezon City,2019.64,4000.0,0.5,oreilly mastering cryptocurrency book tutorial,14.681488,121.045719,14.676,121.0437,14.676,121.0437,124.8,0.65,0.65,0.31,False,False,BLOCK,False,ALLOW,GATE_1_NEURAL_QWEN,True,ALLOW,GATE_1_NEURAL_QWEN,True
TX-CAT2-1630,2. Legitimate Edge Cases,ALLOW,usr-1002-cst-002,Juan Dela Cruz,Quezon City,18047.17,4000.0,4.51,university tuition matriculation fee installment 2,14.677537,121.033987,14.676,121.0437,14.676,121.0437,304.1,1.06,1.06,0.21,False,False,BLOCK,False,REQUIRE_2FA,GATE_1_NEURAL_QWEN,False,REQUIRE_2FA,GATE_1_NEURAL_QWEN,False
TX-CAT2-1631,2. Legitimate Edge Cases,ALLOW,usr-1001-cst-001,Maria Santos,Makati CBD,2039.67,2500.0,0.82,attorney legal document notarization service fee,14.554742,121.027355,14.5547,121.02,14.5547,121.02,269.8,0.79,0.79,0.18,False,False,ALLOW,True,ALLOW,GATE_1_NEURAL_QWEN,True,ALLOW,GATE_1_NEURAL_QWEN,True
TX-CAT2-1632,2. Legitimate Edge Cases,ALLOW,usr-1004-cst-004,Carlos Tan,Pasig Ortigas,991.04,2000.0,0.5,oreilly mastering cryptocurrency book tutorial,14.583944,121.062249,14.5869,121.0614,14.5869,121.0614,217.0,0.34,0.34,0.09,False,False,BLOCK,False,ALLOW,GATE_1_NEURAL_QWEN,True,ALLOW,GATE_1_NEURAL_QWEN,True
TX-CAT2-1633,2. Legitimate Edge Cases,ALLOW,usr-1003-cst-003,Elena Reyes,Cebu IT Park,22542.63,15000.0,1.5,condo association dues and maintenance fee,10.314876,123.882862,10.3157,123.8854,10.3157,123.8854,225.8,0.29,0.29,0.08,False,False,BLOCK,False,ALLOW,GATE_1_NEURAL_QWEN,True,ALLOW,GATE_1_NEURAL_QWEN,True
TX-CAT2-1634,2. Legitimate Edge Cases,ALLOW,usr-1002-cst-002,Juan Dela Cruz,Quezon City,4793.59,4000.0,1.2,family dinner at country club,16.4023,120.596,14.676,121.0437,14.676,121.0437,315.0,197.86,197.86,37.69,False,False,BLOCK,False,ALLOW,GATE_1_NEURAL_QWEN,True,ALLOW,GATE_1_NEURAL_QWEN,True
TX-CAT2-1635,2. Legitimate Edge Cases,ALLOW,usr-1003-cst-003,Elena Reyes,Cebu IT Park,7513.41,15000.0,0.5,oreilly mastering cryptocurrency book tutorial,10.319742,123.894158,10.3157,123.8854,10.3157,123.8854,331.8,1.06,1.06,0.19,False,False,BLOCK,False,ALLOW,GATE_1_NEURAL_QWEN,True,ALLOW,GATE_1_NEURAL_QWEN,True
TX-CAT2-1636,2. Legitimate Edge Cases,ALLOW,usr-1001-cst-001,Maria Santos,Makati CBD,3780.59,2500.0,1.51,condo association dues and maintenance fee,14.546776,121.022992,14.5547,121.02,14.5547,121.02,244.9,0.94,0.94,0.23,False,False,ALLOW,True,ALLOW,GATE_1_NEURAL_QWEN,True,ALLOW,GATE_1_NEURAL_QWEN,True
TX-CAT2-1637,2. Legitimate Edge Cases,ALLOW,usr-1004-cst-004,Carlos Tan,Pasig Ortigas,2999.64,2000.0,1.5,condo association dues and maintenance fee,14.591935,121.069945,14.5869,121.0614,14.5869,121.0614,89.9,1.08,1.08,0.72,False,False,ALLOW,True,ALLOW,GATE_1_NEURAL_QWEN,True,ALLOW,GATE_1_NEURAL_QWEN,True
TX-CAT2-1638,2. Legitimate Edge Cases,ALLOW,usr-1004-cst-004,Carlos Tan,Pasig Ortigas,2408.12,2000.0,1.2,family dinner at country club,16.4023,120.596,14.5869,121.0614,14.5869,121.0614,315.0,207.93,207.93,39.61,False,False,BLOCK,False,ALLOW,GATE_1_NEURAL_QWEN,True,ALLOW,GATE_1_NEURAL_QWEN,True
TX-CAT2-1639,2. Legitimate Edge Cases,ALLOW,usr-1001-cst-001,Maria Santos,Makati CBD,2035.17,2500.0,0.81,attorney legal document notarization service fee,14.548937,121.025538,14.5547,121.02,14.5547,121.02,225.5,0.88,0.88,0.23,False,False,ALLOW,True,ALLOW,GATE_1_NEURAL_QWEN,True,ALLOW,GATE_1_NEURAL_QWEN,True
TX-CAT2-1640,2. Legitimate Edge Cases,ALLOW,usr-1001-cst-001,Maria Santos,Makati CBD,11285.63,2500.0,4.51,university tuition matriculation fee installment 2,14.563711,121.017012,14.5547,121.02,14.5547,121.02,298.1,1.05,1.05,0.21,False,False,BLOCK,False,REQUIRE_2FA,GATE_1_NEURAL_QWEN,False,REQUIRE_2FA,GATE_1_NEURAL_QWEN,False
TX-CAT2-1641,2. Legitimate Edge Cases,ALLOW,usr-1004-cst-004,Carlos Tan,Pasig Ortigas,1040.8,2000.0,0.52,oreilly mastering cryptocurrency book tutorial,14.589797,121.067093,14.5869,121.0614,14.5869,121.0614,178.7,0.69,0.69,0.23,False,False,BLOCK,False,ALLOW,GATE_1_NEURAL_QWEN,True,ALLOW,GATE_1_NEURAL_QWEN,True
TX-CAT2-1642,2. Legitimate Edge Cases,ALLOW,usr-1003-cst-003,Elena Reyes,Cebu IT Park,67500.76,15000.0,4.5,university tuition matriculation fee installment 2,10.311052,123.888574,10.3157,123.8854,10.3157,123.8854,152.2,0.62,0.62,0.24,False,False,BLOCK,False,REQUIRE_2FA,GATE_1_NEURAL_QWEN,False,REQUIRE_2FA,GATE_1_NEURAL_QWEN,False
TX-CAT2-1643,2. Legitimate Edge Cases,ALLOW,usr-1004-cst-004,Carlos Tan,Pasig Ortigas,8950.42,2000.0,4.48,university tuition matriculation fee installment 2,14.595081,121.052053,14.5869,121.0614,14.5869,121.0614,67.9,1.36,1.36,1.2,False,False,BLOCK,False,REQUIRE_2FA,GATE_1_NEURAL_QWEN,False,REQUIRE_2FA,GATE_1_NEURAL_QWEN,False
TX-CAT2-1644,2. Legitimate Edge Cases,ALLOW,usr-1003-cst-003,Elena Reyes,Cebu IT Park,18032.0,15000.0,1.2,family dinner at country club,16.4023,120.596,10.3157,123.8854,10.3157,123.8854,315.0,764.56,764.56,145.63,False,False,BLOCK,False,ALLOW,GATE_1_NEURAL_QWEN,True,ALLOW,GATE_1_NEURAL_QWEN,True
TX-CAT2-1645,2. Legitimate Edge Cases,ALLOW,usr-1003-cst-003,Elena Reyes,Cebu IT Park,11967.04,15000.0,0.8,attorney legal document notarization service fee,10.317144,123.884,10.3157,123.8854,10.3157,123.8854,226.7,0.22,0.22,0.06,False,False,BLOCK,False,ALLOW,GATE_1_NEURAL_QWEN,True,ALLOW,GATE_1_NEURAL_QWEN,True
TX-CAT2-1646,2. Legitimate Edge Cases,ALLOW,usr-1004-cst-004,Carlos Tan,Pasig Ortigas,9011.63,2000.0,4.51,university tuition matriculation fee installment 2,14.584766,121.052432,14.5869,121.0614,14.5869,121.0614,339.6,0.99,0.99,0.17,False,False,BLOCK,False,REQUIRE_2FA,GATE_1_NEURAL_QWEN,False,REQUIRE_2FA,GATE_1_NEURAL_QWEN,False
TX-CAT2-1647,2. Legitimate Edge Cases,ALLOW,usr-1004-cst-004,Carlos Tan,Pasig Ortigas,9043.94,2000.0,4.52,university tuition matriculation fee installment 2,14.584708,121.065962,14.5869,121.0614,14.5869,121.0614,180.9,0.55,0.55,0.18,False,False,BLOCK,False,REQUIRE_2FA,GATE_1_NEURAL_QWEN,False,REQUIRE_2FA,GATE_1_NEURAL_QWEN,False
TX-CAT2-1648,2. Legitimate Edge Cases,ALLOW,usr-1003-cst-003,Elena Reyes,Cebu IT Park,17965.84,15000.0,1.2,family dinner at country club,16.4023,120.596,10.3157,123.8854,10.3157,123.8854,315.0,764.56,764.56,145.63,False,False,BLOCK,False,ALLOW,GATE_1_NEURAL_QWEN,True,ALLOW,GATE_1_NEURAL_QWEN,True
TX-CAT2-1649,2. Legitimate Edge Cases,ALLOW,usr-1002-cst-002,Juan Dela Cruz,Quezon City,6021.0,4000.0,1.51,condo association dues and maintenance fee,14.668527,121.036067,14.676,121.0437,14.676,121.0437,233.1,1.17,1.17,0.3,False,False,BLOCK,False,ALLOW,GATE_1_NEURAL_QWEN,True,ALLOW,GATE_1_NEURAL_QWEN,True
TX-CAT2-1650,2. Legitimate Edge Cases,ALLOW,usr-1004-cst-004,Carlos Tan,Pasig Ortigas,1633.73,2000.0,0.82,attorney legal document notarization service fee,14.580081,121.057848,14.5869,121.0614,14.5869,121.0614,88.0,0.85,0.85,0.58,False,False,ALLOW,True,ALLOW,GATE_1_NEURAL_QWEN,True,ALLOW,GATE_1_NEURAL_QWEN,True
TX-CAT2-1651,2. Legitimate Edge Cases,ALLOW,usr-1001-cst-001,Maria Santos,Makati CBD,1201.15,2500.0,0.48,oreilly mastering cryptocurrency book tutorial,14.560101,121.013061,14.5547,121.02,14.5547,121.02,245.4,0.96,0.96,0.23,False,False,BLOCK,False,ALLOW,GATE_1_NEURAL_QWEN,True,ALLOW,GATE_1_NEURAL_QWEN,True
TX-CAT2-1652,2. Legitimate Edge Cases,ALLOW,usr-1001-cst-001,Maria Santos,Makati CBD,2988.24,2500.0,1.2,family dinner at country club,16.4023,120.596,14.5547,121.02,14.5547,121.02,315.0,210.41,210.41,40.08,False,False,BLOCK,False,ALLOW,GATE_1_NEURAL_QWEN,True,ALLOW,GATE_1_NEURAL_QWEN,True
TX-CAT2-1653,2. Legitimate Edge Cases,ALLOW,usr-1002-cst-002,Juan Dela Cruz,Quezon City,2013.45,4000.0,0.5,oreilly mastering cryptocurrency book tutorial,14.681552,121.037431,14.676,121.0437,14.676,121.0437,255.8,0.91,0.91,0.21,False,False,BLOCK,False,ALLOW,GATE_1_NEURAL_QWEN,True,ALLOW,GATE_1_NEURAL_QWEN,True
TX-CAT2-1654,2. Legitimate Edge Cases,ALLOW,usr-1002-cst-002,Juan Dela Cruz,Quezon City,3169.38,4000.0,0.79,attorney legal document notarization service fee,14.682809,121.048226,14.676,121.0437,14.676,121.0437,302.1,0.9,0.9,0.18,False,False,ALLOW,True,ALLOW,GATE_1_NEURAL_QWEN,True,ALLOW,GATE_1_NEURAL_QWEN,True
TX-CAT2-1655,2. Legitimate Edge Cases,ALLOW,usr-1004-cst-004,Carlos Tan,Pasig Ortigas,1615.93,2000.0,0.81,attorney legal document notarization service fee,14.582399,121.0701,14.5869,121.0614,14.5869,121.0614,248.2,1.06,1.06,0.26,False,False,ALLOW,True,ALLOW,GATE_1_NEURAL_QWEN,True,ALLOW,GATE_1_NEURAL_QWEN,True
TX-CAT2-1656,2. Legitimate Edge Cases,ALLOW,usr-1001-cst-001,Maria Santos,Makati CBD,3745.91,2500.0,1.5,condo association dues and maintenance fee,14.556618,121.012142,14.5547,121.02,14.5547,121.02,144.7,0.87,0.87,0.36,False,False,ALLOW,True,ALLOW,GATE_1_NEURAL_QWEN,True,ALLOW,GATE_1_NEURAL_QWEN,True
TX-CAT2-1657,2. Legitimate Edge Cases,ALLOW,usr-1002-cst-002,Juan Dela Cruz,Quezon City,5957.74,4000.0,1.49,condo association dues and maintenance fee,14.682892,121.051954,14.676,121.0437,14.676,121.0437,122.4,1.17,1.17,0.57,False,False,BLOCK,False,ALLOW,GATE_1_NEURAL_QWEN,True,ALLOW,GATE_1_NEURAL_QWEN,True
TX-CAT2-1658,2. Legitimate Edge Cases,ALLOW,usr-1001-cst-001,Maria Santos,Makati CBD,1279.54,2500.0,0.51,oreilly mastering cryptocurrency book tutorial,14.552975,121.01973,14.5547,121.02,14.5547,121.02,247.7,0.19,0.19,0.05,False,False,BLOCK,False,ALLOW,GATE_1_NEURAL_QWEN,True,ALLOW,GATE_1_NEURAL_QWEN,True
TX-CAT2-1659,2. Legitimate Edge Cases,ALLOW,usr-1002-cst-002,Juan Dela Cruz,Quezon City,1987.53,4000.0,0.5,oreilly mastering cryptocurrency book tutorial,14.672272,121.051866,14.676,121.0437,14.676,121.0437,302.6,0.97,0.97,0.19,False,False,BLOCK,False,ALLOW,GATE_1_NEURAL_QWEN,True,ALLOW,GATE_1_NEURAL_QWEN,True
TX-CAT2-1660,2. Legitimate Edge Cases,ALLOW,usr-1002-cst-002,Juan Dela Cruz,Quezon City,3151.01,4000.0,0.79,attorney legal document notarization service fee,14.669574,121.045046,14.676,121.0437,14.676,121.0437,242.0,0.73,0.73,0.18,False,False,ALLOW,True,ALLOW,GATE_1_NEURAL_QWEN,True,ALLOW,GATE_1_NEURAL_QWEN,True
TX-CAT2-1661,2. Legitimate Edge Cases,ALLOW,usr-1001-cst-001,Maria Santos,Makati CBD,3797.59,2500.0,1.52,condo association dues and maintenance fee,14.564575,121.019678,14.5547,121.02,14.5547,121.02,244.2,1.1,1.1,0.27,False,False,ALLOW,True,ALLOW,GATE_1_NEURAL_QWEN,True,ALLOW,GATE_1_NEURAL_QWEN,True
TX-CAT2-1662,2. Legitimate Edge Cases,ALLOW,usr-1001-cst-001,Maria Santos,Makati CBD,11252.17,2500.0,4.5,university tuition matriculation fee installment 2,14.54979,121.012432,14.5547,121.02,14.5547,121.02,241.8,0.98,0.98,0.24,False,False,BLOCK,False,REQUIRE_2FA,GATE_1_NEURAL_QWEN,False,REQUIRE_2FA,GATE_1_NEURAL_QWEN,False
TX-CAT2-1663,2. Legitimate Edge Cases,ALLOW,usr-1001-cst-001,Maria Santos,Makati CBD,3001.17,2500.0,1.2,family dinner at country club,16.4023,120.596,14.5547,121.02,14.5547,121.02,315.0,210.41,210.41,40.08,False,False,BLOCK,False,ALLOW,GATE_1_NEURAL_QWEN,True,ALLOW,GATE_1_NEURAL_QWEN,True
TX-CAT2-1664,2. Legitimate Edge Cases,ALLOW,usr-1002-cst-002,Juan Dela Cruz,Quezon City,18036.69,4000.0,4.51,university tuition matriculation fee installment 2,14.668296,121.038039,14.676,121.0437,14.676,121.0437,158.3,1.05,1.05,0.4,False,False,BLOCK,False,REQUIRE_2FA,GATE_1_NEURAL_QWEN,False,REQUIRE_2FA,GATE_1_NEURAL_QWEN,False
TX-CAT2-1665,2. Legitimate Edge Cases,ALLOW,usr-1002-cst-002,Juan Dela Cruz,Quezon City,6022.77,4000.0,1.51,condo association dues and maintenance fee,14.684797,121.039052,14.676,121.0437,14.676,121.0437,204.5,1.1,1.1,0.32,False,False,BLOCK,False,ALLOW,GATE_1_NEURAL_QWEN,True,ALLOW,GATE_1_NEURAL_QWEN,True
TX-CAT2-1666,2. Legitimate Edge Cases,ALLOW,usr-1001-cst-001,Maria Santos,Makati CBD,2020.81,2500.0,0.81,attorney legal document notarization service fee,14.557738,121.019341,14.5547,121.02,14.5547,121.02,302.7,0.35,0.35,0.07,False,False,ALLOW,True,ALLOW,GATE_1_NEURAL_QWEN,True,ALLOW,GATE_1_NEURAL_QWEN,True
TX-CAT2-1667,2. Legitimate Edge Cases,ALLOW,usr-1004-cst-004,Carlos Tan,Pasig Ortigas,2444.63,2000.0,1.22,family dinner at country club,16.4023,120.596,14.5869,121.0614,14.5869,121.0614,315.0,207.93,207.93,39.61,False,False,BLOCK,False,ALLOW,GATE_1_NEURAL_QWEN,True,ALLOW,GATE_1_NEURAL_QWEN,True
TX-CAT2-1668,2. Legitimate Edge Cases,ALLOW,usr-1002-cst-002,Juan Dela Cruz,Quezon City,3167.3,4000.0,0.79,attorney legal document notarization service fee,14.679741,121.051446,14.676,121.0437,14.676,121.0437,144.3,0.93,0.93,0.39,False,False,ALLOW,True,ALLOW,GATE_1_NEURAL_QWEN,True,ALLOW,GATE_1_NEURAL_QWEN,True
TX-CAT2-1669,2. Legitimate Edge Cases,ALLOW,usr-1004-cst-004,Carlos Tan,Pasig Ortigas,3008.36,2000.0,1.5,condo association dues and maintenance fee,14.592229,121.057632,14.5869,121.0614,14.5869,121.0614,298.2,0.72,0.72,0.14,False,False,ALLOW,True,ALLOW,GATE_1_NEURAL_QWEN,True,ALLOW,GATE_1_NEURAL_QWEN,True
TX-CAT2-1670,2. Legitimate Edge Cases,ALLOW,usr-1004-cst-004,Carlos Tan,Pasig Ortigas,1038.29,2000.0,0.52,oreilly mastering cryptocurrency book tutorial,14.585375,121.066342,14.5869,121.0614,14.5869,121.0614,304.8,0.56,0.56,0.11,False,False,BLOCK,False,ALLOW,GATE_1_NEURAL_QWEN,True,ALLOW,GATE_1_NEURAL_QWEN,True
TX-CAT2-1671,2. Legitimate Edge Cases,ALLOW,usr-1001-cst-001,Maria Santos,Makati CBD,2988.3,2500.0,1.2,family dinner at country club,16.4023,120.596,14.5547,121.02,14.5547,121.02,315.0,210.41,210.41,40.08,False,False,BLOCK,False,ALLOW,GATE_1_NEURAL_QWEN,True,ALLOW,GATE_1_NEURAL_QWEN,True
TX-CAT2-1672,2. Legitimate Edge Cases,ALLOW,usr-1002-cst-002,Juan Dela Cruz,Quezon City,4785.29,4000.0,1.2,family dinner at country club,16.4023,120.596,14.676,121.0437,14.676,121.0437,315.0,197.86,197.86,37.69,False,False,BLOCK,False,ALLOW,GATE_1_NEURAL_QWEN,True,ALLOW,GATE_1_NEURAL_QWEN,True
TX-CAT2-1673,2. Legitimate Edge Cases,ALLOW,usr-1001-cst-001,Maria Santos,Makati CBD,1216.72,2500.0,0.49,oreilly mastering cryptocurrency book tutorial,14.545375,121.020227,14.5547,121.02,14.5547,121.02,236.1,1.04,1.04,0.26,False,False,BLOCK,False,ALLOW,GATE_1_NEURAL_QWEN,True,ALLOW,GATE_1_NEURAL_QWEN,True
TX-CAT2-1674,2. Legitimate Edge Cases,ALLOW,usr-1003-cst-003,Elena Reyes,Cebu IT Park,18032.67,15000.0,1.2,family dinner at country club,16.4023,120.596,10.3157,123.8854,10.3157,123.8854,315.0,764.56,764.56,145.63,False,False,BLOCK,False,ALLOW,GATE_1_NEURAL_QWEN,True,ALLOW,GATE_1_NEURAL_QWEN,True
TX-CAT2-1675,2. Legitimate Edge Cases,ALLOW,usr-1003-cst-003,Elena Reyes,Cebu IT Park,7452.99,15000.0,0.5,oreilly mastering cryptocurrency book tutorial,10.309298,123.881854,10.3157,123.8854,10.3157,123.8854,297.3,0.81,0.81,0.16,False,False,BLOCK,False,ALLOW,GATE_1_NEURAL_QWEN,True,ALLOW,GATE_1_NEURAL_QWEN,True
TX-CAT2-1676,2. Legitimate Edge Cases,ALLOW,usr-1003-cst-003,Elena Reyes,Cebu IT Park,67457.26,15000.0,4.5,university tuition matriculation fee installment 2,10.318839,123.882839,10.3157,123.8854,10.3157,123.8854,293.9,0.45,0.45,0.09,False,False,BLOCK,False,REQUIRE_2FA,GATE_1_NEURAL_QWEN,False,REQUIRE_2FA,GATE_1_NEURAL_QWEN,False
TX-CAT2-1677,2. Legitimate Edge Cases,ALLOW,usr-1001-cst-001,Maria Santos,Makati CBD,3731.86,2500.0,1.49,condo association dues and maintenance fee,14.544918,121.016577,14.5547,121.02,14.5547,121.02,199.6,1.15,1.15,0.35,False,False,ALLOW,True,ALLOW,GATE_1_NEURAL_QWEN,True,ALLOW,GATE_1_NEURAL_QWEN,True
TX-CAT2-1678,2. Legitimate Edge Cases,ALLOW,usr-1003-cst-003,Elena Reyes,Cebu IT Park,67506.16,15000.0,4.5,university tuition matriculation fee installment 2,10.313412,123.887436,10.3157,123.8854,10.3157,123.8854,218.2,0.34,0.34,0.09,False,False,BLOCK,False,REQUIRE_2FA,GATE_1_NEURAL_QWEN,False,REQUIRE_2FA,GATE_1_NEURAL_QWEN,False
TX-CAT2-1679,2. Legitimate Edge Cases,ALLOW,usr-1001-cst-001,Maria Santos,Makati CBD,2977.8,2500.0,1.19,family dinner at country club,16.4023,120.596,14.5547,121.02,14.5547,121.02,315.0,210.41,210.41,40.08,False,False,BLOCK,False,ALLOW,GATE_1_NEURAL_QWEN,True,ALLOW,GATE_1_NEURAL_QWEN,True
TX-CAT2-1680,2. Legitimate Edge Cases,ALLOW,usr-1001-cst-001,Maria Santos,Makati CBD,3039.27,2500.0,1.22,family dinner at country club,16.4023,120.596,14.5547,121.02,14.5547,121.02,315.0,210.41,210.41,40.08,False,False,BLOCK,False,ALLOW,GATE_1_NEURAL_QWEN,True,ALLOW,GATE_1_NEURAL_QWEN,True
TX-CAT2-1681,2. Legitimate Edge Cases,ALLOW,usr-1004-cst-004,Carlos Tan,Pasig Ortigas,981.78,2000.0,0.49,oreilly mastering cryptocurrency book tutorial,14.583302,121.055342,14.5869,121.0614,14.5869,121.0614,300.8,0.76,0.76,0.15,False,False,BLOCK,False,ALLOW,GATE_1_NEURAL_QWEN,True,ALLOW,GATE_1_NEURAL_QWEN,True
TX-CAT2-1682,2. Legitimate Edge Cases,ALLOW,usr-1004-cst-004,Carlos Tan,Pasig Ortigas,3049.03,2000.0,1.52,condo association dues and maintenance fee,14.585325,121.053882,14.5869,121.0614,14.5869,121.0614,111.3,0.83,0.83,0.45,False,False,ALLOW,True,ALLOW,GATE_1_NEURAL_QWEN,True,ALLOW,GATE_1_NEURAL_QWEN,True
TX-CAT2-1683,2. Legitimate Edge Cases,ALLOW,usr-1003-cst-003,Elena Reyes,Cebu IT Park,17988.29,15000.0,1.2,family dinner at country club,16.4023,120.596,10.3157,123.8854,10.3157,123.8854,315.0,764.56,764.56,145.63,False,False,BLOCK,False,ALLOW,GATE_1_NEURAL_QWEN,True,ALLOW,GATE_1_NEURAL_QWEN,True
TX-CAT2-1684,2. Legitimate Edge Cases,ALLOW,usr-1001-cst-001,Maria Santos,Makati CBD,1951.78,2500.0,0.78,attorney legal document notarization service fee,14.560366,121.021515,14.5547,121.02,14.5547,121.02,61.4,0.65,0.65,0.64,False,False,ALLOW,True,ALLOW,GATE_1_NEURAL_QWEN,True,ALLOW,GATE_1_NEURAL_QWEN,True
TX-CAT2-1685,2. Legitimate Edge Cases,ALLOW,usr-1004-cst-004,Carlos Tan,Pasig Ortigas,1563.11,2000.0,0.78,attorney legal document notarization service fee,14.596237,121.05214,14.5869,121.0614,14.5869,121.0614,220.0,1.44,1.44,0.39,False,False,ALLOW,True,ALLOW,GATE_1_NEURAL_QWEN,True,ALLOW,GATE_1_NEURAL_QWEN,True
TX-CAT2-1686,2. Legitimate Edge Cases,ALLOW,usr-1001-cst-001,Maria Santos,Makati CBD,2014.48,2500.0,0.81,attorney legal document notarization service fee,14.546089,121.011902,14.5547,121.02,14.5547,121.02,300.8,1.29,1.29,0.26,False,False,ALLOW,True,ALLOW,GATE_1_NEURAL_QWEN,True,ALLOW,GATE_1_NEURAL_QWEN,True
TX-CAT2-1687,2. Legitimate Edge Cases,ALLOW,usr-1003-cst-003,Elena Reyes,Cebu IT Park,11981.72,15000.0,0.8,attorney legal document notarization service fee,10.312616,123.876995,10.3157,123.8854,10.3157,123.8854,292.4,0.98,0.98,0.2,False,False,BLOCK,False,ALLOW,GATE_1_NEURAL_QWEN,True,ALLOW,GATE_1_NEURAL_QWEN,True
TX-CAT2-1688,2. Legitimate Edge Cases,ALLOW,usr-1004-cst-004,Carlos Tan,Pasig Ortigas,2354.71,2000.0,1.18,family dinner at country club,16.4023,120.596,14.5869,121.0614,14.5869,121.0614,315.0,207.93,207.93,39.61,False,False,BLOCK,False,ALLOW,GATE_1_NEURAL_QWEN,True,ALLOW,GATE_1_NEURAL_QWEN,True
TX-CAT2-1689,2. Legitimate Edge Cases,ALLOW,usr-1003-cst-003,Elena Reyes,Cebu IT Park,7499.33,15000.0,0.5,oreilly mastering cryptocurrency book tutorial,10.318522,123.893609,10.3157,123.8854,10.3157,123.8854,312.9,0.95,0.95,0.18,False,False,BLOCK,False,ALLOW,GATE_1_NEURAL_QWEN,True,ALLOW,GATE_1_NEURAL_QWEN,True
TX-CAT2-1690,2. Legitimate Edge Cases,ALLOW,usr-1001-cst-001,Maria Santos,Makati CBD,3722.4,2500.0,1.49,condo association dues and maintenance fee,14.561209,121.012775,14.5547,121.02,14.5547,121.02,358.1,1.06,1.06,0.18,False,False,ALLOW,True,ALLOW,GATE_1_NEURAL_QWEN,True,ALLOW,GATE_1_NEURAL_QWEN,True
TX-CAT2-1691,2. Legitimate Edge Cases,ALLOW,usr-1004-cst-004,Carlos Tan,Pasig Ortigas,8967.02,2000.0,4.48,university tuition matriculation fee installment 2,14.580723,121.069446,14.5869,121.0614,14.5869,121.0614,170.7,1.11,1.11,0.39,False,False,BLOCK,False,REQUIRE_2FA,GATE_1_NEURAL_QWEN,False,REQUIRE_2FA,GATE_1_NEURAL_QWEN,False
TX-CAT2-1692,2. Legitimate Edge Cases,ALLOW,usr-1001-cst-001,Maria Santos,Makati CBD,3725.97,2500.0,1.49,condo association dues and maintenance fee,14.560399,121.012216,14.5547,121.02,14.5547,121.02,344.1,1.05,1.05,0.18,False,False,ALLOW,True,ALLOW,GATE_1_NEURAL_QWEN,True,ALLOW,GATE_1_NEURAL_QWEN,True
TX-CAT2-1693,2. Legitimate Edge Cases,ALLOW,usr-1001-cst-001,Maria Santos,Makati CBD,1982.93,2500.0,0.79,attorney legal document notarization service fee,14.556955,121.02625,14.5547,121.02,14.5547,121.02,141.0,0.72,0.72,0.31,False,False,ALLOW,True,ALLOW,GATE_1_NEURAL_QWEN,True,ALLOW,GATE_1_NEURAL_QWEN,True
TX-CAT2-1694,2. Legitimate Edge Cases,ALLOW,usr-1002-cst-002,Juan Dela Cruz,Quezon City,18008.35,4000.0,4.5,university tuition matriculation fee installment 2,14.668398,121.040087,14.676,121.0437,14.676,121.0437,104.4,0.93,0.93,0.53,False,False,BLOCK,False,REQUIRE_2FA,GATE_1_NEURAL_QWEN,False,REQUIRE_2FA,GATE_1_NEURAL_QWEN,False
TX-CAT2-1695,2. Legitimate Edge Cases,ALLOW,usr-1004-cst-004,Carlos Tan,Pasig Ortigas,1016.82,2000.0,0.51,oreilly mastering cryptocurrency book tutorial,14.587335,121.05621,14.5869,121.0614,14.5869,121.0614,203.4,0.56,0.56,0.17,False,False,BLOCK,False,ALLOW,GATE_1_NEURAL_QWEN,True,ALLOW,GATE_1_NEURAL_QWEN,True
TX-CAT2-1696,2. Legitimate Edge Cases,ALLOW,usr-1004-cst-004,Carlos Tan,Pasig Ortigas,1582.19,2000.0,0.79,attorney legal document notarization service fee,14.591517,121.055917,14.5869,121.0614,14.5869,121.0614,139.1,0.78,0.78,0.34,False,False,ALLOW,True,ALLOW,GATE_1_NEURAL_QWEN,True,ALLOW,GATE_1_NEURAL_QWEN,True
TX-CAT2-1697,2. Legitimate Edge Cases,ALLOW,usr-1003-cst-003,Elena Reyes,Cebu IT Park,22485.3,15000.0,1.5,condo association dues and maintenance fee,10.322411,123.880248,10.3157,123.8854,10.3157,123.8854,254.1,0.94,0.94,0.22,False,False,BLOCK,False,ALLOW,GATE_1_NEURAL_QWEN,True,ALLOW,GATE_1_NEURAL_QWEN,True
TX-CAT2-1698,2. Legitimate Edge Cases,ALLOW,usr-1002-cst-002,Juan Dela Cruz,Quezon City,5957.51,4000.0,1.49,condo association dues and maintenance fee,14.675892,121.03795,14.676,121.0437,14.676,121.0437,261.1,0.62,0.62,0.14,False,False,BLOCK,False,ALLOW,GATE_1_NEURAL_QWEN,True,ALLOW,GATE_1_NEURAL_QWEN,True
TX-CAT2-1699,2. Legitimate Edge Cases,ALLOW,usr-1004-cst-004,Carlos Tan,Pasig Ortigas,968.79,2000.0,0.48,oreilly mastering cryptocurrency book tutorial,14.578991,121.055573,14.5869,121.0614,14.5869,121.0614,237.2,1.08,1.08,0.27,False,False,BLOCK,False,ALLOW,GATE_1_NEURAL_QWEN,True,ALLOW,GATE_1_NEURAL_QWEN,True
TX-CAT2-1700,2. Legitimate Edge Cases,ALLOW,usr-1003-cst-003,Elena Reyes,Cebu IT Park,12020.85,15000.0,0.8,attorney legal document notarization service fee,10.318806,123.892356,10.3157,123.8854,10.3157,123.8854,91.7,0.84,0.84,0.55,False,False,BLOCK,False,ALLOW,GATE_1_NEURAL_QWEN,True,ALLOW,GATE_1_NEURAL_QWEN,True
TX-CAT3-1701,3. Physical Fraud (Impossible Travel),BLOCK,usr-1002-cst-002,Juan Dela Cruz,Quezon City,32750.83,4000.0,8.19,funds transfer via ATM (Tokyo),35.6762,139.6503,14.676,121.0437,14.676,121.0437,25,2981.16,2981.16,7154.78,False,True,BLOCK,True,BLOCK,GATE_0_FAST_PATH,True,BLOCK,GATE_1_NEURAL_QWEN,True
TX-CAT3-1702,3. Physical Fraud (Impossible Travel),BLOCK,usr-1004-cst-004,Carlos Tan,Pasig Ortigas,31432.19,2000.0,15.72,funds transfer via ATM (Sydney),-33.8688,151.2093,14.5869,121.0614,14.5869,121.0614,20,6262.88,6262.88,18788.64,False,True,BLOCK,True,BLOCK,GATE_0_FAST_PATH,True,BLOCK,GATE_1_NEURAL_QWEN,True
TX-CAT3-1703,3. Physical Fraud (Impossible Travel),BLOCK,usr-1002-cst-002,Juan Dela Cruz,Quezon City,13074.74,4000.0,3.27,funds transfer via ATM (Sydney),-33.8688,151.2093,14.676,121.0437,14.676,121.0437,20,6272.41,6272.41,18817.23,False,True,BLOCK,True,BLOCK,GATE_0_FAST_PATH,True,BLOCK,GATE_1_NEURAL_QWEN,True
TX-CAT3-1704,3. Physical Fraud (Impossible Travel),BLOCK,usr-1003-cst-003,Elena Reyes,Cebu IT Park,12433.3,15000.0,0.83,funds transfer via ATM (Sydney),-33.8688,151.2093,10.3157,123.8854,10.3157,123.8854,20,5698.48,5698.48,17095.44,False,True,BLOCK,True,BLOCK,GATE_0_FAST_PATH,True,BLOCK,GATE_1_NEURAL_QWEN,True
TX-CAT3-1705,3. Physical Fraud (Impossible Travel),BLOCK,usr-1003-cst-003,Elena Reyes,Cebu IT Park,11976.82,15000.0,0.8,funds transfer via ATM (Singapore),1.3521,103.8198,10.3157,123.8854,10.3157,123.8854,15,2430.9,2430.9,9723.6,False,True,BLOCK,True,BLOCK,GATE_0_FAST_PATH,True,BLOCK,GATE_1_NEURAL_QWEN,True
TX-CAT3-1706,3. Physical Fraud (Impossible Travel),BLOCK,usr-1001-cst-001,Maria Santos,Makati CBD,14495.19,2500.0,5.8,funds transfer via ATM (Singapore),1.3521,103.8198,14.5547,121.02,14.5547,121.02,15,2392.85,2392.85,9571.4,False,True,BLOCK,True,BLOCK,GATE_0_FAST_PATH,True,BLOCK,GATE_1_NEURAL_QWEN,True
TX-CAT3-1707,3. Physical Fraud (Impossible Travel),BLOCK,usr-1004-cst-004,Carlos Tan,Pasig Ortigas,15202.43,2000.0,7.6,funds transfer via ATM (Tokyo),35.6762,139.6503,14.5869,121.0614,14.5869,121.0614,25,2988.18,2988.18,7171.63,False,True,BLOCK,True,BLOCK,GATE_0_FAST_PATH,True,BLOCK,GATE_1_NEURAL_QWEN,True
TX-CAT3-1708,3. Physical Fraud (Impossible Travel),BLOCK,usr-1004-cst-004,Carlos Tan,Pasig Ortigas,17502.83,2000.0,8.75,funds transfer via ATM (Sydney),-33.8688,151.2093,14.5869,121.0614,14.5869,121.0614,20,6262.88,6262.88,18788.64,False,True,BLOCK,True,BLOCK,GATE_0_FAST_PATH,True,BLOCK,GATE_1_NEURAL_QWEN,True
TX-CAT3-1709,3. Physical Fraud (Impossible Travel),BLOCK,usr-1001-cst-001,Maria Santos,Makati CBD,17569.52,2500.0,7.03,funds transfer via ATM (Singapore),1.3521,103.8198,14.5547,121.02,14.5547,121.02,15,2392.85,2392.85,9571.4,False,True,BLOCK,True,BLOCK,GATE_0_FAST_PATH,True,BLOCK,GATE_1_NEURAL_QWEN,True
TX-CAT3-1710,3. Physical Fraud (Impossible Travel),BLOCK,usr-1002-cst-002,Juan Dela Cruz,Quezon City,18717.06,4000.0,4.68,funds transfer via ATM (Tokyo),35.6762,139.6503,14.676,121.0437,14.676,121.0437,25,2981.16,2981.16,7154.78,False,True,BLOCK,True,BLOCK,GATE_0_FAST_PATH,True,BLOCK,GATE_1_NEURAL_QWEN,True
TX-CAT3-1711,3. Physical Fraud (Impossible Travel),BLOCK,usr-1004-cst-004,Carlos Tan,Pasig Ortigas,9435.24,2000.0,4.72,funds transfer via ATM (Frankfurt),50.1109,8.6821,14.5869,121.0614,14.5869,121.0614,10,10281.95,10281.95,61691.7,False,True,BLOCK,True,BLOCK,GATE_0_FAST_PATH,True,BLOCK,GATE_1_NEURAL_QWEN,True
TX-CAT3-1712,3. Physical Fraud (Impossible Travel),BLOCK,usr-1003-cst-003,Elena Reyes,Cebu IT Park,10640.94,15000.0,0.71,funds transfer via ATM (Frankfurt),50.1109,8.6821,10.3157,123.8854,10.3157,123.8854,10,10846.31,10846.31,65077.86,False,True,BLOCK,True,BLOCK,GATE_0_FAST_PATH,True,BLOCK,GATE_1_NEURAL_QWEN,True
TX-CAT3-1713,3. Physical Fraud (Impossible Travel),BLOCK,usr-1004-cst-004,Carlos Tan,Pasig Ortigas,13236.15,2000.0,6.62,funds transfer via ATM (Sydney),-33.8688,151.2093,14.5869,121.0614,14.5869,121.0614,20,6262.88,6262.88,18788.64,False,True,BLOCK,True,BLOCK,GATE_0_FAST_PATH,True,BLOCK,GATE_1_NEURAL_QWEN,True
TX-CAT3-1714,3. Physical Fraud (Impossible Travel),BLOCK,usr-1002-cst-002,Juan Dela Cruz,Quezon City,12769.42,4000.0,3.19,funds transfer via ATM (Sydney),-33.8688,151.2093,14.676,121.0437,14.676,121.0437,20,6272.41,6272.41,18817.23,False,True,BLOCK,True,BLOCK,GATE_0_FAST_PATH,True,BLOCK,GATE_1_NEURAL_QWEN,True
TX-CAT3-1715,3. Physical Fraud (Impossible Travel),BLOCK,usr-1003-cst-003,Elena Reyes,Cebu IT Park,22002.7,15000.0,1.47,funds transfer via ATM (Sydney),-33.8688,151.2093,10.3157,123.8854,10.3157,123.8854,20,5698.48,5698.48,17095.44,False,True,BLOCK,True,BLOCK,GATE_0_FAST_PATH,True,BLOCK,GATE_1_NEURAL_QWEN,True
TX-CAT3-1716,3. Physical Fraud (Impossible Travel),BLOCK,usr-1001-cst-001,Maria Santos,Makati CBD,25451.31,2500.0,10.18,funds transfer via ATM (Singapore),1.3521,103.8198,14.5547,121.02,14.5547,121.02,15,2392.85,2392.85,9571.4,False,True,BLOCK,True,BLOCK,GATE_0_FAST_PATH,True,BLOCK,GATE_1_NEURAL_QWEN,True
TX-CAT3-1717,3. Physical Fraud (Impossible Travel),BLOCK,usr-1001-cst-001,Maria Santos,Makati CBD,11110.07,2500.0,4.44,funds transfer via ATM (Tokyo),35.6762,139.6503,14.5547,121.02,14.5547,121.02,25,2993.67,2993.67,7184.81,False,True,BLOCK,True,BLOCK,GATE_0_FAST_PATH,True,BLOCK,GATE_1_NEURAL_QWEN,True
TX-CAT3-1718,3. Physical Fraud (Impossible Travel),BLOCK,usr-1001-cst-001,Maria Santos,Makati CBD,14446.71,2500.0,5.78,funds transfer via ATM (Frankfurt),50.1109,8.6821,14.5547,121.02,14.5547,121.02,10,10282.18,10282.18,61693.08,False,True,BLOCK,True,BLOCK,GATE_0_FAST_PATH,True,BLOCK,GATE_1_NEURAL_QWEN,True
TX-CAT3-1719,3. Physical Fraud (Impossible Travel),BLOCK,usr-1001-cst-001,Maria Santos,Makati CBD,14114.56,2500.0,5.65,funds transfer via ATM (Frankfurt),50.1109,8.6821,14.5547,121.02,14.5547,121.02,10,10282.18,10282.18,61693.08,False,True,BLOCK,True,BLOCK,GATE_0_FAST_PATH,True,BLOCK,GATE_1_NEURAL_QWEN,True
TX-CAT3-1720,3. Physical Fraud (Impossible Travel),BLOCK,usr-1004-cst-004,Carlos Tan,Pasig Ortigas,18607.91,2000.0,9.3,funds transfer via ATM (Sydney),-33.8688,151.2093,14.5869,121.0614,14.5869,121.0614,20,6262.88,6262.88,18788.64,False,True,BLOCK,True,BLOCK,GATE_0_FAST_PATH,True,BLOCK,GATE_1_NEURAL_QWEN,True
TX-CAT3-1721,3. Physical Fraud (Impossible Travel),BLOCK,usr-1002-cst-002,Juan Dela Cruz,Quezon City,21369.63,4000.0,5.34,funds transfer via ATM (Frankfurt),50.1109,8.6821,14.676,121.0437,14.676,121.0437,10,10272.84,10272.84,61637.04,False,True,BLOCK,True,BLOCK,GATE_0_FAST_PATH,True,BLOCK,GATE_1_NEURAL_QWEN,True
TX-CAT3-1722,3. Physical Fraud (Impossible Travel),BLOCK,usr-1002-cst-002,Juan Dela Cruz,Quezon City,17386.09,4000.0,4.35,funds transfer via ATM (Tokyo),35.6762,139.6503,14.676,121.0437,14.676,121.0437,25,2981.16,2981.16,7154.78,False,True,BLOCK,True,BLOCK,GATE_0_FAST_PATH,True,BLOCK,GATE_1_NEURAL_QWEN,True
TX-CAT3-1723,3. Physical Fraud (Impossible Travel),BLOCK,usr-1003-cst-003,Elena Reyes,Cebu IT Park,27814.82,15000.0,1.85,funds transfer via ATM (Frankfurt),50.1109,8.6821,10.3157,123.8854,10.3157,123.8854,10,10846.31,10846.31,65077.86,False,True,BLOCK,True,BLOCK,GATE_0_FAST_PATH,True,BLOCK,GATE_1_NEURAL_QWEN,True
TX-CAT3-1724,3. Physical Fraud (Impossible Travel),BLOCK,usr-1001-cst-001,Maria Santos,Makati CBD,21587.48,2500.0,8.63,funds transfer via ATM (Tokyo),35.6762,139.6503,14.5547,121.02,14.5547,121.02,25,2993.67,2993.67,7184.81,False,True,BLOCK,True,BLOCK,GATE_0_FAST_PATH,True,BLOCK,GATE_1_NEURAL_QWEN,True
TX-CAT3-1725,3. Physical Fraud (Impossible Travel),BLOCK,usr-1004-cst-004,Carlos Tan,Pasig Ortigas,31019.23,2000.0,15.51,funds transfer via ATM (Frankfurt),50.1109,8.6821,14.5869,121.0614,14.5869,121.0614,10,10281.95,10281.95,61691.7,False,True,BLOCK,True,BLOCK,GATE_0_FAST_PATH,True,BLOCK,GATE_1_NEURAL_QWEN,True
TX-CAT3-1726,3. Physical Fraud (Impossible Travel),BLOCK,usr-1002-cst-002,Juan Dela Cruz,Quezon City,16508.04,4000.0,4.13,funds transfer via ATM (Tokyo),35.6762,139.6503,14.676,121.0437,14.676,121.0437,25,2981.16,2981.16,7154.78,False,True,BLOCK,True,BLOCK,GATE_0_FAST_PATH,True,BLOCK,GATE_1_NEURAL_QWEN,True
TX-CAT3-1727,3. Physical Fraud (Impossible Travel),BLOCK,usr-1001-cst-001,Maria Santos,Makati CBD,13058.3,2500.0,5.22,funds transfer via ATM (Tokyo),35.6762,139.6503,14.5547,121.02,14.5547,121.02,25,2993.67,2993.67,7184.81,False,True,BLOCK,True,BLOCK,GATE_0_FAST_PATH,True,BLOCK,GATE_1_NEURAL_QWEN,True
TX-CAT3-1728,3. Physical Fraud (Impossible Travel),BLOCK,usr-1004-cst-004,Carlos Tan,Pasig Ortigas,33980.56,2000.0,16.99,funds transfer via ATM (Tokyo),35.6762,139.6503,14.5869,121.0614,14.5869,121.0614,25,2988.18,2988.18,7171.63,False,True,BLOCK,True,BLOCK,GATE_0_FAST_PATH,True,BLOCK,GATE_1_NEURAL_QWEN,True
TX-CAT3-1729,3. Physical Fraud (Impossible Travel),BLOCK,usr-1004-cst-004,Carlos Tan,Pasig Ortigas,17019.46,2000.0,8.51,funds transfer via ATM (Sydney),-33.8688,151.2093,14.5869,121.0614,14.5869,121.0614,20,6262.88,6262.88,18788.64,False,True,BLOCK,True,BLOCK,GATE_0_FAST_PATH,True,BLOCK,GATE_1_NEURAL_QWEN,True
TX-CAT3-1730,3. Physical Fraud (Impossible Travel),BLOCK,usr-1002-cst-002,Juan Dela Cruz,Quezon City,31793.95,4000.0,7.95,funds transfer via ATM (Frankfurt),50.1109,8.6821,14.676,121.0437,14.676,121.0437,10,10272.84,10272.84,61637.04,False,True,BLOCK,True,BLOCK,GATE_0_FAST_PATH,True,BLOCK,GATE_1_NEURAL_QWEN,True
TX-CAT3-1731,3. Physical Fraud (Impossible Travel),BLOCK,usr-1002-cst-002,Juan Dela Cruz,Quezon City,24038.14,4000.0,6.01,funds transfer via ATM (Singapore),1.3521,103.8198,14.676,121.0437,14.676,121.0437,15,2402.91,2402.91,9611.64,False,True,BLOCK,True,BLOCK,GATE_0_FAST_PATH,True,BLOCK,GATE_1_NEURAL_QWEN,True
TX-CAT3-1732,3. Physical Fraud (Impossible Travel),BLOCK,usr-1004-cst-004,Carlos Tan,Pasig Ortigas,21184.3,2000.0,10.59,funds transfer via ATM (Singapore),1.3521,103.8198,14.5869,121.0614,14.5869,121.0614,15,2398.56,2398.56,9594.24,False,True,BLOCK,True,BLOCK,GATE_0_FAST_PATH,True,BLOCK,GATE_1_NEURAL_QWEN,True
TX-CAT3-1733,3. Physical Fraud (Impossible Travel),BLOCK,usr-1002-cst-002,Juan Dela Cruz,Quezon City,10953.42,4000.0,2.74,funds transfer via ATM (Sydney),-33.8688,151.2093,14.676,121.0437,14.676,121.0437,20,6272.41,6272.41,18817.23,False,True,BLOCK,True,BLOCK,GATE_0_FAST_PATH,True,BLOCK,GATE_1_NEURAL_QWEN,True
TX-CAT3-1734,3. Physical Fraud (Impossible Travel),BLOCK,usr-1001-cst-001,Maria Santos,Makati CBD,30554.69,2500.0,12.22,funds transfer via ATM (Frankfurt),50.1109,8.6821,14.5547,121.02,14.5547,121.02,10,10282.18,10282.18,61693.08,False,True,BLOCK,True,BLOCK,GATE_0_FAST_PATH,True,BLOCK,GATE_1_NEURAL_QWEN,True
TX-CAT3-1735,3. Physical Fraud (Impossible Travel),BLOCK,usr-1002-cst-002,Juan Dela Cruz,Quezon City,28931.93,4000.0,7.23,funds transfer via ATM (Tokyo),35.6762,139.6503,14.676,121.0437,14.676,121.0437,25,2981.16,2981.16,7154.78,False,True,BLOCK,True,BLOCK,GATE_0_FAST_PATH,True,BLOCK,GATE_1_NEURAL_QWEN,True
TX-CAT3-1736,3. Physical Fraud (Impossible Travel),BLOCK,usr-1001-cst-001,Maria Santos,Makati CBD,29705.1,2500.0,11.88,funds transfer via ATM (Frankfurt),50.1109,8.6821,14.5547,121.02,14.5547,121.02,10,10282.18,10282.18,61693.08,False,True,BLOCK,True,BLOCK,GATE_0_FAST_PATH,True,BLOCK,GATE_1_NEURAL_QWEN,True
TX-CAT3-1737,3. Physical Fraud (Impossible Travel),BLOCK,usr-1003-cst-003,Elena Reyes,Cebu IT Park,21247.87,15000.0,1.42,funds transfer via ATM (Sydney),-33.8688,151.2093,10.3157,123.8854,10.3157,123.8854,20,5698.48,5698.48,17095.44,False,True,BLOCK,True,BLOCK,GATE_0_FAST_PATH,True,BLOCK,GATE_1_NEURAL_QWEN,True
TX-CAT3-1738,3. Physical Fraud (Impossible Travel),BLOCK,usr-1003-cst-003,Elena Reyes,Cebu IT Park,25912.03,15000.0,1.73,funds transfer via ATM (Frankfurt),50.1109,8.6821,10.3157,123.8854,10.3157,123.8854,10,10846.31,10846.31,65077.86,False,True,BLOCK,True,BLOCK,GATE_0_FAST_PATH,True,BLOCK,GATE_1_NEURAL_QWEN,True
TX-CAT3-1739,3. Physical Fraud (Impossible Travel),BLOCK,usr-1003-cst-003,Elena Reyes,Cebu IT Park,20386.27,15000.0,1.36,funds transfer via ATM (Frankfurt),50.1109,8.6821,10.3157,123.8854,10.3157,123.8854,10,10846.31,10846.31,65077.86,False,True,BLOCK,True,BLOCK,GATE_0_FAST_PATH,True,BLOCK,GATE_1_NEURAL_QWEN,True
TX-CAT3-1740,3. Physical Fraud (Impossible Travel),BLOCK,usr-1003-cst-003,Elena Reyes,Cebu IT Park,27174.24,15000.0,1.81,funds transfer via ATM (Frankfurt),50.1109,8.6821,10.3157,123.8854,10.3157,123.8854,10,10846.31,10846.31,65077.86,False,True,BLOCK,True,BLOCK,GATE_0_FAST_PATH,True,BLOCK,GATE_1_NEURAL_QWEN,True
TX-CAT3-1741,3. Physical Fraud (Impossible Travel),BLOCK,usr-1004-cst-004,Carlos Tan,Pasig Ortigas,15288.31,2000.0,7.64,funds transfer via ATM (Singapore),1.3521,103.8198,14.5869,121.0614,14.5869,121.0614,15,2398.56,2398.56,9594.24,False,True,BLOCK,True,BLOCK,GATE_0_FAST_PATH,True,BLOCK,GATE_1_NEURAL_QWEN,True
TX-CAT3-1742,3. Physical Fraud (Impossible Travel),BLOCK,usr-1001-cst-001,Maria Santos,Makati CBD,34423.21,2500.0,13.77,funds transfer via ATM (Tokyo),35.6762,139.6503,14.5547,121.02,14.5547,121.02,25,2993.67,2993.67,7184.81,False,True,BLOCK,True,BLOCK,GATE_0_FAST_PATH,True,BLOCK,GATE_1_NEURAL_QWEN,True
TX-CAT3-1743,3. Physical Fraud (Impossible Travel),BLOCK,usr-1002-cst-002,Juan Dela Cruz,Quezon City,17644.25,4000.0,4.41,funds transfer via ATM (Tokyo),35.6762,139.6503,14.676,121.0437,14.676,121.0437,25,2981.16,2981.16,7154.78,False,True,BLOCK,True,BLOCK,GATE_0_FAST_PATH,True,BLOCK,GATE_1_NEURAL_QWEN,True
TX-CAT3-1744,3. Physical Fraud (Impossible Travel),BLOCK,usr-1001-cst-001,Maria Santos,Makati CBD,23594.77,2500.0,9.44,funds transfer via ATM (Tokyo),35.6762,139.6503,14.5547,121.02,14.5547,121.02,25,2993.67,2993.67,7184.81,False,True,BLOCK,True,BLOCK,GATE_0_FAST_PATH,True,BLOCK,GATE_1_NEURAL_QWEN,True
TX-CAT3-1745,3. Physical Fraud (Impossible Travel),BLOCK,usr-1004-cst-004,Carlos Tan,Pasig Ortigas,13570.3,2000.0,6.79,funds transfer via ATM (Frankfurt),50.1109,8.6821,14.5869,121.0614,14.5869,121.0614,10,10281.95,10281.95,61691.7,False,True,BLOCK,True,BLOCK,GATE_0_FAST_PATH,True,BLOCK,GATE_1_NEURAL_QWEN,True
TX-CAT3-1746,3. Physical Fraud (Impossible Travel),BLOCK,usr-1001-cst-001,Maria Santos,Makati CBD,32857.48,2500.0,13.14,funds transfer via ATM (Tokyo),35.6762,139.6503,14.5547,121.02,14.5547,121.02,25,2993.67,2993.67,7184.81,False,True,BLOCK,True,BLOCK,GATE_0_FAST_PATH,True,BLOCK,GATE_1_NEURAL_QWEN,True
TX-CAT3-1747,3. Physical Fraud (Impossible Travel),BLOCK,usr-1004-cst-004,Carlos Tan,Pasig Ortigas,34067.23,2000.0,17.03,funds transfer via ATM (Singapore),1.3521,103.8198,14.5869,121.0614,14.5869,121.0614,15,2398.56,2398.56,9594.24,False,True,BLOCK,True,BLOCK,GATE_0_FAST_PATH,True,BLOCK,GATE_1_NEURAL_QWEN,True
TX-CAT3-1748,3. Physical Fraud (Impossible Travel),BLOCK,usr-1004-cst-004,Carlos Tan,Pasig Ortigas,15163.35,2000.0,7.58,funds transfer via ATM (Tokyo),35.6762,139.6503,14.5869,121.0614,14.5869,121.0614,25,2988.18,2988.18,7171.63,False,True,BLOCK,True,BLOCK,GATE_0_FAST_PATH,True,BLOCK,GATE_1_NEURAL_QWEN,True
TX-CAT3-1749,3. Physical Fraud (Impossible Travel),BLOCK,usr-1003-cst-003,Elena Reyes,Cebu IT Park,18557.71,15000.0,1.24,funds transfer via ATM (Frankfurt),50.1109,8.6821,10.3157,123.8854,10.3157,123.8854,10,10846.31,10846.31,65077.86,False,True,BLOCK,True,BLOCK,GATE_0_FAST_PATH,True,BLOCK,GATE_1_NEURAL_QWEN,True
TX-CAT3-1750,3. Physical Fraud (Impossible Travel),BLOCK,usr-1004-cst-004,Carlos Tan,Pasig Ortigas,16351.73,2000.0,8.18,funds transfer via ATM (Frankfurt),50.1109,8.6821,14.5869,121.0614,14.5869,121.0614,10,10281.95,10281.95,61691.7,False,True,BLOCK,True,BLOCK,GATE_0_FAST_PATH,True,BLOCK,GATE_1_NEURAL_QWEN,True
TX-CAT3-1751,3. Physical Fraud (Impossible Travel),BLOCK,usr-1001-cst-001,Maria Santos,Makati CBD,30522.63,2500.0,12.21,funds transfer via ATM (Frankfurt),50.1109,8.6821,14.5547,121.02,14.5547,121.02,10,10282.18,10282.18,61693.08,False,True,BLOCK,True,BLOCK,GATE_0_FAST_PATH,True,BLOCK,GATE_1_NEURAL_QWEN,True
TX-CAT3-1752,3. Physical Fraud (Impossible Travel),BLOCK,usr-1001-cst-001,Maria Santos,Makati CBD,29473.99,2500.0,11.79,funds transfer via ATM (Sydney),-33.8688,151.2093,14.5547,121.02,14.5547,121.02,20,6262.02,6262.02,18786.06,False,True,BLOCK,True,BLOCK,GATE_0_FAST_PATH,True,BLOCK,GATE_1_NEURAL_QWEN,True
TX-CAT3-1753,3. Physical Fraud (Impossible Travel),BLOCK,usr-1003-cst-003,Elena Reyes,Cebu IT Park,10975.15,15000.0,0.73,funds transfer via ATM (Frankfurt),50.1109,8.6821,10.3157,123.8854,10.3157,123.8854,10,10846.31,10846.31,65077.86,False,True,BLOCK,True,BLOCK,GATE_0_FAST_PATH,True,BLOCK,GATE_1_NEURAL_QWEN,True
TX-CAT3-1754,3. Physical Fraud (Impossible Travel),BLOCK,usr-1001-cst-001,Maria Santos,Makati CBD,33035.29,2500.0,13.21,funds transfer via ATM (Sydney),-33.8688,151.2093,14.5547,121.02,14.5547,121.02,20,6262.02,6262.02,18786.06,False,True,BLOCK,True,BLOCK,GATE_0_FAST_PATH,True,BLOCK,GATE_1_NEURAL_QWEN,True
TX-CAT3-1755,3. Physical Fraud (Impossible Travel),BLOCK,usr-1002-cst-002,Juan Dela Cruz,Quezon City,26384.92,4000.0,6.6,funds transfer via ATM (Sydney),-33.8688,151.2093,14.676,121.0437,14.676,121.0437,20,6272.41,6272.41,18817.23,False,True,BLOCK,True,BLOCK,GATE_0_FAST_PATH,True,BLOCK,GATE_1_NEURAL_QWEN,True
TX-CAT3-1756,3. Physical Fraud (Impossible Travel),BLOCK,usr-1003-cst-003,Elena Reyes,Cebu IT Park,16198.43,15000.0,1.08,funds transfer via ATM (Tokyo),35.6762,139.6503,10.3157,123.8854,10.3157,123.8854,25,3238.44,3238.44,7772.26,False,True,BLOCK,True,BLOCK,GATE_0_FAST_PATH,True,BLOCK,GATE_1_NEURAL_QWEN,True
TX-CAT3-1757,3. Physical Fraud (Impossible Travel),BLOCK,usr-1003-cst-003,Elena Reyes,Cebu IT Park,29594.2,15000.0,1.97,funds transfer via ATM (Singapore),1.3521,103.8198,10.3157,123.8854,10.3157,123.8854,15,2430.9,2430.9,9723.6,False,True,BLOCK,True,BLOCK,GATE_0_FAST_PATH,True,BLOCK,GATE_1_NEURAL_QWEN,True
TX-CAT3-1758,3. Physical Fraud (Impossible Travel),BLOCK,usr-1001-cst-001,Maria Santos,Makati CBD,9105.73,2500.0,3.64,funds transfer via ATM (Sydney),-33.8688,151.2093,14.5547,121.02,14.5547,121.02,20,6262.02,6262.02,18786.06,False,True,BLOCK,True,BLOCK,GATE_0_FAST_PATH,True,BLOCK,GATE_1_NEURAL_QWEN,True
TX-CAT3-1759,3. Physical Fraud (Impossible Travel),BLOCK,usr-1003-cst-003,Elena Reyes,Cebu IT Park,9436.22,15000.0,0.63,funds transfer via ATM (Singapore),1.3521,103.8198,10.3157,123.8854,10.3157,123.8854,15,2430.9,2430.9,9723.6,False,True,BLOCK,True,BLOCK,GATE_0_FAST_PATH,True,BLOCK,GATE_1_NEURAL_QWEN,True
TX-CAT3-1760,3. Physical Fraud (Impossible Travel),BLOCK,usr-1003-cst-003,Elena Reyes,Cebu IT Park,19618.72,15000.0,1.31,funds transfer via ATM (Singapore),1.3521,103.8198,10.3157,123.8854,10.3157,123.8854,15,2430.9,2430.9,9723.6,False,True,BLOCK,True,BLOCK,GATE_0_FAST_PATH,True,BLOCK,GATE_1_NEURAL_QWEN,True
TX-CAT3-1761,3. Physical Fraud (Impossible Travel),BLOCK,usr-1001-cst-001,Maria Santos,Makati CBD,14788.7,2500.0,5.92,funds transfer via ATM (Singapore),1.3521,103.8198,14.5547,121.02,14.5547,121.02,15,2392.85,2392.85,9571.4,False,True,BLOCK,True,BLOCK,GATE_0_FAST_PATH,True,BLOCK,GATE_1_NEURAL_QWEN,True
TX-CAT3-1762,3. Physical Fraud (Impossible Travel),BLOCK,usr-1003-cst-003,Elena Reyes,Cebu IT Park,29202.11,15000.0,1.95,funds transfer via ATM (Frankfurt),50.1109,8.6821,10.3157,123.8854,10.3157,123.8854,10,10846.31,10846.31,65077.86,False,True,BLOCK,True,BLOCK,GATE_0_FAST_PATH,True,BLOCK,GATE_1_NEURAL_QWEN,True
TX-CAT3-1763,3. Physical Fraud (Impossible Travel),BLOCK,usr-1002-cst-002,Juan Dela Cruz,Quezon City,27256.32,4000.0,6.81,funds transfer via ATM (Singapore),1.3521,103.8198,14.676,121.0437,14.676,121.0437,15,2402.91,2402.91,9611.64,False,True,BLOCK,True,BLOCK,GATE_0_FAST_PATH,True,BLOCK,GATE_1_NEURAL_QWEN,True
TX-CAT3-1764,3. Physical Fraud (Impossible Travel),BLOCK,usr-1002-cst-002,Juan Dela Cruz,Quezon City,19665.37,4000.0,4.92,funds transfer via ATM (Tokyo),35.6762,139.6503,14.676,121.0437,14.676,121.0437,25,2981.16,2981.16,7154.78,False,True,BLOCK,True,BLOCK,GATE_0_FAST_PATH,True,BLOCK,GATE_1_NEURAL_QWEN,True
TX-CAT3-1765,3. Physical Fraud (Impossible Travel),BLOCK,usr-1001-cst-001,Maria Santos,Makati CBD,13909.16,2500.0,5.56,funds transfer via ATM (Frankfurt),50.1109,8.6821,14.5547,121.02,14.5547,121.02,10,10282.18,10282.18,61693.08,False,True,BLOCK,True,BLOCK,GATE_0_FAST_PATH,True,BLOCK,GATE_1_NEURAL_QWEN,True
TX-CAT3-1766,3. Physical Fraud (Impossible Travel),BLOCK,usr-1004-cst-004,Carlos Tan,Pasig Ortigas,14715.67,2000.0,7.36,funds transfer via ATM (Frankfurt),50.1109,8.6821,14.5869,121.0614,14.5869,121.0614,10,10281.95,10281.95,61691.7,False,True,BLOCK,True,BLOCK,GATE_0_FAST_PATH,True,BLOCK,GATE_1_NEURAL_QWEN,True
TX-CAT3-1767,3. Physical Fraud (Impossible Travel),BLOCK,usr-1004-cst-004,Carlos Tan,Pasig Ortigas,18776.07,2000.0,9.39,funds transfer via ATM (Sydney),-33.8688,151.2093,14.5869,121.0614,14.5869,121.0614,20,6262.88,6262.88,18788.64,False,True,BLOCK,True,BLOCK,GATE_0_FAST_PATH,True,BLOCK,GATE_1_NEURAL_QWEN,True
TX-CAT3-1768,3. Physical Fraud (Impossible Travel),BLOCK,usr-1001-cst-001,Maria Santos,Makati CBD,32845.24,2500.0,13.14,funds transfer via ATM (Frankfurt),50.1109,8.6821,14.5547,121.02,14.5547,121.02,10,10282.18,10282.18,61693.08,False,True,BLOCK,True,BLOCK,GATE_0_FAST_PATH,True,BLOCK,GATE_1_NEURAL_QWEN,True
TX-CAT3-1769,3. Physical Fraud (Impossible Travel),BLOCK,usr-1003-cst-003,Elena Reyes,Cebu IT Park,23225.51,15000.0,1.55,funds transfer via ATM (Tokyo),35.6762,139.6503,10.3157,123.8854,10.3157,123.8854,25,3238.44,3238.44,7772.26,False,True,BLOCK,True,BLOCK,GATE_0_FAST_PATH,True,BLOCK,GATE_1_NEURAL_QWEN,True
TX-CAT3-1770,3. Physical Fraud (Impossible Travel),BLOCK,usr-1003-cst-003,Elena Reyes,Cebu IT Park,26449.67,15000.0,1.76,funds transfer via ATM (Tokyo),35.6762,139.6503,10.3157,123.8854,10.3157,123.8854,25,3238.44,3238.44,7772.26,False,True,BLOCK,True,BLOCK,GATE_0_FAST_PATH,True,BLOCK,GATE_1_NEURAL_QWEN,True
TX-CAT3-1771,3. Physical Fraud (Impossible Travel),BLOCK,usr-1002-cst-002,Juan Dela Cruz,Quezon City,11663.65,4000.0,2.92,funds transfer via ATM (Frankfurt),50.1109,8.6821,14.676,121.0437,14.676,121.0437,10,10272.84,10272.84,61637.04,False,True,BLOCK,True,BLOCK,GATE_0_FAST_PATH,True,BLOCK,GATE_1_NEURAL_QWEN,True
TX-CAT3-1772,3. Physical Fraud (Impossible Travel),BLOCK,usr-1002-cst-002,Juan Dela Cruz,Quezon City,16234.89,4000.0,4.06,funds transfer via ATM (Frankfurt),50.1109,8.6821,14.676,121.0437,14.676,121.0437,10,10272.84,10272.84,61637.04,False,True,BLOCK,True,BLOCK,GATE_0_FAST_PATH,True,BLOCK,GATE_1_NEURAL_QWEN,True
TX-CAT3-1773,3. Physical Fraud (Impossible Travel),BLOCK,usr-1003-cst-003,Elena Reyes,Cebu IT Park,22737.43,15000.0,1.52,funds transfer via ATM (Sydney),-33.8688,151.2093,10.3157,123.8854,10.3157,123.8854,20,5698.48,5698.48,17095.44,False,True,BLOCK,True,BLOCK,GATE_0_FAST_PATH,True,BLOCK,GATE_1_NEURAL_QWEN,True
TX-CAT3-1774,3. Physical Fraud (Impossible Travel),BLOCK,usr-1004-cst-004,Carlos Tan,Pasig Ortigas,10593.14,2000.0,5.3,funds transfer via ATM (Sydney),-33.8688,151.2093,14.5869,121.0614,14.5869,121.0614,20,6262.88,6262.88,18788.64,False,True,BLOCK,True,BLOCK,GATE_0_FAST_PATH,True,BLOCK,GATE_1_NEURAL_QWEN,True
TX-CAT3-1775,3. Physical Fraud (Impossible Travel),BLOCK,usr-1004-cst-004,Carlos Tan,Pasig Ortigas,21603.01,2000.0,10.8,funds transfer via ATM (Frankfurt),50.1109,8.6821,14.5869,121.0614,14.5869,121.0614,10,10281.95,10281.95,61691.7,False,True,BLOCK,True,BLOCK,GATE_0_FAST_PATH,True,BLOCK,GATE_1_NEURAL_QWEN,True
TX-CAT3-1776,3. Physical Fraud (Impossible Travel),BLOCK,usr-1003-cst-003,Elena Reyes,Cebu IT Park,17563.23,15000.0,1.17,funds transfer via ATM (Sydney),-33.8688,151.2093,10.3157,123.8854,10.3157,123.8854,20,5698.48,5698.48,17095.44,False,True,BLOCK,True,BLOCK,GATE_0_FAST_PATH,True,BLOCK,GATE_1_NEURAL_QWEN,True
TX-CAT3-1777,3. Physical Fraud (Impossible Travel),BLOCK,usr-1004-cst-004,Carlos Tan,Pasig Ortigas,33959.07,2000.0,16.98,funds transfer via ATM (Sydney),-33.8688,151.2093,14.5869,121.0614,14.5869,121.0614,20,6262.88,6262.88,18788.64,False,True,BLOCK,True,BLOCK,GATE_0_FAST_PATH,True,BLOCK,GATE_1_NEURAL_QWEN,True
TX-CAT3-1778,3. Physical Fraud (Impossible Travel),BLOCK,usr-1004-cst-004,Carlos Tan,Pasig Ortigas,32639.07,2000.0,16.32,funds transfer via ATM (Singapore),1.3521,103.8198,14.5869,121.0614,14.5869,121.0614,15,2398.56,2398.56,9594.24,False,True,BLOCK,True,BLOCK,GATE_0_FAST_PATH,True,BLOCK,GATE_1_NEURAL_QWEN,True
TX-CAT3-1779,3. Physical Fraud (Impossible Travel),BLOCK,usr-1001-cst-001,Maria Santos,Makati CBD,10387.58,2500.0,4.16,funds transfer via ATM (Sydney),-33.8688,151.2093,14.5547,121.02,14.5547,121.02,20,6262.02,6262.02,18786.06,False,True,BLOCK,True,BLOCK,GATE_0_FAST_PATH,True,BLOCK,GATE_1_NEURAL_QWEN,True
TX-CAT3-1780,3. Physical Fraud (Impossible Travel),BLOCK,usr-1002-cst-002,Juan Dela Cruz,Quezon City,29239.07,4000.0,7.31,funds transfer via ATM (Frankfurt),50.1109,8.6821,14.676,121.0437,14.676,121.0437,10,10272.84,10272.84,61637.04,False,True,BLOCK,True,BLOCK,GATE_0_FAST_PATH,True,BLOCK,GATE_1_NEURAL_QWEN,True
TX-CAT3-1781,3. Physical Fraud (Impossible Travel),BLOCK,usr-1003-cst-003,Elena Reyes,Cebu IT Park,24764.02,15000.0,1.65,funds transfer via ATM (Tokyo),35.6762,139.6503,10.3157,123.8854,10.3157,123.8854,25,3238.44,3238.44,7772.26,False,True,BLOCK,True,BLOCK,GATE_0_FAST_PATH,True,BLOCK,GATE_1_NEURAL_QWEN,True
TX-CAT3-1782,3. Physical Fraud (Impossible Travel),BLOCK,usr-1003-cst-003,Elena Reyes,Cebu IT Park,28394.05,15000.0,1.89,funds transfer via ATM (Singapore),1.3521,103.8198,10.3157,123.8854,10.3157,123.8854,15,2430.9,2430.9,9723.6,False,True,BLOCK,True,BLOCK,GATE_0_FAST_PATH,True,BLOCK,GATE_1_NEURAL_QWEN,True
TX-CAT3-1783,3. Physical Fraud (Impossible Travel),BLOCK,usr-1004-cst-004,Carlos Tan,Pasig Ortigas,18879.44,2000.0,9.44,funds transfer via ATM (Tokyo),35.6762,139.6503,14.5869,121.0614,14.5869,121.0614,25,2988.18,2988.18,7171.63,False,True,BLOCK,True,BLOCK,GATE_0_FAST_PATH,True,BLOCK,GATE_1_NEURAL_QWEN,True
TX-CAT3-1784,3. Physical Fraud (Impossible Travel),BLOCK,usr-1001-cst-001,Maria Santos,Makati CBD,29801.99,2500.0,11.92,funds transfer via ATM (Sydney),-33.8688,151.2093,14.5547,121.02,14.5547,121.02,20,6262.02,6262.02,18786.06,False,True,BLOCK,True,BLOCK,GATE_0_FAST_PATH,True,BLOCK,GATE_1_NEURAL_QWEN,True
TX-CAT3-1785,3. Physical Fraud (Impossible Travel),BLOCK,usr-1004-cst-004,Carlos Tan,Pasig Ortigas,10285.8,2000.0,5.14,funds transfer via ATM (Singapore),1.3521,103.8198,14.5869,121.0614,14.5869,121.0614,15,2398.56,2398.56,9594.24,False,True,BLOCK,True,BLOCK,GATE_0_FAST_PATH,True,BLOCK,GATE_1_NEURAL_QWEN,True
TX-CAT3-1786,3. Physical Fraud (Impossible Travel),BLOCK,usr-1003-cst-003,Elena Reyes,Cebu IT Park,17004.05,15000.0,1.13,funds transfer via ATM (Singapore),1.3521,103.8198,10.3157,123.8854,10.3157,123.8854,15,2430.9,2430.9,9723.6,False,True,BLOCK,True,BLOCK,GATE_0_FAST_PATH,True,BLOCK,GATE_1_NEURAL_QWEN,True
TX-CAT3-1787,3. Physical Fraud (Impossible Travel),BLOCK,usr-1001-cst-001,Maria Santos,Makati CBD,23266.97,2500.0,9.31,funds transfer via ATM (Frankfurt),50.1109,8.6821,14.5547,121.02,14.5547,121.02,10,10282.18,10282.18,61693.08,False,True,BLOCK,True,BLOCK,GATE_0_FAST_PATH,True,BLOCK,GATE_1_NEURAL_QWEN,True
TX-CAT3-1788,3. Physical Fraud (Impossible Travel),BLOCK,usr-1003-cst-003,Elena Reyes,Cebu IT Park,11278.95,15000.0,0.75,funds transfer via ATM (Singapore),1.3521,103.8198,10.3157,123.8854,10.3157,123.8854,15,2430.9,2430.9,9723.6,False,True,BLOCK,True,BLOCK,GATE_0_FAST_PATH,True,BLOCK,GATE_1_NEURAL_QWEN,True
TX-CAT3-1789,3. Physical Fraud (Impossible Travel),BLOCK,usr-1001-cst-001,Maria Santos,Makati CBD,21939.13,2500.0,8.78,funds transfer via ATM (Tokyo),35.6762,139.6503,14.5547,121.02,14.5547,121.02,25,2993.67,2993.67,7184.81,False,True,BLOCK,True,BLOCK,GATE_0_FAST_PATH,True,BLOCK,GATE_1_NEURAL_QWEN,True
TX-CAT3-1790,3. Physical Fraud (Impossible Travel),BLOCK,usr-1004-cst-004,Carlos Tan,Pasig Ortigas,14035.68,2000.0,7.02,funds transfer via ATM (Tokyo),35.6762,139.6503,14.5869,121.0614,14.5869,121.0614,25,2988.18,2988.18,7171.63,False,True,BLOCK,True,BLOCK,GATE_0_FAST_PATH,True,BLOCK,GATE_1_NEURAL_QWEN,True
TX-CAT3-1791,3. Physical Fraud (Impossible Travel),BLOCK,usr-1002-cst-002,Juan Dela Cruz,Quezon City,24962.47,4000.0,6.24,funds transfer via ATM (Frankfurt),50.1109,8.6821,14.676,121.0437,14.676,121.0437,10,10272.84,10272.84,61637.04,False,True,BLOCK,True,BLOCK,GATE_0_FAST_PATH,True,BLOCK,GATE_1_NEURAL_QWEN,True
TX-CAT3-1792,3. Physical Fraud (Impossible Travel),BLOCK,usr-1001-cst-001,Maria Santos,Makati CBD,24838.93,2500.0,9.94,funds transfer via ATM (Sydney),-33.8688,151.2093,14.5547,121.02,14.5547,121.02,20,6262.02,6262.02,18786.06,False,True,BLOCK,True,BLOCK,GATE_0_FAST_PATH,True,BLOCK,GATE_1_NEURAL_QWEN,True
TX-CAT3-1793,3. Physical Fraud (Impossible Travel),BLOCK,usr-1002-cst-002,Juan Dela Cruz,Quezon City,9812.84,4000.0,2.45,funds transfer via ATM (Singapore),1.3521,103.8198,14.676,121.0437,14.676,121.0437,15,2402.91,2402.91,9611.64,False,True,BLOCK,True,BLOCK,GATE_0_FAST_PATH,True,BLOCK,GATE_1_NEURAL_QWEN,True
TX-CAT3-1794,3. Physical Fraud (Impossible Travel),BLOCK,usr-1002-cst-002,Juan Dela Cruz,Quezon City,22035.21,4000.0,5.51,funds transfer via ATM (Singapore),1.3521,103.8198,14.676,121.0437,14.676,121.0437,15,2402.91,2402.91,9611.64,False,True,BLOCK,True,BLOCK,GATE_0_FAST_PATH,True,BLOCK,GATE_1_NEURAL_QWEN,True
TX-CAT3-1795,3. Physical Fraud (Impossible Travel),BLOCK,usr-1002-cst-002,Juan Dela Cruz,Quezon City,10797.39,4000.0,2.7,funds transfer via ATM (Tokyo),35.6762,139.6503,14.676,121.0437,14.676,121.0437,25,2981.16,2981.16,7154.78,False,True,BLOCK,True,BLOCK,GATE_0_FAST_PATH,True,BLOCK,GATE_1_NEURAL_QWEN,True
TX-CAT3-1796,3. Physical Fraud (Impossible Travel),BLOCK,usr-1001-cst-001,Maria Santos,Makati CBD,18549.28,2500.0,7.42,funds transfer via ATM (Sydney),-33.8688,151.2093,14.5547,121.02,14.5547,121.02,20,6262.02,6262.02,18786.06,False,True,BLOCK,True,BLOCK,GATE_0_FAST_PATH,True,BLOCK,GATE_1_NEURAL_QWEN,True
TX-CAT3-1797,3. Physical Fraud (Impossible Travel),BLOCK,usr-1001-cst-001,Maria Santos,Makati CBD,18923.05,2500.0,7.57,funds transfer via ATM (Frankfurt),50.1109,8.6821,14.5547,121.02,14.5547,121.02,10,10282.18,10282.18,61693.08,False,True,BLOCK,True,BLOCK,GATE_0_FAST_PATH,True,BLOCK,GATE_1_NEURAL_QWEN,True
TX-CAT3-1798,3. Physical Fraud (Impossible Travel),BLOCK,usr-1002-cst-002,Juan Dela Cruz,Quezon City,30726.46,4000.0,7.68,funds transfer via ATM (Tokyo),35.6762,139.6503,14.676,121.0437,14.676,121.0437,25,2981.16,2981.16,7154.78,False,True,BLOCK,True,BLOCK,GATE_0_FAST_PATH,True,BLOCK,GATE_1_NEURAL_QWEN,True
TX-CAT3-1799,3. Physical Fraud (Impossible Travel),BLOCK,usr-1003-cst-003,Elena Reyes,Cebu IT Park,31201.47,15000.0,2.08,funds transfer via ATM (Sydney),-33.8688,151.2093,10.3157,123.8854,10.3157,123.8854,20,5698.48,5698.48,17095.44,False,True,BLOCK,True,BLOCK,GATE_0_FAST_PATH,True,BLOCK,GATE_1_NEURAL_QWEN,True
TX-CAT3-1800,3. Physical Fraud (Impossible Travel),BLOCK,usr-1001-cst-001,Maria Santos,Makati CBD,11948.65,2500.0,4.78,funds transfer via ATM (Sydney),-33.8688,151.2093,14.5547,121.02,14.5547,121.02,20,6262.02,6262.02,18786.06,False,True,BLOCK,True,BLOCK,GATE_0_FAST_PATH,True,BLOCK,GATE_1_NEURAL_QWEN,True
TX-CAT4-1801,4. Social Engineering & Scams,BLOCK,usr-1001-cst-001,Maria Santos,Makati CBD,12428.34,2500.0,4.97,deposit advance fee to claim grand prize promo winning,14.569376,121.004441,14.5547,121.02,14.5547,121.02,60.7,2.34,2.34,2.31,False,False,BLOCK,True,BLOCK,GATE_1_NEURAL_QWEN,True,BLOCK,GATE_1_NEURAL_QWEN,True
TX-CAT4-1802,4. Social Engineering & Scams,BLOCK,usr-1002-cst-002,Juan Dela Cruz,Quezon City,17996.09,4000.0,4.5,urgent unlock fee for frozen international wallet account,14.663367,121.019701,14.676,121.0437,14.676,121.0437,65.3,2.94,2.94,2.7,False,False,BLOCK,True,BLOCK,GATE_1_NEURAL_QWEN,True,BLOCK,GATE_1_NEURAL_QWEN,True
TX-CAT4-1803,4. Social Engineering & Scams,BLOCK,usr-1003-cst-003,Elena Reyes,Cebu IT Park,104955.04,15000.0,7.0,temporary holding transfer for mule redirection,10.308849,123.903391,10.3157,123.8854,10.3157,123.8854,57.8,2.11,2.11,2.19,False,False,BLOCK,True,BLOCK,GATE_1_NEURAL_QWEN,True,BLOCK,GATE_1_NEURAL_QWEN,True
TX-CAT4-1804,4. Social Engineering & Scams,BLOCK,usr-1004-cst-004,Carlos Tan,Pasig Ortigas,9905.59,2000.0,4.95,deposit advance fee to claim grand prize promo winning,14.584325,121.065253,14.5869,121.0614,14.5869,121.0614,30.7,0.5,0.5,0.98,False,False,BLOCK,True,BLOCK,GATE_1_NEURAL_QWEN,True,BLOCK,GATE_1_NEURAL_QWEN,True
TX-CAT4-1805,4. Social Engineering & Scams,BLOCK,usr-1003-cst-003,Elena Reyes,Cebu IT Park,97529.02,15000.0,6.5,urgent processing fee to release cryptocurrency trading profit,10.339293,123.892593,10.3157,123.8854,10.3157,123.8854,32.6,2.74,2.74,5.04,False,False,BLOCK,True,BLOCK,GATE_1_NEURAL_QWEN,True,BLOCK,GATE_1_NEURAL_QWEN,True
TX-CAT4-1806,4. Social Engineering & Scams,BLOCK,usr-1003-cst-003,Elena Reyes,Cebu IT Park,74993.58,15000.0,5.0,deposit advance fee to claim grand prize promo winning,10.329084,123.872014,10.3157,123.8854,10.3157,123.8854,88.9,2.09,2.09,1.41,False,False,BLOCK,True,BLOCK,GATE_1_NEURAL_QWEN,True,BLOCK,GATE_1_NEURAL_QWEN,True
TX-CAT4-1807,4. Social Engineering & Scams,REQUIRE_2FA,usr-1003-cst-003,Elena Reyes,Cebu IT Park,52571.17,15000.0,3.5,urgent customs clearance fee for parcel package release,10.315892,123.87633,10.3157,123.8854,10.3157,123.8854,72.4,0.99,0.99,0.82,False,False,BLOCK,True,REQUIRE_2FA,GATE_1_NEURAL_QWEN,True,REQUIRE_2FA,GATE_1_NEURAL_QWEN,True
TX-CAT4-1808,4. Social Engineering & Scams,REQUIRE_2FA,usr-1004-cst-004,Carlos Tan,Pasig Ortigas,6912.55,2000.0,3.46,urgent customs clearance fee for parcel package release,14.596255,121.052512,14.5869,121.0614,14.5869,121.0614,73.2,1.41,1.41,1.16,False,False,BLOCK,True,REQUIRE_2FA,GATE_1_NEURAL_QWEN,True,REQUIRE_2FA,GATE_1_NEURAL_QWEN,True
TX-CAT4-1809,4. Social Engineering & Scams,BLOCK,usr-1003-cst-003,Elena Reyes,Cebu IT Park,67543.04,15000.0,4.5,urgent unlock fee for frozen international wallet account,10.332902,123.8721,10.3157,123.8854,10.3157,123.8854,75.8,2.4,2.4,1.9,False,False,BLOCK,True,BLOCK,GATE_1_NEURAL_QWEN,True,BLOCK,GATE_1_NEURAL_QWEN,True
TX-CAT4-1810,4. Social Engineering & Scams,BLOCK,usr-1003-cst-003,Elena Reyes,Cebu IT Park,67413.64,15000.0,4.49,urgent unlock fee for frozen international wallet account,10.33606,123.884425,10.3157,123.8854,10.3157,123.8854,87.8,2.27,2.27,1.55,False,False,BLOCK,True,BLOCK,GATE_1_NEURAL_QWEN,True,BLOCK,GATE_1_NEURAL_QWEN,True
TX-CAT4-1811,4. Social Engineering & Scams,REQUIRE_2FA,usr-1002-cst-002,Juan Dela Cruz,Quezon City,14041.7,4000.0,3.51,urgent customs clearance fee for parcel package release,14.676419,121.053234,14.676,121.0437,14.676,121.0437,45.6,1.03,1.03,1.36,False,False,BLOCK,True,REQUIRE_2FA,GATE_1_NEURAL_QWEN,True,REQUIRE_2FA,GATE_1_NEURAL_QWEN,True
TX-CAT4-1812,4. Social Engineering & Scams,REQUIRE_2FA,usr-1003-cst-003,Elena Reyes,Cebu IT Park,52591.04,15000.0,3.51,urgent customs clearance fee for parcel package release,10.306586,123.892449,10.3157,123.8854,10.3157,123.8854,54.2,1.27,1.27,1.41,False,False,BLOCK,True,REQUIRE_2FA,GATE_1_NEURAL_QWEN,True,REQUIRE_2FA,GATE_1_NEURAL_QWEN,True
TX-CAT4-1813,4. Social Engineering & Scams,BLOCK,usr-1001-cst-001,Maria Santos,Makati CBD,16320.41,2500.0,6.53,urgent processing fee to release cryptocurrency trading profit,14.534251,120.995792,14.5547,121.02,14.5547,121.02,36.4,3.46,3.46,5.7,False,False,BLOCK,True,BLOCK,GATE_1_NEURAL_QWEN,True,BLOCK,GATE_1_NEURAL_QWEN,True
TX-CAT4-1814,4. Social Engineering & Scams,BLOCK,usr-1004-cst-004,Carlos Tan,Pasig Ortigas,16051.98,2000.0,8.03,locked capital deposit for guaranteed 40% monthly return,14.61578,121.079913,14.5869,121.0614,14.5869,121.0614,74.0,3.78,3.78,3.06,False,False,REQUIRE_2FA,True,BLOCK,GATE_1_NEURAL_QWEN,True,BLOCK,GATE_1_NEURAL_QWEN,True
TX-CAT4-1815,4. Social Engineering & Scams,BLOCK,usr-1002-cst-002,Juan Dela Cruz,Quezon City,26079.96,4000.0,6.52,urgent processing fee to release cryptocurrency trading profit,14.65644,121.067248,14.676,121.0437,14.676,121.0437,75.3,3.34,3.34,2.66,False,False,BLOCK,True,BLOCK,GATE_1_NEURAL_QWEN,True,BLOCK,GATE_1_NEURAL_QWEN,True
TX-CAT4-1816,4. Social Engineering & Scams,BLOCK,usr-1004-cst-004,Carlos Tan,Pasig Ortigas,12912.39,2000.0,6.46,urgent processing fee to release cryptocurrency trading profit,14.571929,121.033645,14.5869,121.0614,14.5869,121.0614,75.0,3.42,3.42,2.74,False,False,BLOCK,True,BLOCK,GATE_1_NEURAL_QWEN,True,BLOCK,GATE_1_NEURAL_QWEN,True
TX-CAT4-1817,4. Social Engineering & Scams,REQUIRE_2FA,usr-1004-cst-004,Carlos Tan,Pasig Ortigas,7974.86,2000.0,3.99,consulting services payment,14.594778,121.033168,14.5869,121.0614,14.5869,121.0614,40.4,3.16,3.16,4.69,True,False,REQUIRE_2FA,True,REQUIRE_2FA,GATE_1_NEURAL_QWEN,True,REQUIRE_2FA,GATE_1_NEURAL_QWEN,True
TX-CAT4-1818,4. Social Engineering & Scams,BLOCK,usr-1001-cst-001,Maria Santos,Makati CBD,17489.9,2500.0,7.0,temporary holding transfer for mule redirection,14.532693,121.028244,14.5547,121.02,14.5547,121.02,63.4,2.6,2.6,2.46,False,False,REQUIRE_2FA,True,BLOCK,GATE_1_NEURAL_QWEN,True,BLOCK,GATE_1_NEURAL_QWEN,True
TX-CAT4-1819,4. Social Engineering & Scams,BLOCK,usr-1002-cst-002,Juan Dela Cruz,Quezon City,31998.22,4000.0,8.0,locked capital deposit for guaranteed 40% monthly return,14.686731,121.02723,14.676,121.0437,14.676,121.0437,74.5,2.14,2.14,1.72,False,False,REQUIRE_2FA,True,BLOCK,GATE_1_NEURAL_QWEN,True,BLOCK,GATE_1_NEURAL_QWEN,True
TX-CAT4-1820,4. Social Engineering & Scams,REQUIRE_2FA,usr-1004-cst-004,Carlos Tan,Pasig Ortigas,8005.71,2000.0,4.0,consulting services payment,14.6043,121.036561,14.5869,121.0614,14.5869,121.0614,31.5,3.3,3.3,6.29,True,False,REQUIRE_2FA,True,REQUIRE_2FA,GATE_1_NEURAL_QWEN,True,REQUIRE_2FA,GATE_1_NEURAL_QWEN,True
TX-CAT4-1821,4. Social Engineering & Scams,BLOCK,usr-1001-cst-001,Maria Santos,Makati CBD,12406.65,2500.0,4.96,deposit advance fee to claim grand prize promo winning,14.533134,120.990314,14.5547,121.02,14.5547,121.02,76.5,3.99,3.99,3.13,False,False,BLOCK,True,BLOCK,GATE_1_NEURAL_QWEN,True,BLOCK,GATE_1_NEURAL_QWEN,True
TX-CAT4-1822,4. Social Engineering & Scams,BLOCK,usr-1001-cst-001,Maria Santos,Makati CBD,19937.06,2500.0,7.97,locked capital deposit for guaranteed 40% monthly return,14.568499,121.044659,14.5547,121.02,14.5547,121.02,68.5,3.07,3.07,2.69,False,False,REQUIRE_2FA,True,BLOCK,GATE_1_NEURAL_QWEN,True,BLOCK,GATE_1_NEURAL_QWEN,True
TX-CAT4-1823,4. Social Engineering & Scams,BLOCK,usr-1004-cst-004,Carlos Tan,Pasig Ortigas,10066.48,2000.0,5.03,deposit advance fee to claim grand prize promo winning,14.591122,121.059824,14.5869,121.0614,14.5869,121.0614,51.1,0.5,0.5,0.59,False,False,BLOCK,True,BLOCK,GATE_1_NEURAL_QWEN,True,BLOCK,GATE_1_NEURAL_QWEN,True
TX-CAT4-1824,4. Social Engineering & Scams,REQUIRE_2FA,usr-1002-cst-002,Juan Dela Cruz,Quezon City,15913.43,4000.0,3.98,consulting services payment,14.671651,121.036267,14.676,121.0437,14.676,121.0437,34.3,0.93,0.93,1.63,True,False,REQUIRE_2FA,True,REQUIRE_2FA,GATE_1_NEURAL_QWEN,True,REQUIRE_2FA,GATE_1_NEURAL_QWEN,True
TX-CAT4-1825,4. Social Engineering & Scams,BLOCK,usr-1001-cst-001,Maria Santos,Makati CBD,12556.48,2500.0,5.02,deposit advance fee to claim grand prize promo winning,14.542594,120.997076,14.5547,121.02,14.5547,121.02,43.8,2.81,2.81,3.85,False,False,BLOCK,True,BLOCK,GATE_1_NEURAL_QWEN,True,BLOCK,GATE_1_NEURAL_QWEN,True
TX-CAT4-1826,4. Social Engineering & Scams,BLOCK,usr-1003-cst-003,Elena Reyes,Cebu IT Park,97444.8,15000.0,6.5,urgent processing fee to release cryptocurrency trading profit,10.342137,123.910736,10.3157,123.8854,10.3157,123.8854,45.1,4.04,4.04,5.37,False,False,BLOCK,True,BLOCK,GATE_1_NEURAL_QWEN,True,BLOCK,GATE_1_NEURAL_QWEN,True
TX-CAT4-1827,4. Social Engineering & Scams,BLOCK,usr-1003-cst-003,Elena Reyes,Cebu IT Park,97574.49,15000.0,6.5,urgent processing fee to release cryptocurrency trading profit,10.295172,123.872684,10.3157,123.8854,10.3157,123.8854,62.1,2.67,2.67,2.58,False,False,BLOCK,True,BLOCK,GATE_1_NEURAL_QWEN,True,BLOCK,GATE_1_NEURAL_QWEN,True
TX-CAT4-1828,4. Social Engineering & Scams,REQUIRE_2FA,usr-1002-cst-002,Juan Dela Cruz,Quezon City,16003.55,4000.0,4.0,consulting services payment,14.682675,121.032434,14.676,121.0437,14.676,121.0437,67.1,1.42,1.42,1.27,True,False,REQUIRE_2FA,True,REQUIRE_2FA,GATE_1_NEURAL_QWEN,True,REQUIRE_2FA,GATE_1_NEURAL_QWEN,True
TX-CAT4-1829,4. Social Engineering & Scams,REQUIRE_2FA,usr-1001-cst-001,Maria Santos,Makati CBD,8744.2,2500.0,3.5,urgent customs clearance fee for parcel package release,14.579743,121.005783,14.5547,121.02,14.5547,121.02,31.8,3.18,3.18,6.0,False,False,BLOCK,True,REQUIRE_2FA,GATE_1_NEURAL_QWEN,True,REQUIRE_2FA,GATE_1_NEURAL_QWEN,True
TX-CAT4-1830,4. Social Engineering & Scams,BLOCK,usr-1003-cst-003,Elena Reyes,Cebu IT Park,67452.18,15000.0,4.5,urgent unlock fee for frozen international wallet account,10.305772,123.901284,10.3157,123.8854,10.3157,123.8854,38.4,2.06,2.06,3.22,False,False,BLOCK,True,BLOCK,GATE_1_NEURAL_QWEN,True,BLOCK,GATE_1_NEURAL_QWEN,True
TX-CAT4-1831,4. Social Engineering & Scams,REQUIRE_2FA,usr-1003-cst-003,Elena Reyes,Cebu IT Park,60032.67,15000.0,4.0,consulting services payment,10.338396,123.869537,10.3157,123.8854,10.3157,123.8854,34.4,3.06,3.06,5.34,True,False,BLOCK,True,REQUIRE_2FA,GATE_1_NEURAL_QWEN,True,REQUIRE_2FA,GATE_1_NEURAL_QWEN,True
TX-CAT4-1832,4. Social Engineering & Scams,BLOCK,usr-1001-cst-001,Maria Santos,Makati CBD,20096.21,2500.0,8.04,locked capital deposit for guaranteed 40% monthly return,14.581694,121.025889,14.5547,121.02,14.5547,121.02,66.7,3.07,3.07,2.76,False,False,REQUIRE_2FA,True,BLOCK,GATE_1_NEURAL_QWEN,True,BLOCK,GATE_1_NEURAL_QWEN,True
TX-CAT4-1833,4. Social Engineering & Scams,REQUIRE_2FA,usr-1001-cst-001,Maria Santos,Makati CBD,8745.75,2500.0,3.5,urgent customs clearance fee for parcel package release,14.532468,121.0334,14.5547,121.02,14.5547,121.02,36.2,2.86,2.86,4.74,False,False,BLOCK,True,REQUIRE_2FA,GATE_1_NEURAL_QWEN,True,REQUIRE_2FA,GATE_1_NEURAL_QWEN,True
TX-CAT4-1834,4. Social Engineering & Scams,REQUIRE_2FA,usr-1004-cst-004,Carlos Tan,Pasig Ortigas,6945.05,2000.0,3.47,urgent customs clearance fee for parcel package release,14.577915,121.060056,14.5869,121.0614,14.5869,121.0614,76.9,1.01,1.01,0.79,False,False,BLOCK,True,REQUIRE_2FA,GATE_1_NEURAL_QWEN,True,REQUIRE_2FA,GATE_1_NEURAL_QWEN,True
TX-CAT4-1835,4. Social Engineering & Scams,BLOCK,usr-1002-cst-002,Juan Dela Cruz,Quezon City,26086.25,4000.0,6.52,urgent processing fee to release cryptocurrency trading profit,14.647581,121.060609,14.676,121.0437,14.676,121.0437,41.8,3.65,3.65,5.24,False,False,BLOCK,True,BLOCK,GATE_1_NEURAL_QWEN,True,BLOCK,GATE_1_NEURAL_QWEN,True
TX-CAT4-1836,4. Social Engineering & Scams,BLOCK,usr-1004-cst-004,Carlos Tan,Pasig Ortigas,14036.72,2000.0,7.02,temporary holding transfer for mule redirection,14.557986,121.06033,14.5869,121.0614,14.5869,121.0614,53.2,3.22,3.22,3.63,False,False,REQUIRE_2FA,True,BLOCK,GATE_1_NEURAL_QWEN,True,BLOCK,GATE_1_NEURAL_QWEN,True
TX-CAT4-1837,4. Social Engineering & Scams,BLOCK,usr-1004-cst-004,Carlos Tan,Pasig Ortigas,13925.05,2000.0,6.96,temporary holding transfer for mule redirection,14.59898,121.064373,14.5869,121.0614,14.5869,121.0614,36.9,1.38,1.38,2.24,False,False,REQUIRE_2FA,True,BLOCK,GATE_1_NEURAL_QWEN,True,BLOCK,GATE_1_NEURAL_QWEN,True
TX-CAT4-1838,4. Social Engineering & Scams,REQUIRE_2FA,usr-1001-cst-001,Maria Santos,Makati CBD,8846.51,2500.0,3.54,urgent customs clearance fee for parcel package release,14.546763,121.001619,14.5547,121.02,14.5547,121.02,56.2,2.17,2.17,2.32,False,False,BLOCK,True,REQUIRE_2FA,GATE_1_NEURAL_QWEN,True,REQUIRE_2FA,GATE_1_NEURAL_QWEN,True
TX-CAT4-1839,4. Social Engineering & Scams,BLOCK,usr-1001-cst-001,Maria Santos,Makati CBD,12446.41,2500.0,4.98,deposit advance fee to claim grand prize promo winning,14.560017,121.003628,14.5547,121.02,14.5547,121.02,74.8,1.86,1.86,1.49,False,False,BLOCK,True,BLOCK,GATE_1_NEURAL_QWEN,True,BLOCK,GATE_1_NEURAL_QWEN,True
TX-CAT4-1840,4. Social Engineering & Scams,REQUIRE_2FA,usr-1001-cst-001,Maria Santos,Makati CBD,9902.98,2500.0,3.96,consulting services payment,14.56789,121.038757,14.5547,121.02,14.5547,121.02,34.6,2.5,2.5,4.34,True,False,REQUIRE_2FA,True,REQUIRE_2FA,GATE_1_NEURAL_QWEN,True,REQUIRE_2FA,GATE_1_NEURAL_QWEN,True
TX-CAT4-1841,4. Social Engineering & Scams,BLOCK,usr-1002-cst-002,Juan Dela Cruz,Quezon City,17936.12,4000.0,4.48,urgent unlock fee for frozen international wallet account,14.648623,121.03468,14.676,121.0437,14.676,121.0437,69.3,3.2,3.2,2.77,False,False,BLOCK,True,BLOCK,GATE_1_NEURAL_QWEN,True,BLOCK,GATE_1_NEURAL_QWEN,True
TX-CAT4-1842,4. Social Engineering & Scams,BLOCK,usr-1002-cst-002,Juan Dela Cruz,Quezon City,31925.94,4000.0,7.98,locked capital deposit for guaranteed 40% monthly return,14.669869,121.053155,14.676,121.0437,14.676,121.0437,69.4,1.22,1.22,1.05,False,False,REQUIRE_2FA,True,BLOCK,GATE_1_NEURAL_QWEN,True,BLOCK,GATE_1_NEURAL_QWEN,True
TX-CAT4-1843,4. Social Engineering & Scams,BLOCK,usr-1001-cst-001,Maria Santos,Makati CBD,20087.67,2500.0,8.04,locked capital deposit for guaranteed 40% monthly return,14.537052,121.032315,14.5547,121.02,14.5547,121.02,78.8,2.37,2.37,1.8,False,False,REQUIRE_2FA,True,BLOCK,GATE_1_NEURAL_QWEN,True,BLOCK,GATE_1_NEURAL_QWEN,True
TX-CAT4-1844,4. Social Engineering & Scams,BLOCK,usr-1002-cst-002,Juan Dela Cruz,Quezon City,18042.63,4000.0,4.51,urgent unlock fee for frozen international wallet account,14.702486,121.060513,14.676,121.0437,14.676,121.0437,47.6,3.46,3.46,4.36,False,False,BLOCK,True,BLOCK,GATE_1_NEURAL_QWEN,True,BLOCK,GATE_1_NEURAL_QWEN,True
TX-CAT4-1845,4. Social Engineering & Scams,REQUIRE_2FA,usr-1002-cst-002,Juan Dela Cruz,Quezon City,14078.6,4000.0,3.52,urgent customs clearance fee for parcel package release,14.665132,121.046185,14.676,121.0437,14.676,121.0437,36.3,1.24,1.24,2.05,False,False,BLOCK,True,REQUIRE_2FA,GATE_1_NEURAL_QWEN,True,REQUIRE_2FA,GATE_1_NEURAL_QWEN,True
TX-CAT4-1846,4. Social Engineering & Scams,BLOCK,usr-1003-cst-003,Elena Reyes,Cebu IT Park,67541.1,15000.0,4.5,urgent unlock fee for frozen international wallet account,10.323012,123.872187,10.3157,123.8854,10.3157,123.8854,42.2,1.66,1.66,2.36,False,False,BLOCK,True,BLOCK,GATE_1_NEURAL_QWEN,True,BLOCK,GATE_1_NEURAL_QWEN,True
TX-CAT4-1847,4. Social Engineering & Scams,REQUIRE_2FA,usr-1002-cst-002,Juan Dela Cruz,Quezon City,16095.19,4000.0,4.02,consulting services payment,14.659832,121.058215,14.676,121.0437,14.676,121.0437,42.6,2.38,2.38,3.35,True,False,REQUIRE_2FA,True,REQUIRE_2FA,GATE_1_NEURAL_QWEN,True,REQUIRE_2FA,GATE_1_NEURAL_QWEN,True
TX-CAT4-1848,4. Social Engineering & Scams,BLOCK,usr-1003-cst-003,Elena Reyes,Cebu IT Park,105063.28,15000.0,7.0,temporary holding transfer for mule redirection,10.294218,123.914075,10.3157,123.8854,10.3157,123.8854,71.9,3.94,3.94,3.29,False,False,BLOCK,True,BLOCK,GATE_1_NEURAL_QWEN,True,BLOCK,GATE_1_NEURAL_QWEN,True
TX-CAT4-1849,4. Social Engineering & Scams,BLOCK,usr-1004-cst-004,Carlos Tan,Pasig Ortigas,12904.26,2000.0,6.45,urgent processing fee to release cryptocurrency trading profit,14.60708,121.047618,14.5869,121.0614,14.5869,121.0614,65.3,2.69,2.69,2.47,False,False,BLOCK,True,BLOCK,GATE_1_NEURAL_QWEN,True,BLOCK,GATE_1_NEURAL_QWEN,True
TX-CAT4-1850,4. Social Engineering & Scams,REQUIRE_2FA,usr-1003-cst-003,Elena Reyes,Cebu IT Park,60093.02,15000.0,4.01,consulting services payment,10.289283,123.906674,10.3157,123.8854,10.3157,123.8854,53.0,3.75,3.75,4.25,True,False,BLOCK,True,REQUIRE_2FA,GATE_1_NEURAL_QWEN,True,REQUIRE_2FA,GATE_1_NEURAL_QWEN,True
TX-CAT4-1851,4. Social Engineering & Scams,REQUIRE_2FA,usr-1001-cst-001,Maria Santos,Makati CBD,9976.52,2500.0,3.99,consulting services payment,14.551341,121.003467,14.5547,121.02,14.5547,121.02,52.8,1.82,1.82,2.07,True,False,REQUIRE_2FA,True,REQUIRE_2FA,GATE_1_NEURAL_QWEN,True,REQUIRE_2FA,GATE_1_NEURAL_QWEN,True
TX-CAT4-1852,4. Social Engineering & Scams,REQUIRE_2FA,usr-1004-cst-004,Carlos Tan,Pasig Ortigas,6910.45,2000.0,3.46,urgent customs clearance fee for parcel package release,14.575209,121.063893,14.5869,121.0614,14.5869,121.0614,50.9,1.33,1.33,1.57,False,False,BLOCK,True,REQUIRE_2FA,GATE_1_NEURAL_QWEN,True,REQUIRE_2FA,GATE_1_NEURAL_QWEN,True
TX-CAT4-1853,4. Social Engineering & Scams,REQUIRE_2FA,usr-1001-cst-001,Maria Santos,Makati CBD,8800.9,2500.0,3.52,urgent customs clearance fee for parcel package release,14.544873,121.039689,14.5547,121.02,14.5547,121.02,45.8,2.38,2.38,3.12,False,False,BLOCK,True,REQUIRE_2FA,GATE_1_NEURAL_QWEN,True,REQUIRE_2FA,GATE_1_NEURAL_QWEN,True
TX-CAT4-1854,4. Social Engineering & Scams,REQUIRE_2FA,usr-1002-cst-002,Juan Dela Cruz,Quezon City,15905.47,4000.0,3.98,consulting services payment,14.689547,121.050992,14.676,121.0437,14.676,121.0437,81.9,1.7,1.7,1.25,True,False,REQUIRE_2FA,True,REQUIRE_2FA,GATE_1_NEURAL_QWEN,True,REQUIRE_2FA,GATE_1_NEURAL_QWEN,True
TX-CAT4-1855,4. Social Engineering & Scams,REQUIRE_2FA,usr-1001-cst-001,Maria Santos,Makati CBD,9921.84,2500.0,3.97,consulting services payment,14.547987,121.033278,14.5547,121.02,14.5547,121.02,70.7,1.61,1.61,1.37,True,False,REQUIRE_2FA,True,REQUIRE_2FA,GATE_1_NEURAL_QWEN,True,REQUIRE_2FA,GATE_1_NEURAL_QWEN,True
TX-CAT4-1856,4. Social Engineering & Scams,BLOCK,usr-1004-cst-004,Carlos Tan,Pasig Ortigas,9014.52,2000.0,4.51,urgent unlock fee for frozen international wallet account,14.590998,121.062535,14.5869,121.0614,14.5869,121.0614,39.8,0.47,0.47,0.71,False,False,BLOCK,True,BLOCK,GATE_1_NEURAL_QWEN,True,BLOCK,GATE_1_NEURAL_QWEN,True
TX-CAT4-1857,4. Social Engineering & Scams,BLOCK,usr-1004-cst-004,Carlos Tan,Pasig Ortigas,9049.13,2000.0,4.52,urgent unlock fee for frozen international wallet account,14.61238,121.039312,14.5869,121.0614,14.5869,121.0614,30.9,3.7,3.7,7.18,False,False,BLOCK,True,BLOCK,GATE_1_NEURAL_QWEN,True,BLOCK,GATE_1_NEURAL_QWEN,True
TX-CAT4-1858,4. Social Engineering & Scams,BLOCK,usr-1003-cst-003,Elena Reyes,Cebu IT Park,97599.76,15000.0,6.51,urgent processing fee to release cryptocurrency trading profit,10.33198,123.873149,10.3157,123.8854,10.3157,123.8854,64.3,2.25,2.25,2.1,False,False,BLOCK,True,BLOCK,GATE_1_NEURAL_QWEN,True,BLOCK,GATE_1_NEURAL_QWEN,True
TX-CAT4-1859,4. Social Engineering & Scams,REQUIRE_2FA,usr-1001-cst-001,Maria Santos,Makati CBD,8704.85,2500.0,3.48,urgent customs clearance fee for parcel package release,14.540825,121.005031,14.5547,121.02,14.5547,121.02,69.2,2.23,2.23,1.93,False,False,BLOCK,True,REQUIRE_2FA,GATE_1_NEURAL_QWEN,True,REQUIRE_2FA,GATE_1_NEURAL_QWEN,True
TX-CAT4-1860,4. Social Engineering & Scams,BLOCK,usr-1001-cst-001,Maria Santos,Makati CBD,16211.38,2500.0,6.48,urgent processing fee to release cryptocurrency trading profit,14.564347,121.04016,14.5547,121.02,14.5547,121.02,80.9,2.42,2.42,1.79,False,False,BLOCK,True,BLOCK,GATE_1_NEURAL_QWEN,True,BLOCK,GATE_1_NEURAL_QWEN,True
TX-CAT4-1861,4. Social Engineering & Scams,BLOCK,usr-1004-cst-004,Carlos Tan,Pasig Ortigas,8903.45,2000.0,4.45,urgent unlock fee for frozen international wallet account,14.557432,121.03362,14.5869,121.0614,14.5869,121.0614,51.5,4.44,4.44,5.17,False,False,BLOCK,True,BLOCK,GATE_1_NEURAL_QWEN,True,BLOCK,GATE_1_NEURAL_QWEN,True
TX-CAT4-1862,4. Social Engineering & Scams,BLOCK,usr-1002-cst-002,Juan Dela Cruz,Quezon City,17911.72,4000.0,4.48,urgent unlock fee for frozen international wallet account,14.70233,121.030287,14.676,121.0437,14.676,121.0437,66.6,3.26,3.26,2.94,False,False,BLOCK,True,BLOCK,GATE_1_NEURAL_QWEN,True,BLOCK,GATE_1_NEURAL_QWEN,True
TX-CAT4-1863,4. Social Engineering & Scams,BLOCK,usr-1003-cst-003,Elena Reyes,Cebu IT Park,97488.09,15000.0,6.5,urgent processing fee to release cryptocurrency trading profit,10.30118,123.902604,10.3157,123.8854,10.3157,123.8854,45.6,2.48,2.48,3.26,False,False,BLOCK,True,BLOCK,GATE_1_NEURAL_QWEN,True,BLOCK,GATE_1_NEURAL_QWEN,True
TX-CAT4-1864,4. Social Engineering & Scams,BLOCK,usr-1004-cst-004,Carlos Tan,Pasig Ortigas,9945.48,2000.0,4.97,deposit advance fee to claim grand prize promo winning,14.56737,121.083674,14.5869,121.0614,14.5869,121.0614,69.4,3.23,3.23,2.79,False,False,BLOCK,True,BLOCK,GATE_1_NEURAL_QWEN,True,BLOCK,GATE_1_NEURAL_QWEN,True
TX-CAT4-1865,4. Social Engineering & Scams,BLOCK,usr-1002-cst-002,Juan Dela Cruz,Quezon City,26030.92,4000.0,6.51,urgent processing fee to release cryptocurrency trading profit,14.657055,121.044103,14.676,121.0437,14.676,121.0437,56.4,2.11,2.11,2.24,False,False,BLOCK,True,BLOCK,GATE_1_NEURAL_QWEN,True,BLOCK,GATE_1_NEURAL_QWEN,True
TX-CAT4-1866,4. Social Engineering & Scams,BLOCK,usr-1003-cst-003,Elena Reyes,Cebu IT Park,97510.68,15000.0,6.5,urgent processing fee to release cryptocurrency trading profit,10.299377,123.912502,10.3157,123.8854,10.3157,123.8854,89.5,3.48,3.48,2.33,False,False,BLOCK,True,BLOCK,GATE_1_NEURAL_QWEN,True,BLOCK,GATE_1_NEURAL_QWEN,True
TX-CAT4-1867,4. Social Engineering & Scams,BLOCK,usr-1003-cst-003,Elena Reyes,Cebu IT Park,97535.68,15000.0,6.5,urgent processing fee to release cryptocurrency trading profit,10.337149,123.8766,10.3157,123.8854,10.3157,123.8854,73.1,2.57,2.57,2.11,False,False,BLOCK,True,BLOCK,GATE_1_NEURAL_QWEN,True,BLOCK,GATE_1_NEURAL_QWEN,True
TX-CAT4-1868,4. Social Engineering & Scams,BLOCK,usr-1002-cst-002,Juan Dela Cruz,Quezon City,31921.83,4000.0,7.98,locked capital deposit for guaranteed 40% monthly return,14.676416,121.020491,14.676,121.0437,14.676,121.0437,34.6,2.5,2.5,4.34,False,False,REQUIRE_2FA,True,BLOCK,GATE_1_NEURAL_QWEN,True,BLOCK,GATE_1_NEURAL_QWEN,True
TX-CAT4-1869,4. Social Engineering & Scams,BLOCK,usr-1002-cst-002,Juan Dela Cruz,Quezon City,32014.07,4000.0,8.0,locked capital deposit for guaranteed 40% monthly return,14.695748,121.054561,14.676,121.0437,14.676,121.0437,34.3,2.49,2.49,4.36,False,False,REQUIRE_2FA,True,BLOCK,GATE_1_NEURAL_QWEN,True,BLOCK,GATE_1_NEURAL_QWEN,True
TX-CAT4-1870,4. Social Engineering & Scams,BLOCK,usr-1004-cst-004,Carlos Tan,Pasig Ortigas,15928.62,2000.0,7.96,locked capital deposit for guaranteed 40% monthly return,14.576492,121.07869,14.5869,121.0614,14.5869,121.0614,50.1,2.19,2.19,2.62,False,False,REQUIRE_2FA,True,BLOCK,GATE_1_NEURAL_QWEN,True,BLOCK,GATE_1_NEURAL_QWEN,True
TX-CAT4-1871,4. Social Engineering & Scams,BLOCK,usr-1004-cst-004,Carlos Tan,Pasig Ortigas,13974.94,2000.0,6.99,temporary holding transfer for mule redirection,14.613449,121.049044,14.5869,121.0614,14.5869,121.0614,31.9,3.24,3.24,6.09,False,False,REQUIRE_2FA,True,BLOCK,GATE_1_NEURAL_QWEN,True,BLOCK,GATE_1_NEURAL_QWEN,True
TX-CAT4-1872,4. Social Engineering & Scams,BLOCK,usr-1003-cst-003,Elena Reyes,Cebu IT Park,97458.17,15000.0,6.5,urgent processing fee to release cryptocurrency trading profit,10.294704,123.890874,10.3157,123.8854,10.3157,123.8854,36.4,2.41,2.41,3.97,False,False,BLOCK,True,BLOCK,GATE_1_NEURAL_QWEN,True,BLOCK,GATE_1_NEURAL_QWEN,True
TX-CAT4-1873,4. Social Engineering & Scams,REQUIRE_2FA,usr-1002-cst-002,Juan Dela Cruz,Quezon City,15962.62,4000.0,3.99,consulting services payment,14.688946,121.058223,14.676,121.0437,14.676,121.0437,77.0,2.12,2.12,1.65,True,False,REQUIRE_2FA,True,REQUIRE_2FA,GATE_1_NEURAL_QWEN,True,REQUIRE_2FA,GATE_1_NEURAL_QWEN,True
TX-CAT4-1874,4. Social Engineering & Scams,BLOCK,usr-1003-cst-003,Elena Reyes,Cebu IT Park,74975.77,15000.0,5.0,deposit advance fee to claim grand prize promo winning,10.320661,123.894824,10.3157,123.8854,10.3157,123.8854,39.0,1.17,1.17,1.8,False,False,BLOCK,True,BLOCK,GATE_1_NEURAL_QWEN,True,BLOCK,GATE_1_NEURAL_QWEN,True
TX-CAT4-1875,4. Social Engineering & Scams,BLOCK,usr-1001-cst-001,Maria Santos,Makati CBD,16341.73,2500.0,6.54,urgent processing fee to release cryptocurrency trading profit,14.584239,121.023924,14.5547,121.02,14.5547,121.02,89.9,3.31,3.31,2.21,False,False,BLOCK,True,BLOCK,GATE_1_NEURAL_QWEN,True,BLOCK,GATE_1_NEURAL_QWEN,True
TX-CAT4-1876,4. Social Engineering & Scams,REQUIRE_2FA,usr-1004-cst-004,Carlos Tan,Pasig Ortigas,7046.61,2000.0,3.52,urgent customs clearance fee for parcel package release,14.607756,121.063065,14.5869,121.0614,14.5869,121.0614,33.1,2.33,2.33,4.22,False,False,BLOCK,True,REQUIRE_2FA,GATE_1_NEURAL_QWEN,True,REQUIRE_2FA,GATE_1_NEURAL_QWEN,True
TX-CAT4-1877,4. Social Engineering & Scams,BLOCK,usr-1004-cst-004,Carlos Tan,Pasig Ortigas,14004.89,2000.0,7.0,temporary holding transfer for mule redirection,14.583361,121.047551,14.5869,121.0614,14.5869,121.0614,80.2,1.54,1.54,1.15,False,False,REQUIRE_2FA,True,BLOCK,GATE_1_NEURAL_QWEN,True,BLOCK,GATE_1_NEURAL_QWEN,True
TX-CAT4-1878,4. Social Engineering & Scams,BLOCK,usr-1003-cst-003,Elena Reyes,Cebu IT Park,74965.74,15000.0,5.0,deposit advance fee to claim grand prize promo winning,10.33364,123.914048,10.3157,123.8854,10.3157,123.8854,43.9,3.71,3.71,5.07,False,False,BLOCK,True,BLOCK,GATE_1_NEURAL_QWEN,True,BLOCK,GATE_1_NEURAL_QWEN,True
TX-CAT4-1879,4. Social Engineering & Scams,BLOCK,usr-1003-cst-003,Elena Reyes,Cebu IT Park,105094.48,15000.0,7.01,temporary holding transfer for mule redirection,10.327284,123.8821,10.3157,123.8854,10.3157,123.8854,87.5,1.34,1.34,0.92,False,False,BLOCK,True,BLOCK,GATE_1_NEURAL_QWEN,True,BLOCK,GATE_1_NEURAL_QWEN,True
TX-CAT4-1880,4. Social Engineering & Scams,BLOCK,usr-1004-cst-004,Carlos Tan,Pasig Ortigas,15915.94,2000.0,7.96,locked capital deposit for guaranteed 40% monthly return,14.590527,121.035987,14.5869,121.0614,14.5869,121.0614,51.7,2.76,2.76,3.2,False,False,REQUIRE_2FA,True,BLOCK,GATE_1_NEURAL_QWEN,True,BLOCK,GATE_1_NEURAL_QWEN,True
TX-CAT4-1881,4. Social Engineering & Scams,REQUIRE_2FA,usr-1004-cst-004,Carlos Tan,Pasig Ortigas,6946.07,2000.0,3.47,urgent customs clearance fee for parcel package release,14.604078,121.045186,14.5869,121.0614,14.5869,121.0614,79.7,2.59,2.59,1.95,False,False,BLOCK,True,REQUIRE_2FA,GATE_1_NEURAL_QWEN,True,REQUIRE_2FA,GATE_1_NEURAL_QWEN,True
TX-CAT4-1882,4. Social Engineering & Scams,REQUIRE_2FA,usr-1002-cst-002,Juan Dela Cruz,Quezon City,13948.99,4000.0,3.49,urgent customs clearance fee for parcel package release,14.700556,121.054146,14.676,121.0437,14.676,121.0437,70.0,2.95,2.95,2.53,False,False,BLOCK,True,REQUIRE_2FA,GATE_1_NEURAL_QWEN,True,REQUIRE_2FA,GATE_1_NEURAL_QWEN,True
TX-CAT4-1883,4. Social Engineering & Scams,REQUIRE_2FA,usr-1003-cst-003,Elena Reyes,Cebu IT Park,59957.38,15000.0,4.0,consulting services payment,10.304531,123.86029,10.3157,123.8854,10.3157,123.8854,55.3,3.01,3.01,3.27,True,False,BLOCK,True,REQUIRE_2FA,GATE_1_NEURAL_QWEN,True,REQUIRE_2FA,GATE_1_NEURAL_QWEN,True
TX-CAT4-1884,4. Social Engineering & Scams,REQUIRE_2FA,usr-1002-cst-002,Juan Dela Cruz,Quezon City,13998.84,4000.0,3.5,urgent customs clearance fee for parcel package release,14.698886,121.025586,14.676,121.0437,14.676,121.0437,40.8,3.21,3.21,4.72,False,False,BLOCK,True,REQUIRE_2FA,GATE_1_NEURAL_QWEN,True,REQUIRE_2FA,GATE_1_NEURAL_QWEN,True
TX-CAT4-1885,4. Social Engineering & Scams,BLOCK,usr-1004-cst-004,Carlos Tan,Pasig Ortigas,12933.35,2000.0,6.47,urgent processing fee to release cryptocurrency trading profit,14.582018,121.077331,14.5869,121.0614,14.5869,121.0614,72.7,1.8,1.8,1.49,False,False,BLOCK,True,BLOCK,GATE_1_NEURAL_QWEN,True,BLOCK,GATE_1_NEURAL_QWEN,True
TX-CAT4-1886,4. Social Engineering & Scams,BLOCK,usr-1004-cst-004,Carlos Tan,Pasig Ortigas,13920.2,2000.0,6.96,temporary holding transfer for mule redirection,14.609068,121.081432,14.5869,121.0614,14.5869,121.0614,31.4,3.27,3.27,6.25,False,False,REQUIRE_2FA,True,BLOCK,GATE_1_NEURAL_QWEN,True,BLOCK,GATE_1_NEURAL_QWEN,True
TX-CAT4-1887,4. Social Engineering & Scams,BLOCK,usr-1002-cst-002,Juan Dela Cruz,Quezon City,25926.48,4000.0,6.48,urgent processing fee to release cryptocurrency trading profit,14.698013,121.068817,14.676,121.0437,14.676,121.0437,84.3,3.65,3.65,2.6,False,False,BLOCK,True,BLOCK,GATE_1_NEURAL_QWEN,True,BLOCK,GATE_1_NEURAL_QWEN,True
TX-CAT4-1888,4. Social Engineering & Scams,BLOCK,usr-1003-cst-003,Elena Reyes,Cebu IT Park,74980.46,15000.0,5.0,deposit advance fee to claim grand prize promo winning,10.319116,123.898119,10.3157,123.8854,10.3157,123.8854,37.1,1.44,1.44,2.33,False,False,BLOCK,True,BLOCK,GATE_1_NEURAL_QWEN,True,BLOCK,GATE_1_NEURAL_QWEN,True
TX-CAT4-1889,4. Social Engineering & Scams,REQUIRE_2FA,usr-1003-cst-003,Elena Reyes,Cebu IT Park,52521.75,15000.0,3.5,urgent customs clearance fee for parcel package release,10.292166,123.898731,10.3157,123.8854,10.3157,123.8854,34.4,3.0,3.0,5.23,False,False,BLOCK,True,REQUIRE_2FA,GATE_1_NEURAL_QWEN,True,REQUIRE_2FA,GATE_1_NEURAL_QWEN,True
TX-CAT4-1890,4. Social Engineering & Scams,BLOCK,usr-1003-cst-003,Elena Reyes,Cebu IT Park,67582.13,15000.0,4.51,urgent unlock fee for frozen international wallet account,10.32355,123.899842,10.3157,123.8854,10.3157,123.8854,56.1,1.8,1.8,1.93,False,False,BLOCK,True,BLOCK,GATE_1_NEURAL_QWEN,True,BLOCK,GATE_1_NEURAL_QWEN,True
TX-CAT4-1891,4. Social Engineering & Scams,BLOCK,usr-1004-cst-004,Carlos Tan,Pasig Ortigas,13926.92,2000.0,6.96,temporary holding transfer for mule redirection,14.567907,121.077357,14.5869,121.0614,14.5869,121.0614,85.0,2.72,2.72,1.92,False,False,REQUIRE_2FA,True,BLOCK,GATE_1_NEURAL_QWEN,True,BLOCK,GATE_1_NEURAL_QWEN,True
TX-CAT4-1892,4. Social Engineering & Scams,BLOCK,usr-1001-cst-001,Maria Santos,Makati CBD,12579.12,2500.0,5.03,deposit advance fee to claim grand prize promo winning,14.560313,121.012192,14.5547,121.02,14.5547,121.02,69.0,1.05,1.05,0.91,False,False,BLOCK,True,BLOCK,GATE_1_NEURAL_QWEN,True,BLOCK,GATE_1_NEURAL_QWEN,True
TX-CAT4-1893,4. Social Engineering & Scams,BLOCK,usr-1004-cst-004,Carlos Tan,Pasig Ortigas,15987.72,2000.0,7.99,locked capital deposit for guaranteed 40% monthly return,14.58742,121.066685,14.5869,121.0614,14.5869,121.0614,86.7,0.57,0.57,0.39,False,False,REQUIRE_2FA,True,BLOCK,GATE_1_NEURAL_QWEN,True,BLOCK,GATE_1_NEURAL_QWEN,True
TX-CAT4-1894,4. Social Engineering & Scams,BLOCK,usr-1001-cst-001,Maria Santos,Makati CBD,12459.47,2500.0,4.98,deposit advance fee to claim grand prize promo winning,14.545167,121.023848,14.5547,121.02,14.5547,121.02,83.8,1.14,1.14,0.82,False,False,BLOCK,True,BLOCK,GATE_1_NEURAL_QWEN,True,BLOCK,GATE_1_NEURAL_QWEN,True
TX-CAT4-1895,4. Social Engineering & Scams,BLOCK,usr-1004-cst-004,Carlos Tan,Pasig Ortigas,15964.56,2000.0,7.98,locked capital deposit for guaranteed 40% monthly return,14.576015,121.042105,14.5869,121.0614,14.5869,121.0614,38.6,2.4,2.4,3.73,False,False,REQUIRE_2FA,True,BLOCK,GATE_1_NEURAL_QWEN,True,BLOCK,GATE_1_NEURAL_QWEN,True
TX-CAT4-1896,4. Social Engineering & Scams,BLOCK,usr-1002-cst-002,Juan Dela Cruz,Quezon City,18003.83,4000.0,4.5,urgent unlock fee for frozen international wallet account,14.680508,121.050629,14.676,121.0437,14.676,121.0437,36.0,0.9,0.9,1.5,False,False,BLOCK,True,BLOCK,GATE_1_NEURAL_QWEN,True,BLOCK,GATE_1_NEURAL_QWEN,True
TX-CAT4-1897,4. Social Engineering & Scams,BLOCK,usr-1003-cst-003,Elena Reyes,Cebu IT Park,74923.71,15000.0,4.99,deposit advance fee to claim grand prize promo winning,10.302131,123.881735,10.3157,123.8854,10.3157,123.8854,83.1,1.56,1.56,1.13,False,False,BLOCK,True,BLOCK,GATE_1_NEURAL_QWEN,True,BLOCK,GATE_1_NEURAL_QWEN,True
TX-CAT4-1898,4. Social Engineering & Scams,BLOCK,usr-1003-cst-003,Elena Reyes,Cebu IT Park,120097.76,15000.0,8.01,locked capital deposit for guaranteed 40% monthly return,10.330908,123.910871,10.3157,123.8854,10.3157,123.8854,70.0,3.26,3.26,2.79,False,False,BLOCK,True,BLOCK,GATE_1_NEURAL_QWEN,True,BLOCK,GATE_1_NEURAL_QWEN,True
TX-CAT4-1899,4. Social Engineering & Scams,BLOCK,usr-1002-cst-002,Juan Dela Cruz,Quezon City,25941.37,4000.0,6.49,urgent processing fee to release cryptocurrency trading profit,14.696327,121.058992,14.676,121.0437,14.676,121.0437,31.6,2.8,2.8,5.32,False,False,BLOCK,True,BLOCK,GATE_1_NEURAL_QWEN,True,BLOCK,GATE_1_NEURAL_QWEN,True
TX-CAT4-1900,4. Social Engineering & Scams,REQUIRE_2FA,usr-1001-cst-001,Maria Santos,Makati CBD,8757.58,2500.0,3.5,urgent customs clearance fee for parcel package release,14.536408,121.019302,14.5547,121.02,14.5547,121.02,79.3,2.04,2.04,1.54,False,False,BLOCK,True,REQUIRE_2FA,GATE_1_NEURAL_QWEN,True,REQUIRE_2FA,GATE_1_NEURAL_QWEN,True
TX-CAT4-1901,4. Social Engineering & Scams,BLOCK,usr-1003-cst-003,Elena Reyes,Cebu IT Park,74956.37,15000.0,5.0,deposit advance fee to claim grand prize promo winning,10.342573,123.88099,10.3157,123.8854,10.3157,123.8854,56.7,3.03,3.03,3.21,False,False,BLOCK,True,BLOCK,GATE_1_NEURAL_QWEN,True,BLOCK,GATE_1_NEURAL_QWEN,True
TX-CAT4-1902,4. Social Engineering & Scams,REQUIRE_2FA,usr-1002-cst-002,Juan Dela Cruz,Quezon City,15990.77,4000.0,4.0,consulting services payment,14.70108,121.056675,14.676,121.0437,14.676,121.0437,85.2,3.12,3.12,2.2,True,False,REQUIRE_2FA,True,REQUIRE_2FA,GATE_1_NEURAL_QWEN,True,REQUIRE_2FA,GATE_1_NEURAL_QWEN,True
TX-CAT4-1903,4. Social Engineering & Scams,BLOCK,usr-1001-cst-001,Maria Santos,Makati CBD,11327.78,2500.0,4.53,urgent unlock fee for frozen international wallet account,14.554295,120.995212,14.5547,121.02,14.5547,121.02,38.2,2.67,2.67,4.19,False,False,BLOCK,True,BLOCK,GATE_1_NEURAL_QWEN,True,BLOCK,GATE_1_NEURAL_QWEN,True
TX-CAT4-1904,4. Social Engineering & Scams,BLOCK,usr-1003-cst-003,Elena Reyes,Cebu IT Park,105033.74,15000.0,7.0,temporary holding transfer for mule redirection,10.343806,123.903618,10.3157,123.8854,10.3157,123.8854,74.7,3.71,3.71,2.98,False,False,BLOCK,True,BLOCK,GATE_1_NEURAL_QWEN,True,BLOCK,GATE_1_NEURAL_QWEN,True
TX-CAT4-1905,4. Social Engineering & Scams,BLOCK,usr-1002-cst-002,Juan Dela Cruz,Quezon City,27914.87,4000.0,6.98,temporary holding transfer for mule redirection,14.655404,121.03382,14.676,121.0437,14.676,121.0437,57.2,2.52,2.52,2.64,False,False,REQUIRE_2FA,True,BLOCK,GATE_1_NEURAL_QWEN,True,BLOCK,GATE_1_NEURAL_QWEN,True
TX-CAT4-1906,4. Social Engineering & Scams,BLOCK,usr-1001-cst-001,Maria Santos,Makati CBD,17537.59,2500.0,7.02,temporary holding transfer for mule redirection,14.578236,120.992301,14.5547,121.02,14.5547,121.02,36.0,3.97,3.97,6.62,False,False,REQUIRE_2FA,True,BLOCK,GATE_1_NEURAL_QWEN,True,BLOCK,GATE_1_NEURAL_QWEN,True
TX-CAT4-1907,4. Social Engineering & Scams,BLOCK,usr-1003-cst-003,Elena Reyes,Cebu IT Park,75068.29,15000.0,5.0,deposit advance fee to claim grand prize promo winning,10.325368,123.908054,10.3157,123.8854,10.3157,123.8854,32.1,2.7,2.7,5.05,False,False,BLOCK,True,BLOCK,GATE_1_NEURAL_QWEN,True,BLOCK,GATE_1_NEURAL_QWEN,True
TX-CAT4-1908,4. Social Engineering & Scams,BLOCK,usr-1001-cst-001,Maria Santos,Makati CBD,12427.37,2500.0,4.97,deposit advance fee to claim grand prize promo winning,14.547273,121.04659,14.5547,121.02,14.5547,121.02,70.4,2.98,2.98,2.54,False,False,BLOCK,True,BLOCK,GATE_1_NEURAL_QWEN,True,BLOCK,GATE_1_NEURAL_QWEN,True
TX-CAT4-1909,4. Social Engineering & Scams,BLOCK,usr-1003-cst-003,Elena Reyes,Cebu IT Park,67430.29,15000.0,4.5,urgent unlock fee for frozen international wallet account,10.334532,123.899414,10.3157,123.8854,10.3157,123.8854,47.0,2.6,2.6,3.32,False,False,BLOCK,True,BLOCK,GATE_1_NEURAL_QWEN,True,BLOCK,GATE_1_NEURAL_QWEN,True
TX-CAT4-1910,4. Social Engineering & Scams,BLOCK,usr-1002-cst-002,Juan Dela Cruz,Quezon City,28075.17,4000.0,7.02,temporary holding transfer for mule redirection,14.70305,121.065129,14.676,121.0437,14.676,121.0437,75.0,3.79,3.79,3.03,False,False,REQUIRE_2FA,True,BLOCK,GATE_1_NEURAL_QWEN,True,BLOCK,GATE_1_NEURAL_QWEN,True
TX-CAT4-1911,4. Social Engineering & Scams,BLOCK,usr-1001-cst-001,Maria Santos,Makati CBD,11163.45,2500.0,4.47,urgent unlock fee for frozen international wallet account,14.558164,121.002513,14.5547,121.02,14.5547,121.02,40.7,1.92,1.92,2.83,False,False,BLOCK,True,BLOCK,GATE_1_NEURAL_QWEN,True,BLOCK,GATE_1_NEURAL_QWEN,True
TX-CAT4-1912,4. Social Engineering & Scams,BLOCK,usr-1004-cst-004,Carlos Tan,Pasig Ortigas,13952.61,2000.0,6.98,temporary holding transfer for mule redirection,14.579717,121.066434,14.5869,121.0614,14.5869,121.0614,68.3,0.97,0.97,0.85,False,False,REQUIRE_2FA,True,BLOCK,GATE_1_NEURAL_QWEN,True,BLOCK,GATE_1_NEURAL_QWEN,True
TX-CAT4-1913,4. Social Engineering & Scams,REQUIRE_2FA,usr-1004-cst-004,Carlos Tan,Pasig Ortigas,7031.39,2000.0,3.52,urgent customs clearance fee for parcel package release,14.567704,121.049406,14.5869,121.0614,14.5869,121.0614,43.9,2.49,2.49,3.4,False,False,BLOCK,True,REQUIRE_2FA,GATE_1_NEURAL_QWEN,True,REQUIRE_2FA,GATE_1_NEURAL_QWEN,True
TX-CAT4-1914,4. Social Engineering & Scams,BLOCK,usr-1003-cst-003,Elena Reyes,Cebu IT Park,104997.01,15000.0,7.0,temporary holding transfer for mule redirection,10.333505,123.878933,10.3157,123.8854,10.3157,123.8854,51.4,2.1,2.1,2.45,False,False,BLOCK,True,BLOCK,GATE_1_NEURAL_QWEN,True,BLOCK,GATE_1_NEURAL_QWEN,True
TX-CAT4-1915,4. Social Engineering & Scams,BLOCK,usr-1004-cst-004,Carlos Tan,Pasig Ortigas,15919.31,2000.0,7.96,locked capital deposit for guaranteed 40% monthly return,14.563642,121.084254,14.5869,121.0614,14.5869,121.0614,75.3,3.57,3.57,2.84,False,False,REQUIRE_2FA,True,BLOCK,GATE_1_NEURAL_QWEN,True,BLOCK,GATE_1_NEURAL_QWEN,True
TX-CAT4-1916,4. Social Engineering & Scams,BLOCK,usr-1003-cst-003,Elena Reyes,Cebu IT Park,67593.87,15000.0,4.51,urgent unlock fee for frozen international wallet account,10.305224,123.895145,10.3157,123.8854,10.3157,123.8854,36.9,1.58,1.58,2.57,False,False,BLOCK,True,BLOCK,GATE_1_NEURAL_QWEN,True,BLOCK,GATE_1_NEURAL_QWEN,True
TX-CAT4-1917,4. Social Engineering & Scams,BLOCK,usr-1004-cst-004,Carlos Tan,Pasig Ortigas,16032.12,2000.0,8.02,locked capital deposit for guaranteed 40% monthly return,14.577755,121.055285,14.5869,121.0614,14.5869,121.0614,37.7,1.21,1.21,1.93,False,False,REQUIRE_2FA,True,BLOCK,GATE_1_NEURAL_QWEN,True,BLOCK,GATE_1_NEURAL_QWEN,True
TX-CAT4-1918,4. Social Engineering & Scams,REQUIRE_2FA,usr-1004-cst-004,Carlos Tan,Pasig Ortigas,8060.94,2000.0,4.03,consulting services payment,14.58625,121.05612,14.5869,121.0614,14.5869,121.0614,44.1,0.57,0.57,0.78,True,False,REQUIRE_2FA,True,REQUIRE_2FA,GATE_1_NEURAL_QWEN,True,REQUIRE_2FA,GATE_1_NEURAL_QWEN,True
TX-CAT4-1919,4. Social Engineering & Scams,BLOCK,usr-1003-cst-003,Elena Reyes,Cebu IT Park,120001.5,15000.0,8.0,locked capital deposit for guaranteed 40% monthly return,10.339089,123.90237,10.3157,123.8854,10.3157,123.8854,33.6,3.2,3.2,5.71,False,False,BLOCK,True,BLOCK,GATE_1_NEURAL_QWEN,True,BLOCK,GATE_1_NEURAL_QWEN,True
TX-CAT4-1920,4. Social Engineering & Scams,BLOCK,usr-1003-cst-003,Elena Reyes,Cebu IT Park,120035.0,15000.0,8.0,locked capital deposit for guaranteed 40% monthly return,10.310374,123.903942,10.3157,123.8854,10.3157,123.8854,55.5,2.11,2.11,2.28,False,False,BLOCK,True,BLOCK,GATE_1_NEURAL_QWEN,True,BLOCK,GATE_1_NEURAL_QWEN,True
TX-CAT4-1921,4. Social Engineering & Scams,BLOCK,usr-1003-cst-003,Elena Reyes,Cebu IT Park,97453.66,15000.0,6.5,urgent processing fee to release cryptocurrency trading profit,10.329391,123.87579,10.3157,123.8854,10.3157,123.8854,79.1,1.85,1.85,1.4,False,False,BLOCK,True,BLOCK,GATE_1_NEURAL_QWEN,True,BLOCK,GATE_1_NEURAL_QWEN,True
TX-CAT4-1922,4. Social Engineering & Scams,BLOCK,usr-1003-cst-003,Elena Reyes,Cebu IT Park,67481.96,15000.0,4.5,urgent unlock fee for frozen international wallet account,10.32005,123.865392,10.3157,123.8854,10.3157,123.8854,42.4,2.24,2.24,3.17,False,False,BLOCK,True,BLOCK,GATE_1_NEURAL_QWEN,True,BLOCK,GATE_1_NEURAL_QWEN,True
TX-CAT4-1923,4. Social Engineering & Scams,REQUIRE_2FA,usr-1001-cst-001,Maria Santos,Makati CBD,8772.15,2500.0,3.51,urgent customs clearance fee for parcel package release,14.532453,121.022386,14.5547,121.02,14.5547,121.02,87.0,2.49,2.49,1.72,False,False,BLOCK,True,REQUIRE_2FA,GATE_1_NEURAL_QWEN,True,REQUIRE_2FA,GATE_1_NEURAL_QWEN,True
TX-CAT4-1924,4. Social Engineering & Scams,REQUIRE_2FA,usr-1001-cst-001,Maria Santos,Makati CBD,9975.84,2500.0,3.99,consulting services payment,14.571526,121.009997,14.5547,121.02,14.5547,121.02,51.2,2.16,2.16,2.53,True,False,REQUIRE_2FA,True,REQUIRE_2FA,GATE_1_NEURAL_QWEN,True,REQUIRE_2FA,GATE_1_NEURAL_QWEN,True
TX-CAT4-1925,4. Social Engineering & Scams,BLOCK,usr-1001-cst-001,Maria Santos,Makati CBD,17409.84,2500.0,6.96,temporary holding transfer for mule redirection,14.537328,121.022128,14.5547,121.02,14.5547,121.02,89.1,1.95,1.95,1.31,False,False,REQUIRE_2FA,True,BLOCK,GATE_1_NEURAL_QWEN,True,BLOCK,GATE_1_NEURAL_QWEN,True
TX-CAT4-1926,4. Social Engineering & Scams,REQUIRE_2FA,usr-1004-cst-004,Carlos Tan,Pasig Ortigas,8043.56,2000.0,4.02,consulting services payment,14.574311,121.041084,14.5869,121.0614,14.5869,121.0614,52.4,2.6,2.6,2.98,True,False,REQUIRE_2FA,True,REQUIRE_2FA,GATE_1_NEURAL_QWEN,True,REQUIRE_2FA,GATE_1_NEURAL_QWEN,True
TX-CAT4-1927,4. Social Engineering & Scams,BLOCK,usr-1004-cst-004,Carlos Tan,Pasig Ortigas,10010.59,2000.0,5.01,deposit advance fee to claim grand prize promo winning,14.571822,121.032218,14.5869,121.0614,14.5869,121.0614,80.7,3.56,3.56,2.65,False,False,BLOCK,True,BLOCK,GATE_1_NEURAL_QWEN,True,BLOCK,GATE_1_NEURAL_QWEN,True
TX-CAT4-1928,4. Social Engineering & Scams,REQUIRE_2FA,usr-1001-cst-001,Maria Santos,Makati CBD,8729.59,2500.0,3.49,urgent customs clearance fee for parcel package release,14.553794,120.999417,14.5547,121.02,14.5547,121.02,48.1,2.22,2.22,2.77,False,False,BLOCK,True,REQUIRE_2FA,GATE_1_NEURAL_QWEN,True,REQUIRE_2FA,GATE_1_NEURAL_QWEN,True
TX-CAT4-1929,4. Social Engineering & Scams,BLOCK,usr-1002-cst-002,Juan Dela Cruz,Quezon City,28054.48,4000.0,7.01,temporary holding transfer for mule redirection,14.660839,121.030047,14.676,121.0437,14.676,121.0437,37.4,2.24,2.24,3.59,False,False,REQUIRE_2FA,True,BLOCK,GATE_1_NEURAL_QWEN,True,BLOCK,GATE_1_NEURAL_QWEN,True
TX-CAT4-1930,4. Social Engineering & Scams,BLOCK,usr-1004-cst-004,Carlos Tan,Pasig Ortigas,13980.15,2000.0,6.99,temporary holding transfer for mule redirection,14.605998,121.083997,14.5869,121.0614,14.5869,121.0614,81.7,3.23,3.23,2.37,False,False,REQUIRE_2FA,True,BLOCK,GATE_1_NEURAL_QWEN,True,BLOCK,GATE_1_NEURAL_QWEN,True
TX-CAT4-1931,4. Social Engineering & Scams,BLOCK,usr-1001-cst-001,Maria Santos,Makati CBD,16250.9,2500.0,6.5,urgent processing fee to release cryptocurrency trading profit,14.566909,121.033958,14.5547,121.02,14.5547,121.02,31.2,2.02,2.02,3.88,False,False,BLOCK,True,BLOCK,GATE_1_NEURAL_QWEN,True,BLOCK,GATE_1_NEURAL_QWEN,True
TX-CAT4-1932,4. Social Engineering & Scams,BLOCK,usr-1002-cst-002,Juan Dela Cruz,Quezon City,26047.17,4000.0,6.51,urgent processing fee to release cryptocurrency trading profit,14.693557,121.025357,14.676,121.0437,14.676,121.0437,66.3,2.78,2.78,2.52,False,False,BLOCK,True,BLOCK,GATE_1_NEURAL_QWEN,True,BLOCK,GATE_1_NEURAL_QWEN,True
TX-CAT4-1933,4. Social Engineering & Scams,REQUIRE_2FA,usr-1003-cst-003,Elena Reyes,Cebu IT Park,59964.75,15000.0,4.0,consulting services payment,10.316441,123.856806,10.3157,123.8854,10.3157,123.8854,46.4,3.13,3.13,4.05,True,False,BLOCK,True,REQUIRE_2FA,GATE_1_NEURAL_QWEN,True,REQUIRE_2FA,GATE_1_NEURAL_QWEN,True
TX-CAT4-1934,4. Social Engineering & Scams,BLOCK,usr-1002-cst-002,Juan Dela Cruz,Quezon City,25952.85,4000.0,6.49,urgent processing fee to release cryptocurrency trading profit,14.685363,121.041984,14.676,121.0437,14.676,121.0437,47.5,1.06,1.06,1.34,False,False,BLOCK,True,BLOCK,GATE_1_NEURAL_QWEN,True,BLOCK,GATE_1_NEURAL_QWEN,True
TX-CAT4-1935,4. Social Engineering & Scams,BLOCK,usr-1001-cst-001,Maria Santos,Makati CBD,12593.38,2500.0,5.04,deposit advance fee to claim grand prize promo winning,14.55836,121.019001,14.5547,121.02,14.5547,121.02,84.5,0.42,0.42,0.3,False,False,BLOCK,True,BLOCK,GATE_1_NEURAL_QWEN,True,BLOCK,GATE_1_NEURAL_QWEN,True
TX-CAT4-1936,4. Social Engineering & Scams,BLOCK,usr-1002-cst-002,Juan Dela Cruz,Quezon City,17903.44,4000.0,4.48,urgent unlock fee for frozen international wallet account,14.675822,121.037319,14.676,121.0437,14.676,121.0437,52.4,0.69,0.69,0.79,False,False,BLOCK,True,BLOCK,GATE_1_NEURAL_QWEN,True,BLOCK,GATE_1_NEURAL_QWEN,True
TX-CAT4-1937,4. Social Engineering & Scams,BLOCK,usr-1001-cst-001,Maria Santos,Makati CBD,11194.81,2500.0,4.48,urgent unlock fee for frozen international wallet account,14.583211,121.013841,14.5547,121.02,14.5547,121.02,43.9,3.24,3.24,4.43,False,False,BLOCK,True,BLOCK,GATE_1_NEURAL_QWEN,True,BLOCK,GATE_1_NEURAL_QWEN,True
TX-CAT4-1938,4. Social Engineering & Scams,BLOCK,usr-1003-cst-003,Elena Reyes,Cebu IT Park,67512.63,15000.0,4.5,urgent unlock fee for frozen international wallet account,10.324269,123.875346,10.3157,123.8854,10.3157,123.8854,78.6,1.46,1.46,1.11,False,False,BLOCK,True,BLOCK,GATE_1_NEURAL_QWEN,True,BLOCK,GATE_1_NEURAL_QWEN,True
TX-CAT4-1939,4. Social Engineering & Scams,BLOCK,usr-1001-cst-001,Maria Santos,Makati CBD,16262.18,2500.0,6.5,urgent processing fee to release cryptocurrency trading profit,14.537161,121.046526,14.5547,121.02,14.5547,121.02,65.6,3.46,3.46,3.16,False,False,BLOCK,True,BLOCK,GATE_1_NEURAL_QWEN,True,BLOCK,GATE_1_NEURAL_QWEN,True
TX-CAT4-1940,4. Social Engineering & Scams,BLOCK,usr-1001-cst-001,Maria Santos,Makati CBD,12480.64,2500.0,4.99,deposit advance fee to claim grand prize promo winning,14.574984,121.021404,14.5547,121.02,14.5547,121.02,80.4,2.26,2.26,1.69,False,False,BLOCK,True,BLOCK,GATE_1_NEURAL_QWEN,True,BLOCK,GATE_1_NEURAL_QWEN,True
TX-CAT4-1941,4. Social Engineering & Scams,BLOCK,usr-1002-cst-002,Juan Dela Cruz,Quezon City,26053.48,4000.0,6.51,urgent processing fee to release cryptocurrency trading profit,14.661121,121.032387,14.676,121.0437,14.676,121.0437,50.3,2.05,2.05,2.45,False,False,BLOCK,True,BLOCK,GATE_1_NEURAL_QWEN,True,BLOCK,GATE_1_NEURAL_QWEN,True
TX-CAT4-1942,4. Social Engineering & Scams,BLOCK,usr-1002-cst-002,Juan Dela Cruz,Quezon City,25964.29,4000.0,6.49,urgent processing fee to release cryptocurrency trading profit,14.679919,121.038092,14.676,121.0437,14.676,121.0437,30.3,0.74,0.74,1.47,False,False,BLOCK,True,BLOCK,GATE_1_NEURAL_QWEN,True,BLOCK,GATE_1_NEURAL_QWEN,True
TX-CAT4-1943,4. Social Engineering & Scams,REQUIRE_2FA,usr-1002-cst-002,Juan Dela Cruz,Quezon City,16012.48,4000.0,4.0,consulting services payment,14.675324,121.043689,14.676,121.0437,14.676,121.0437,87.6,0.08,0.08,0.05,True,False,REQUIRE_2FA,True,REQUIRE_2FA,GATE_1_NEURAL_QWEN,True,REQUIRE_2FA,GATE_1_NEURAL_QWEN,True
TX-CAT4-1944,4. Social Engineering & Scams,BLOCK,usr-1002-cst-002,Juan Dela Cruz,Quezon City,31992.27,4000.0,8.0,locked capital deposit for guaranteed 40% monthly return,14.67498,121.046988,14.676,121.0437,14.676,121.0437,74.4,0.37,0.37,0.3,False,False,REQUIRE_2FA,True,BLOCK,GATE_1_NEURAL_QWEN,True,BLOCK,GATE_1_NEURAL_QWEN,True
TX-CAT4-1945,4. Social Engineering & Scams,BLOCK,usr-1001-cst-001,Maria Santos,Makati CBD,16235.14,2500.0,6.49,urgent processing fee to release cryptocurrency trading profit,14.52935,120.997637,14.5547,121.02,14.5547,121.02,30.8,3.71,3.71,7.23,False,False,BLOCK,True,BLOCK,GATE_1_NEURAL_QWEN,True,BLOCK,GATE_1_NEURAL_QWEN,True
TX-CAT4-1946,4. Social Engineering & Scams,BLOCK,usr-1001-cst-001,Maria Santos,Makati CBD,12439.47,2500.0,4.98,deposit advance fee to claim grand prize promo winning,14.576885,120.99682,14.5547,121.02,14.5547,121.02,83.1,3.51,3.51,2.53,False,False,BLOCK,True,BLOCK,GATE_1_NEURAL_QWEN,True,BLOCK,GATE_1_NEURAL_QWEN,True
TX-CAT4-1947,4. Social Engineering & Scams,BLOCK,usr-1004-cst-004,Carlos Tan,Pasig Ortigas,10025.23,2000.0,5.01,deposit advance fee to claim grand prize promo winning,14.588375,121.039792,14.5869,121.0614,14.5869,121.0614,82.5,2.33,2.33,1.69,False,False,BLOCK,True,BLOCK,GATE_1_NEURAL_QWEN,True,BLOCK,GATE_1_NEURAL_QWEN,True
TX-CAT4-1948,4. Social Engineering & Scams,BLOCK,usr-1004-cst-004,Carlos Tan,Pasig Ortigas,8901.85,2000.0,4.45,urgent unlock fee for frozen international wallet account,14.563955,121.091145,14.5869,121.0614,14.5869,121.0614,73.2,4.09,4.09,3.35,False,False,BLOCK,True,BLOCK,GATE_1_NEURAL_QWEN,True,BLOCK,GATE_1_NEURAL_QWEN,True
TX-CAT4-1949,4. Social Engineering & Scams,REQUIRE_2FA,usr-1003-cst-003,Elena Reyes,Cebu IT Park,52464.48,15000.0,3.5,urgent customs clearance fee for parcel package release,10.339073,123.889229,10.3157,123.8854,10.3157,123.8854,40.0,2.63,2.63,3.94,False,False,BLOCK,True,REQUIRE_2FA,GATE_1_NEURAL_QWEN,True,REQUIRE_2FA,GATE_1_NEURAL_QWEN,True
TX-CAT4-1950,4. Social Engineering & Scams,REQUIRE_2FA,usr-1003-cst-003,Elena Reyes,Cebu IT Park,52537.0,15000.0,3.5,urgent customs clearance fee for parcel package release,10.333869,123.91252,10.3157,123.8854,10.3157,123.8854,52.3,3.59,3.59,4.12,False,False,BLOCK,True,REQUIRE_2FA,GATE_1_NEURAL_QWEN,True,REQUIRE_2FA,GATE_1_NEURAL_QWEN,True
TX-CAT4-1951,4. Social Engineering & Scams,BLOCK,usr-1003-cst-003,Elena Reyes,Cebu IT Park,67492.58,15000.0,4.5,urgent unlock fee for frozen international wallet account,10.341872,123.911025,10.3157,123.8854,10.3157,123.8854,73.2,4.04,4.04,3.31,False,False,BLOCK,True,BLOCK,GATE_1_NEURAL_QWEN,True,BLOCK,GATE_1_NEURAL_QWEN,True
TX-CAT4-1952,4. Social Engineering & Scams,BLOCK,usr-1002-cst-002,Juan Dela Cruz,Quezon City,20004.88,4000.0,5.0,deposit advance fee to claim grand prize promo winning,14.695764,121.014289,14.676,121.0437,14.676,121.0437,55.0,3.85,3.85,4.2,False,False,BLOCK,True,BLOCK,GATE_1_NEURAL_QWEN,True,BLOCK,GATE_1_NEURAL_QWEN,True
TX-CAT4-1953,4. Social Engineering & Scams,BLOCK,usr-1002-cst-002,Juan Dela Cruz,Quezon City,17913.41,4000.0,4.48,urgent unlock fee for frozen international wallet account,14.704619,121.03241,14.676,121.0437,14.676,121.0437,41.3,3.41,3.41,4.95,False,False,BLOCK,True,BLOCK,GATE_1_NEURAL_QWEN,True,BLOCK,GATE_1_NEURAL_QWEN,True
TX-CAT4-1954,4. Social Engineering & Scams,REQUIRE_2FA,usr-1001-cst-001,Maria Santos,Makati CBD,8741.72,2500.0,3.5,urgent customs clearance fee for parcel package release,14.530383,121.027498,14.5547,121.02,14.5547,121.02,65.7,2.82,2.82,2.58,False,False,BLOCK,True,REQUIRE_2FA,GATE_1_NEURAL_QWEN,True,REQUIRE_2FA,GATE_1_NEURAL_QWEN,True
TX-CAT4-1955,4. Social Engineering & Scams,BLOCK,usr-1001-cst-001,Maria Santos,Makati CBD,20027.27,2500.0,8.01,locked capital deposit for guaranteed 40% monthly return,14.577701,121.010697,14.5547,121.02,14.5547,121.02,30.8,2.75,2.75,5.36,False,False,REQUIRE_2FA,True,BLOCK,GATE_1_NEURAL_QWEN,True,BLOCK,GATE_1_NEURAL_QWEN,True
TX-CAT4-1956,4. Social Engineering & Scams,BLOCK,usr-1002-cst-002,Juan Dela Cruz,Quezon City,31956.84,4000.0,7.99,locked capital deposit for guaranteed 40% monthly return,14.700691,121.03927,14.676,121.0437,14.676,121.0437,73.8,2.79,2.79,2.27,False,False,REQUIRE_2FA,True,BLOCK,GATE_1_NEURAL_QWEN,True,BLOCK,GATE_1_NEURAL_QWEN,True
TX-CAT4-1957,4. Social Engineering & Scams,REQUIRE_2FA,usr-1003-cst-003,Elena Reyes,Cebu IT Park,52553.4,15000.0,3.5,urgent customs clearance fee for parcel package release,10.341758,123.889067,10.3157,123.8854,10.3157,123.8854,68.5,2.93,2.93,2.57,False,False,BLOCK,True,REQUIRE_2FA,GATE_1_NEURAL_QWEN,True,REQUIRE_2FA,GATE_1_NEURAL_QWEN,True
TX-CAT4-1958,4. Social Engineering & Scams,BLOCK,usr-1002-cst-002,Juan Dela Cruz,Quezon City,26018.53,4000.0,6.5,urgent processing fee to release cryptocurrency trading profit,14.652179,121.026686,14.676,121.0437,14.676,121.0437,40.7,3.22,3.22,4.75,False,False,BLOCK,True,BLOCK,GATE_1_NEURAL_QWEN,True,BLOCK,GATE_1_NEURAL_QWEN,True
TX-CAT4-1959,4. Social Engineering & Scams,BLOCK,usr-1001-cst-001,Maria Santos,Makati CBD,12559.38,2500.0,5.02,deposit advance fee to claim grand prize promo winning,14.559939,121.035963,14.5547,121.02,14.5547,121.02,49.8,1.81,1.81,2.18,False,False,BLOCK,True,BLOCK,GATE_1_NEURAL_QWEN,True,BLOCK,GATE_1_NEURAL_QWEN,True
TX-CAT4-1960,4. Social Engineering & Scams,REQUIRE_2FA,usr-1003-cst-003,Elena Reyes,Cebu IT Park,60047.45,15000.0,4.0,consulting services payment,10.322653,123.909954,10.3157,123.8854,10.3157,123.8854,42.6,2.8,2.8,3.94,True,False,BLOCK,True,REQUIRE_2FA,GATE_1_NEURAL_QWEN,True,REQUIRE_2FA,GATE_1_NEURAL_QWEN,True
TX-CAT4-1961,4. Social Engineering & Scams,REQUIRE_2FA,usr-1001-cst-001,Maria Santos,Makati CBD,9946.37,2500.0,3.98,consulting services payment,14.537687,121.045773,14.5547,121.02,14.5547,121.02,66.9,3.36,3.36,3.01,True,False,REQUIRE_2FA,True,REQUIRE_2FA,GATE_1_NEURAL_QWEN,True,REQUIRE_2FA,GATE_1_NEURAL_QWEN,True
TX-CAT4-1962,4. Social Engineering & Scams,BLOCK,usr-1002-cst-002,Juan Dela Cruz,Quezon City,19995.09,4000.0,5.0,deposit advance fee to claim grand prize promo winning,14.646015,121.018367,14.676,121.0437,14.676,121.0437,88.2,4.31,4.31,2.93,False,False,BLOCK,True,BLOCK,GATE_1_NEURAL_QWEN,True,BLOCK,GATE_1_NEURAL_QWEN,True
TX-CAT4-1963,4. Social Engineering & Scams,REQUIRE_2FA,usr-1002-cst-002,Juan Dela Cruz,Quezon City,14061.45,4000.0,3.52,urgent customs clearance fee for parcel package release,14.671524,121.042001,14.676,121.0437,14.676,121.0437,48.2,0.53,0.53,0.66,False,False,BLOCK,True,REQUIRE_2FA,GATE_1_NEURAL_QWEN,True,REQUIRE_2FA,GATE_1_NEURAL_QWEN,True
TX-CAT4-1964,4. Social Engineering & Scams,BLOCK,usr-1001-cst-001,Maria Santos,Makati CBD,12512.03,2500.0,5.0,deposit advance fee to claim grand prize promo winning,14.547339,121.013132,14.5547,121.02,14.5547,121.02,58.5,1.1,1.1,1.13,False,False,BLOCK,True,BLOCK,GATE_1_NEURAL_QWEN,True,BLOCK,GATE_1_NEURAL_QWEN,True
TX-CAT4-1965,4. Social Engineering & Scams,REQUIRE_2FA,usr-1003-cst-003,Elena Reyes,Cebu IT Park,60004.4,15000.0,4.0,consulting services payment,10.317541,123.908397,10.3157,123.8854,10.3157,123.8854,80.5,2.52,2.52,1.88,True,False,BLOCK,True,REQUIRE_2FA,GATE_1_NEURAL_QWEN,True,REQUIRE_2FA,GATE_1_NEURAL_QWEN,True
TX-CAT4-1966,4. Social Engineering & Scams,BLOCK,usr-1002-cst-002,Juan Dela Cruz,Quezon City,28066.72,4000.0,7.02,temporary holding transfer for mule redirection,14.688681,121.064093,14.676,121.0437,14.676,121.0437,63.6,2.61,2.61,2.46,False,False,REQUIRE_2FA,True,BLOCK,GATE_1_NEURAL_QWEN,True,BLOCK,GATE_1_NEURAL_QWEN,True
TX-CAT4-1967,4. Social Engineering & Scams,BLOCK,usr-1004-cst-004,Carlos Tan,Pasig Ortigas,14057.79,2000.0,7.03,temporary holding transfer for mule redirection,14.598022,121.064874,14.5869,121.0614,14.5869,121.0614,56.1,1.29,1.29,1.38,False,False,REQUIRE_2FA,True,BLOCK,GATE_1_NEURAL_QWEN,True,BLOCK,GATE_1_NEURAL_QWEN,True
TX-CAT4-1968,4. Social Engineering & Scams,BLOCK,usr-1003-cst-003,Elena Reyes,Cebu IT Park,74905.06,15000.0,4.99,deposit advance fee to claim grand prize promo winning,10.307641,123.883365,10.3157,123.8854,10.3157,123.8854,70.2,0.92,0.92,0.79,False,False,BLOCK,True,BLOCK,GATE_1_NEURAL_QWEN,True,BLOCK,GATE_1_NEURAL_QWEN,True
TX-CAT4-1969,4. Social Engineering & Scams,BLOCK,usr-1004-cst-004,Carlos Tan,Pasig Ortigas,10023.39,2000.0,5.01,deposit advance fee to claim grand prize promo winning,14.609478,121.086636,14.5869,121.0614,14.5869,121.0614,41.5,3.7,3.7,5.35,False,False,BLOCK,True,BLOCK,GATE_1_NEURAL_QWEN,True,BLOCK,GATE_1_NEURAL_QWEN,True
TX-CAT4-1970,4. Social Engineering & Scams,BLOCK,usr-1003-cst-003,Elena Reyes,Cebu IT Park,75086.64,15000.0,5.01,deposit advance fee to claim grand prize promo winning,10.345426,123.86715,10.3157,123.8854,10.3157,123.8854,51.7,3.86,3.86,4.48,False,False,BLOCK,True,BLOCK,GATE_1_NEURAL_QWEN,True,BLOCK,GATE_1_NEURAL_QWEN,True
TX-CAT4-1971,4. Social Engineering & Scams,BLOCK,usr-1002-cst-002,Juan Dela Cruz,Quezon City,26017.24,4000.0,6.5,urgent processing fee to release cryptocurrency trading profit,14.665707,121.068362,14.676,121.0437,14.676,121.0437,84.9,2.89,2.89,2.04,False,False,BLOCK,True,BLOCK,GATE_1_NEURAL_QWEN,True,BLOCK,GATE_1_NEURAL_QWEN,True
TX-CAT4-1972,4. Social Engineering & Scams,REQUIRE_2FA,usr-1001-cst-001,Maria Santos,Makati CBD,8704.61,2500.0,3.48,urgent customs clearance fee for parcel package release,14.563533,121.0285,14.5547,121.02,14.5547,121.02,53.9,1.34,1.34,1.49,False,False,BLOCK,True,REQUIRE_2FA,GATE_1_NEURAL_QWEN,True,REQUIRE_2FA,GATE_1_NEURAL_QWEN,True
TX-CAT4-1973,4. Social Engineering & Scams,BLOCK,usr-1003-cst-003,Elena Reyes,Cebu IT Park,120025.05,15000.0,8.0,locked capital deposit for guaranteed 40% monthly return,10.343968,123.9048,10.3157,123.8854,10.3157,123.8854,81.8,3.79,3.79,2.78,False,False,BLOCK,True,BLOCK,GATE_1_NEURAL_QWEN,True,BLOCK,GATE_1_NEURAL_QWEN,True
TX-CAT4-1974,4. Social Engineering & Scams,REQUIRE_2FA,usr-1004-cst-004,Carlos Tan,Pasig Ortigas,7026.45,2000.0,3.51,urgent customs clearance fee for parcel package release,14.586318,121.059807,14.5869,121.0614,14.5869,121.0614,82.5,0.18,0.18,0.13,False,False,BLOCK,True,REQUIRE_2FA,GATE_1_NEURAL_QWEN,True,REQUIRE_2FA,GATE_1_NEURAL_QWEN,True
TX-CAT4-1975,4. Social Engineering & Scams,BLOCK,usr-1001-cst-001,Maria Santos,Makati CBD,16223.91,2500.0,6.49,urgent processing fee to release cryptocurrency trading profit,14.561475,121.032799,14.5547,121.02,14.5547,121.02,72.3,1.57,1.57,1.3,False,False,BLOCK,True,BLOCK,GATE_1_NEURAL_QWEN,True,BLOCK,GATE_1_NEURAL_QWEN,True
TX-CAT4-1976,4. Social Engineering & Scams,REQUIRE_2FA,usr-1002-cst-002,Juan Dela Cruz,Quezon City,16070.19,4000.0,4.02,consulting services payment,14.650969,121.063744,14.676,121.0437,14.676,121.0437,37.2,3.52,3.52,5.68,True,False,REQUIRE_2FA,True,REQUIRE_2FA,GATE_1_NEURAL_QWEN,True,REQUIRE_2FA,GATE_1_NEURAL_QWEN,True
TX-CAT4-1977,4. Social Engineering & Scams,BLOCK,usr-1004-cst-004,Carlos Tan,Pasig Ortigas,14042.12,2000.0,7.02,temporary holding transfer for mule redirection,14.575754,121.082873,14.5869,121.0614,14.5869,121.0614,46.6,2.62,2.62,3.37,False,False,REQUIRE_2FA,True,BLOCK,GATE_1_NEURAL_QWEN,True,BLOCK,GATE_1_NEURAL_QWEN,True
TX-CAT4-1978,4. Social Engineering & Scams,BLOCK,usr-1002-cst-002,Juan Dela Cruz,Quezon City,28022.8,4000.0,7.01,temporary holding transfer for mule redirection,14.647,121.063936,14.676,121.0437,14.676,121.0437,80.9,3.89,3.89,2.89,False,False,REQUIRE_2FA,True,BLOCK,GATE_1_NEURAL_QWEN,True,BLOCK,GATE_1_NEURAL_QWEN,True
TX-CAT4-1979,4. Social Engineering & Scams,BLOCK,usr-1003-cst-003,Elena Reyes,Cebu IT Park,104933.84,15000.0,7.0,temporary holding transfer for mule redirection,10.344876,123.898728,10.3157,123.8854,10.3157,123.8854,52.0,3.56,3.56,4.11,False,False,BLOCK,True,BLOCK,GATE_1_NEURAL_QWEN,True,BLOCK,GATE_1_NEURAL_QWEN,True
TX-CAT4-1980,4. Social Engineering & Scams,BLOCK,usr-1001-cst-001,Maria Santos,Makati CBD,17480.63,2500.0,6.99,temporary holding transfer for mule redirection,14.574963,121.030178,14.5547,121.02,14.5547,121.02,33.9,2.51,2.51,4.44,False,False,REQUIRE_2FA,True,BLOCK,GATE_1_NEURAL_QWEN,True,BLOCK,GATE_1_NEURAL_QWEN,True
TX-CAT4-1981,4. Social Engineering & Scams,BLOCK,usr-1002-cst-002,Juan Dela Cruz,Quezon City,27953.33,4000.0,6.99,temporary holding transfer for mule redirection,14.656355,121.016371,14.676,121.0437,14.676,121.0437,66.5,3.66,3.66,3.3,False,False,REQUIRE_2FA,True,BLOCK,GATE_1_NEURAL_QWEN,True,BLOCK,GATE_1_NEURAL_QWEN,True
TX-CAT4-1982,4. Social Engineering & Scams,BLOCK,usr-1004-cst-004,Carlos Tan,Pasig Ortigas,10027.06,2000.0,5.01,deposit advance fee to claim grand prize promo winning,14.607427,121.087865,14.5869,121.0614,14.5869,121.0614,48.7,3.65,3.65,4.5,False,False,BLOCK,True,BLOCK,GATE_1_NEURAL_QWEN,True,BLOCK,GATE_1_NEURAL_QWEN,True
TX-CAT4-1983,4. Social Engineering & Scams,BLOCK,usr-1003-cst-003,Elena Reyes,Cebu IT Park,97468.29,15000.0,6.5,urgent processing fee to release cryptocurrency trading profit,10.31979,123.897178,10.3157,123.8854,10.3157,123.8854,64.0,1.37,1.37,1.28,False,False,BLOCK,True,BLOCK,GATE_1_NEURAL_QWEN,True,BLOCK,GATE_1_NEURAL_QWEN,True
TX-CAT4-1984,4. Social Engineering & Scams,BLOCK,usr-1004-cst-004,Carlos Tan,Pasig Ortigas,12923.25,2000.0,6.46,urgent processing fee to release cryptocurrency trading profit,14.562334,121.075173,14.5869,121.0614,14.5869,121.0614,41.1,3.11,3.11,4.54,False,False,BLOCK,True,BLOCK,GATE_1_NEURAL_QWEN,True,BLOCK,GATE_1_NEURAL_QWEN,True
TX-CAT4-1985,4. Social Engineering & Scams,REQUIRE_2FA,usr-1001-cst-001,Maria Santos,Makati CBD,9933.87,2500.0,3.97,consulting services payment,14.525326,121.028277,14.5547,121.02,14.5547,121.02,57.6,3.39,3.39,3.53,True,False,REQUIRE_2FA,True,REQUIRE_2FA,GATE_1_NEURAL_QWEN,True,REQUIRE_2FA,GATE_1_NEURAL_QWEN,True
TX-CAT4-1986,4. Social Engineering & Scams,BLOCK,usr-1002-cst-002,Juan Dela Cruz,Quezon City,32067.46,4000.0,8.02,locked capital deposit for guaranteed 40% monthly return,14.684539,121.067789,14.676,121.0437,14.676,121.0437,41.5,2.76,2.76,3.99,False,False,REQUIRE_2FA,True,BLOCK,GATE_1_NEURAL_QWEN,True,BLOCK,GATE_1_NEURAL_QWEN,True
TX-CAT4-1987,4. Social Engineering & Scams,BLOCK,usr-1002-cst-002,Juan Dela Cruz,Quezon City,31910.67,4000.0,7.98,locked capital deposit for guaranteed 40% monthly return,14.688355,121.02438,14.676,121.0437,14.676,121.0437,38.4,2.49,2.49,3.89,False,False,REQUIRE_2FA,True,BLOCK,GATE_1_NEURAL_QWEN,True,BLOCK,GATE_1_NEURAL_QWEN,True
TX-CAT4-1988,4. Social Engineering & Scams,BLOCK,usr-1003-cst-003,Elena Reyes,Cebu IT Park,67445.19,15000.0,4.5,urgent unlock fee for frozen international wallet account,10.296995,123.908414,10.3157,123.8854,10.3157,123.8854,40.6,3.27,3.27,4.83,False,False,BLOCK,True,BLOCK,GATE_1_NEURAL_QWEN,True,BLOCK,GATE_1_NEURAL_QWEN,True
TX-CAT4-1989,4. Social Engineering & Scams,BLOCK,usr-1003-cst-003,Elena Reyes,Cebu IT Park,120039.51,15000.0,8.0,locked capital deposit for guaranteed 40% monthly return,10.301573,123.884793,10.3157,123.8854,10.3157,123.8854,64.7,1.57,1.57,1.46,False,False,BLOCK,True,BLOCK,GATE_1_NEURAL_QWEN,True,BLOCK,GATE_1_NEURAL_QWEN,True
TX-CAT4-1990,4. Social Engineering & Scams,REQUIRE_2FA,usr-1003-cst-003,Elena Reyes,Cebu IT Park,60028.37,15000.0,4.0,consulting services payment,10.31268,123.893262,10.3157,123.8854,10.3157,123.8854,79.9,0.92,0.92,0.69,True,False,BLOCK,True,REQUIRE_2FA,GATE_1_NEURAL_QWEN,True,REQUIRE_2FA,GATE_1_NEURAL_QWEN,True
TX-CAT4-1991,4. Social Engineering & Scams,REQUIRE_2FA,usr-1001-cst-001,Maria Santos,Makati CBD,10017.04,2500.0,4.01,consulting services payment,14.534042,121.024123,14.5547,121.02,14.5547,121.02,89.6,2.34,2.34,1.57,True,False,REQUIRE_2FA,True,REQUIRE_2FA,GATE_1_NEURAL_QWEN,True,REQUIRE_2FA,GATE_1_NEURAL_QWEN,True
TX-CAT4-1992,4. Social Engineering & Scams,BLOCK,usr-1004-cst-004,Carlos Tan,Pasig Ortigas,16029.2,2000.0,8.01,locked capital deposit for guaranteed 40% monthly return,14.597821,121.048721,14.5869,121.0614,14.5869,121.0614,50.5,1.83,1.83,2.17,False,False,REQUIRE_2FA,True,BLOCK,GATE_1_NEURAL_QWEN,True,BLOCK,GATE_1_NEURAL_QWEN,True
TX-CAT4-1993,4. Social Engineering & Scams,BLOCK,usr-1003-cst-003,Elena Reyes,Cebu IT Park,97502.65,15000.0,6.5,urgent processing fee to release cryptocurrency trading profit,10.298343,123.868495,10.3157,123.8854,10.3157,123.8854,45.7,2.67,2.67,3.51,False,False,BLOCK,True,BLOCK,GATE_1_NEURAL_QWEN,True,BLOCK,GATE_1_NEURAL_QWEN,True
TX-CAT4-1994,4. Social Engineering & Scams,REQUIRE_2FA,usr-1001-cst-001,Maria Santos,Makati CBD,8781.67,2500.0,3.51,urgent customs clearance fee for parcel package release,14.535886,120.998389,14.5547,121.02,14.5547,121.02,65.2,3.13,3.13,2.88,False,False,BLOCK,True,REQUIRE_2FA,GATE_1_NEURAL_QWEN,True,REQUIRE_2FA,GATE_1_NEURAL_QWEN,True
TX-CAT4-1995,4. Social Engineering & Scams,REQUIRE_2FA,usr-1003-cst-003,Elena Reyes,Cebu IT Park,52475.58,15000.0,3.5,urgent customs clearance fee for parcel package release,10.321003,123.857431,10.3157,123.8854,10.3157,123.8854,72.1,3.12,3.12,2.6,False,False,BLOCK,True,REQUIRE_2FA,GATE_1_NEURAL_QWEN,True,REQUIRE_2FA,GATE_1_NEURAL_QWEN,True
TX-CAT4-1996,4. Social Engineering & Scams,REQUIRE_2FA,usr-1003-cst-003,Elena Reyes,Cebu IT Park,60080.2,15000.0,4.01,consulting services payment,10.295225,123.88393,10.3157,123.8854,10.3157,123.8854,50.2,2.28,2.28,2.73,True,False,BLOCK,True,REQUIRE_2FA,GATE_1_NEURAL_QWEN,True,REQUIRE_2FA,GATE_1_NEURAL_QWEN,True
TX-CAT4-1997,4. Social Engineering & Scams,BLOCK,usr-1001-cst-001,Maria Santos,Makati CBD,12582.63,2500.0,5.03,deposit advance fee to claim grand prize promo winning,14.543077,121.01801,14.5547,121.02,14.5547,121.02,41.2,1.31,1.31,1.91,False,False,BLOCK,True,BLOCK,GATE_1_NEURAL_QWEN,True,BLOCK,GATE_1_NEURAL_QWEN,True
TX-CAT4-1998,4. Social Engineering & Scams,BLOCK,usr-1001-cst-001,Maria Santos,Makati CBD,11311.84,2500.0,4.52,urgent unlock fee for frozen international wallet account,14.552087,121.024558,14.5547,121.02,14.5547,121.02,56.1,0.57,0.57,0.61,False,False,BLOCK,True,BLOCK,GATE_1_NEURAL_QWEN,True,BLOCK,GATE_1_NEURAL_QWEN,True
TX-CAT4-1999,4. Social Engineering & Scams,BLOCK,usr-1004-cst-004,Carlos Tan,Pasig Ortigas,9066.82,2000.0,4.53,urgent unlock fee for frozen international wallet account,14.572054,121.053793,14.5869,121.0614,14.5869,121.0614,50.3,1.84,1.84,2.19,False,False,BLOCK,True,BLOCK,GATE_1_NEURAL_QWEN,True,BLOCK,GATE_1_NEURAL_QWEN,True
TX-CAT4-2000,4. Social Engineering & Scams,BLOCK,usr-1004-cst-004,Carlos Tan,Pasig Ortigas,15908.03,2000.0,7.95,locked capital deposit for guaranteed 40% monthly return,14.612639,121.045458,14.5869,121.0614,14.5869,121.0614,86.1,3.34,3.34,2.33,False,False,REQUIRE_2FA,True,BLOCK,GATE_1_NEURAL_QWEN,True,BLOCK,GATE_1_NEURAL_QWEN,True
